timestamp,x,y,z,qx,qy,qz,qw,relative_time,drone_id
1743161013.46206,-0.6556146144866943,0.9612113833427429,-0.12859906256198883,0.002471502638889598,0.00017915382299216794,-0.10609832695205063,0.9943526002132087,0.0,drone1
1743161013.6616666,-0.6556922197341919,0.962600588798523,-0.13275845348834991,0.002487579027418472,0.00016300219575325669,-0.10610979089484562,0.9943513358077534,0.19960665702819824,drone1
1743161013.8618002,-0.6554938554763794,0.9645432233810425,-0.13721780478954315,0.002445782195313571,0.00016047289093422228,-0.10611371055175717,0.9943510407798138,0.39974021911621094,drone1
1743161014.0617197,-0.6548022627830505,0.9650325179100037,-0.1417284905910492,0.0024532121414068226,0.00016529302514233803,-0.10611126603454352,0.9943512936609049,0.5996596813201904,drone1
1743161014.261651,-0.6527633666992188,0.96319979429245,-0.1463959813117981,0.0024641746025589567,0.0001731451805832701,-0.1061317494029198,0.9943490177310852,0.799591064453125,drone1
1743161014.4616768,-0.6502130627632141,0.9592006802558899,-0.14786383509635925,0.0025012228348529216,0.00019926651312853188,-0.106147933792748,0.9943472475634478,0.9996168613433838,drone1
1743161014.6616745,-0.6499506235122681,0.9554333090782166,-0.14871203899383545,0.002531559757747971,0.00016905389050936412,-0.10614586859717101,0.9943473740039934,1.1996145248413086,drone1
1743161014.8618479,-0.6513308882713318,0.9539881944656372,-0.15206564962863922,0.002519777902591779,0.0001325968665474406,-0.10615526734438885,0.9943464046264776,1.3997879028320312,drone1
1743161015.0618129,-0.65263831615448,0.9540324807167053,-0.1571677029132843,0.002496725058181463,0.00010513177393364033,-0.10613786069595388,0.9943483012346606,1.5997529029846191,drone1
1743161015.2616727,-0.6552895307540894,0.9541957378387451,-0.16171015799045563,0.0024998568489072387,0.00011329451542814971,-0.10615054689735559,0.9943469103886597,1.7996127605438232,drone1
1743161015.4616952,-0.6587340235710144,0.9538262486457825,-0.16659072041511536,0.0025162369910904196,0.00010142770803042798,-0.10615235921184157,0.9943467839481143,1.9996352195739746,drone1
1743161015.661676,-0.6625024080276489,0.9521162509918213,-0.1716538667678833,0.0025664441774248315,7.879394488137948e-05,-0.10614009447892497,0.994347921913024,2.199615955352783,drone1
1743161015.861631,-0.6655339002609253,0.9509618878364563,-0.1764085739850998,0.002563593173613647,9.762337872587534e-05,-0.10614907175765775,0.9943469525355082,2.399570941925049,drone1
1743161016.0617244,-0.6672821640968323,0.9513541460037231,-0.17901447415351868,0.002545701507148519,9.070520403338996e-05,-0.10616399174203056,0.9943453509552649,2.5996644496917725,drone1
1743161016.26171,-0.669769287109375,0.951797366142273,-0.18003417551517487,0.002524695089796759,5.8515548483194705e-05,-0.10617794234888778,0.9943439601092641,2.799649953842163,drone1
1743161016.4617157,-0.6721364855766296,0.9520646333694458,-0.1827535182237625,0.002508808197450057,8.23467925019463e-05,-0.10619416888556443,0.9943422320884749,2.9996557235717773,drone1
1743161016.6616871,-0.6756296753883362,0.9510045051574707,-0.1862705498933792,0.002505765392550923,5.1004848369651766e-05,-0.10621321926109129,0.9943402090397466,3.199627161026001,drone1
1743161016.8616483,-0.6788583397865295,0.9481024742126465,-0.1883106529712677,0.002528249254506342,2.3031194759561736e-05,-0.10620563282835938,0.9943409676830197,3.3995883464813232,drone1
1743161017.0616548,-0.6821179389953613,0.9433124661445618,-0.1913101077079773,0.0025948586442649524,1.5761439617877028e-05,-0.10621595880624451,0.9943396611307159,3.599594831466675,drone1
1743161017.2616425,-0.685391902923584,0.9382287263870239,-0.1957840621471405,0.0026652555704431624,1.7258311284521623e-05,-0.10620247181472109,0.9943410098298682,3.7995824813842773,drone1
1743161017.4616277,-0.6885859966278076,0.935703456401825,-0.19987031817436218,0.002676376164595276,6.018026668082232e-06,-0.1062012074092657,0.9943410098298683,3.999567747116089,drone1
1743161017.6616478,-0.6918143630027771,0.9350214004516602,-0.20215333998203278,0.0026663266930853965,-2.2977605700333402e-05,-0.10621515801612286,0.9943397032775644,4.199587821960449,drone1
1743161017.8616467,-0.6939005851745605,0.9359951615333557,-0.20395180583000183,0.002648304634807687,-6.435626204315565e-06,-0.10619530685047418,0.9943418527668384,4.3995866775512695,drone1
1743161018.0616484,-0.6965704560279846,0.9374654293060303,-0.20542652904987335,0.0026429886989031235,-5.078036701109109e-06,-0.10618106121567755,0.9943432857596878,4.599588394165039,drone1
1743161018.2616725,-0.7007499933242798,0.9368729591369629,-0.2065906822681427,0.002692295901849314,-2.633799368844249e-05,-0.10619922650738572,0.9943412205641108,4.799612522125244,drone1
1743161018.4616954,-0.7046733498573303,0.9371418356895447,-0.20776531100273132,0.002728166080336561,-4.726974855660945e-05,-0.10618759397719674,0.9943424849695661,4.999635457992554,drone1
1743161018.6616316,-0.7065556645393372,0.9393172860145569,-0.209714874625206,0.0027038062720320896,-3.4165618346451796e-05,-0.1061889426763491,0.9943423163821721,5.19957160949707,drone1
1743161018.861613,-0.7069108486175537,0.9425455927848816,-0.2104603350162506,0.0026525092768550297,-4.1399400494877e-06,-0.10618181985895075,0.9943432014659908,5.399553060531616,drone1
1743161019.0616274,-0.7078506350517273,0.9460065960884094,-0.21102061867713928,0.0026346900502857793,-2.3370098227091166e-05,-0.10618262064907247,0.9943432436128392,5.599567413330078,drone1
1743161019.2616112,-0.7100593447685242,0.949449896812439,-0.21219709515571594,0.0025842323700841436,-3.301530572713302e-05,-0.10618885838265207,0.9943425692632631,5.799551248550415,drone1
1743161019.4616344,-0.7130497097969055,0.9503468871116638,-0.21347999572753906,0.002607069541168095,-5.0246616686882e-05,-0.10618873194210648,0.9943426114101116,5.999574422836304,drone1
1743161019.661626,-0.7168721556663513,0.949067234992981,-0.21345700323581696,0.002650262076039602,-7.098953391738516e-05,-0.10619829927671853,0.9943414734452019,6.199566125869751,drone1
1743161019.8616192,-0.7208433747291565,0.9465070962905884,-0.21139629185199738,0.0026915928232689786,-0.00010462535320711038,-0.10620398910126744,0.9943407569487771,6.399559259414673,drone1
1743161020.0615914,-0.7215937376022339,0.9429633021354675,-0.20762419700622559,0.0027078604366593583,-9.352369220960114e-05,-0.10619657125592957,0.9943415155920503,6.599531412124634,drone1
1743161020.2616038,-0.71910160779953,0.9398637413978577,-0.20235460996627808,0.002716958640627457,-2.8983778567326285e-05,-0.10620500062563171,0.9943405883613831,6.799543857574463,drone1
1743161020.4615974,-0.7154266834259033,0.9375932812690735,-0.19683313369750977,0.0027139197869953707,4.808519129351034e-05,-0.10621153338715095,0.9943399561586554,6.999537467956543,drone1
1743161020.6615736,-0.7126656174659729,0.9343550205230713,-0.19220498204231262,0.0027124267842777105,8.941437447968024e-05,-0.10622750704273654,0.9943382281378665,7.199513673782349,drone1
1743161020.8617017,-0.7112993001937866,0.9316552877426147,-0.18930968642234802,0.0027237875825391108,0.00010436572203472946,-0.10621562163145648,0.9943394082496249,7.399641752243042,drone1
1743161021.0617514,-0.7109760642051697,0.9303063154220581,-0.18813887238502502,0.002722107306226993,0.00011620635228825889,-0.10621743394594246,0.9943392818090793,7.599691390991211,drone1
1743161021.261625,-0.7116620540618896,0.929020881652832,-0.18976548314094543,0.0027085433473141365,9.749010578107248e-05,-0.10619467464774662,0.9943416420325959,7.799565076828003,drone1
1743161021.461643,-0.7095556855201721,0.9298135638237,-0.16546344757080078,0.0026826412277719696,0.00011306657671032424,-0.10620942604472539,0.9943402090397465,7.999583005905151,drone1
1743161021.6616182,-0.7072377800941467,0.9308948516845703,-0.12760381400585175,0.002630417660472178,0.00012935468729851469,-0.1062262426372812,0.9943384810189575,8.19955825805664,drone1
1743161021.861616,-0.706209123134613,0.9302956461906433,-0.09407143294811249,0.0026091670877440836,0.0001343996321380432,-0.10623774872692465,0.9943373430540478,8.399555921554565,drone1
1743161022.0616524,-0.7048704624176025,0.9274493455886841,-0.06950420141220093,0.002647929593710391,0.00012531394051559634,-0.10622636907782673,0.9943385231658061,8.599592447280884,drone1
1743161022.2616136,-0.7036252021789551,0.923144519329071,-0.05391424894332886,0.0026948453745939053,0.000126290150430617,-0.10623732725843965,0.9943371744666538,8.799553632736206,drone1
1743161022.4616556,-0.7024374008178711,0.9177976846694946,-0.04427430033683777,0.002764485303860189,0.00014740292272041617,-0.10624638883086945,0.9943359522080468,8.999595642089844,drone1
1743161022.6616423,-0.7023606300354004,0.911841630935669,-0.03713908791542053,0.002807929073461491,0.00015360023813085102,-0.10626324757027372,0.9943340977467126,9.19958233833313,drone1
1743161022.8616502,-0.7050179839134216,0.9074987173080444,-0.03347638249397278,0.002828064565701444,0.00012547989373160777,-0.10624643097771796,0.9943357414738043,9.399590253829956,drone1
1743161023.0616512,-0.707351565361023,0.9056986570358276,-0.03201834857463837,0.0028161453216972742,0.0001025387549334583,-0.10623108952485999,0.9943375116414418,9.599591255187988,drone1
1743161023.2616618,-0.7080848813056946,0.9068446755409241,-0.033493295311927795,0.0027655917409516633,0.00011053620175646402,-0.10624301708298856,0.9943362893828349,9.799601793289185,drone1
1743161023.461593,-0.7077924609184265,0.9079533219337463,-0.035072967410087585,0.002743947523243922,0.00012496540583474634,-0.10625570328439038,0.9943350671242281,9.99953293800354,drone1
1743161023.6615932,-0.7063779830932617,0.909026026725769,-0.03641216456890106,0.0027243841415452797,0.00019350276695854,-0.10627264631749173,0.9943332969565908,10.199533224105835,drone1
1743161023.8616135,-0.706925630569458,0.9096564054489136,-0.0372445285320282,0.0027021973654810243,0.0001966974486848276,-0.10627180338052156,0.9943333812502877,10.399553537368774,drone1
1743161024.0617132,-0.7077895998954773,0.9083533883094788,-0.03814767301082611,0.002700252765867015,0.00017592094568441726,-0.10628988437853265,0.9943314846421047,10.599653244018555,drone1
1743161024.2616968,-0.7060391902923584,0.9077885150909424,-0.040107399225234985,0.0026829874575470414,0.00021743649696634622,-0.10628921002895647,0.9943316532294988,10.799636840820312,drone1
1743161024.461753,-0.7050146460533142,0.9072224497795105,-0.04371245205402374,0.0026610450014952474,0.0002111692112019383,-0.10628727127392507,0.9943319904042869,10.999692916870117,drone1
1743161024.661698,-0.7037823796272278,0.9058504104614258,-0.04799528419971466,0.0026559834284068926,0.00021965916699885147,-0.10629515273459655,0.9943311053204682,11.19963812828064,drone1
1743161024.8616893,-0.7036345601081848,0.9043413400650024,-0.05148811638355255,0.0026738362407460504,0.00021534207847677097,-0.10628878856047141,0.9943316532294988,11.399629354476929,drone1
1743161025.061707,-0.7034705877304077,0.9030159115791321,-0.05487006902694702,0.0026794236616240292,0.00020015143231113326,-0.10628208721155813,0.9943323697259234,11.599647045135498,drone1
1743161025.261718,-0.7038975358009338,0.9021848440170288,-0.05746668577194214,0.0026877677498124246,0.0001975831087300008,-0.1062858804279242,0.9943320325511354,11.799658060073853,drone1
1743161025.4617229,-0.7043330073356628,0.9012808799743652,-0.05992744863033295,0.0026933791252468815,0.00019472708351694315,-0.10628524822519653,0.9943319904042869,11.99966287612915,drone1
1743161025.6616824,-0.7026312947273254,0.9012801647186279,-0.06113012135028839,0.002691558661272627,0.00021491468309109006,-0.10627719817713083,0.9943328754881057,12.199622392654419,drone1
1743161025.861686,-0.700644314289093,0.904939591884613,-0.05999112129211426,0.0026575152029324604,0.0002280355238681378,-0.10627294134543136,0.9943334233971364,12.399626016616821,drone1
1743161026.0617266,-0.7000288367271423,0.910596489906311,-0.0590159147977829,0.002604192277894655,0.00023838413922076872,-0.10628094924664833,0.9943326647538631,12.599666595458984,drone1
1743161026.2616477,-0.7003512978553772,0.9146728515625,-0.05841273069381714,0.0025679002193319815,0.00020979046595641306,-0.10628225579895217,0.9943327069007115,12.799587726593018,drone1
1743161026.4616296,-0.7026660442352295,0.9162406921386719,-0.057024940848350525,0.002585436847989244,0.00016672601799170845,-0.10627509083470538,0.9943333812502877,12.999569654464722,drone1
1743161026.6616251,-0.7041639089584351,0.9145498871803284,-0.05761931836605072,0.002634420705582014,0.00012812938292334933,-0.10627905263846532,0.9943328754881057,13.199565172195435,drone1
1743161026.861632,-0.7027525305747986,0.9115535616874695,-0.060125887393951416,0.0026944223420655895,0.00014941189506008086,-0.10626674575870015,0.9943339713061669,13.399572134017944,drone1
1743161027.0616627,-0.7002530694007874,0.9090979099273682,-0.06352834403514862,0.002718810220829714,0.00017615275335122727,-0.10625401741044987,0.9943353200053192,13.599602699279785,drone1
1743161027.2616475,-0.696707546710968,0.9072074294090271,-0.06758676469326019,0.002726388339437262,0.00022076856754061182,-0.10627028609397515,0.9943335498376817,13.799587488174438,drone1
1743161027.461642,-0.6913626790046692,0.9066760540008545,-0.07159419357776642,0.00204322488588618,0.0001208611918248711,-0.10638408258495446,0.994323013125554,13.999582052230835,drone1
1743161027.6616185,-0.6878247261047363,0.9101572632789612,-0.062326326966285706,-0.006555263161845764,-0.0029039180270367796,-0.10654217541371891,0.994282341416741,14.19955849647522,drone1
1743161027.8616183,-0.6889643669128418,0.9224718809127808,-0.017553463578224182,-0.0022072517222296814,-0.0021938433714674506,-0.1065227457165554,0.9943054800365736,14.399558305740356,drone1
1743161028.0615997,-0.6939921975135803,0.9393907189369202,0.06799852848052979,0.003313993939111701,-0.0006149830235506696,-0.1063177434453984,0.994326469167132,14.599539756774902,drone1
1743161028.261624,-0.7008735537528992,0.9561071395874023,0.19194209575653076,0.005323442818046073,0.0006089921618433777,-0.10617103026573194,0.9943335076908333,14.799564123153687,drone1
1743161028.4616225,-0.7076899409294128,0.9697114825248718,0.349639356136322,0.0065411999438776845,0.0014791523742045017,-0.10614683797468671,0.9943279443068298,14.999562501907349,drone1
1743161028.6616087,-0.7129813432693481,0.9764128923416138,0.5382552742958069,0.006825076913936398,0.001784766252110455,-0.10621372502327353,0.9943183769722179,15.199548721313477,drone1
1743161028.8616152,-0.7170005440711975,0.978805661201477,0.7552435994148254,0.006238560052969781,0.0017767122527778262,-0.1063224638924316,0.9943106219520919,15.399555206298828,drone1
1743161029.0615916,-0.7190868854522705,0.9762905836105347,0.9837489724159241,0.005647505161798655,0.001681150859224454,-0.10642854751013348,0.9943029090788144,15.599531650543213,drone1
1743161029.2615929,-0.7210641503334045,0.9716268181800842,1.2163076400756836,0.004818992456575247,0.0014133094479351195,-0.10652712898880051,0.9942970506668714,15.799532890319824,drone1
1743161029.4616191,-0.7216445803642273,0.9652712345123291,1.455723762512207,0.003960408798119951,0.001247944641441357,-0.10661074833624612,0.994292161632444,15.999559164047241,drone1
1743161029.661608,-0.721834659576416,0.9596948027610779,1.712219476699829,-0.0033710449669272623,-0.0008353221377539606,0.14298368933539024,-0.9897190178347696,16.19954800605774,drone1
1743161029.861673,-0.7215918302536011,0.9569259285926819,1.967064619064331,-0.003099970925284368,-0.0009870257677018761,0.14281897945140964,-0.9897435473006029,16.39961314201355,drone1
1743161030.0616157,-0.7196996212005615,0.9540426731109619,2.228817939758301,-0.002970440900510548,-0.0007214603685501932,0.14256934366767965,-0.9897800886182618,16.599555730819702,drone1
1743161030.2616453,-0.7167497277259827,0.9498825073242188,2.4960060119628906,-0.00290025841288775,-0.00032816515835532505,0.14252964133638235,-0.9897862420581445,16.799585342407227,drone1
1743161030.4616141,-0.7138068079948425,0.9438178539276123,2.7666268348693848,-0.0025391983801321917,2.2116970346461307e-05,0.14255893339609743,-0.9897830810445061,16.99955415725708,drone1
1743161030.661712,-0.7129135131835938,0.9367353916168213,3.0399539470672607,-0.0021279467191562223,0.0001582308761569014,0.14249343719351143,-0.9897935334629369,17.199651956558228,drone1
1743161030.8616328,-0.7135614156723022,0.9287132620811462,3.316415548324585,-0.0016853062750698282,-3.873953922653942e-05,0.14234819915354296,-0.9898151969430714,17.39957284927368,drone1
1743161031.061654,-0.7136709094047546,0.9230065941810608,3.5528526306152344,-0.0013853850616860363,-0.00023504601826883844,0.14219478462496332,-0.9898377033601762,17.599594116210938,drone1
1743161031.2616677,-0.7136827707290649,0.9171174168586731,3.848876476287842,-0.0012898763516933024,-0.0004120787517189119,0.14205772307360592,-0.9898575123789763,17.799607753753662,drone1
1743161031.4616017,-0.7108709812164307,0.9147830605506897,4.140854835510254,-0.0013987198882691465,-0.00027096834524931146,0.14198341817968113,-0.9898680069442556,17.999541759490967,drone1
1743161031.6615717,-0.707759439945221,0.9127004742622375,4.445139408111572,-0.00174094768836605,6.21509611215561e-05,0.14197085841882495,-0.9898692713497108,18.199511766433716,drone1
1743161031.8616047,-0.7047341465950012,0.9120389223098755,4.736856937408447,-0.0019529739952451823,0.0002477844504820112,0.14203669179619888,-0.9898594932808563,18.399544715881348,drone1
1743161032.0615892,-0.7023290991783142,0.9112091660499573,5.01801061630249,-0.0021470864097820415,0.00027460894392567127,0.14212498944382923,-0.9898463013172725,18.599529266357422,drone1
1743161032.261593,-0.6992890238761902,0.909737229347229,5.293079853057861,-0.0021090166103200684,0.0003896425107633306,0.14233450142777687,-0.9898162506142841,18.799533128738403,drone1
1743161032.4616406,-0.695301353931427,0.9107972979545593,5.5639801025390625,-0.002229759017179367,0.0006588792955470171,0.14264870618342568,-0.9897706055773469,18.99958062171936,drone1
1743161032.6615655,-0.6902939677238464,0.9129931330680847,5.833130836486816,-0.0026868797848614754,0.0009448054914784461,0.14291730804898561,-0.9897306082181101,19.19950556755066,drone1
1743161032.8615994,-0.6857122182846069,0.9142228364944458,6.060655117034912,-0.0029813646721728385,0.001205802238105999,0.14303822735736327,-0.9897119371642198,19.399539470672607,drone1
1743161033.061611,-0.6808267831802368,0.9158447980880737,6.3324761390686035,-0.0030502331165480202,0.001524317332195588,0.1430305987777828,-0.9897124007795532,19.59955096244812,drone1
1743161033.261604,-0.6783939003944397,0.9186892509460449,6.605321884155273,-0.0032528040413815364,0.001564972906668155,0.14286858629210697,-0.9897351600777492,19.799544095993042,drone1
1743161033.461625,-0.6773386597633362,0.921253502368927,6.879821300506592,-0.003496772638030053,0.0012484396199572765,0.14274585466924322,-0.9897524402856388,19.99956512451172,drone1
1743161033.6616151,-0.6748581528663635,0.922832727432251,7.157129287719727,-0.003656754172443311,0.0011328416804762761,0.14287149442465424,-0.9897338535254454,20.199555158615112,drone1
1743161033.8616157,-0.6721805930137634,0.9254124760627747,7.435678005218506,-0.003919656664558902,0.0013084195244720887,0.1433553402455593,-0.9896627096451589,20.399555683135986,drone1
1743161034.0616257,-0.6709763407707214,0.9266138076782227,7.70517635345459,-0.0041096602552743305,0.0013547813871063262,0.14352582424778582,-0.9896371265081128,20.599565744400024,drone1
1743161034.2617233,-0.6696202754974365,0.9258297681808472,7.9525065422058105,-0.004007597463383962,0.0013623825547716534,0.14297892674150842,-0.9897167840517985,20.799663305282593,drone1
1743161034.4618912,-0.6702267527580261,0.9247643947601318,8.181974411010742,-0.003688282402353301,0.0014391484295226908,0.14228725481059618,-0.989817557166588,20.999831199645996,drone1
1743161034.6617358,-0.6729611158370972,0.9229732751846313,8.396495819091797,-0.003411843610194189,0.0011991454232651193,0.14185444882323783,-0.9898809038798999,21.199675798416138,drone1
1743161034.8617036,-0.6768270134925842,0.9187155365943909,8.597922325134277,-0.0030397034837737575,0.0009240321165644488,0.14150500930223397,-0.9899325337693257,21.399643659591675,drone1
1743161035.0616806,-0.6849597096443176,0.9128282070159912,8.786784172058105,-0.0023952816274008548,0.0004340218251562861,0.14163073335134202,-0.9899166444074372,21.599620580673218,drone1
1743161035.2616963,-0.69623202085495,0.9050337076187134,8.961775779724121,-0.0016883619627458997,-0.0004406492112893612,0.1420409486278985,-0.9898592825466137,21.799636363983154,drone1
1743161035.461682,-0.7072324752807617,0.8962739109992981,9.120814323425293,-0.0009970758257279585,-0.001253447511378369,0.1422604915617917,-0.9898280517318673,21.999622106552124,drone1
1743161035.6617625,-0.7172161340713501,0.8877063989639282,9.263786315917969,-0.0004076626345664437,-0.0016799173642019739,0.1423460918111174,-0.9898154498241625,22.199702501296997,drone1
1743161035.8617294,-0.7262223958969116,0.880375325679779,9.376140594482422,-6.198418472480594e-05,-0.0019680745854493533,0.14246667394470708,-0.9897977060009393,22.399669408798218,drone1
1743161036.0617232,-0.7331452369689941,0.8747652769088745,9.42969036102295,0.00012626973555097574,-0.002137638354044077,0.14267378355828964,-0.9897674445637086,22.599663257598877,drone1
1743161036.2616963,-0.7372726798057556,0.8720177412033081,9.454387664794922,-0.00020545255096427015,-0.0017676414607248757,0.14293779141736185,-0.9897301867496249,22.799636363983154,drone1
1743161036.4616828,-0.7460465431213379,0.8663262128829956,9.483540534973145,-0.030817020280615007,0.037627696801795514,0.1597965308217194,-0.985951131724744,22.99962282180786,drone1
1743161036.6617167,-0.7942119836807251,0.8408399224281311,9.507197380065918,-0.04466831928446164,0.08827592751536077,0.22223426305175875,-0.9699609124276505,23.19965672492981,drone1
1743161036.8616612,-0.9255892038345337,0.7976729869842529,9.510906219482422,-0.04666916320926441,0.1115016477615564,0.3237808568051783,-0.9383790987266794,23.399601221084595,drone1
1743161037.0616927,-1.1543933153152466,0.7449897527694702,9.509803771972656,-0.04730362342750119,0.06778576427683287,0.43743021313644065,-0.8954453264072384,23.599632740020752,drone1
1743161037.2616808,-1.473175287246704,0.6715611219406128,9.509292602539062,-0.020684944271245707,0.02058785762687334,0.5441043397961349,-0.8385098757870084,23.799620866775513,drone1
1743161037.4616933,-1.7558884620666504,0.5929685235023499,9.515262603759766,0.018409385181346178,-0.012399579124302729,0.6201790431100863,-0.7841463628401708,23.999633312225342,drone1
1743161037.661691,-1.9949787855148315,0.522289514541626,9.539012908935547,0.04261555900337214,-0.035793226244400435,0.6346625441830518,-0.7707828721195339,24.199630975723267,drone1
1743161037.8616765,-2.175499200820923,0.4694450795650482,9.548285484313965,0.052546715913039374,-0.04862904879375708,0.6153029161551791,-0.7850327005276428,24.399616479873657,drone1
1743161038.0617502,-2.2904858589172363,0.4342228174209595,9.532201766967773,0.030560945577958243,-0.027261306345077282,0.579203782157386,-0.8141534965237902,24.599690198898315,drone1
1743161038.2617226,-2.3677978515625,0.41216373443603516,9.505759239196777,0.012520854705259328,-0.005710859119100154,0.53869052442135,-0.8423914003373314,24.799662590026855,drone1
1743161038.4616966,-2.4364588260650635,0.4032275974750519,9.48157787322998,0.003337058760800333,0.002326802670943187,0.5024310638118213,-0.8646076996104239,24.99963665008545,drone1
1743161038.6617472,-2.5096030235290527,0.40556344389915466,9.461453437805176,-0.002365356788731703,-6.121920296074734e-05,0.47833113758507984,-0.8781764770934455,25.199687242507935,drone1
1743161038.8617258,-2.5880320072174072,0.4110606014728546,9.44605827331543,-0.0024444968399111137,-0.0034859941165908317,0.4718719012431186,-0.8816568584763539,25.39966583251953,drone1
1743161039.061706,-2.6678895950317383,0.4133976399898529,9.43643856048584,-0.0011087602718624786,-0.006597458413377916,0.48016039510414976,-0.8771552589540266,25.59964609146118,drone1
1743161039.2617059,-2.743476629257202,0.4128739833831787,9.428630828857422,-0.000490530706205574,-0.009212293511384197,0.4949858019489478,-0.8688520769162893,25.79964590072632,drone1
1743161039.4616919,-2.8111941814422607,0.40982916951179504,9.420844078063965,0.0005493887801510803,-0.009877481416363451,0.5086644668027492,-0.8609080808582741,25.999631881713867,drone1
1743161039.661733,-2.8735225200653076,0.40451666712760925,9.413840293884277,0.0012016185048467532,-0.00968941625140727,0.5170839952158007,-0.85587909782053,26.19967293739319,drone1
1743161039.8616726,-2.928483724594116,0.3987322449684143,9.409417152404785,0.0006054101736284078,-0.009682885794793858,0.5192739876112753,-0.8545526943510436,26.39961266517639,drone1
1743161040.0617113,-2.974682331085205,0.39143189787864685,9.41090202331543,0.000800107540324483,-0.008699035446391359,0.5168494480038376,-0.8560317958526849,26.599651336669922,drone1
1743161040.2616613,-3.0119588375091553,0.38421663641929626,9.413893699645996,0.00010700228729057743,-0.007964433328275938,0.5123109594523512,-0.8587631118337213,26.799601316452026,drone1
1743161040.4616396,-3.04178786277771,0.378386527299881,9.417765617370605,-0.00015012970857381582,-0.0069247739669999345,0.5078432249228024,-0.8614216507440915,26.999579668045044,drone1
1743161040.6616468,-3.0662763118743896,0.37339556217193604,9.422460556030273,-0.0007699554214819446,-0.006187631842717223,0.5051719365907577,-0.8629962780778827,27.199586868286133,drone1
1743161040.8617208,-3.089238166809082,0.36593714356422424,9.425395965576172,-0.000676382338434299,-0.005692603771430486,0.504990557628191,-0.8631058388105868,27.39966082572937,drone1
1743161041.061779,-3.108888864517212,0.356314480304718,9.429323196411133,-0.00021474148588552383,-0.005271854910832645,0.5065676505526201,-0.862184045086805,27.599719047546387,drone1
1743161041.2616665,-3.1208419799804688,0.346119225025177,9.432125091552734,-0.0003896627610068777,-0.005544932244868822,0.5084359992736838,-0.8610819260716694,27.799606561660767,drone1
1743161041.4616454,-3.1312382221221924,0.3391697108745575,9.442132949829102,0.0005120509529097305,-0.003379080115423381,0.5101394379132365,-0.8600849529068563,27.999585390090942,drone1
1743161041.661662,-3.1355013847351074,0.3347662389278412,9.459233283996582,-0.00011086843746077454,-0.0025740562110745735,0.5106461905463072,-0.8597870800550056,28.199602127075195,drone1
1743161041.8616934,-3.1369075775146484,0.3347949981689453,9.455835342407227,-0.001592289600392911,-0.0021917255817219747,0.510124549539,-0.8600963009458178,28.399633407592773,drone1
1743161042.0616848,-3.1372363567352295,0.33345720171928406,9.436105728149414,-0.0026938686296115043,-0.001857174743647363,0.509361944462044,-0.8605461764068232,28.59962487220764,drone1
1743161042.2616258,-3.1366074085235596,0.3316093981266022,9.409985542297363,-0.002947709755092412,-0.0014672579079374783,0.5090199860066509,-0.8607483759125543,28.79956579208374,drone1
1743161042.46163,-3.136331081390381,0.32621216773986816,9.387493133544922,-0.0029587552751706154,-0.0008453804172966652,0.5090036119560043,-0.8607589336981061,28.99957013130188,drone1
1743161042.6616447,-3.139235496520996,0.3186565339565277,9.369453430175781,-0.0025938416869085326,-0.0006479819479830358,0.5092330804727219,-0.8606245484716292,29.19958472251892,drone1
1743161042.8616083,-3.1434128284454346,0.30708277225494385,9.358105659484863,-0.001860771713749965,-0.0006449530959956646,0.5096797843833767,-0.860362026288967,29.399548292160034,drone1
1743161043.0616472,-3.148932933807373,0.2939017713069916,9.352063179016113,-0.0006587688349954874,-0.00048465433863495975,0.5100667451362674,-0.8601344649171445,29.599587202072144,drone1
1743161043.261746,-3.1520323753356934,0.28296124935150146,9.348323822021484,0.000270286885450476,-0.0005829277419493004,0.5102650249850869,-0.8600170227237689,29.799685955047607,drone1
1743161043.4616468,-3.152073383331299,0.27348092198371887,9.347433090209961,0.00033025589439785233,-0.00029323531840074043,0.51029465421959,-0.8599995317816369,29.999586820602417,drone1
1743161043.6616228,-3.1502907276153564,0.26700901985168457,9.348944664001465,9.041046163467224e-05,3.020974405940617e-05,0.5102289367460493,-0.8600386967406156,30.199562788009644,drone1
1743161043.8616118,-3.1446776390075684,0.2611772418022156,9.352741241455078,-0.0002864208143056923,0.0005413897178360793,0.5101268992258045,-0.8600990088808347,30.39955186843872,drone1
1743161044.0616095,-3.136920928955078,0.2539016008377075,9.359262466430664,-0.0006490034945715283,0.0013350572588091572,0.5099619891442935,-0.8601956410677581,30.599549531936646,drone1
1743161044.2616227,-3.1299245357513428,0.24940818548202515,9.367011070251465,-0.0007919441402854236,0.0019843563575467275,0.5098616058878527,-0.860253877475688,30.799562692642212,drone1
1743161044.4616256,-3.125192165374756,0.24800610542297363,9.373024940490723,-0.001121750226918567,0.0020300724349728246,0.5098874840528383,-0.860238114554345,30.999565601348877,drone1
1743161044.66159,-3.121213436126709,0.24851417541503906,9.375495910644531,-0.0014782677431351557,0.0017261960032740884,0.5099695861137375,-0.8601894770911633,31.199530124664307,drone1
1743161044.8615897,-3.118596315383911,0.2496192455291748,9.377362251281738,-0.0017679381041564785,0.0014785845750718441,0.5099692278655252,-0.8601895824582847,31.399529695510864,drone1
1743161045.0615842,-3.1175858974456787,0.2540832459926605,9.379907608032227,-0.0020811708378216534,0.0011717996506843283,0.5100435327594499,-0.8601453704141967,31.59952425956726,drone1
1743161045.2615795,-3.116919755935669,0.26137658953666687,9.383095741271973,-0.002648382343059662,0.0005946418184700024,0.5102480292684248,-0.8600230602598181,31.799519538879395,drone1
1743161045.4615643,-3.115171194076538,0.2675524353981018,9.38691234588623,-0.0032085246611176983,7.207242804266624e-05,0.5103819087327196,-0.8599418643561618,31.999504327774048,drone1
1743161045.6617198,-3.1125948429107666,0.27180856466293335,9.390960693359375,-0.003552061647696472,3.431313231620702e-05,0.5103535333669597,-0.8599573427862774,32.19965982437134,drone1
1743161045.8616545,-3.1098172664642334,0.2729637324810028,9.395258903503418,-0.0036527743410274117,0.0002911663992175961,0.5102045969410344,-0.860045334869256,32.39959454536438,drone1
1743161046.0615935,-3.1052517890930176,0.267437219619751,9.400933265686035,-0.0032657897158983513,0.0008146208734636613,0.5099186305738879,-0.8602161560462708,32.599533557891846,drone1
1743161046.2616153,-3.1018238067626953,0.2592635452747345,9.405591011047363,-0.002526797040389177,0.0018558041478901675,0.5096076711255746,-0.8604012650049306,32.79955530166626,drone1
1743161046.4615867,-3.0991005897521973,0.2479363977909088,9.409673690795898,-0.0016560729904521246,0.0024395960751598476,0.5094404324306833,-0.8605009001548103,32.99952673912048,drone1
1743161046.6615932,-3.097440242767334,0.23516876995563507,9.415938377380371,-0.0006790654957140104,0.002849344196706029,0.5094159977952591,-0.860515388133986,33.199533224105835,drone1
1743161046.8616025,-3.0967893600463867,0.22339440882205963,9.42189884185791,0.00023353832177691754,0.003150486475084716,0.5094655940992443,-0.8604853479677098,33.399542570114136,drone1
1743161047.0615897,-3.0967767238616943,0.2156146913766861,9.42721176147461,0.0005444093604900972,0.0032946976795291847,0.5097119635022147,-0.8603386980083162,33.59952974319458,drone1
1743161047.2616773,-3.0966649055480957,0.21298456192016602,9.436991691589355,0.00010118585755994745,0.0030056124455929622,0.5101051619886849,-0.8601068376579456,33.799617290496826,drone1
1743161047.4616222,-3.0977628231048584,0.2145705372095108,9.453569412231445,-0.00025582387951732694,0.0026775612154374662,0.5103720674435923,-0.8599495140091665,33.99956226348877,drone1
1743161047.6616273,-3.10221529006958,0.21934540569782257,9.463672637939453,-0.0008732497739203037,0.0019802956897924428,0.510523005844822,-0.8598614587059152,34.19956731796265,drone1
1743161047.8616538,-3.108776807785034,0.22602824866771698,9.46146011352539,-0.0013046926050164242,0.0009715129800845713,0.5105315405816454,-0.8598575601224279,34.39959383010864,drone1
1743161048.0616484,-3.115743637084961,0.23363935947418213,9.451732635498047,-0.0016712084011971551,5.902624974921108e-05,0.5104683413823035,-0.8598948811567844,34.59958839416504,drone1
1743161048.2616804,-3.1204030513763428,0.2421453446149826,9.440452575683594,-0.0020635295417466533,-0.0005268947930738087,0.5103876512408293,-0.8599418538194497,34.799620389938354,drone1
1743161048.4616055,-3.124246597290039,0.24976672232151031,9.432230949401855,-0.0025219308492245344,-0.0008373086372623213,0.5103272126600646,-0.8599762456478347,34.99954557418823,drone1
1743161048.6616044,-3.1286046504974365,0.25529858469963074,9.426094055175781,-0.0026154899382013854,-0.0010865960509476237,0.5102559212658085,-0.8600180342481332,35.19954442977905,drone1
1743161048.8618288,-3.1335232257843018,0.2607339322566986,9.420488357543945,-0.0025544565271099283,-0.001193327841081526,0.5102327510358395,-0.8600318478777326,35.3997688293457,drone1
1743161049.0617788,-3.1389739513397217,0.26600009202957153,9.415194511413574,-0.0025289857130614585,-0.001476289557751239,0.5103203848706059,-0.8599794488083214,35.59971880912781,drone1
1743161049.2617016,-3.1437573432922363,0.2695717513561249,9.411993026733398,-0.002344653260694587,-0.0016942749515650435,0.5103651448237244,-0.8599530648811536,35.799641609191895,drone1
1743161049.4617398,-3.147364616394043,0.27329954504966736,9.411673545837402,-0.0023914955727064296,-0.0017526226123577883,0.5104025817619142,-0.8599305479273366,35.99967980384827,drone1
1743161049.6616576,-3.1519901752471924,0.27414974570274353,9.412967681884766,-0.002313036991615686,-0.0017817150507688777,0.510431020347947,-0.8599137418714929,36.19959759712219,drone1
1743161049.8617573,-3.1550509929656982,0.2732471823692322,9.414902687072754,-0.0019223582301998224,-0.0018018749400248997,0.5104741260372615,-0.8598891807955231,36.39969730377197,drone1
1743161050.0616925,-3.1537930965423584,0.2703741788864136,9.417388916015625,-0.0015085703471150451,-0.0014804406853399898,0.5104580470145546,-0.8599001179027118,36.59963250160217,drone1
1743161050.2618213,-3.147592544555664,0.2658309042453766,9.419662475585938,-0.0014225127309113069,-0.0005696680408888897,0.5103879989523294,-0.8599428548071019,36.7997612953186,drone1
1743161050.461766,-3.1385014057159424,0.2615056037902832,9.421053886413574,-0.0015737969091666687,0.0006262694062826345,0.5103217546431825,-0.8599819565458078,36.99970602989197,drone1
1743161050.6616964,-3.1308839321136475,0.258060485124588,9.424776077270508,-0.001843439645480495,0.0015426868961783222,0.5102747819805171,-0.8600081929590059,37.199636459350586,drone1
1743161050.861675,-3.1240034103393555,0.25625374913215637,9.42864990234375,-0.0020499567387868498,0.0019441170192173588,0.5102370394776756,-0.860029245309837,37.39961504936218,drone1
1743161051.0616648,-3.1150777339935303,0.2562362253665924,9.431742668151855,-0.002376948952200325,0.00214048329718791,0.5101565600704441,-0.8600756700634719,37.599604845047,drone1
1743161051.2616658,-3.106940507888794,0.2579113245010376,9.432713508605957,-0.002847182123057973,0.0025287751743243475,0.5101223473661654,-0.8600934454968313,37.79960584640503,drone1
1743161051.4616737,-3.101327657699585,0.26053884625434875,9.4336576461792,-0.003309296746931452,0.002540864291942303,0.5101803414297164,-0.860057367794506,37.999613761901855,drone1
1743161051.6617067,-3.0997908115386963,0.26441141963005066,9.435750961303711,-0.003641081471697861,0.0020048379149256255,0.5102617586043272,-0.8600091623365217,38.19964671134949,drone1
1743161051.861685,-3.100926160812378,0.26661717891693115,9.438727378845215,-0.0035299066464047264,0.0013165607809519947,0.5103078883300224,-0.8599835159792026,38.399625062942505,drone1
1743161052.061649,-3.1019368171691895,0.2645445764064789,9.442832946777344,-0.003194623280462564,0.0009842723107960105,0.5102991428589563,-0.8599905755763284,38.599589109420776,drone1
1743161052.26166,-3.103628396987915,0.2599157691001892,9.447488784790039,-0.002339496034016447,0.0010493041983447803,0.5102727694685008,-0.86000885677187,38.79960012435913,drone1
1743161052.4616675,-3.107422351837158,0.25378626585006714,9.452947616577148,-0.001527067084788596,0.0011414958608098368,0.5102776163560794,-0.8600076345132631,38.9996075630188,drone1
1743161052.6617126,-3.1119015216827393,0.24650079011917114,9.457258224487305,-0.0006956300920979747,0.001042198564842194,0.5102772686445792,-0.8600089937491275,39.199652671813965,drone1
1743161052.861659,-3.113555669784546,0.23727650940418243,9.463920593261719,-0.00011882855304198351,0.0012251589603061996,0.5102636657492223,-0.8600171175541781,39.39959907531738,drone1
1743161053.0616493,-3.112729072570801,0.22988219559192657,9.467827796936035,0.0002570466320325669,0.0016576086339267198,0.5102545304198076,-0.8600217853176506,39.599589347839355,drone1
1743161053.2616737,-3.1129887104034424,0.2253737449645996,9.46707820892334,0.00024774897139661305,0.002006978019940442,0.5102755511605024,-0.8600086881844758,39.79961371421814,drone1
1743161053.4616692,-3.1120858192443848,0.22668497264385223,9.463927268981934,-7.354995496434593e-05,0.0018611234176763025,0.5103319120336737,-0.8599755080779856,39.99960923194885,drone1
1743161053.6616733,-3.1117103099823,0.23347580432891846,9.461308479309082,-0.001041121618196925,0.0014988051944792114,0.5103865659594802,-0.8599431076881929,40.19961333274841,drone1
1743161053.8616724,-3.109548807144165,0.2418106496334076,9.459254264831543,-0.0020504837750435156,0.0010117801264847661,0.5104318211380686,-0.8599152170111908,40.39961242675781,drone1
1743161054.0616426,-3.1056017875671387,0.2506176233291626,9.45687484741211,-0.002822585722349251,0.0008461324751248248,0.51043985011271,-0.8599085367357018,40.59958267211914,drone1
1743161054.2616324,-3.0998518466949463,0.2599673867225647,9.454737663269043,-0.0036785058975420106,0.0009740336723762127,0.5104607865597078,-0.8598927422042224,40.799572467803955,drone1
1743161054.461665,-3.0965631008148193,0.26561614871025085,9.454652786254883,-0.004273059718002113,0.0012400295949999893,0.5104426950249845,-0.859900297026818,40.99960494041443,drone1
1743161054.6616657,-3.0969698429107666,0.26675862073898315,9.457298278808594,-0.003980088248288157,0.00127242224689477,0.5103829097203718,-0.8599371544458407,41.19960570335388,drone1
1743161054.8616486,-3.1027791500091553,0.2645038366317749,9.461441040039062,-0.0032626207997259386,0.0010170297963482142,0.510282368413249,-0.8600001850577887,41.3995885848999,drone1
1743161055.0616343,-3.1107406616210938,0.2607741057872772,9.464519500732422,-0.002154251867937305,0.0004502253127751702,0.5102323506407787,-0.8600337655593399,41.59957432746887,drone1
1743161055.2616496,-3.119924306869507,0.2562834620475769,9.466913223266602,-0.0011838354982253998,-9.832069503965908e-07,0.5102544671995348,-0.8600226914748936,41.79958963394165,drone1
1743161055.4616675,-3.129666328430176,0.249519482254982,9.468390464782715,-0.0004671275868590977,-0.0005012910880877994,0.5103081201376892,-0.85999137636645,41.9996075630188,drone1
1743161055.6616657,-3.135512590408325,0.24295420944690704,9.469712257385254,0.0003119881102695034,-0.00043954699814355064,0.5103508991889278,-0.859966046110495,42.19960570335388,drone1
1743161055.8616743,-3.1372268199920654,0.2389310747385025,9.469767570495605,0.0003310558600527046,6.955573846686256e-05,0.5103932673083933,-0.8599410424926158,42.399614334106445,drone1
1743161056.0617096,-3.1372265815734863,0.2375163733959198,9.469656944274902,0.00012045036294954511,0.0004930452143527384,0.5104412409587109,-0.8599124563926134,42.59964966773987,drone1
1743161056.261655,-3.1367132663726807,0.2404756397008896,9.468379020690918,-0.00024014471680386173,0.0006192583356554918,0.5104556973277501,-0.8599038162886686,42.79959511756897,drone1
1743161056.461664,-3.1345200538635254,0.25002580881118774,9.466599464416504,-0.001224100885076987,0.0003942547918610839,0.5103882412967085,-0.8599431182249051,42.99960398674011,drone1
1743161056.6616168,-3.1315248012542725,0.26514166593551636,9.463480949401855,-0.002908618388462431,-2.0200358873967405e-05,0.5102731909369858,-0.8600075080727175,43.199556827545166,drone1
1743161056.8616195,-3.129204034805298,0.28116220235824585,9.462772369384766,-0.0042737572812721935,-0.0005172277712869396,0.5102171461651784,-0.8600348086938405,43.39955949783325,drone1
1743161057.0615973,-3.1270108222961426,0.2912212014198303,9.465378761291504,-0.00513755842322811,-0.0009235594462437698,0.5102824843170825,-0.859991049728374,43.59953737258911,drone1
1743161057.2616048,-3.1250948905944824,0.29348549246788025,9.469316482543945,-0.004842045465621722,-0.0006830053205510805,0.510423265327821,-0.8599094428929448,43.79954481124878,drone1
1743161057.4616177,-3.1239724159240723,0.29119449853897095,9.473350524902344,-0.003915888390566192,-0.00013019852976746364,0.5105123005453003,-0.8598616272933093,43.99955773353577,drone1
1743161057.6615937,-3.1198410987854004,0.2890627086162567,9.478378295898438,-0.003253307169385666,0.00033620590447980416,0.5104874760515273,-0.8598789496480472,44.19953370094299,drone1
1743161057.861633,-3.1176869869232178,0.2862556278705597,9.48251724243164,-0.0031434617808180215,0.0009553999085686511,0.5104498599892313,-0.8599012242574852,44.39957308769226,drone1
1743161058.0616183,-3.119188070297241,0.28181254863739014,9.48568344116211,-0.002658640820132763,0.0010078261429407745,0.5104556973277501,-0.8598993487227266,44.59955835342407,drone1
1743161058.2616289,-3.12196683883667,0.2755739986896515,9.488101959228516,-0.001962636901128907,0.00087329315553981,0.5104386173173912,-0.8599115396986583,44.79956889152527,drone1
1743161058.4615712,-3.1272902488708496,0.2684672772884369,9.48874282836914,-0.0011770195008292308,0.0006989103846103432,0.5104306620997345,-0.8599178933360713,44.99951124191284,drone1
1743161058.6615942,-3.1319937705993652,0.262535959482193,9.48672103881836,-0.0005185463111587747,0.0003874475304694038,0.5104078922648266,-0.8599322338012771,45.19953417778015,drone1
1743161058.861582,-3.1349070072174072,0.25759416818618774,9.484443664550781,-0.0004630099254218181,0.0003373174041321837,0.5103941840023485,-0.8599403786797518,45.39952206611633,drone1
1743161059.0615213,-3.1379237174987793,0.254222571849823,9.483983039855957,-0.00041907203135461193,0.00020164687370150076,0.5104110743518891,-0.8599304847070639,45.59946131706238,drone1
1743161059.261533,-3.1392974853515625,0.25254756212234497,9.484639167785645,-0.0006261946614809357,0.00018523070707578135,0.510426573855429,-0.8599211386434066,45.79947304725647,drone1
1743161059.4615154,-3.1407933235168457,0.2501761317253113,9.485623359680176,-0.0007483038980460678,0.00018177571505319763,0.510441504376514,-0.8599121929748103,45.99945545196533,drone1
1743161059.6616583,-3.1403884887695312,0.24767988920211792,9.486520767211914,-0.000706054234273865,0.00025277734972586246,0.510459069075631,-0.8599017089462432,46.19959831237793,drone1
1743161059.8615944,-3.139101266860962,0.2443796545267105,9.486761093139648,-0.0007543109249629695,0.0005009112918361596,0.5104670242932874,-0.8598969568890734,46.399534463882446,drone1
1743161060.0616086,-3.1376311779022217,0.2421041876077652,9.488036155700684,-0.0011147331470727888,0.0009328275958540035,0.510492965678546,-0.8598807092789726,46.59954857826233,drone1
1743161060.2616284,-3.1364758014678955,0.24230921268463135,9.488266944885254,-0.001131285580962871,0.0009117400952096983,0.5104944302815315,-0.859879919025563,46.79956841468811,drone1
1743161060.4615607,-3.1356632709503174,0.242705300450325,9.488521575927734,-0.001239566864585509,0.0007732933572182769,0.5104825870171001,-0.8598868732555673,46.99950075149536,drone1
1743161060.6617403,-3.1340243816375732,0.24249853193759918,9.490043640136719,-0.001399389833828954,0.0009163674405131025,0.5104793943933255,-0.8598883800054016,47.19968032836914,drone1
1743161060.8617709,-3.132441759109497,0.24183912575244904,9.491236686706543,-0.0012990461826664326,0.0010698730848992908,0.5104725982140029,-0.8598923944927221,47.39971089363098,drone1
1743161061.06177,-3.131246328353882,0.24020446836948395,9.49189567565918,-0.0012128411013692564,0.0011187187716224804,0.5104552442491286,-0.8599027520807437,47.59970998764038,drone1
1743161061.2616456,-3.1293258666992188,0.2407359778881073,9.490294456481934,-0.001145155171410858,0.001193562915746524,0.5104332330574938,-0.8599158281404942,47.799585580825806,drone1
1743161061.4616961,-3.1264607906341553,0.24080289900302887,9.498945236206055,-0.0013612706962638917,0.0013525867759574652,0.5104117803116017,-0.859928008579714,47.99963617324829,drone1
1743161061.6617727,-3.124270439147949,0.24273885786533356,9.527403831481934,-0.0014139561232073552,0.0013064265372713488,0.5103962702713497,-0.8599371965926892,48.1997127532959,drone1
1743161061.8618114,-3.122922897338867,0.24567395448684692,9.534000396728516,-0.0016709035774080227,0.0011821055018029721,0.5103669466014983,-0.8599543819701696,48.39975142478943,drone1
1743161062.0618055,-3.1212985515594482,0.24918708205223083,9.512903213500977,-0.002011427228954394,0.0009470230577909838,0.5103271494397918,-0.8599774889798656,48.59974551200867,drone1
1743161062.2617924,-3.1206817626953125,0.25290751457214355,9.475811958312988,-0.002359055917197391,0.0007905807061997521,0.5103212594177124,-0.8599802601351553,48.79973244667053,drone1
1743161062.4617178,-3.1209776401519775,0.2584192752838135,9.43669319152832,-0.0024070447963566634,0.00045680623036150497,0.5103316802260067,-0.859974138305409,48.99965786933899,drone1
1743161062.6617463,-3.1199464797973633,0.26418834924697876,9.401482582092285,-0.002835373421923323,0.0001265220404155665,0.5103864922024952,-0.8599404840468731,49.19968628883362,drone1
1743161062.8617344,-3.118116617202759,0.26933470368385315,9.372519493103027,-0.003146448938706231,0.0002394332829401247,0.5104000634877157,-0.8599312960338977,49.39967441558838,drone1
1743161063.0618172,-3.1175806522369385,0.2745388448238373,9.3518705368042,-0.003402822455933555,0.0002323198498010222,0.5104244454395793,-0.8599158492139185,49.59975719451904,drone1
1743161063.261694,-3.1183652877807617,0.2789309024810791,9.339600563049316,-0.0033743489670419063,1.8121004590054934e-05,0.5104367523193445,-0.8599086842496717,49.79963397979736,drone1
1743161063.461708,-3.119025468826294,0.2855446934700012,9.332283973693848,-0.0033269370551896904,-0.0001404420249530084,0.5104278804077329,-0.8599141844134023,49.999648094177246,drone1
1743161063.6616976,-3.1180951595306396,0.2928341031074524,9.32751178741455,-0.003724672748683822,-0.00035544182492180926,0.5104241820217761,-0.8599145953451753,50.19963765144348,drone1
1743161063.8616924,-3.1139028072357178,0.29827627539634705,9.326386451721191,-0.0040734301822135015,-0.00023357766981122583,0.5103947845949397,-0.8599305057804881,50.39963245391846,drone1
1743161064.061715,-3.1082000732421875,0.3004859387874603,9.327862739562988,-0.004293705252963498,0.0002930022566697255,0.5103624790355562,-0.8599486499987721,50.59965491294861,drone1
1743161064.2616663,-3.1046903133392334,0.2972242534160614,9.331543922424316,-0.004207156699546377,0.0010755223780917471,0.5103769564780197,-0.8599399045277061,50.79960632324219,drone1
1743161064.4617348,-3.1038389205932617,0.2902373671531677,9.336874008178711,-0.003286770614650427,0.0014133636132209778,0.510381202773007,-0.859940884441934,50.999674797058105,drone1
1743161064.661694,-3.1057443618774414,0.2804899215698242,9.342826843261719,-0.0021249615574810833,0.0016904579658582712,0.5103856387288128,-0.8599413375205555,51.199634075164795,drone1
1743161064.8616827,-3.110506296157837,0.27133145928382874,9.348170280456543,-0.0010839317650839686,0.001596678758379627,0.5103668833812256,-0.8599546137778364,51.399622678756714,drone1
1743161065.0616605,-3.118637800216675,0.26675233244895935,9.354154586791992,-0.00048390366992416507,0.001095539929126223,0.5103904856163916,-0.8599419697232832,51.59960055351257,drone1
1743161065.2616553,-3.1279706954956055,0.2659427225589752,9.360350608825684,-0.00039876574971241713,0.00018366961702985036,0.5104203466585616,-0.8599249213230604,51.79959535598755,drone1
1743161065.4616878,-3.13662052154541,0.26792535185813904,9.365900039672852,-0.0004862425421930556,-0.0006644725301381574,0.5104418415513021,-0.8599119400937191,51.99962782859802,drone1
1743161065.6616468,-3.1431446075439453,0.2748081684112549,9.369847297668457,-0.00102124812377357,-0.0014150366249639488,0.5104524520204148,-0.8599041956103053,52.19958686828613,drone1
1743161065.8616505,-3.145225763320923,0.2807478904724121,9.374485969543457,-0.0018071683928083705,-0.0018933275406261146,0.5104829558020245,-0.859883891366035,52.399590492248535,drone1
1743161066.0616868,-3.1429927349090576,0.28262513875961304,9.380803108215332,-0.002402401728303131,-0.0014578732371084073,0.510517800709031,-0.8598627020379463,52.599626779556274,drone1
1743161066.2616894,-3.140753984451294,0.2812717854976654,9.3845853805542,-0.002550625856025056,-0.000891112135154827,0.5105664487089246,-0.8598341159379437,52.79962944984436,drone1
1743161066.4616747,-3.1348891258239746,0.2751668393611908,9.390501976013184,-0.0023180019232974945,0.00024597081890699585,0.5105948978316694,-0.8598183108697522,52.99961471557617,drone1
1743161066.6616707,-3.1285862922668457,0.268894225358963,9.422715187072754,-0.0016608056617177743,0.0010269477647516557,0.5105932646412897,-0.85982028123492,53.19961071014404,drone1
1743161066.8616402,-3.1231906414031982,0.2660200893878937,9.442683219909668,-0.0017261064991008481,0.0016952120025200575,0.5105152086778475,-0.8598653783628267,53.399580240249634,drone1
1743161067.0616608,-3.1199951171875,0.2680858373641968,9.4335355758667,-0.0022309087741517876,0.0016861593989004778,0.5103589913838419,-0.8599570266849137,53.59960079193115,drone1
1743161067.2616394,-3.1187386512756348,0.2716185748577118,9.408430099487305,-0.0026927954078586514,0.0011702925304187782,0.5102467332528331,-0.8600230075762575,53.79957938194275,drone1
1743161067.4616857,-3.120262861251831,0.2746281325817108,9.37724781036377,-0.0028934198397626977,0.0006734850718714716,0.5102181260794063,-0.8600398979257983,53.99962568283081,drone1
1743161067.661649,-3.122328519821167,0.2762690484523773,9.346559524536133,-0.0026176493879611243,0.00014629022945619153,0.5102438461937101,-0.8600258103416833,54.199589014053345,drone1
1743161067.861668,-3.122453451156616,0.2762942314147949,9.321308135986328,-0.0024592131282358477,-1.2026669077012835e-05,0.510321796790031,-0.8599800599376248,54.39960813522339,drone1
1743161068.0616274,-3.1230907440185547,0.27361008524894714,9.30026626586914,-0.0024315452862316528,0.0002307331691271013,0.5104148359581188,-0.8599248686394998,54.59956741333008,drone1
1743161068.2616484,-3.1235570907592773,0.268256813287735,9.284053802490234,-0.0018663986884574553,0.00033993944024974875,0.5104935978812735,-0.8598794870203658,54.799588441848755,drone1
1743161068.4616184,-3.123060703277588,0.2613687217235565,9.273663520812988,-0.0012382169718212395,0.0006416301009879427,0.510516736501106,-0.8598667165252669,54.999558448791504,drone1
1743161068.6616454,-3.120999813079834,0.2551655173301697,9.268380165100098,-0.0008735306534427164,0.0010944897667209072,0.5105002992301867,-0.8598764103004244,55.19958543777466,drone1
1743161068.861661,-3.1197597980499268,0.2521514296531677,9.267081260681152,-0.0009086792009160677,0.0013425255651199988,0.5104308728339773,-0.8599172611333437,55.399600982666016,drone1
1743161069.0616314,-3.11910080909729,0.2515723705291748,9.269659042358398,-0.0010440788020202635,0.0011676898493358928,0.5103600555917667,-0.8599595028122636,55.59957146644592,drone1
1743161069.2616339,-3.1178836822509766,0.25241878628730774,9.274911880493164,-0.0014014076347809291,0.0009470090019816416,0.5103327549706438,-0.8599754237842886,55.79957389831543,drone1
1743161069.4615924,-3.1159183979034424,0.2521779239177704,9.280572891235352,-0.0016714287872326547,0.0009848035709983096,0.5103514681713827,-0.8599637912540996,55.99953246116638,drone1
1743161069.6615884,-3.1119918823242188,0.24971838295459747,9.284741401672363,-0.001611097189081306,0.00130610154041178,0.5103943315163182,-0.8599379552359625,56.19952845573425,drone1
1743161069.8616037,-3.108607530593872,0.24771229922771454,9.29067611694336,-0.0016241423178194516,0.0017530497504995642,0.5104533581776578,-0.859902109341304,56.39954376220703,drone1
1743161070.06159,-3.1070830821990967,0.2447275072336197,9.297857284545898,-0.0016532412079087672,0.0018509449126018899,0.5104412725688472,-0.8599091373282931,56.59952998161316,drone1
1743161070.2615976,-3.1066465377807617,0.24010838568210602,9.306161880493164,-0.0013348230227594312,0.0018618010805545326,0.51040107501208,-0.8599334876700203,56.799537658691406,drone1
1743161070.461592,-3.105637550354004,0.23617759346961975,9.315484046936035,-0.0008450234861733389,0.0019293112563024842,0.5103800648080973,-0.8599464056790889,56.999531984329224,drone1
1743161070.6615944,-3.1037213802337646,0.23320038616657257,9.326204299926758,-0.0008225050506312508,0.002068596547827242,0.5103918764623925,-0.8599391458844329,57.19953441619873,drone1
1743161070.8616204,-3.1024019718170166,0.2317083775997162,9.337360382080078,-0.0009134697212008402,0.0023024095649820304,0.5103958488028646,-0.859936100774628,57.39956045150757,drone1
1743161071.0616245,-3.1025984287261963,0.23233745992183685,9.346098899841309,-0.0011017371827980673,0.002208233296324104,0.510388536324648,-0.8599404629734488,57.59956455230713,drone1
1743161071.2616904,-3.103100299835205,0.2357148826122284,9.352070808410645,-0.0013490874260745909,0.0018945867188844524,0.5103690328704995,-0.8599523799948653,57.79963040351868,drone1
1743161071.4616182,-3.1049647331237793,0.24426598846912384,9.357794761657715,-0.002082814112164229,0.0011691102783908222,0.5103686324754387,-0.859952443215138,57.999558210372925,drone1
1743161071.6616268,-3.108311891555786,0.2523741126060486,9.374780654907227,-0.0026306164585955583,0.0005503675419260704,0.5103685165716053,-0.8599517161820012,58.19956684112549,drone1
1743161071.8616087,-3.11381459236145,0.26185494661331177,9.391937255859375,-0.0030090004924503643,-0.0001903101431838725,0.5103503407431851,-0.8599612940533254,58.39954876899719,drone1
1743161072.061648,-3.122307300567627,0.27151578664779663,9.389695167541504,-0.003095393547045538,-0.0010697855499284758,0.5103391823650417,-0.8599670576348593,58.59958791732788,drone1
1743161072.2616954,-3.1318931579589844,0.28231698274612427,9.377065658569336,-0.0031119777145490984,-0.002057438951705543,0.5103986094214421,-0.8599298841144726,58.79963541030884,drone1
1743161072.4616323,-3.1382389068603516,0.2901700735092163,9.363218307495117,-0.0031238310217844064,-0.002677959264433467,0.5104725349937302,-0.8598841969306869,58.99957227706909,drone1
1743161072.6616092,-3.1380770206451416,0.2935456335544586,9.352055549621582,-0.0031923228610190855,-0.002250759548789617,0.5105742985594598,-0.8598248330945593,59.199549198150635,drone1
1743161072.8616238,-3.1374101638793945,0.2954612672328949,9.3447847366333,-0.0031304714141716186,-0.0013071264723305907,0.5106655991700465,-0.8597727290530877,59.399563789367676,drone1
1743161073.0615976,-3.1365139484405518,0.2948126196861267,9.340011596679688,-0.0026934798002385724,-0.001060154748089546,0.510679159918555,-0.8597665018562202,59.59953761100769,drone1
1743161073.2616296,-3.1344082355499268,0.2911337614059448,9.33558464050293,-0.002454063310183423,-0.00038558916931662326,0.5106622801057262,-0.8597778182850453,59.799569606781006,drone1
1743161073.4616215,-3.131335973739624,0.2879624366760254,9.33252239227295,-0.0021921241040468837,0.00026404523147308963,0.5105547108116144,-0.8598423977936762,59.99956154823303,drone1
1743161073.6616464,-3.128056526184082,0.28782275319099426,9.33226490020752,-0.0021761207316403322,0.0006177714656335623,0.510417902141348,-0.8599234883302111,60.199586391448975,drone1
1743161073.8617513,-3.124985694885254,0.2897055149078369,9.333863258361816,-0.002716011324352757,0.0006848817608085572,0.5103138204989504,-0.8599837372501574,60.399691343307495,drone1
1743161074.061653,-3.122173547744751,0.2910009026527405,9.337881088256836,-0.0031318518057784133,0.000745187727172884,0.5102676591631188,-0.8600096680987037,60.59959292411804,drone1
1743161074.2616487,-3.1216046810150146,0.2894156873226166,9.34351634979248,-0.002973701519005728,0.0007898826490212905,0.5103147582663297,-0.8599822094268988,60.799588680267334,drone1
1743161074.4616356,-3.1221847534179688,0.2849191129207611,9.351025581359863,-0.0024151080153124037,0.0007512085526551796,0.5103657138061793,-0.859953844597851,60.9995756149292,drone1
1743161074.6616597,-3.1226491928100586,0.28006690740585327,9.3580961227417,-0.0017714658756369523,0.0007620827688432443,0.5104397131354523,-0.8599114554049613,61.199599742889404,drone1
1743161074.8616302,-3.1227610111236572,0.2748475670814514,9.363405227661133,-0.0016280633226892546,0.00092267448590218,0.5104725033835937,-0.8598921521483432,61.39957022666931,drone1
1743161075.0616415,-3.1219584941864014,0.269882470369339,9.366535186767578,-0.0014444417588289923,0.001136402235125507,0.5104597750353436,-0.8598997385810752,61.599581480026245,drone1
1743161075.2616565,-3.1206369400024414,0.2653501331806183,9.368581771850586,-0.0013711448804610913,0.001247048300627521,0.510432832662433,-0.859915638479676,61.799596548080444,drone1
1743161075.4616187,-3.119563579559326,0.2593061327934265,9.37159252166748,-0.0013530029465034135,0.0015177588462815255,0.5103916762648621,-0.8599397675504485,61.99955868721008,drone1
1743161075.6616375,-3.1207690238952637,0.25324133038520813,9.374818801879883,-0.0009868268461014642,0.001653059943532988,0.5103615201947524,-0.8599578696218838,62.19957756996155,drone1
1743161075.861622,-3.124393939971924,0.25009289383888245,9.379298210144043,-0.0005452250501812538,0.00121195971157367,0.5102993219830626,-0.8599958755425285,62.39956212043762,drone1
1743161076.0616155,-3.1278316974639893,0.24941560626029968,9.383249282836914,-0.0007317371022263447,0.0006857806097509664,0.5102930631760587,-0.8600000270071069,62.59955549240112,drone1
1743161076.261701,-3.129690647125244,0.25152644515037537,9.385793685913086,-0.000983442071387044,0.0003382964334408795,0.5103159594515122,-0.8599864030383257,62.799641132354736,drone1
1743161076.4616344,-3.1292338371276855,0.2551692724227905,9.388903617858887,-0.0015002295850909033,0.00011506204888765126,0.5103831942115993,-0.8599458893801947,62.999574422836304,drone1
1743161076.6616354,-3.124934434890747,0.2595779597759247,9.39205265045166,-0.002186281991080442,0.0002601659104126905,0.5104986555030948,-0.8598756938039998,63.199575424194336,drone1
1743161076.8616233,-3.1218347549438477,0.2624792158603668,9.398056983947754,-0.0028622529038333996,0.0006353339421627626,0.5105567549337671,-0.859839089266068,63.39956331253052,drone1
1743161077.0615983,-3.121274948120117,0.2623879313468933,9.404967308044434,-0.0028736984073821394,0.000818557487896255,0.5105600107778145,-0.8598369292400819,63.59953832626343,drone1
1743161077.2616224,-3.125333547592163,0.25836050510406494,9.413314819335938,-0.002148119089888653,0.0007053312141426907,0.5104889722646495,-0.8598813309449881,63.79956245422363,drone1
1743161077.4616117,-3.1336090564727783,0.2525217533111572,9.4215669631958,-0.001008192746436519,0.0002960779476352264,0.5103749545027154,-0.8599513473970768,63.99955177307129,drone1
1743161077.6616037,-3.1401402950286865,0.24767428636550903,9.4281587600708,-5.435602702443972e-05,-0.00029573812837930646,0.5103011659076849,-0.8599958017855436,64.19954371452332,drone1
1743161077.8616884,-3.143953323364258,0.24326811730861664,9.434856414794922,0.0002442210044107382,-0.0003398310479395951,0.5103318277399765,-0.8599775311267142,64.39962840080261,drone1
1743161078.061599,-3.14414381980896,0.2410987764596939,9.441349983215332,0.0001608548518938069,-9.993605841596948e-05,0.5103976821907749,-0.8599385663652659,64.59953904151917,drone1
1743161078.2616105,-3.1409080028533936,0.23935675621032715,9.447705268859863,-0.00024369085550225342,0.00028564907217068497,0.5104825870171001,-0.8598880533673257,64.79955053329468,drone1
1743161078.4616828,-3.138068914413452,0.23815493285655975,9.452641487121582,-0.0005558005546964007,0.0008251189578400884,0.5104942511574254,-0.8598806039118513,64.99962282180786,drone1
1743161078.6616514,-3.1348228454589844,0.23933888971805573,9.45531177520752,-0.0007696517089866688,0.0009902190911801896,0.5104910690703629,-0.8598821844186704,65.19959139823914,drone1
1743161078.861694,-3.1293294429779053,0.24363844096660614,9.456344604492188,-0.001306548115906213,0.0011058859617496118,0.5104782037448549,-0.8598889805979928,65.39963412284851,drone1
1743161079.0616949,-3.124344825744629,0.24967361986637115,9.457380294799805,-0.0020982330674789774,0.0012239280583027164,0.5104508293667471,-0.8599034580404563,65.59963488578796,drone1
1743161079.2616382,-3.1208221912384033,0.2585954964160919,9.45816421508789,-0.0027889052043510464,0.0010682762482342862,0.5103965442258651,-0.8599340566524752,65.79957818984985,drone1
1743161079.4616616,-3.1179494857788086,0.2682051360607147,9.459259033203125,-0.003428957782549611,0.0006812608361494779,0.5103783578607326,-0.8599428864172383,65.99960160255432,drone1
1743161079.6616817,-3.1139230728149414,0.2762686014175415,9.4630126953125,-0.003842521428656981,0.0005067689320473285,0.5104326113914783,-0.859909031961172,66.19962167739868,drone1
1743161079.861636,-3.110150098800659,0.2829374372959137,9.469283103942871,-0.0042905300806182585,0.0005494921716388346,0.5104857164206019,-0.8598753987760601,66.39957594871521,drone1
1743161080.0616674,-3.108278751373291,0.28509074449539185,9.476578712463379,-0.0043232549682173166,0.0006881643582266606,0.5105170420657577,-0.8598565485980637,66.59960746765137,drone1
1743161080.2616103,-3.1070642471313477,0.2852762043476105,9.48306655883789,-0.003660232357580316,0.0007554580580471288,0.5104974648546244,-0.8598711524810727,66.7995502948761,drone1
1743161080.461602,-3.1085143089294434,0.2848331332206726,9.488534927368164,-0.0033380425851361833,0.0007852211417215349,0.5104611869547687,-0.859894027683102,66.99954199790955,drone1
1743161080.6616292,-3.1136183738708496,0.28270846605300903,9.493486404418945,-0.0027092106998549462,0.00032298866925040045,0.5104801951834471,-0.8598852189917632,67.19956922531128,drone1
1743161080.8616116,-3.118143320083618,0.2787584364414215,9.496978759765625,-0.00192826491139732,-7.819508096946573e-05,0.5104854635395109,-0.8598842496142475,67.39955163002014,drone1
1743161081.0616312,-3.1194920539855957,0.274065762758255,9.498857498168945,-0.0015647086656842533,0.00014232727324327881,0.5104580259411304,-0.8599012347941974,67.59957122802734,drone1
1743161081.2616777,-3.118967294692993,0.27013853192329407,9.501177787780762,-0.0013516761027969233,0.000583690387938377,0.5104356670379953,-0.859914742859145,67.79961776733398,drone1
1743161081.4616768,-3.1186394691467285,0.2662931978702545,9.498086929321289,-0.0013290365156448825,0.000900024691310265,0.5103916025078772,-0.8599405999507065,67.99961686134338,drone1
1743161081.661604,-3.1159045696258545,0.2618812620639801,9.528050422668457,-0.001252598078998484,0.0011982248629334314,0.5103788109393541,-0.8599479967226202,68.1995439529419,drone1
1743161081.8615847,-3.111835241317749,0.25852423906326294,9.564828872680664,-0.0014954187734034783,0.0017118546531490742,0.510361235703525,-0.8599571425887471,68.3995246887207,drone1
1743161082.0615869,-3.10878586769104,0.25577646493911743,9.549409866333008,-0.0019776434223660157,0.0017241225141521573,0.5103741326391694,-0.8599485446316508,68.59952688217163,drone1
1743161082.2615836,-3.1087284088134766,0.2546978294849396,9.45481014251709,-0.0021363740309068443,0.0015892032286587135,0.5103798646105668,-0.8599449200026789,68.79952359199524,drone1
1743161082.4615684,-3.112790822982788,0.2552308440208435,9.265279769897461,-0.002133198035380971,0.0011655465647858736,0.5103692752148785,-0.8599519690630923,68.99950838088989,drone1
1743161082.6616719,-3.121030807495117,0.2573525905609131,8.979104995727539,-0.0021447417443794634,8.978307708616291e-05,0.5103549242129606,-0.859961262443189,69.19961190223694,drone1
1743161082.861665,-3.130937099456787,0.2560122311115265,8.652068138122559,-0.0016449326605442874,-0.0009989402989969412,0.5103520266171255,-0.859963485689448,69.39960503578186,drone1
1743161083.0616918,-3.139775514602661,0.2518254220485687,8.336477279663086,-0.0006967204154285196,-0.0010513115654821638,0.5103885679347844,-0.8599430444679202,69.59963178634644,drone1
1743161083.261688,-3.146834135055542,0.24876455962657928,8.063807487487793,-0.00014803870628387475,-0.0010536230155461512,0.5104457085246531,-0.8599093375258235,69.79962801933289,drone1
1743161083.4616723,-3.151076078414917,0.24797043204307556,7.847917079925537,-0.00010269734068282011,-0.0009634816079296038,0.5105106146713598,-0.8598709838936787,69.99961233139038,drone1
1743161083.661727,-3.1505351066589355,0.24804285168647766,7.64544677734375,-0.00041591392971779116,-0.0006214497454033408,0.5105421721241823,-0.8598524919638945,70.19966697692871,drone1
1743161083.8616743,-3.1458399295806885,0.2489684373140335,7.435159206390381,-0.0009852287026372013,-0.0003361052089085875,0.5105475458473675,-0.8598488884083468,70.39961433410645,drone1
1743161084.0616667,-3.139103651046753,0.25057452917099,7.227709770202637,-0.0016013756007080963,0.0003160371557421984,0.5105083703516766,-0.8598712894583304,70.59960675239563,drone1
1743161084.26168,-3.1323349475860596,0.25259920954704285,7.027464866638184,-0.0021496095407463446,0.00068168403331392,0.5104776558358243,-0.859888179807871,70.7996199131012,drone1
1743161084.461648,-3.1275529861450195,0.25453272461891174,6.835785388946533,-0.0025164745610217073,0.0009507481148003882,0.510425825748868,-0.8599175877714196,70.99958801269531,drone1
1743161084.6616457,-3.1251935958862305,0.2571452856063843,6.650322437286377,-0.002629380864462456,0.0008887209600463847,0.5103438817386506,-0.8599659828902222,71.19958567619324,drone1
1743161084.861656,-3.1249547004699707,0.26149165630340576,6.467500686645508,-0.002743896074454269,0.00033235992223512156,0.5102814727927183,-0.8600030194333512,71.39959597587585,drone1
1743161085.061651,-3.126265525817871,0.26559293270111084,6.287797451019287,-0.0029012710897049314,-0.000183262482177505,0.5102955498401208,-0.8599942528888609,71.59959101676941,drone1
1743161085.261687,-3.1271519660949707,0.26859694719314575,6.114987373352051,-0.0028522911010611454,-0.0005200162133698657,0.5103522057412316,-0.8599606091670371,71.79962706565857,drone1
1743161085.4616857,-3.126206398010254,0.269542932510376,5.948104381561279,-0.002827707222987833,-0.0006342912192523927,0.510462114185436,-0.8598954606759515,71.99962568283081,drone1
1743161085.6616983,-3.1231000423431396,0.2677997946739197,5.786040782928467,-0.002701352699831506,-0.00013968799149136809,0.5105500746582781,-0.8598437464928285,72.19963836669922,drone1
1743161085.8616395,-3.119575023651123,0.2651565670967102,5.62872838973999,-0.002492756998248646,0.00034017009546366957,0.5105861102137549,-0.8598229680965126,72.3995795249939,drone1
1743161086.0616434,-3.117178440093994,0.26245948672294617,5.474011421203613,-0.0023480353394924273,0.0006565657463723797,0.5105616861150428,-0.8598376984200672,72.59958338737488,drone1
1743161086.2616277,-3.1173691749572754,0.259594202041626,5.322699069976807,-0.0020659682143777773,0.0007555265466759589,0.5105144289611501,-0.8598664952543122,72.79956769943237,drone1
1743161086.4616241,-3.1180224418640137,0.2560913860797882,5.184449672698975,-0.0018784224352432354,0.000548541439164466,0.510464031867043,-0.859896914742225,72.9995641708374,drone1
1743161086.6616664,-3.1203019618988037,0.25290247797966003,5.066037178039551,-0.0011159746475269473,0.0005511836226280722,0.5104305356591892,-0.8599181040703139,73.19960641860962,drone1
1743161086.861633,-3.1237523555755615,0.2502370774745941,4.949799060821533,-0.0008327516944827238,0.00014403806897743846,0.5104117908483139,-0.8599297682106393,73.39957308769226,drone1
1743161087.0616539,-3.1250035762786865,0.24828797578811646,4.806143760681152,-0.0007119907454796229,-1.324728132255895e-05,0.5104200200204856,-0.8599249107863484,73.59959387779236,drone1
1743161087.2616174,-3.121373414993286,0.24918615818023682,4.641311168670654,-0.0009613405150980249,0.000218430775696381,0.5104324006572357,-0.8599173348903284,73.79955744743347,drone1
1743161087.4616141,-3.1163737773895264,0.2533462643623352,4.47093391418457,-0.0018221327260379363,0.0006193313106187828,0.5104313891328714,-0.8599164076596613,73.99955415725708,drone1
1743161087.6616135,-3.1096975803375244,0.25741225481033325,4.304853439331055,-0.0026454348624780585,0.0007910140284860046,0.5104591112224794,-0.8598977049956346,74.19955348968506,drone1
1743161087.8616104,-3.1019299030303955,0.2599448263645172,4.1441216468811035,-0.0031597633915686255,0.0012527327539228492,0.5104890460216344,-0.8598775482653342,74.39955043792725,drone1
1743161088.06167,-3.0947840213775635,0.2578992545604706,3.9897828102111816,-0.003274684429613483,0.0018257398212623913,0.5105136070976041,-0.8598615851464606,74.59961009025574,drone1
1743161088.2617557,-3.0913193225860596,0.25237807631492615,3.8419222831726074,-0.0027526004482270783,0.0023759225797154036,0.5104776769092485,-0.8598832697000195,74.79969573020935,drone1
1743161088.4616313,-3.0913634300231934,0.24667702615261078,3.6988511085510254,-0.001996219090200263,0.002349473641856936,0.510385406921146,-0.8599402206290699,74.99957132339478,drone1
1743161088.6616037,-3.092424154281616,0.24160830676555634,3.5579357147216797,-0.0013226940529089848,0.002179168393305255,0.5103009446367303,-0.8599922298401323,75.19954371452332,drone1
1743161088.8616092,-3.095048666000366,0.24030902981758118,3.41882586479187,-0.0011220846852105584,0.0018318005710054829,0.510267838287225,-0.8600129450161755,75.39954924583435,drone1
1743161089.0616114,-3.096782684326172,0.2420779913663864,3.281114339828491,-0.0012256424503072324,0.0012983187739534978,0.5102810091773846,-0.8600059275658984,75.59955143928528,drone1
1743161089.261608,-3.097811460494995,0.2470516562461853,3.14518404006958,-0.0017593197218907508,0.0009268592892962196,0.5103630690914353,-0.8599568264873831,75.79954791069031,drone1
1743161089.4615967,-3.0996649265289307,0.25256460905075073,3.0109894275665283,-0.002407869952625166,0.0005512303175495912,0.5104207470536224,-0.8599213177675128,75.9995367527008,drone1
1743161089.6616058,-3.1038174629211426,0.25872617959976196,2.879633665084839,-0.0027353807646937987,5.672743550797027e-05,0.5104536848157337,-0.8599009397662578,76.19954586029053,drone1
1743161089.8616219,-3.108215808868408,0.26323994994163513,2.7491867542266846,-0.0027903306239385754,-0.0004501212627428661,0.5104817756902662,-0.8598840599534291,76.39956188201904,drone1
1743161090.0616074,-3.1119611263275146,0.26676657795906067,2.6180481910705566,-0.0027081315100424895,-0.0006407938523603411,0.5104848418734954,-0.8598822581756553,76.59954738616943,drone1
1743161090.2615929,-3.113661527633667,0.2697015702724457,2.486227512359619,-0.002679944734966004,-0.00068662929097851,0.5105184013016222,-0.8598624386201431,76.79953289031982,drone1
1743161090.4615886,-3.115353584289551,0.27131131291389465,2.355557680130005,-0.0027625223473180523,-0.000453605539416539,0.5105359554640271,-0.8598519651282881,76.99952864646912,drone1
1743161090.6615798,-3.118307113647461,0.27230554819107056,2.2266523838043213,-0.00254432284422109,-0.00038239547540709764,0.5105286535225224,-0.859856991139973,77.1995198726654,drone1
1743161090.8616092,-3.1210734844207764,0.2742866277694702,2.0972068309783936,-0.0023822199733114927,-0.0005509724973746729,0.5105151981411353,-0.8598653888995388,77.39954924583435,drone1
1743161091.0615668,-3.123812198638916,0.2759944796562195,1.9669830799102783,-0.002424535491534494,-0.0007181169380831955,0.5104873390742697,-0.8598815311425185,77.59950685501099,drone1
1743161091.2615898,-3.126239776611328,0.27767205238342285,1.8362443447113037,-0.002440925511885295,-0.000832160218616976,0.5104646219229223,-0.8598949759871936,77.7995297908783,drone1
1743161091.4617932,-3.127445936203003,0.27628928422927856,1.7187914848327637,-0.002147631067249206,-0.0008412834884354097,0.5104674246883483,-0.859894027683102,77.99973320960999,drone1
1743161091.661672,-3.1312127113342285,0.2716138958930969,1.620004415512085,-0.0020354347982651584,-0.0006641585999132505,0.5105356815095117,-0.8598540092504409,78.19961214065552,drone1
1743161091.8616552,-3.1323654651641846,0.26477789878845215,1.5355224609375,-0.001254459869213054,-0.0005348104980597611,0.5105895557186206,-0.8598235686891039,78.39959526062012,drone1
1743161092.0617404,-3.1295413970947266,0.25778499245643616,1.396716594696045,-0.0009004470447145139,9.847878688278902e-05,0.5105722017537464,-0.8598344320393077,78.59968042373657,drone1
1743161092.2616496,-3.126269817352295,0.24796736240386963,1.216386318206787,-0.0007487139191754714,0.0009089351329204043,0.510531171796721,-0.8598585189632315,78.79958963394165,drone1
1743161092.4616668,-3.1226861476898193,0.2374056726694107,1.0212903022766113,-0.0001767397634620631,0.0016266947437246142,0.5104938191522282,-0.8598799400989872,78.99960684776306,drone1
1743161092.6617014,-3.119021415710449,0.22981728613376617,0.8291352391242981,0.00013167737377824592,0.0020900800806750355,0.5104088089587817,-0.8599293783522904,79.19964146614075,drone1
1743161092.8616855,-3.114569902420044,0.2271968573331833,0.647700846195221,-1.9736825858411004e-05,0.0023017937435490026,0.5103217124963341,-0.859980565699807,79.39962553977966,drone1
1743161093.061652,-3.1111929416656494,0.22892209887504578,0.4765782952308655,-0.0006568281763587677,0.0021942711237790766,0.5102694820143168,-0.8600115541701746,79.59959197044373,drone1
1743161093.2616339,-3.107971668243408,0.23561903834342957,0.3143814206123352,-0.0014406186404264463,0.001734648535221384,0.5102396631189954,-0.8600293190668219,79.79957389831543,drone1
1743161093.4616852,-3.1065831184387207,0.23863516747951508,0.25953012704849243,-0.0019670825704661715,0.0014801180474074715,0.5101955459053166,-0.8600549759608529,79.99962520599365,drone1
1743161093.6617386,-3.1067724227905273,0.23733076453208923,0.2863452434539795,-0.0019574495048804955,0.0014750089356374463,0.5101172475974955,-0.8601013269575029,80.19967865943909,drone1
1743161093.8616638,-3.107565402984619,0.23792865872383118,0.3023289442062378,-0.0019345548140496742,0.001475084071449904,0.5100796315351996,-0.8601237701543349,80.39960384368896,drone1
1743161094.0616567,-3.107816696166992,0.23944039642810822,0.3104703426361084,-0.0019326255050159597,0.001475241895757145,0.5100462617678911,-0.8601435686364229,80.59959673881531,drone1
1743161094.2617233,-3.1075596809387207,0.24027416110038757,0.3124428391456604,-0.0019228741277935214,0.0014651500098650481,0.5100230915379221,-0.8601573822660222,80.79966330528259,drone1
1743161094.461699,-3.1074228286743164,0.23887565732002258,0.3097241520881653,-0.0019583715906687665,0.0014329890627394976,0.5099984567049676,-0.8601719018553343,80.99963903427124,drone1
1743161094.6616514,-3.1071829795837402,0.23975639045238495,0.303330659866333,-0.0019816718214394095,0.001398247608959417,0.5099628110078395,-0.8601931333302717,81.19959139823914,drone1
1743161094.8616369,-3.1067750453948975,0.2433721125125885,0.2926359176635742,-0.0019318042176964417,0.0010187942428802582,0.5102634023314191,-0.8600154422169497,81.39957690238953,drone1
1743161095.0616775,-3.106783628463745,0.2486836016178131,0.2787622809410095,-0.0018849007433634202,0.0007982046759686679,0.5111380758785657,-0.8594962351901441,81.59961748123169,drone1
1743161095.2616408,-3.1085751056671143,0.253764271736145,0.2628777027130127,-0.0018582412976370733,0.0006714958558670463,0.5121858676059707,-0.8588724407587586,81.79958081245422,drone1
1743161095.4616995,-3.1104488372802734,0.25852420926094055,0.24659711122512817,-0.001853421081110894,0.0005929660696513769,0.5131629896051353,-0.8582889703246859,81.9996395111084,drone1
1743161095.661653,-3.109509229660034,0.26287055015563965,0.22951409220695496,-0.0018423099946951143,0.0005215267909941257,0.5140679772730733,-0.8577473727846088,82.19959306716919,drone1
1743161095.8619065,-3.1057775020599365,0.2651771605014801,0.2106393277645111,-0.0018254583758032495,0.000431011618210266,0.5149331256324565,-0.8572283343451972,82.39984655380249,drone1
1743161096.0616515,-3.1003425121307373,0.2657749652862549,0.19295844435691833,-0.0018395157491887123,0.0003391807969765522,0.515737835411075,-0.8567443620837465,82.59959149360657,drone1
1743161096.2616143,-3.0966131687164307,0.26462221145629883,0.1771942675113678,-0.0018638465815348322,0.00027544249663661924,0.5165163719967683,-0.8562753519535173,82.79955434799194,drone1
1743161096.4616318,-3.094656229019165,0.26235535740852356,0.16493704915046692,-0.0018931100768818697,0.00026279671340401754,0.5171428848998826,-0.8558969154007379,82.99957180023193,drone1
1743161096.661624,-3.0930442810058594,0.2585194706916809,0.14744871854782104,-0.0019073774436473155,0.00024782536255953835,0.5178261696079411,-0.8554837919916342,83.19956398010254,drone1
1743161096.8616269,-3.09285306930542,0.2548300325870514,0.1353173553943634,-0.0019706260338275,0.00022460969301962356,0.5185487246420999,-0.8550458124786211,83.3995668888092,drone1
1743161097.0616183,-3.0937960147857666,0.2517889440059662,0.12362536787986755,-0.002010142984845765,0.0002446872333428733,0.5192008944392453,-0.8546498955204218,83.59955835342407,drone1
1743161097.2616274,-3.0947999954223633,0.247234508395195,0.11100196838378906,-0.0020411639708484814,0.0002594206026657801,0.5198051748797703,-0.8542823960748311,83.7995674610138,drone1
1743161097.4616287,-3.0944671630859375,0.24122299253940582,0.09698745608329773,-0.0020907100608149425,0.00024158524175608412,0.5203904997751774,-0.8539259285668381,83.9995687007904,drone1
1743161097.6615984,-3.094113349914551,0.23516219854354858,0.08183512091636658,-0.0021077520402286464,0.00020120543279623479,0.520958944857756,-0.8535790916137298,84.19953846931458,drone1
1743161097.861628,-3.096721649169922,0.23055307567119598,0.0648888647556305,-0.0021174043270821494,0.00021390595754106247,0.5214935038741317,-0.8532526537353008,84.3995680809021,drone1
1743161098.0616002,-3.0975029468536377,0.22808508574962616,0.04790449142456055,-0.002098037438601076,0.00023830165652121883,0.5220229525851257,-0.8529288816450402,84.59954023361206,drone1
1743161098.2615938,-3.0981478691101074,0.22482457756996155,0.033424317836761475,-0.00207150369255769,0.00022981384099395638,0.5225249742344511,-0.8526214941421382,84.79953384399414,drone1
1743161098.4616187,-3.099379777908325,0.22017937898635864,0.021062731742858887,-0.002075580494652421,0.00023361257267019096,0.523016490781785,-0.8523200598815881,84.99955868721008,drone1
1743161098.661613,-3.0993213653564453,0.21853449940681458,0.010548233985900879,-0.0020673638348263205,0.00019452400485436863,0.5234762286053419,-0.8520378445839591,85.1995530128479,drone1
1743161098.8616238,-3.1000759601593018,0.22240471839904785,0.0008734464645385742,-0.0019759650187898435,0.00023704433041935242,0.5239287487810913,-0.851759812361045,85.39956378936768,drone1
1743161099.0615888,-3.1007654666900635,0.22990871965885162,-0.008916705846786499,-0.001876602670972522,0.0003190976590249833,0.5243762324084436,-0.8514845407567082,85.59952878952026,drone1
1743161099.2616172,-3.100512742996216,0.23748454451560974,-0.01809215545654297,-0.0018169938562879583,0.00034998207936035676,0.5247676185804278,-0.8512436188339078,85.79955720901489,drone1
1743161099.4615989,-3.101163625717163,0.24637557566165924,-0.02572190761566162,-0.0017585170796126167,0.0003791728878573257,0.5251872431409144,-0.8509847423536417,85.99953889846802,drone1
1743161099.6615915,-3.1050913333892822,0.2561436593532562,-0.022453919053077698,-0.0017522476947375893,0.0004460072940425077,0.5255488314910015,-0.8507615642540645,86.19953155517578,drone1
1743161099.8616228,-3.107616662979126,0.26473814249038696,-0.008303523063659668,-0.001735490906254874,0.0005017642407408487,0.5259048037735246,-0.8505415577048376,86.39956283569336,drone1
1743161100.061604,-3.1063730716705322,0.27313104271888733,0.003254830837249756,-0.0016798380919068575,0.0004986544700970592,0.5262507661795262,-0.8503276835220691,86.59954404830933,drone1
1743161100.2617164,-3.103780746459961,0.2790193557739258,0.010925054550170898,-0.0016448611878856572,0.00047472604960434843,0.5266142511377963,-0.8501026931080058,86.7996563911438,drone1
1743161100.4617286,-3.101221799850464,0.28153562545776367,0.01381140947341919,-0.0016548173107115303,0.0004501540253321796,0.5269477170032144,-0.8498959206692113,86.99966859817505,drone1
1743161100.6616516,-3.098867893218994,0.2833036780357361,0.014534354209899902,-0.0016671953132835734,0.00040238633480952604,0.5272474548531118,-0.8497101478976874,87.19959163665771,drone1
1743161100.8616266,-3.0966038703918457,0.2844894528388977,0.014780282974243164,-0.0016601082219247906,0.0003768175211064618,0.5275844294436686,-0.8495009625518157,87.39956665039062,drone1
1743161101.0616355,-3.0944013595581055,0.2822851538658142,0.014573752880096436,-0.0016906278497617736,0.00036375524963159264,0.5278974856976952,-0.8493064232358015,87.59957551956177,drone1
1743161101.2616313,-3.091869354248047,0.2797485291957855,0.012818217277526855,-0.001731967116910722,0.0003358473269952057,0.5281920078750894,-0.8491231687384763,87.79957127571106,drone1
1743161101.4616182,-3.089625120162964,0.27914169430732727,0.010757654905319214,-0.0017524427473890479,0.0002809003488826515,0.5284316548557224,-0.8489740531884447,87.99955821037292,drone1
1743161101.661617,-3.0895345211029053,0.28091520071029663,0.0067591071128845215,-0.00171836702036799,0.0002933178641251738,0.5287015000533134,-0.8488061190705529,88.19955706596375,drone1
1743161101.8616972,-3.0908656120300293,0.28099140524864197,0.0006620585918426514,-0.0017334007683046005,0.00031572632273442865,0.5289607137083675,-0.8486445175166502,88.39963722229004,drone1
1743161102.0616019,-3.093459129333496,0.2783876061439514,-0.005755335092544556,-0.0017985383934059334,0.00031528493327795317,0.5292354479403858,-0.8484731273571806,88.59954190254211,drone1
1743161102.2616017,-3.0970046520233154,0.27476245164871216,-0.011688768863677979,-0.0018671694324859872,0.00030159033559832573,0.5294850837241158,-0.8483172261645389,88.79954171180725,drone1
1743161102.4615943,-3.0994372367858887,0.2716669738292694,-0.019463345408439636,-0.0019190153245104507,0.0003084311313111232,0.5297290191465847,-0.8481646651096414,88.99953436851501,drone1
1743161102.6616092,-3.100654125213623,0.27040842175483704,-0.02875538170337677,-0.0019513624545161176,0.0002933325990585398,0.5299693404767939,-0.8480146223289426,89.19954919815063,drone1
1743161102.861612,-3.101223945617676,0.27171194553375244,-0.038308992981910706,-0.0019587234180721575,0.00027505675419106683,0.5301895893703996,-0.8478768126710242,89.3995521068573,drone1
1743161103.0615907,-3.1002156734466553,0.27445128560066223,-0.04818186163902283,-0.001932182674993375,0.00025081943516508046,0.5304215656246036,-0.8477318275121467,89.5995306968689,drone1
1743161103.2615287,-3.095937967300415,0.2795316278934479,-0.05767299234867096,-0.0018776616105413587,0.00018868329129500587,0.5306631408235558,-0.8475807837437959,89.79946875572205,drone1
1743161103.4616911,-3.090205669403076,0.28632062673568726,-0.06623780727386475,-0.0017950567509102924,0.00013769400103930078,0.5308861081888907,-0.8474413514322097,89.99963116645813,drone1
1743161103.6616707,-3.0856306552886963,0.2927955090999603,-0.07274755835533142,-0.0017401338096722796,0.00011687181151364908,0.5311140067355012,-0.847298589519591,90.19961071014404,drone1
1743161103.8616862,-3.0816116333007812,0.2980134189128876,-0.07860374450683594,-0.0017103829090712713,9.664560476772192e-05,0.5313011387428895,-0.8471813369870338,90.3996262550354,drone1
1743161104.0616598,-3.0782625675201416,0.2998255491256714,-0.08337454497814178,-0.0016996920975286798,7.306658329552764e-05,0.5315081956729115,-0.8470514087897869,90.59959983825684,drone1
1743161104.261666,-3.0759572982788086,0.29828548431396484,-0.08850899338722229,-0.0017253116191588585,3.145463756124258e-05,0.5316944952800418,-0.8469344828953055,90.79960608482361,drone1
1743161104.461681,-3.0756945610046387,0.2940928339958191,-0.09400564432144165,-0.0017738354010947398,1.6309348648592428e-05,0.5318747257409864,-0.846821181629796,90.99962091445923,drone1
1743161104.6617208,-3.0773448944091797,0.28923192620277405,-0.098446324467659,-0.0018489964028798234,2.1943196914384558e-05,0.5320467164930472,-0.8467130855000777,91.19966077804565,drone1
1743161104.8616772,-3.0805892944335938,0.28338301181793213,-0.10095568001270294,-0.001931279810472931,4.27503222344161e-05,0.5322239229176113,-0.8466014595717967,91.3996171951294,drone1
1743161105.061642,-3.083522081375122,0.27759504318237305,-0.10285447537899017,-0.001968035319733097,5.0152033231887684e-05,0.5323832274682704,-0.8465012449027498,91.5995819568634,drone1
1743161105.2616386,-3.0861856937408447,0.27196812629699707,-0.10620906949043274,-0.002007345734730046,5.648204536068112e-05,0.5325544490403459,-0.8463933278971378,91.79957866668701,drone1
1743161105.4617128,-3.0881423950195312,0.2683630585670471,-0.1097460687160492,-0.002018871251436506,4.918833566251866e-05,0.5327261236910429,-0.8462853792813891,91.99965286254883,drone1
1743161105.6616457,-3.0898215770721436,0.26618215441703796,-0.11432619392871857,-0.0020306416643818717,6.281074040045845e-05,0.532867452610812,-0.8461963124537735,92.19958567619324,drone1
1743161105.861696,-3.0908617973327637,0.26334428787231445,-0.11944231390953064,-0.0020225825613293066,6.506888951833122e-05,0.5330187281868298,-0.8461010921862753,92.39963603019714,drone1
1743161106.0616739,-3.0907912254333496,0.2600576877593994,-0.1243332028388977,-0.002039360793667563,3.8456118133987793e-05,0.5331789178213076,-0.8460001610208039,92.599613904953,drone1
1743161106.2617054,-3.091949224472046,0.2573230266571045,-0.12731429934501648,-0.0020474263175290813,5.216125252574303e-05,0.5333461354427746,-0.8458947306792539,92.79964542388916,drone1
1743161106.461668,-3.093278169631958,0.2546946108341217,-0.12862537801265717,-0.002061565515069661,6.891964621069698e-05,0.5334558647628727,-0.8458254623337262,92.99960803985596,drone1
1743161106.6616273,-3.094691753387451,0.25198155641555786,-0.12816204130649567,-0.002077501386664144,8.234185341820996e-05,0.5336019457398115,-0.8457332450291843,93.19956731796265,drone1
1743161106.8616436,-3.095665454864502,0.2522903084754944,-0.12783090770244598,-0.0020582410177572372,9.286053789002766e-05,0.5337487010663263,-0.8456406905498544,93.39958357810974,drone1
1743161107.061634,-3.0971014499664307,0.2532558739185333,-0.12716738879680634,-0.00203410346822421,0.00011093486813805784,0.5338809262668172,-0.8455572713999393,93.5995740890503,drone1
1743161107.2616248,-3.0968880653381348,0.2567300498485565,-0.12631574273109436,-0.002005427229942166,0.0001297694880205541,0.5340037843302263,-0.8454797633455277,93.79956483840942,drone1
1743161107.4616296,-3.094897508621216,0.2612706422805786,-0.12736347317695618,-0.0019672197946780244,0.00013107241832959786,0.5341475261570727,-0.8453890422541079,93.99956965446472,drone1
1743161107.6616528,-3.0912258625030518,0.26575911045074463,-0.13104170560836792,-0.0019084432979334872,0.00010045660183541775,0.5342903091431156,-0.8452989428287039,94.19959282875061,drone1
1743161107.861627,-3.0900237560272217,0.27100667357444763,-0.12421227991580963,-0.001881626707023923,0.00013097124942955908,0.534416317683451,-0.8452192958217304,94.39956712722778,drone1
1743161108.0616312,-3.0895211696624756,0.2752448618412018,-0.11195887625217438,-0.0018612312543394441,0.00016485287045688891,0.5345293871412937,-0.8451478674502166,94.59957122802734,drone1
1743161108.261607,-3.0906734466552734,0.2778884470462799,-0.10160116851329803,-0.0018694693991801175,0.00021697889085143542,0.5346607694048142,-0.8450647854750895,94.79954695701599,drone1
1743161108.4615986,-3.089987277984619,0.27848485112190247,-0.0963829904794693,-0.0018815982249739528,0.00020651305457638374,0.5347788648743417,-0.8449899326721341,94.99953866004944,drone1
1743161108.6616101,-3.0873444080352783,0.2789316177368164,-0.09457774460315704,-0.001863048260955032,0.00019929861717336958,0.5348918184283509,-0.8449185359107566,95.19955015182495,drone1
1743161108.8615987,-3.0847761631011963,0.28201109170913696,-0.0936136543750763,-0.0018113786942225809,0.00016825598151995314,0.5350231796184473,-0.8448353907153568,95.39953875541687,drone1
1743161109.061627,-3.0835835933685303,0.2877269685268402,-0.09362146258354187,-0.001772698917910089,0.0001846869962663759,0.5351227515480543,-0.8447724865439543,95.59956693649292,drone1
1743161109.2616327,-3.0852227210998535,0.2921680808067322,-0.09357154369354248,-0.0017834942733933226,0.0002276762878391068,0.5352219125458884,-0.8447095718358397,95.79957270622253,drone1
1743161109.461613,-3.0899221897125244,0.29490014910697937,-0.09299825131893158,-0.001834097080340905,0.0002810461341731058,0.5353006850057551,-0.8446596278203543,95.99955296516418,drone1
1743161109.6616166,-3.0954205989837646,0.29637977480888367,-0.09322084486484528,-0.0018533892240203225,0.0003040238221914484,0.5353980863726637,-0.8445977983935887,96.19955658912659,drone1
1743161109.8615932,-3.1012802124023438,0.29545825719833374,-0.09575076401233673,-0.001875017965932126,0.00030987745968677976,0.5355126204334921,-0.8445251583001802,96.39953327178955,drone1
1743161110.061586,-3.105907678604126,0.2924349308013916,-0.0987100601196289,-0.0018904733469899725,0.00030592388773310544,0.5356108752740831,-0.8444628125745205,96.59952592849731,drone1
1743161110.2615964,-3.1082730293273926,0.2872713804244995,-0.10142050683498383,-0.0019565511266945138,0.00028711330472515063,0.5357109002823117,-0.8443992024434055,96.79953646659851,drone1
1743161110.4615898,-3.108736276626587,0.28521400690078735,-0.10265427827835083,-0.0019603157786924606,0.0002614029862709338,0.5358207665796675,-0.8443295442395291,96.99952983856201,drone1
1743161110.6615765,-3.107008695602417,0.28631821274757385,-0.1029050350189209,-0.0019104987799790285,0.0002448416620299938,0.5359125097321635,-0.8442714342721447,97.1995165348053,drone1
1743161110.861602,-3.104447364807129,0.2872997224330902,-0.10378019511699677,-0.0018651836738402298,0.0002220328083598853,0.5360487810301113,-0.8441849805491367,97.39954209327698,drone1
1743161111.0616,-3.1034955978393555,0.2875690162181854,-0.10430818796157837,-0.0018753799184573262,0.0002100635972911722,0.5361388909922277,-0.8441277451288589,97.59953999519348,drone1
1743161111.261593,-3.103053569793701,0.2875986397266388,-0.10529014468193054,-0.0019017179121457142,0.00023209388671671804,0.5362377569621221,-0.8440647882738956,97.7995331287384,drone1
1743161111.461596,-3.1030845642089844,0.2863501012325287,-0.10701519250869751,-0.0019070298144651663,0.00021805659893874897,0.5363192689671421,-0.8440130319439243,97.99953603744507,drone1
1743161111.6615927,-3.1037697792053223,0.2834309935569763,-0.10896581411361694,-0.0019491955961306647,0.00021253634960058377,0.5364313163639083,-0.8439417826965167,98.19953274726868,drone1
1743161111.8616025,-3.1027700901031494,0.2789735496044159,-0.11048626899719238,-0.001971400564486953,0.00019732067874364296,0.5365177700869164,-0.8438866862288008,98.39954257011414,drone1
1743161112.0615954,-3.1001245975494385,0.2723810076713562,-0.11114798486232758,-0.0020062373220050486,0.00012942893819186307,0.5366208823517982,-0.8438210846590936,98.59953546524048,drone1
1743161112.261618,-3.098489761352539,0.26710450649261475,-0.11195696890354156,-0.002020142983199485,9.941643078505872e-05,0.5367183680124039,-0.8437590866449342,98.79955792427063,drone1
1743161112.4617734,-3.0976951122283936,0.265423059463501,-0.112855926156044,-0.0019954085453880344,8.50025378665868e-05,0.536782062437216,-0.8437186572805,98.99971342086792,drone1
1743161112.6617272,-3.0971105098724365,0.2625633180141449,-0.1149430125951767,-0.0020215613234335524,5.95797564081681e-05,0.5368716350270137,-0.8436615377640556,99.19966721534729,drone1
1743161112.8617177,-3.097301483154297,0.25841376185417175,-0.11867153644561768,-0.0020514158624765047,3.692804792127693e-05,0.5369443594141194,-0.8436151973041179,99.39965772628784,drone1
1743161113.0616739,-3.0975375175476074,0.2518279254436493,-0.12340420484542847,-0.0020904716677030547,1.8342110908607644e-05,0.5370329415529771,-0.8435587310638254,99.599613904953,drone1
1743161113.2616904,-3.096646547317505,0.24540868401527405,-0.12829042971134186,-0.0021142384566780873,-3.7067000812253643e-06,0.5371275823013083,-0.843498397850182,99.79963040351868,drone1
1743161113.461701,-3.095210552215576,0.23969708383083344,-0.13173237442970276,-0.002111491585217228,-2.2336183349315087e-06,0.5372177765571216,-0.8434409095488131,99.99964094161987,drone1
1743161113.6617334,-3.095510959625244,0.23497626185417175,-0.13158564269542694,-0.002098190632517247,-3.562561152040497e-06,0.5373094986361935,-0.8433826520674591,100.19967341423035,drone1
1743161113.8616815,-3.097395420074463,0.23266343772411346,-0.1334090232849121,-0.0021181497994651874,5.757391215491589e-05,0.5373746576639913,-0.8433409266874332,100.39962148666382,drone1
1743161114.0616643,-3.099374771118164,0.2336035966873169,-0.13646118342876434,-0.002095812875253112,0.0001439183990926257,0.5374357073740593,-0.8433022148070759,100.59960436820984,drone1
1743161114.261693,-3.100823163986206,0.23574812710285187,-0.141375333070755,-0.002023738883167261,0.00019145650453618383,0.5374995809229776,-0.8432616906122328,100.79963302612305,drone1
1743161114.4617162,-3.101351499557495,0.23975680768489838,-0.14759252965450287,-0.0019783484560003616,0.00022412253471984126,0.5375796388617241,-0.8432107139989589,100.99965620040894,drone1
1743161114.6616747,-3.100263833999634,0.24631284177303314,-0.1541576236486435,-0.001890475569577687,0.0002548092270666929,0.5376457883404618,-0.8431687568112662,101.19961476325989,drone1
1743161114.8618484,-3.099062442779541,0.2521715462207794,-0.1603318154811859,-0.0018292838608501235,0.00026631688075337345,0.5377327899725006,-0.8431133653156109,101.39978837966919,drone1
1743161115.061705,-3.098336696624756,0.253406822681427,-0.16600282490253448,-0.0018367099379943907,0.0002475272888516104,0.5378024165662405,-0.8430689425372803,101.59964513778687,drone1
1743161012.4617305,-0.020449724048376083,1.0955708026885986,-0.01633232831954956,0.00020125602753605227,0.00048121685978046744,0.008733838535821548,-0.999961797840978,0.0,drone2
1743161012.6616986,-0.02300645224750042,1.1036181449890137,-0.01582852005958557,0.00026284598076506063,0.0004921042571484497,0.008759000204382583,-0.9999615028130384,0.1999680995941162,drone2
1743161012.861776,-0.022986439988017082,1.1112557649612427,-0.017220497131347656,0.000299250388049772,0.00045380019591239874,0.008763172742385139,-0.99996146066619,0.40004563331604004,drone2
1743161013.0616808,-0.021698586642742157,1.116064429283142,-0.01805981993675232,0.0003220620816930711,0.0004108778700843233,0.00878454119458022,-0.9999613342256445,0.5999503135681152,drone2
1743161013.2616878,-0.020284408703446388,1.1190446615219116,-0.018514558672904968,0.0002945457563745013,0.0003920366133079575,0.008790821075008282,-0.9999612920787959,0.799957275390625,drone2
1743161013.46206,-0.01947365142405033,1.122209906578064,-0.01915322244167328,0.00028647997526903455,0.000374374295257492,0.00878593204058098,-0.9999612920787959,1.0003294944763184,drone2
1743161013.6616666,-0.01703813672065735,1.1253105401992798,-0.01889859139919281,0.0003077925926650509,0.0003407472659934844,0.008817710764358222,-0.999961039197705,1.1999361515045166,drone2
1743161013.8618002,-0.01235071662813425,1.1244065761566162,-0.017651155591011047,0.0002905145334056636,0.0002850846062764518,0.008849110166498864,-0.9999608284634625,1.4000697135925293,drone2
1743161014.0617197,-0.008744713850319386,1.1192004680633545,-0.016645774245262146,0.0001971073309026143,0.00022905464207387198,0.008862259983234255,-0.9999607441697653,1.5999891757965088,drone2
1743161014.261651,-0.006748203653842211,1.1143523454666138,-0.016111448407173157,0.00014223995950234154,0.0002427770581140829,0.008854420669411278,-0.9999608284634623,1.7999205589294434,drone2
1743161014.4616768,-0.0059525868855416775,1.1128497123718262,-0.01475389301776886,0.0001570434792499855,0.0002793553211489017,0.008868539863662428,-0.9999606177292197,1.9999463558197021,drone2
1743161014.6616745,-0.004254363942891359,1.1157872676849365,-0.012801304459571838,0.0002043565451150169,0.00027359723691821485,0.008847719320497993,-0.9999608706103109,2.199944019317627,drone2
1743161014.8618479,-0.003141595283523202,1.1197521686553955,-0.01175910234451294,0.00020560037877178768,0.00030165752257281785,0.008844600453708218,-0.9999608706103108,2.4001173973083496,drone2
1743161015.0618129,-0.0009334750357083976,1.1230558156967163,-0.011732414364814758,0.00019309485522962843,0.0002651575388715065,0.008850374571954256,-0.9999608284634623,2.6000823974609375,drone2
1743161015.2616727,0.00040213114698417485,1.124405026435852,-0.011527970433235168,0.00018681875628754713,0.0002563751121398645,0.008855263606381447,-0.9999607441697653,2.7999422550201416,drone2
1743161015.4616952,0.0008397413766942918,1.1247373819351196,-0.009917005896568298,0.00014486683695101596,0.0002594418304364448,0.008867359751904058,-0.9999607020229168,2.999964714050293,drone2
1743161015.661676,0.0016341464361175895,1.1261354684829712,-0.009722381830215454,0.00013146070234540063,0.00025069353997675945,0.008843968250980494,-0.9999609127571594,3.1999454498291016,drone2
1743161015.861631,0.0014825868420302868,1.1291275024414062,-0.011535242199897766,0.00015510339683971047,0.00024980767413642746,0.008859014675898946,-0.9999607020229168,3.399900436401367,drone2
1743161016.0617244,0.0007633055793121457,1.12977135181427,-0.01318255066871643,0.0001542410379513861,0.00025870439949923627,0.008856654452382262,-0.9999607863166138,3.599993944168091,drone2
1743161016.26171,-0.002902465406805277,1.1287137269973755,-0.016222894191741943,0.00010478708762237413,0.00029995165048783104,0.008850248131408722,-0.9999607863166138,3.7999794483184814,drone2
1743161016.4617157,-0.004254786763340235,1.127693772315979,0.006607905030250549,6.723516138762396e-05,0.0003163262670709999,0.008847171411467403,-0.9999608284634623,3.9999852180480957,drone2
1743161016.6616871,-0.00348861631937325,1.125167727470398,0.04103955626487732,2.402385799763935e-05,0.00027642075421350923,0.008863355801295603,-0.9999607441697653,4.199956655502319,drone2
1743161016.8616483,-0.002603051019832492,1.120231032371521,0.07076115906238556,-6.0857126958416114e-05,0.0002729616977365403,0.00887342889808962,-0.9999606177292197,4.399917840957642,drone2
1743161017.0616548,-4.20267169829458e-05,1.1152615547180176,0.09004826843738556,-0.00011186529377505695,0.0002472702249739855,0.008878823694699056,-0.9999606177292197,4.599924325942993,drone2
1743161017.2616425,0.0032282904721796513,1.110703468322754,0.09947498142719269,-0.00015189329848347197,0.0002188303398593202,0.008888348882462538,-0.9999605334355227,4.799911975860596,drone2
1743161017.4616277,0.006158445030450821,1.1060365438461304,0.10315115749835968,-0.00017313363290241877,0.0002170767078628678,0.008905629090351974,-0.9999602805544318,4.999897241592407,drone2
1743161017.6616478,0.009280051104724407,1.1030454635620117,0.10336454212665558,-0.00017695196656752402,0.0002126164167795746,0.008897410454892396,-0.9999604069949772,5.199917316436768,drone2
1743161017.8616467,0.011238311417400837,1.104265809059143,0.10088460147380829,-0.00014640302578261744,0.00022118289493382754,0.008894502322345177,-0.9999604491418257,5.399916172027588,drone2
1743161018.0616484,0.012846141122281551,1.1086244583129883,0.09631375968456268,-6.859280233949863e-05,0.0002108825385459222,0.008905249768715373,-0.9999603227012803,5.599917888641357,drone2
1743161018.2616725,0.015142329037189484,1.1111773252487183,0.08921213448047638,-3.837673265142194e-05,0.0001669143308518329,0.008920464781027815,-0.9999601962607347,5.7999420166015625,drone2
1743161018.4616954,0.018431968986988068,1.1109405755996704,0.08210651576519012,-6.567159150990871e-05,0.00014774426486058296,0.008920380487330848,-0.9999601962607347,5.999964952468872,drone2
1743161018.6616316,0.021085064858198166,1.1094260215759277,0.07577835023403168,-9.453377086275744e-05,0.0001299161633751117,0.008929147031821072,-0.9999601119670376,6.199901103973389,drone2
1743161018.861613,0.022782200947403908,1.1073260307312012,0.0692862719297409,-0.0001089008723932294,0.00013501644010172802,0.00890824219495967,-0.9999603648481287,6.399882555007935,drone2
1743161019.0616274,0.02370741404592991,1.1059046983718872,0.06361527740955353,-0.00010388134454202547,0.00014842308790902046,0.00890879010399026,-0.9999603227012801,6.5998969078063965,drone2
1743161019.2616112,0.023450644686818123,1.1047468185424805,0.05818922817707062,-9.660898866402212e-05,0.00017811320433745406,0.00890428039119967,-0.9999603648481288,6.799880743026733,drone2
1743161019.4616344,0.022576671093702316,1.1037640571594238,0.05168808996677399,-9.197341155426825e-05,0.00019243354277676054,0.00890187802083453,-0.9999604069949772,6.999903917312622,drone2
1743161019.661626,0.021462759003043175,1.103599190711975,0.04323257505893707,-8.346444542956599e-05,0.00020658843734307325,0.008899686384711947,-0.9999604069949772,7.199895620346069,drone2
1743161019.8616192,0.020758526399731636,1.1047523021697998,0.03498770296573639,-5.930830744882529e-05,0.00023048527342379576,0.008892226392525515,-0.9999604491418258,7.399888753890991,drone2
1743161020.0615914,0.018487153574824333,1.1073530912399292,0.027633503079414368,-3.321608977364711e-05,0.0002558388511152078,0.008877643582940742,-0.9999606177292198,7.599860906600952,drone2
1743161020.2616038,0.015443189069628716,1.1079529523849487,0.021640479564666748,-1.710804994935807e-05,0.0002791321054299693,0.008869467094329675,-0.9999607020229169,7.799873352050781,drone2
1743161020.4615974,0.013637016527354717,1.1052429676055908,0.01504942774772644,-4.6779657675702086e-05,0.0002888792844311692,0.008877137820758663,-0.9999605334355228,7.999866962432861,drone2
1743161020.6615736,0.0134230712428689,1.0993326902389526,0.007290542125701904,-0.00010437877973754551,0.00026886033398961363,0.008898379832408154,-0.9999604491418257,8.199843168258667,drone2
1743161020.8617017,0.012668710201978683,1.0936689376831055,0.00047503411769866943,-0.00014137681859229253,0.00025422930659915044,0.008918821053935877,-0.9999601541138863,8.39997124671936,drone2
1743161021.0617514,0.01133799273520708,1.0891005992889404,-0.006156474351882935,-0.00016985734567837043,0.0002562708357329286,0.008926744661455932,-0.9999601541138861,8.60002088546753,drone2
1743161021.261625,0.010144123807549477,1.0846949815750122,-0.01527617871761322,-0.00017340753082407094,0.00025238289957269644,0.008931127933701044,-0.9999600698201891,8.799894571304321,drone2
1743161021.461643,0.009210433810949326,1.0821938514709473,-0.02108001708984375,-0.00015255333243391608,0.0002665660009379546,0.008917261620540962,-0.9999601962607347,8.99991250038147,drone2
1743161021.6616182,0.007895015180110931,1.0787006616592407,-0.027046605944633484,-0.00013509859481519718,0.00025248814578931794,0.008904364684896637,-0.9999603648481288,9.199887752532959,drone2
1743161021.861616,0.006718074902892113,1.0741060972213745,-0.033346012234687805,-0.00015045755826873232,0.0002363144804613447,0.008905418356109418,-0.9999603227012803,9.399885416030884,drone2
1743161022.0616524,0.0049196816980838776,1.0712350606918335,-0.039562299847602844,-0.00013631169039257003,0.00022498336043427476,0.008916798005207394,-0.9999602384075832,9.599921941757202,drone2
1743161022.2616136,0.003600181546062231,1.0687161684036255,-0.04640156030654907,-0.00013898548399255924,0.000247655380903334,0.008902046608228575,-0.9999604069949772,9.799883127212524,drone2
1743161022.4616556,0.004108928143978119,1.0670561790466309,-0.05391882359981537,-0.00013540893905946303,0.00023106420607461815,0.008916587270964837,-0.9999602805544316,9.999925136566162,drone2
1743161022.6616423,0.005944742355495691,1.0659098625183105,-0.06142643094062805,-0.00012497475150738662,0.00020308314641125287,0.00894305549182961,-0.9999600276733407,10.199911832809448,drone2
1743161022.8616502,0.006207356229424477,1.0632017850875854,-0.06918933987617493,-0.00011641626592261142,0.00019529505500323814,0.008962738070084242,-0.9999598169390982,10.399919748306274,drone2
1743161023.0616512,0.004541216883808374,1.0596340894699097,-0.07584002614021301,-0.00014706155485596327,0.00023506963840829603,0.0089354690590977,-0.9999601119670377,10.599920749664307,drone2
1743161023.2616618,0.00027797548682428896,1.0569360256195068,-0.08219356089830399,-0.00016970144041098448,0.00028524777675605127,0.00892307788563551,-0.9999601962607347,10.799931287765503,drone2
1743161023.461593,-0.006033911369740963,1.0565239191055298,-0.08881151676177979,-0.0001360148977595075,0.0003780742092433766,0.008898717007196189,-0.9999603648481287,10.999862432479858,drone2
1743161023.6615932,-0.01212200615555048,1.055235743522644,-0.09582585096359253,-0.0001207671125680447,0.00043468258196223387,0.008889655434766386,-0.9999604069949772,11.199862718582153,drone2
1743161023.8616135,-0.018176916986703873,1.0545769929885864,-0.10286960750818253,-0.00012394048420564434,0.00045939889950995634,0.008913889872660063,-0.9999601962607347,11.399883031845093,drone2
1743161024.0617132,-0.025498468428850174,1.05342435836792,-0.10918650031089783,-0.0001258524652869928,0.0005382154201203045,0.00888156323985223,-0.9999604069949772,11.599982738494873,drone2
1743161024.2616968,-0.03169947862625122,1.0527467727661133,-0.11454547941684723,-0.00010213414107184432,0.0005680504292026918,0.008861922808446165,-0.9999605755823713,11.79996633529663,drone2
1743161024.461753,-0.03303546831011772,1.051870584487915,-0.11950162798166275,-9.577583210872349e-05,0.0005329377209562357,0.008845232656435886,-0.9999607441697653,12.000022411346436,drone2
1743161024.661698,-0.032542645931243896,1.051072359085083,-0.12474484741687775,-0.00011050895447743995,0.00047753671756445927,0.008871700877300714,-0.9999605755823713,12.199967622756958,drone2
1743161024.8616893,-0.031139692291617393,1.050818681716919,-0.11945736408233643,-8.307732415645147e-05,0.00046684253098126436,0.008894038707011553,-0.9999604069949772,12.399958848953247,drone2
1743161025.061707,-0.03119802474975586,1.0514817237854004,-0.10877679288387299,-3.2863058468578666e-05,0.00047166155389552315,0.008902594517259166,-0.9999602805544316,12.599976539611816,drone2
1743161025.261718,-0.0334794782102108,1.0516306161880493,-0.09642799198627472,1.886273150124152e-05,0.0005257257119360947,0.008909548747263463,-0.9999602384075832,12.799987554550171,drone2
1743161025.4617229,-0.03562954068183899,1.052954912185669,-0.08393064141273499,2.7950933824625294e-05,0.0005537711057385231,0.008919579697209079,-0.9999600698201891,12.999992370605469,drone2
1743161025.6616824,-0.03543594479560852,1.0543711185455322,-0.07354655861854553,6.94118053328759e-05,0.0005365382101560518,0.008936607024007448,-0.999959985526492,13.199951887130737,drone2
1743161025.861686,-0.031337298452854156,1.0561941862106323,-0.06786713004112244,0.00010151259853352529,0.000452263652084027,0.008925100934363994,-0.9999601119670376,13.39995551109314,drone2
1743161026.0617266,-0.025028448551893234,1.0575056076049805,-0.06582680344581604,8.14510484941096e-05,0.0003562195659858192,0.008963749594448511,-0.9999598169390982,13.599996089935303,drone2
1743161026.2616477,-0.016311831772327423,1.060690999031067,-0.06609280407428741,8.67500165878346e-05,0.00026400041957731226,0.009008298813324489,-0.9999593533237644,13.799917221069336,drone2
1743161026.4616296,-0.010398536920547485,1.0637720823287964,-0.03958311676979065,0.00010090068206363513,0.00023244121235105209,0.009022291567030105,-0.9999592690300674,13.99989914894104,drone2
1743161026.6616251,-0.007819102145731449,1.0656887292861938,0.004452228546142578,9.719124490677959e-05,0.0002319203653837854,0.009033165453946002,-0.9999591847363705,14.199894666671753,drone2
1743161026.861632,-0.0063810027204453945,1.0681804418563843,0.04265749454498291,0.00012467249244054132,0.00023368149861377404,0.009026169077093138,-0.9999592690300674,14.399901628494263,drone2
1743161027.0616627,-0.00587890949100256,1.0698827505111694,0.07228390872478485,0.00014552214790256688,0.00022991391146237573,0.00901521089648033,-0.9999593533237645,14.599932193756104,drone2
1743161027.2616475,-0.009517928585410118,1.0713099241256714,0.09334324300289154,0.00015925413084522,0.0002826418286750212,0.008986677480038396,-0.9999596483517041,14.799916982650757,drone2
1743161027.461642,-0.013437042012810707,1.0738927125930786,0.10644064843654633,0.00017359784246968085,0.0003335841616203797,0.008950852658804187,-0.9999599012327951,14.999911546707153,drone2
1743161027.6616185,-0.014525670558214188,1.0773402452468872,0.11410664021968842,0.00018549437697808316,0.0003160470287649784,0.008943603400860256,-0.9999599855264921,15.199887990951538,drone2
1743161027.8616183,-0.013770769350230694,1.079764723777771,0.1180434376001358,0.00017734757946349757,0.0002612326084590506,0.008938545779038964,-0.9999600698201891,15.399887800216675,drone2
1743161028.0615997,-0.014109943062067032,1.0787118673324585,0.12219633162021637,0.00013340646984693596,0.00023934449776380238,0.008940863855707137,-0.9999600276733407,15.59986925125122,drone2
1743161028.261624,-0.016202040016651154,1.0744000673294067,0.12668593227863312,6.220339772801292e-05,0.0002599228251712206,0.008924932346970005,-0.9999601962607347,15.799893617630005,drone2
1743161028.4616225,-0.018890786916017532,1.0686299800872803,0.12793083488941193,-1.5782132321082496e-05,0.0002828912421176617,0.008907146376898434,-0.9999603648481288,15.999891996383667,drone2
1743161028.6616087,-0.02034473605453968,1.0622724294662476,0.12523286044597626,-9.460297462976426e-05,0.0002874029305418513,0.008920717662118938,-0.9999601962607347,16.199878215789795,drone2
1743161028.8616152,-0.02018318511545658,1.0568333864212036,0.12119020521640778,-0.00015178607148844757,0.0002794836550098948,0.0089352583248552,-0.9999600698201891,16.399884700775146,drone2
1743161029.0615916,-0.018740439787507057,1.0532875061035156,0.11851681768894196,-0.00014174208956442729,0.0002687433548765042,0.008921602745937673,-0.9999601541138862,16.59986114501953,drone2
1743161029.2615929,-0.0170254148542881,1.052223563194275,0.11561216413974762,-0.00011439610089875042,0.0002781234261837775,0.008915238571812478,-0.9999602805544316,16.799862384796143,drone2
1743161029.4616191,-0.01688339374959469,1.0533626079559326,0.11228115856647491,-0.00011359375187871595,0.0002997884240576728,0.008913131229386972,-0.9999602805544316,16.99988865852356,drone2
1743161029.661608,-0.016037847846746445,1.0572584867477417,0.10757268965244293,-7.578958251789253e-05,0.0003134326533721977,0.008907441404837957,-0.9999603227012801,17.199877500534058,drone2
1743161029.861673,-0.015433503314852715,1.0618770122528076,0.10031433403491974,-4.110065795208138e-05,0.0003094811085008371,0.008895724580951947,-0.9999604069949772,17.399942636489868,drone2
1743161030.0616157,-0.015368305146694183,1.0640591382980347,0.09375827014446259,-4.090120128422608e-05,0.00030965866856380196,0.008894670909739166,-0.9999604491418257,17.59988522529602,drone2
1743161030.2616453,-0.014967571943998337,1.062235713005066,0.08794929087162018,-0.00012630307436658,0.00030682979802194074,0.008912667614053349,-0.9999602384075832,17.799914836883545,drone2
1743161030.4616141,-0.015782596543431282,1.05796217918396,0.08268190920352936,-0.00021107673714735011,0.00032984056761205146,0.00891325766993245,-0.9999602384075832,17.9998836517334,drone2
1743161030.661712,-0.01910848543047905,1.0528404712677002,0.07632140815258026,-0.00025765250326958674,0.00036010657349539756,0.008899307063075346,-0.9999602805544316,18.199981451034546,drone2
1743161030.8616328,-0.02404850535094738,1.0480682849884033,0.06774882972240448,-0.0002819366715634614,0.00041297957886739743,0.008885693631006275,-0.9999604069949772,18.39990234375,drone2
1743161031.061654,-0.02793002873659134,1.0443060398101807,0.05986090004444122,-0.000255494020747094,0.0004338194564869431,0.0088908355465247,-0.9999604069949772,18.599923610687256,drone2
1743161031.2616677,-0.03157539665699005,1.0390480756759644,0.05065397918224335,-0.0002766682434712941,0.0004263240675332108,0.008891594189797847,-0.9999604069949772,18.79993724822998,drone2
1743161031.4616017,-0.03495937958359718,1.034804344177246,0.060369983315467834,-0.00025724148917854203,0.00046420381516608324,0.008869930709663243,-0.9999604912886741,18.999871253967285,drone2
1743161031.6615717,-0.03563230484724045,1.0305269956588745,0.0866582840681076,-0.000255669245035007,0.0004666158681934231,0.008868202688874283,-0.9999605334355227,19.199841260910034,drone2
1743161031.8616047,-0.032026275992393494,1.028731107711792,0.11079688370227814,-0.00022906229765365583,0.00039721365291500537,0.008898632713499222,-0.9999603648481288,19.399874210357666,drone2
1743161032.0615892,-0.027307139709591866,1.0309412479400635,0.1279629021883011,-4.5660800845851324e-06,0.0002973485475248706,0.008861838514749198,-0.9999607441697653,19.59985876083374,drone2
1743161032.261593,-0.02252277173101902,1.0379725694656372,0.1457144170999527,0.007796738755949141,-0.003421885673078346,0.008542829018370224,-0.9999273217188962,19.79986262321472,drone2
1743161032.4616406,-0.015197217464447021,1.0525959730148315,0.1865624338388443,0.0065384627036303685,-0.00254346006859753,0.00841044576719746,-0.9999400079202979,19.99991011619568,drone2
1743161032.6615655,-0.0058585829101502895,1.0744075775146484,0.2634361982345581,-1.2696940050345629e-05,-3.0788359013870096e-05,0.008335424376848144,-0.9999652960294045,20.199835062026978,drone2
1743161032.8615994,0.002375213196501136,1.09274160861969,0.356440007686615,-0.0027229357552180284,0.0012343747556280444,0.008268537328261272,-0.999961376372493,20.399868965148926,drone2
1743161033.061611,0.012131216935813427,1.1109747886657715,0.4989376664161682,-0.004393905434031061,0.0023316311604347872,0.008314941008471799,-0.9999530734433363,20.59988045692444,drone2
1743161033.261604,0.0178710725158453,1.1212023496627808,0.6745496392250061,-0.004899806898325228,0.002931246800937434,0.008416009151200998,-0.9999482687026061,20.79987359046936,drone2
1743161033.461625,0.020397966727614403,1.1235644817352295,0.8745831251144409,-0.0043388515247540236,0.0027862319252390366,0.008559392729835025,-0.9999501231639405,20.999894618988037,drone2
1743161033.6616151,0.021614834666252136,1.120723009109497,1.0790326595306396,-0.0032566691625759737,0.002504959128278109,0.008680227744515712,-0.9999539585271551,21.19988465309143,drone2
1743161033.8616157,0.0232542771846056,1.1167421340942383,1.2900992631912231,-0.002348370453756448,0.002318380506644043,0.008791664011978506,-0.9999559815758836,21.399885177612305,drone2
1743161034.0616257,0.023966923356056213,1.1097958087921143,1.5101006031036377,-0.0015602242245390421,0.002259348080467651,0.00885345129189552,-0.9999570773939448,21.599895238876343,drone2
1743161034.2617233,0.023227958008646965,1.0987170934677124,1.7388828992843628,-0.0004981951764616922,0.002039872565068409,0.008895429553012313,-0.9999582575057031,21.79999279975891,drone2
1743161034.4618912,0.020000971853733063,1.085647702217102,1.975441813468933,0.0007574456276903216,0.0016760729048415767,0.037920784010706754,-0.9992791031887986,22.000160694122314,drone2
1743161034.6617358,0.015007821843028069,1.0724881887435913,2.2203123569488525,0.0017929229020683798,0.0011588813535025541,0.03725385227987038,-0.9993035483609349,22.200005292892456,drone2
1743161034.8617036,0.009685623459517956,1.0616008043289185,2.474396228790283,0.0024808122356448723,0.0006778306424435599,0.03658021920012078,-0.9993274456240406,22.399973154067993,drone2
1743161035.0616806,0.003292060922831297,1.0548981428146362,2.736396551132202,0.0026866744012931593,0.00018575647254737924,0.03617560945441617,-0.9993418598462314,22.599950075149536,drone2
1743161035.2616963,-0.004534343257546425,1.0524297952651978,3.0029101371765137,0.002269858862405371,-0.00022758425624403824,0.03586481859349688,-0.9993540824322995,22.799965858459473,drone2
1743161035.461682,-0.01328885555267334,1.0522775650024414,3.273792028427124,0.0017499508972889832,-0.0008982468886723379,0.03544950354827053,-0.9993695924725515,22.999951601028442,drone2
1743161035.6617625,-0.01992587372660637,1.054924488067627,3.547940492630005,0.0013060934230790249,-0.0012755488914552766,0.03553299645517061,-0.9993668529273982,23.200031995773315,drone2
1743161035.8617294,-0.025176215916872025,1.061148762702942,3.8261148929595947,0.000480583226776449,-0.001303578810747987,0.03581731909522501,-0.999357412033332,23.399998903274536,drone2
1743161036.0617232,-0.030325431376695633,1.068864345550537,4.107896327972412,-0.0003662368922917834,-0.0013573171538932341,0.035674525572470195,-0.9993625539488502,23.599992752075195,drone2
1743161036.2616963,-0.03341924026608467,1.0738905668258667,4.324106216430664,-0.0009736548858069468,-0.0014032913807664601,0.03552144821867864,-0.9993675272769744,23.799965858459473,drone2
1743161036.4616828,-0.03503628447651863,1.0797843933105469,4.6129889488220215,-0.0010625782844867065,-0.0014071937817539124,0.03566154434312879,-0.9993623853614562,23.99995231628418,drone2
1743161036.6617167,-0.0331876277923584,1.08559250831604,4.907750129699707,-0.001076916071783035,-0.0009921594848555616,0.036086553163512614,-0.9993476339644773,24.199986219406128,drone2
1743161036.8616612,-0.028464721515774727,1.0899932384490967,5.205905914306641,-0.0013015130389445089,-0.00022326593295100464,0.03648926630103422,-0.9993331775954382,24.399930715560913,drone2
1743161037.0616927,-0.02390994317829609,1.0939247608184814,5.504995822906494,-0.0013000124629650067,0.00046643752610885336,0.036402022324616645,-0.9993362964622279,24.59996223449707,drone2
1743161037.2616808,-0.02083439752459526,1.0974113941192627,5.80540132522583,-0.0015536403846614548,0.0006430894150381542,0.03590477380588519,-0.9993538295512084,24.79995036125183,drone2
1743161037.4616933,-0.019377442076802254,1.0991015434265137,6.1355438232421875,-0.0014637810398894825,0.0006805620381084821,0.03550842484248873,-0.999368075186005,24.99996280670166,drone2
1743161037.661691,-0.021818839013576508,1.097468376159668,6.439529895782471,-0.0010957715515773096,0.0003382864935347497,0.035845262455787785,-0.9993566955369071,25.199960470199585,drone2
1743161037.8616765,-0.025411901995539665,1.0929758548736572,6.743188381195068,-0.00037486518359440476,-0.0001955808453125065,0.03622981030160116,-0.9993434614264748,25.399945974349976,drone2
1743161038.0617502,-0.026917822659015656,1.0881738662719727,7.042431831359863,0.00035747172148432,-0.00040259351394063427,0.036088829093332275,-0.9993484769014476,25.600019693374634,drone2
1743161038.2617226,-0.02673066221177578,1.0826958417892456,7.340487480163574,0.0006469501116366867,-0.0002872964418368393,0.03564106097475245,-0.9993644084101847,25.799992084503174,drone2
1743161038.4616966,-0.024726858362555504,1.0780311822891235,7.6395721435546875,0.0009599476111456584,8.586354365178262e-05,0.03505205876681278,-0.9993850182191064,25.999966144561768,drone2
1743161038.6617472,-0.02326956018805504,1.0738184452056885,7.920586585998535,0.0010247441307713722,0.0003865536283281604,0.03487162810833766,-0.9993912138058376,26.200016736984253,drone2
1743161038.8617258,-0.022275395691394806,1.0712840557098389,8.177227973937988,0.001105886342470693,0.0003801099555331923,0.03505774859136168,-0.9993846388974699,26.39999532699585,drone2
1743161039.061706,-0.019056489691138268,1.071778655052185,8.41481876373291,0.0008239655274241521,0.0005201286701344422,0.03526793492488556,-0.9993774317863745,26.5999755859375,drone2
1743161039.2617059,-0.01294151321053505,1.0752404928207397,8.63471508026123,0.00019668934035568656,0.0009991424515814564,0.03547184137798132,-0.9993701825284307,26.799975395202637,drone2
1743161039.4616919,-0.006369244772940874,1.0778999328613281,8.837501525878906,-0.0005022228758315479,0.0015763105323946876,0.035666138349616516,-0.9993624275083046,26.999961376190186,drone2
1743161039.661733,-0.001463205204345286,1.0775929689407349,9.025321960449219,-0.0006173763800877237,0.0018206098830223384,0.035709549603582746,-0.9993604044595761,27.200002431869507,drone2
1743161039.8616726,-0.00015169868129305542,1.076253056526184,9.197264671325684,-0.00013374800234738975,0.0018851105721073565,0.03572362665098533,-0.999359982991091,27.39994215965271,drone2
1743161040.0617113,-0.00445531914010644,1.0775938034057617,9.351264953613281,-8.058691462188918e-06,0.0011710277953619784,0.03592277051019932,-0.999353871698057,27.59998083114624,drone2
1743161040.2616613,-0.010410905815660954,1.079023003578186,9.468382835388184,-0.0018834459773862174,-0.001973902745504025,0.03600213302594535,-0.9993480132861139,27.799930810928345,drone2
1743161040.4616396,-0.012522575445473194,1.0779398679733276,9.528170585632324,-0.032383771422090785,-0.028705741076001576,0.03623263414045136,-0.998405989075047,27.999909162521362,drone2
1743161040.6616468,0.007566175889223814,1.0495967864990234,9.544463157653809,-0.07907674957639743,-0.03734498430306291,0.0377541353716947,-0.9954530965746766,28.19991636276245,drone2
1743161040.8617208,0.0583975687623024,0.9566700458526611,9.522937774658203,-0.09763956509139143,-0.03780926871790286,0.03808102632874516,-0.9937740504236997,28.39999032020569,drone2
1743161041.061779,0.14153669774532318,0.7840949892997742,9.483776092529297,-0.05485196199385333,-0.02997978169602469,0.02959442120628863,-0.9976054518344311,28.600048542022705,drone2
1743161041.2616665,0.24570158123970032,0.5785747766494751,9.463292121887207,-0.012756707152437199,0.004840124985200401,0.01744635076629658,-0.9997547725210926,28.799936056137085,drone2
1743161041.4616454,0.34612682461738586,0.3872860372066498,9.484136581420898,0.02698636895207838,0.014411163910030746,0.006167938398478346,-0.999512933904337,28.99991488456726,drone2
1743161041.661662,0.4299040734767914,0.22441543638706207,9.52291202545166,0.05534250916367175,0.019284618491324595,0.014853560939603385,-0.998170641072962,29.199931621551514,drone2
1743161041.8616934,0.4919735789299011,0.1065751388669014,9.516744613647461,0.03712008345105285,0.021530001065365584,0.034387571553190055,-0.9984868688773394,29.399962902069092,drone2
1743161042.0616848,0.5339176654815674,0.023850232362747192,9.476200103759766,0.01619116022137236,0.015768352462529337,0.05152372151444634,-0.998416062171841,29.59995436668396,drone2
1743161042.2616258,0.564421534538269,-0.04181915149092674,9.420244216918945,0.008789283867490531,0.006924371760941762,0.05931266985350209,-0.9981767945128447,29.79989528656006,drone2
1743161042.46163,0.5906209349632263,-0.10000235587358475,9.365270614624023,0.005831615334814678,0.005514491457157233,0.056757812190468715,-0.9983557500316219,29.9998996257782,drone2
1743161042.6616447,0.6158530116081238,-0.15572600066661835,9.318214416503906,0.0038022273951193756,0.0031564286868164073,0.048191507377478016,-0.998825898126761,30.19991421699524,drone2
1743161042.8616083,0.6384612917900085,-0.21091431379318237,9.279888153076172,0.0029655635552484124,0.003615270395934003,0.038491663073786875,-0.9992480409614461,30.399877786636353,drone2
1743161043.0616472,0.6559478640556335,-0.26316702365875244,9.25118637084961,0.003451914808734096,0.0019868294391284314,0.031258505226044175,-0.9995034508634221,30.599916696548462,drone2
1743161043.261746,0.6707421541213989,-0.31040245294570923,9.227872848510742,0.00394260570589126,0.0018474789516973828,0.02850500946597906,-0.9995842463720175,30.800015449523926,drone2
1743161043.4616468,0.6834485530853271,-0.352769136428833,9.210121154785156,0.00419703618754778,0.0005718622700305373,0.029609130456418886,-0.9995525940887857,30.999916315078735,drone2
1743161043.6616228,0.6955419182777405,-0.39099374413490295,9.198680877685547,0.004379386173991433,0.0009548743900513184,0.03269116090062646,-0.9994554877498167,31.199892282485962,drone2
1743161043.8616118,0.7078543901443481,-0.4251234531402588,9.190115928649902,0.004371522164749357,0.0003444708026911517,0.035898493925457076,-0.9993458637968399,31.39988136291504,drone2
1743161044.0616095,0.7208121418952942,-0.4543056786060333,9.184099197387695,0.004129501131165136,0.00077690372458575,0.03793819065914178,-0.9992713060218241,31.599879026412964,drone2
1743161044.2616227,0.735480785369873,-0.4817887842655182,9.181673049926758,0.00380694792447066,0.001117419062007708,0.038340060859693104,-0.9992569339464819,31.79989218711853,drone2
1743161044.4616256,0.74990314245224,-0.5082573890686035,9.182435035705566,0.003866563571554494,0.0015246732755021587,0.037517775845245516,-0.9992873639711068,31.999895095825195,drone2
1743161044.66159,0.7609856724739075,-0.5339581966400146,9.183557510375977,0.004012132036229916,0.001669861101451966,0.035912444532314125,-0.9993455687689003,32.199859619140625,drone2
1743161044.8615897,0.7682592868804932,-0.5586145520210266,9.18614673614502,0.004412903290633595,0.0015622310566091755,0.034363674290084356,-0.9993984630637816,32.39985918998718,drone2
1743161045.0615842,0.7730657458305359,-0.5794307589530945,9.19125747680664,0.004692805615314378,0.0010422951856692618,0.033693707986155175,-0.9994206323060981,32.59985375404358,drone2
1743161045.2615795,0.7769829630851746,-0.595137357711792,9.199090957641602,0.004469561332014015,0.0007139066984076151,0.033911607192956494,-0.9994145631599126,32.79984903335571,drone2
1743161045.4615643,0.7793699502944946,-0.6071357131004333,9.205854415893555,0.004267156854304891,0.0002590435859349981,0.0343470684317711,-0.9994008232872982,32.999833822250366,drone2
1743161045.6617198,0.7838778495788574,-0.6148381233215332,9.20992374420166,0.003865781056042884,0.00020535821446361193,0.03518309331883307,-0.999373427835766,33.199989318847656,drone2
1743161045.8616545,0.7868191599845886,-0.6174243092536926,9.21341609954834,0.0032345893588353537,0.00036491548157760196,0.03580880543182591,-0.9993534502295718,33.3999240398407,drone2
1743161046.0615935,0.7887185215950012,-0.6190987229347229,9.217867851257324,0.002207496755450995,0.00021846283858215074,0.03601882317795563,-0.9993486876356901,33.599863052368164,drone2
1743161046.2616153,0.7905228137969971,-0.6191710829734802,9.224749565124512,0.0012071035632128112,-0.0004744738682167437,0.03580775176061313,-0.9993578756486654,33.79988479614258,drone2
1743161046.4615867,0.7896103858947754,-0.6158075928688049,9.242191314697266,0.00100765006460299,-0.00021399058051025884,0.03551980449158665,-0.9993684123607931,33.9998562335968,drone2
1743161046.6615932,0.7880220413208008,-0.6113730072975159,9.281116485595703,-0.00021313661291953213,-0.0005813667136418794,0.03513146342940732,-0.9993825737018929,34.19986271858215,drone2
1743161046.8616025,0.7872511744499207,-0.6088523268699646,9.287375450134277,-0.0003230824501041599,-0.0008288608900524291,0.034979439746828545,-0.9993876734705627,34.399872064590454,drone2
1743161047.0615897,0.7873936891555786,-0.6050792932510376,9.264429092407227,-0.00028836972532823987,-0.0008406880407230606,0.03503195472007303,-0.9993858190092282,34.5998592376709,drone2
1743161047.2616773,0.7901403307914734,-0.6013836860656738,9.23125171661377,-0.0005149253710650207,-0.0006447995779520826,0.0352665862257332,-0.9993776003737685,34.799946784973145,drone2
1743161047.4616222,0.7945287823677063,-0.5965240597724915,9.197344779968262,-0.0008019219127619595,-0.00021004449950036273,0.035491397515690304,-0.9993696767662485,34.99989175796509,drone2
1743161047.6616273,0.7999131679534912,-0.5904324054718018,9.168489456176758,-0.0013462426578566792,0.0002883566779152937,0.03558129674356403,-0.9993658414030341,35.199896812438965,drone2
1743161047.8616538,0.8048269748687744,-0.5862948894500732,9.146799087524414,-0.001668753800020707,0.0006573608977067746,0.03555786309579201,-0.9993660942841252,35.39992332458496,drone2
1743161048.0616484,0.8092250823974609,-0.5838754177093506,9.131394386291504,-0.0017347953597773096,0.0008140325051048478,0.035570802178284844,-0.9993653777877004,35.59991788864136,drone2
1743161048.2616804,0.813924252986908,-0.5866118669509888,9.121441841125488,-0.0012509524200044688,0.0009363266074610804,0.035651513393183176,-0.9993630597110323,35.79994988441467,drone2
1743161048.4616055,0.8196815848350525,-0.5902777314186096,9.11618423461914,-0.00026064516617829443,0.0011828239738612188,0.03564291543608694,-0.9993639026480026,35.99987506866455,drone2
1743161048.6616044,0.8245981335639954,-0.5899443030357361,9.115418434143066,-0.0001339552792312772,0.001439602578279015,0.03556717754931288,-0.9993662207246707,36.19987392425537,drone2
1743161048.8618288,0.8263212442398071,-0.5870827436447144,9.11683464050293,-0.0004976458680239727,0.0014574925983828738,0.035634865388021464,-0.9993636919137601,36.40009832382202,drone2
1743161049.0617788,0.8277792930603027,-0.5824881196022034,9.119283676147461,-0.0010427947534169966,0.001095448226803524,0.03566154434312885,-0.9993628068299413,36.600048303604126,drone2
1743161049.2617016,0.8281369805335999,-0.5788578987121582,9.122912406921387,-0.0015281717520416677,0.0009668191114961407,0.03564278899554141,-0.9993630175641839,36.79997110366821,drone2
1743161049.4617398,0.8299000859260559,-0.5766310691833496,9.126087188720703,-0.0016656257136077894,0.0008440915222175288,0.03554623056560302,-0.9993663471652161,37.000009298324585,drone2
1743161049.6616576,0.8320820927619934,-0.5749783515930176,9.13049030303955,-0.0016004981107306873,0.0009410860938359143,0.03546282195239997,-0.9993693395914605,37.19992709159851,drone2
1743161049.8617573,0.8349212408065796,-0.5743929147720337,9.137897491455078,-0.0014035687103223842,0.0010309839017230559,0.03543036887904655,-0.9993706882906128,37.40002679824829,drone2
1743161050.0616925,0.8371052742004395,-0.5784690380096436,9.148747444152832,-0.001226445622507864,0.0012573284170616017,0.03541245646842944,-0.9993712361996434,37.59996199607849,drone2
1743161050.2618213,0.8365299701690674,-0.5882139801979065,9.159687995910645,-0.00024208396574370618,0.0011230983086855197,0.03560936654467234,-0.9993651670534578,37.80009078979492,drone2
1743161050.461766,0.8342442512512207,-0.6004783511161804,9.17182445526123,0.0010483457382622387,0.0007304717166716548,0.035871604236107135,-0.9993555575719975,38.000035524368286,drone2
1743161050.6616964,0.8321164846420288,-0.6110867857933044,9.184883117675781,0.001991892329305802,0.00039410661934682515,0.03595286336003606,-0.9993514271808434,38.199965953826904,drone2
1743161050.861675,0.8315392136573792,-0.6211697459220886,9.197938919067383,0.0023997997366341085,0.00035334353748332965,0.03584290223227116,-0.9993545039007845,38.3999445438385,drone2
1743161051.0616648,0.8324222564697266,-0.6307989358901978,9.207846641540527,0.0026567663555089336,0.000456968396946633,0.035666054055919494,-0.9993601515784851,38.599934339523315,drone2
1743161051.2616658,0.8331694006919861,-0.6366509795188904,9.213807106018066,0.0029328761223682454,0.0006631667495662452,0.03555938038233841,-0.9993630597110323,38.79993534088135,drone2
1743161051.4616737,0.8343490362167358,-0.6409358382225037,9.216292381286621,0.0029113241008916217,0.0007118257800804533,0.03550648608745721,-0.9993649563192153,38.999943256378174,drone2
1743161051.6617067,0.8367503881454468,-0.6405071020126343,9.226476669311523,0.0022169845296545975,0.001046874333746488,0.03552401917643777,-0.9993658835498825,39.199976205825806,drone2
1743161051.861685,0.8351426124572754,-0.6377690434455872,9.23799991607666,0.0014507990079471263,0.0010233365742036223,0.035658004007853905,-0.9993624696551531,39.39995455741882,drone2
1743161052.061649,0.8311421275138855,-0.6326894164085388,9.247386932373047,0.0008739763337283321,0.0004991160480586463,0.035832196932749416,-0.9993573698864833,39.599918603897095,drone2
1743161052.26166,0.8272188901901245,-0.6248316168785095,9.254877090454102,8.345870888963566e-05,-0.00024115728557851625,0.035861404698767474,-0.9993568219774527,39.79992961883545,drone2
1743161052.4616675,0.8265682458877563,-0.6169193387031555,9.26069164276123,-0.0007818446502621736,-0.00047196457697689693,0.03577782749817032,-0.9993593929352118,39.99993705749512,drone2
1743161052.6617126,0.8302059769630432,-0.6115518808364868,9.266904830932617,-0.0012558745462932586,1.7827993443071924e-05,0.03563022923468523,-0.9993642819696391,40.19998216629028,drone2
1743161052.861659,0.8366124629974365,-0.6093379855155945,9.27323055267334,-0.0010267408788784892,0.0007928334017459556,0.03548794147411238,-0.9993692552977633,40.3999285697937,drone2
1743161053.0616493,0.8439283967018127,-0.6112697124481201,9.279929161071777,-0.0006565840621414274,0.0015666215316848648,0.03545038863208916,-0.9993700560878851,40.599918842315674,drone2
1743161053.2616737,0.8507909774780273,-0.6161729097366333,9.285172462463379,0.00025586306291563277,0.002116123375696139,0.03552157465922412,-0.9993666421931557,40.79994320869446,drone2
1743161053.4616692,0.8583072423934937,-0.6189025640487671,9.289814949035645,0.0009528126518329515,0.0025404413005730565,0.03554146797172125,-0.9993645348507302,40.99993872642517,drone2
1743161053.6616733,0.8666225671768188,-0.6174745559692383,9.296957015991211,0.0006113002780259076,0.002992754775664955,0.03551301884897634,-0.9993645769975787,41.19994282722473,drone2
1743161053.8616724,0.8724533915519714,-0.6130632758140564,9.302983283996582,1.74168558749323e-05,0.0033298591818078167,0.03553139487492718,-0.9993630597110323,41.39994192123413,drone2
1743161054.0616426,0.8721022605895996,-0.6075684428215027,9.30762004852295,-0.0005569892069537559,0.0029486114671600483,0.035672797551681235,-0.9993590557604237,41.59991216659546,drone2
1743161054.2616324,0.86830735206604,-0.602278470993042,9.313151359558105,-0.0008569981713932368,0.0020409815951788817,0.0357931689510283,-0.9993567798306042,41.79990196228027,drone2
1743161054.461665,0.8645378351211548,-0.597561776638031,9.31818675994873,-0.0011031969393077948,0.0012933685206114242,0.035745838040150524,-0.9993595193757574,41.99993443489075,drone2
1743161054.6616657,0.8626124262809753,-0.5959451794624329,9.322072982788086,-0.0011833567209334217,0.0010645149867116173,0.0355819289462917,-0.9993655463750946,42.1999351978302,drone2
1743161054.8616486,0.8609433770179749,-0.5966277122497559,9.32625961303711,-0.0007970410895615295,0.0010071293411128186,0.035415448894673685,-0.9993718684023711,42.39991807937622,drone2
1743161055.0616343,0.8602533340454102,-0.5966155529022217,9.331174850463867,-0.0005706501777044449,0.0011300100625690522,0.035401203259877,-0.9993723741645532,42.59990382194519,drone2
1743161055.2616496,0.8582925200462341,-0.5986160039901733,9.335626602172852,-0.00047048347950916984,0.0009652075913465592,0.03552928753250156,-0.9993681173328537,42.79991912841797,drone2
1743161055.4616675,0.8577542304992676,-0.6018804311752319,9.339008331298828,-9.294112727411366e-05,0.0009184839614027648,0.035609745866308884,-0.9993653777877005,42.99993705749512,drone2
1743161055.6616657,0.8572545051574707,-0.604888916015625,9.342268943786621,0.0002223740167331238,0.001022219620979536,0.03560093717497015,-0.999365588521943,43.1999351978302,drone2
1743161055.8616743,0.8566157221794128,-0.6083616018295288,9.343830108642578,0.0003782765470434527,0.001007745286022941,0.03558091742192743,-0.9993662207246707,43.399943828582764,drone2
1743161056.0617096,0.8552852869033813,-0.610402524471283,9.344096183776855,0.0005760719746387847,0.0009438724573877367,0.035579948044411724,-0.9993662628715192,43.59997916221619,drone2
1743161056.261655,0.8531547784805298,-0.6109046339988708,9.345382690429688,0.00037999473082381133,0.0009004597834349205,0.03557345742974105,-0.9993666000463073,43.79992461204529,drone2
1743161056.461664,0.8489187955856323,-0.6110786199569702,9.353248596191406,0.00011466700450096257,0.0005860925936674085,0.035580453806593804,-0.9993666843400043,43.99993348121643,drone2
1743161056.6616168,0.8435052037239075,-0.6135768890380859,9.356368064880371,0.0001000315267901915,5.6116578883185286e-05,0.03565475870051854,-0.9993641976759421,44.199886322021484,drone2
1743161056.8616195,0.8398411870002747,-0.617921769618988,9.358168601989746,0.0005537318194427169,-0.0001339210143373465,0.035690414934358816,-0.9993627646830927,44.39988899230957,drone2
1743161057.0615973,0.8383738994598389,-0.6237949132919312,9.360365867614746,0.0011181624352801255,-9.074599263384865e-05,0.035664958237858146,-0.9993631861515778,44.59986686706543,drone2
1743161057.2616048,0.837674081325531,-0.6278721690177917,9.363558769226074,0.001324102391498418,0.00018012390021157154,0.03562555093450043,-0.9993643241164877,44.7998743057251,drone2
1743161057.4616177,0.8371316194534302,-0.6321597695350647,9.368206977844238,0.0014359340737792338,0.000357489404433335,0.03561155818079487,-0.9993646612912757,44.999887228012085,drone2
1743161057.6615937,0.8352625370025635,-0.6361128687858582,9.370087623596191,0.0016281977892460588,0.000370597568228604,0.03559288712690456,-0.9993650406129123,45.19986319541931,drone2
1743161057.861633,0.8331019282341003,-0.6384658813476562,9.369208335876465,0.0017062193437376925,0.00023734915420852353,0.035597860455028774,-0.9993647034381243,45.39990258216858,drone2
1743161058.0616183,0.8323075175285339,-0.6412568092346191,9.366849899291992,0.001604144780364244,0.00015289543087129568,0.03563275804559585,-0.99936369191376,45.59988784790039,drone2
1743161058.2616289,0.8329069018363953,-0.646379828453064,9.36421012878418,0.001680370072392291,0.0003188516926512905,0.03569328092005747,-0.9993613316902433,45.79989838600159,drone2
1743161058.4615712,0.8343630433082581,-0.6536570191383362,9.360934257507324,0.0021643155804722506,0.0006017820872978426,0.03582380970989574,-0.9993556418656944,45.99984073638916,drone2
1743161058.6615942,0.8350693583488464,-0.6586795449256897,9.357545852661133,0.002886716103625705,0.0009051927222342763,0.03586873825040837,-0.9993520172367225,46.19986367225647,drone2
1743161058.861582,0.8359525203704834,-0.659887969493866,9.356366157531738,0.002609946392851331,0.0008616957751639542,0.035837676023055876,-0.9993539138449055,46.39985156059265,drone2
1743161059.0615213,0.8388243317604065,-0.6566715240478516,9.357613563537598,0.001996823963330926,0.0010188268408334407,0.03581757197631613,-0.9993558947467854,46.599790811538696,drone2
1743161059.261533,0.8426108360290527,-0.6482764482498169,9.361090660095215,0.0011086255995106787,0.0013698023757431012,0.03572232009868148,-0.9993602780190305,46.79980254173279,drone2
1743161059.4615154,0.8452619314193726,-0.6359688639640808,9.366076469421387,-0.00021059158535036924,0.0016587813370593477,0.03559499446933012,-0.9993649563192153,46.99978494644165,drone2
1743161059.6616583,0.8442029356956482,-0.6237902045249939,9.36970043182373,-0.001395149254801978,0.0014594712828200503,0.03543188616559301,-0.9993700982347337,47.19992780685425,drone2
1743161059.8615944,0.8393298387527466,-0.6154560446739197,9.372725486755371,-0.0019053797077232802,0.0008205911968140384,0.03536891877391768,-0.9993722055771592,47.399863958358765,drone2
1743161060.0616086,0.8327548503875732,-0.6116026639938354,9.375652313232422,-0.0015894970218272566,-1.8003207441108938e-05,0.03541346799279366,-0.9993714890807344,47.59987807273865,drone2
1743161060.2616284,0.8270009160041809,-0.6115520596504211,9.379073143005371,-0.001043948132384181,-0.0006061928537760659,0.035536747524687995,-0.99936765371752,47.79989790916443,drone2
1743161060.4615607,0.8231868743896484,-0.6131892800331116,9.38345718383789,-0.0004020468756950978,-0.0007567447511180669,0.035634865388021464,-0.9993645348507303,47.99983024597168,drone2
1743161060.6617403,0.8200364708900452,-0.613099217414856,9.388404846191406,-0.000114310073377518,-0.0007145837644797672,0.03565324141397208,-0.999363944794851,48.20000982284546,drone2
1743161060.8617709,0.8178893327713013,-0.6113826632499695,9.39177131652832,-0.00021994655993803376,-0.0008322799708198119,0.03565412649779087,-0.9993638183543054,48.4000403881073,drone2
1743161061.06177,0.8157711029052734,-0.6080767512321472,9.393383026123047,-0.00042991528566100576,-0.0008308353299644565,0.03563756278632618,-0.9993643662633362,48.6000394821167,drone2
1743161061.2616456,0.8145270347595215,-0.6049472093582153,9.39307975769043,-0.0008371675659671842,-0.0008006346010192445,0.035640934534206914,-0.9993640290885482,48.799915075302124,drone2
1743161061.4616961,0.816348135471344,-0.6043590903282166,9.392051696777344,-0.0009209161926453015,-0.0005968548778685137,0.035643716226208655,-0.999363944794851,48.99996566772461,drone2
1743161061.6617727,0.8220998644828796,-0.6051375269889832,9.391433715820312,-0.0003010842544336202,8.48773629613206e-05,0.035629049122926915,-0.9993651249066093,49.20004224777222,drone2
1743161061.8618114,0.8291103839874268,-0.6046718955039978,9.389880180358887,-0.0001556930925772154,0.0008926642422421593,0.035566671787130744,-0.9993668950742469,49.40008091926575,drone2
1743161062.0618055,0.8370720744132996,-0.6062961220741272,9.386316299438477,-0.00018885969890500303,0.0015138945482677522,0.035515758394129626,-0.9993679908923081,49.600075006484985,drone2
1743161062.2617924,0.846358060836792,-0.611321747303009,9.382533073425293,0.00025101222406983186,0.002143237793359438,0.03548958520120432,-0.9993677801580655,49.80006194114685,drone2
1743161062.4617178,0.855701744556427,-0.6165581941604614,9.380715370178223,0.000922044958511618,0.0028569014065254854,0.03547428589519486,-0.9993661364309736,49.99998736381531,drone2
1743161062.6617463,0.8627568483352661,-0.6211288571357727,9.379878997802734,0.00104541643968291,0.0032026908622757497,0.035473316517679154,-0.9993649984660637,50.20001578330994,drone2
1743161062.8617344,0.8679465055465698,-0.6244986057281494,9.379142761230469,0.0012548749992073542,0.0032294294979791816,0.0355672618430099,-0.9993613316902433,50.4000039100647,drone2
1743161063.0618172,0.8727273344993591,-0.6244853734970093,9.379298210144043,0.0010224602366791403,0.0031191360521919185,0.03563132505274652,-0.999359645816303,50.60008668899536,drone2
1743161063.261694,0.8748812675476074,-0.6238015294075012,9.379769325256348,0.0005562845643303329,0.003083661494317842,0.03570820090443039,-0.9993573698864833,50.79996347427368,drone2
1743161063.461708,0.873392641544342,-0.6233919858932495,9.3800048828125,0.00029729390891022265,0.002685224862513026,0.03577268558265201,-0.999356358362119,50.999977588653564,drone2
1743161063.6616976,0.8703478574752808,-0.6242961287498474,9.381542205810547,0.0003574475868570784,0.00210636975530647,0.03579190454557296,-0.9993570327116953,51.1999671459198,drone2
1743161063.8616924,0.8693931698799133,-0.6250118017196655,9.383123397827148,0.00047056668249196855,0.001713067301122014,0.03573542776856836,-0.9993597301099999,51.399961948394775,drone2
1743161064.061715,0.870335578918457,-0.6234779357910156,9.382457733154297,0.00043888501171161846,0.0019384702110014818,0.03569433459127025,-0.9993607837812126,51.59998440742493,drone2
1743161064.2616663,0.8677783012390137,-0.6219406723976135,9.380678176879883,9.304386021747705e-05,0.0018807900262266088,0.035640470918873346,-0.9993628911236383,51.799935817718506,drone2
1743161064.4617348,0.8612954616546631,-0.6198517680168152,9.379792213439941,-8.916145222957843e-05,0.001388858060785121,0.03561075739067315,-0.9993647877318212,52.000004291534424,drone2
1743161064.661694,0.8510782122612,-0.6181996464729309,9.378329277038574,-0.00020740869568667774,0.0004622380495199951,0.035594109385511385,-0.9993661785778221,52.19996356964111,drone2
1743161064.8616827,0.8394911885261536,-0.620076596736908,9.37568187713623,-2.56102814274921e-05,-0.0004357678530215117,0.035545851243966364,-0.9993679908923081,52.39995217323303,drone2
1743161065.0616605,0.829352617263794,-0.6237373948097229,9.371309280395508,0.00047790233324348315,-0.00125038598940954,0.03550985783533811,-0.9993684966544902,52.59993004798889,drone2
1743161065.2616553,0.8242199420928955,-0.627629816532135,9.366179466247559,0.000903540876523339,-0.0012073542320058023,0.03553497735705058,-0.9993673165427319,52.79992485046387,drone2
1743161065.4616878,0.8211430907249451,-0.6315130591392517,9.365151405334473,0.0011610829912698359,-0.0008499331412754713,0.03556507020688737,-0.9993663893120647,52.99995732307434,drone2
1743161065.6616468,0.818442165851593,-0.6346873044967651,9.365169525146484,0.001309813313343725,-0.0006251982219017728,0.035573120254952906,-0.9993660099904281,53.19991636276245,drone2
1743161065.8616505,0.8164899349212646,-0.6369407176971436,9.366519927978516,0.0013244180812719323,-0.00044064633015713194,0.03557379460452914,-0.9993660942841252,53.39991998672485,drone2
1743161066.0616868,0.8137248158454895,-0.6374514698982239,9.368020057678223,0.001310695701245874,-0.00033584650381449213,0.03558399414186869,-0.9993658414030341,53.59995627403259,drone2
1743161066.2616894,0.811922013759613,-0.6360499262809753,9.370320320129395,0.0012063092350590888,-0.00040687653821906374,0.03557299381440737,-0.9993663050183677,53.79995894432068,drone2
1743161066.4616747,0.809370219707489,-0.6314805150032043,9.378729820251465,0.0003692760751962416,-0.00048647757055406225,0.035533586511049764,-0.9993682859202477,53.99994421005249,drone2
1743161066.6616707,0.8092368841171265,-0.6289181113243103,9.396147727966309,1.427790347763235e-05,-0.0002419027836859475,0.03554370175469229,-0.9993681173328536,54.19994020462036,drone2
1743161066.8616402,0.8104297518730164,-0.6271291971206665,9.40167236328125,1.4080038667485466e-05,1.1473824017413817e-05,0.03561210608982546,-0.9993657149624886,54.39990973472595,drone2
1743161067.0616608,0.8127654194831848,-0.6239922046661377,9.38973331451416,-6.606279267204697e-05,0.00016594610064409068,0.03557510115683299,-0.9993669793679438,54.59993028640747,drone2
1743161067.2616394,0.816868245601654,-0.621390163898468,9.36833667755127,-0.000338618533733508,0.0005905005922008646,0.03556435371046274,-0.9993671901021863,54.79990887641907,drone2
1743161067.4616857,0.8199201822280884,-0.620995283126831,9.346317291259766,-0.00026554486079478104,0.0009628764878449117,0.0356406816531159,-0.9993641976759421,54.99995517730713,drone2
1743161067.661649,0.8213402032852173,-0.6207823753356934,9.32827377319336,6.834436642398199e-05,0.0010188117766278208,0.03568320782326334,-0.9993626382425472,55.19991850852966,drone2
1743161067.861668,0.8215911984443665,-0.6200663447380066,9.314465522766113,0.0001080992166457557,0.0008594272951291126,0.03566478965046421,-0.9993634390326689,55.39993762969971,drone2
1743161068.0616274,0.819573700428009,-0.6229459643363953,9.30463695526123,0.00032231734486309736,0.0006783560169043193,0.03566980512543694,-0.9993633968858204,55.5998969078064,drone2
1743161068.2616484,0.8162796497344971,-0.629258930683136,9.298812866210938,0.001027098118694672,0.00015475548983409293,0.035725143937531734,-0.9993611631028493,55.79991793632507,drone2
1743161068.4616184,0.8133624196052551,-0.6346913576126099,9.296282768249512,0.0017928595994775498,-0.0001294426853083895,0.035708327344975865,-0.9993606994875157,55.99988794326782,drone2
1743161068.6616454,0.811864972114563,-0.6363379955291748,9.296586036682129,0.0020365688119079847,-0.0002778712087819795,0.03566209225215944,-0.9993618374524256,56.19991493225098,drone2
1743161068.861661,0.8132063746452332,-0.6330207586288452,9.297436714172363,0.001408100731308376,-0.00011343095761839288,0.03559023187544835,-0.9993655042282459,56.399930477142334,drone2
1743161069.0616314,0.8157512545585632,-0.6260502338409424,9.297502517700195,0.0003347899918247598,0.000331441171132347,0.03547319007713362,-0.9993706039969157,56.59990096092224,drone2
1743161069.2616339,0.8175250887870789,-0.6168726086616516,9.295981407165527,-0.0006766016646246933,0.0005818303804244071,0.03541106562242857,-0.9993724584582502,56.79990339279175,drone2
1743161069.4615924,0.8158553242683411,-0.608669638633728,9.294330596923828,-0.0013059124043710555,0.0003987644634927554,0.035428935886197166,-0.9993712783464919,56.9998619556427,drone2
1743161069.6615884,0.8130919933319092,-0.6021978855133057,9.293726921081543,-0.0015962232307956655,-9.033823010631187e-05,0.03553518809129319,-0.9993671901021863,57.19985795021057,drone2
1743161069.8616037,0.8113425970077515,-0.598785936832428,9.295825958251953,-0.0016431567100628317,-0.00036840288633757017,0.03561606789358557,-0.9993641976759421,57.39987325668335,drone2
1743161070.06159,0.8108500242233276,-0.600054144859314,9.298413276672363,-0.0011210900566287927,-0.0005063052961341121,0.035700024415819265,-0.9993618374524255,57.59985947608948,drone2
1743161070.2615976,0.812873899936676,-0.6056177020072937,9.29835033416748,-0.00032680633408115934,-0.00023821999700214934,0.035719706994073896,-0.999361795305577,57.799867153167725,drone2
1743161070.461592,0.8149113059043884,-0.6135648488998413,9.295039176940918,0.0006238241893655005,0.0001223520131139621,0.03572889500704918,-0.9993613738370919,57.99986147880554,drone2
1743161070.6615944,0.8174787163734436,-0.620448887348175,9.292193412780762,0.0015066534398121647,0.00031910078711143485,0.03570179458345668,-0.9993613316902434,58.19986391067505,drone2
1743161070.8616204,0.8221897482872009,-0.6250672936439514,9.291339874267578,0.0015471706376199918,0.0006267881747188354,0.035619776816254556,-0.9993640290885482,58.39988994598389,drone2
1743161071.0616245,0.8299399614334106,-0.6296901702880859,9.293289184570312,0.0014241585674036894,0.001224787325118818,0.035557610214700885,-0.9993659256967311,58.59989404678345,drone2
1743161071.2616904,0.8351817727088928,-0.6326967477798462,9.295217514038086,0.0015797784534981195,0.0016658041534451757,0.03553202707765485,-0.9993659678435796,58.799959897994995,drone2
1743161071.4616182,0.8401246070861816,-0.6347496509552002,9.298439979553223,0.0017921283218155879,0.0019125747232083055,0.03556561811591802,-0.9993639869416995,58.99988770484924,drone2
1743161071.6616268,0.8431926965713501,-0.6327276229858398,9.301786422729492,0.0013970593682923792,0.0021235462424359294,0.035586227924839786,-0.9993634390326689,59.19989633560181,drone2
1743161071.8616087,0.8456149697303772,-0.6273574233055115,9.306061744689941,0.0006643926713268872,0.00192218559893099,0.03560658485267065,-0.9993638183543055,59.39987826347351,drone2
1743161072.061648,0.8479881882667542,-0.6188246607780457,9.312240600585938,-0.00031276739994191995,0.0017570001223385574,0.03564455916317888,-0.9993629332704868,59.5999174118042,drone2
1743161072.2616954,0.8513220548629761,-0.6090342402458191,9.320293426513672,-0.001293505569897272,0.0018046829223582288,0.035727757042139485,-0.9993591400541209,59.799964904785156,drone2
1743161072.4616323,0.8535702228546143,-0.601029634475708,9.32702922821045,-0.0018808917867876112,0.00203319548454927,0.035766194967981335,-0.9993564426558161,59.99990177154541,drone2
1743161072.6616092,0.8546901941299438,-0.5948394536972046,9.333551406860352,-0.0018763548614458606,0.0018504960231981358,0.03576471982828344,-0.9993567376837558,60.19987869262695,drone2
1743161072.8616238,0.8531026840209961,-0.5901452898979187,9.338441848754883,-0.0017663554467778736,0.0015883328386143568,0.035731213083717295,-0.9993586342919387,60.399893283843994,drone2
1743161073.0615976,0.8493703603744507,-0.5876678824424744,9.341300010681152,-0.001705873669609431,0.0010692417773806057,0.03568489369720379,-0.9993611209560008,60.59986710548401,drone2
1743161073.2616296,0.8436797261238098,-0.5879272818565369,9.344385147094727,-0.001417981327310872,0.0004960020586141027,0.03565505372845812,-0.9993630597110323,60.799899101257324,drone2
1743161073.4616215,0.8373505473136902,-0.589932918548584,9.346972465515137,-0.0009253221229374123,-0.00011122726189952377,0.035640470918873346,-0.9993642398227907,60.99989104270935,drone2
1743161073.6616464,0.8317405581474304,-0.5946354269981384,9.349504470825195,-0.0003786130066932451,-0.0005485904955853512,0.03561004089424846,-0.999365588521943,61.19991588592529,drone2
1743161073.8617513,0.8299359679222107,-0.6015471816062927,9.349949836730957,0.0003656311702562894,-0.0004936429721156265,0.035534176566928866,-0.9993682859202476,61.40002083778381,drone2
1743161074.061653,0.8286876082420349,-0.6076108813285828,9.349039077758789,0.000894344395077182,-0.00023415097396441956,0.03550631750006322,-0.9993690867103694,61.59992241859436,drone2
1743161074.2616487,0.8283376097679138,-0.6136105060577393,9.347570419311523,0.0013945026103991678,-2.4763207974583545e-05,0.0355356095597783,-0.9993674429832775,61.79991817474365,drone2
1743161074.4616356,0.8281315565109253,-0.6171039938926697,9.348834991455078,0.001422285080306784,0.0001971563718889414,0.0355871973023556,-0.999365588521943,61.99990510940552,drone2
1743161074.6616597,0.8287482261657715,-0.6180441379547119,9.34766960144043,0.0012918120609565651,0.00023415871186250605,0.035632673751898825,-0.9993641133822451,62.19992923736572,drone2
1743161074.8616302,0.8315500617027283,-0.615247368812561,9.348002433776855,0.0008320965661744568,0.0003920316484997511,0.03559385650442032,-0.9993659256967311,62.39989972114563,drone2
1743161075.0616415,0.8365527391433716,-0.6133247017860413,9.350239753723145,0.0003410508164250706,0.0008802673065155114,0.03558112815616998,-0.9993663471652162,62.59991097450256,drone2
1743161075.2616565,0.841681718826294,-0.6099106073379517,9.353012084960938,7.646146255228167e-05,0.0014697165838581123,0.03554783214584645,-0.9993669372210954,62.79992604255676,drone2
1743161075.4616187,0.8446082472801208,-0.6046172380447388,9.355685234069824,-0.00041181220582929876,0.0016074801848200812,0.035522923358376424,-0.999367569423823,62.9998881816864,drone2
1743161075.6616375,0.8467373251914978,-0.6004838347434998,9.358649253845215,-0.001047619106425867,0.001424863693645854,0.035524819966559484,-0.9993672743958835,63.199907064437866,drone2
1743161075.861622,0.8492391705513,-0.6011313199996948,9.362052917480469,-0.001052711857480772,0.0014812916766183135,0.03556768331149507,-0.9993656306687915,63.39989161491394,drone2
1743161076.0616155,0.8512923717498779,-0.6039274334907532,9.365693092346191,-0.0005554977682793023,0.001510356353262488,0.03561332834843234,-0.9993644084101847,63.59988498687744,drone2
1743161076.261701,0.8535608053207397,-0.6076196432113647,9.366656303405762,-4.093504429808325e-05,0.0016364148606624767,0.035649195316515114,-0.9993630175641838,63.799970626831055,drone2
1743161076.4616344,0.8556636571884155,-0.6115180850028992,9.365209579467773,0.0003174105914726658,0.001622479112215832,0.03564607644972534,-0.9993631861515779,63.99990391731262,drone2
1743161076.6616354,0.8593247532844543,-0.6141473650932312,9.365239143371582,0.0007733652414672642,0.0020381107527143944,0.03562921771032096,-0.9993627646830927,64.19990491867065,drone2
1743161076.8616233,0.8620896935462952,-0.6166907548904419,9.358623504638672,0.0007063327780213063,0.0022541454965365223,0.035603592426426356,-0.9993632704452748,64.39989280700684,drone2
1743161077.0615983,0.8646413683891296,-0.6184082627296448,9.35928726196289,0.0006521065768727394,0.002249013459185813,0.03554753711790681,-0.9993652934940034,64.59986782073975,drone2
1743161077.2616224,0.8639592528343201,-0.6203842759132385,9.366390228271484,0.0007460443289416803,0.0022908287305369378,0.03552060528170836,-0.999366094284125,64.79989194869995,drone2
1743161077.4616117,0.8597859740257263,-0.6220150589942932,9.369701385498047,0.0008042711056581789,0.0018175144357215974,0.035501934227818,-0.99936765371752,64.99988126754761,drone2
1743161077.6616037,0.8519889712333679,-0.621546745300293,9.366968154907227,0.0006478642948908622,0.0010391839950388772,0.03552701160268207,-0.9993679487454596,65.19987320899963,drone2
1743161077.8616884,0.8431847095489502,-0.6203025579452515,9.359930038452148,0.0003588459958300217,9.783922697823804e-05,0.035570296416102654,-0.9993671479553379,65.39995789527893,drone2
1743161078.061599,0.8368446230888367,-0.6190897822380066,9.350980758666992,6.632696677256644e-05,-0.000395644310483089,0.035641608883783094,-0.9993645348507303,65.59986853599548,drone2
1743161078.2616105,0.8308993577957153,-0.62092524766922,9.342500686645508,5.446558207727774e-05,-0.0005247631668194948,0.035679836075382554,-0.9993631440047294,65.799880027771,drone2
1743161078.4616828,0.8247143626213074,-0.6259089112281799,9.336456298828125,0.0006199007522541652,-0.0006512342870816677,0.03564173532432863,-0.9993642398227907,65.99995231628418,drone2
1743161078.6616514,0.8187242746353149,-0.6291249990463257,9.333471298217773,0.0010866466456874815,-0.0009587188391219503,0.03561880743873874,-0.9993644084101847,66.19992089271545,drone2
1743161078.861694,0.8147072196006775,-0.6317151784896851,9.332697868347168,0.001092989612621518,-0.0008972367637151558,0.035620071844194134,-0.9993644084101847,66.39996361732483,drone2
1743161079.0616949,0.8135318756103516,-0.634972333908081,9.332626342773438,0.0011687837843715112,-0.0007320985171116551,0.03564894243542405,-0.9993634390326689,66.59996438026428,drone2
1743161079.2616382,0.813927412033081,-0.6371958255767822,9.333436012268066,0.0012958354797871171,-0.0001889821881834881,0.03567317687331778,-0.9993626382425472,66.79990768432617,drone2
1743161079.4616616,0.8137314915657043,-0.637454092502594,9.333399772644043,0.0012621325301166095,5.954637643345953e-05,0.03566521111894927,-0.9993630175641839,66.99993109703064,drone2
1743161079.6616817,0.8137280344963074,-0.6357660293579102,9.33224868774414,0.0010252881502735133,0.0001495009220458671,0.03564080809366138,-0.9993641555290936,67.199951171875,drone2
1743161079.861636,0.8145571351051331,-0.6329727172851562,9.331377983093262,0.0006695652709033849,0.000245064064858089,0.03560780711127748,-0.9993656306687915,67.39990544319153,drone2
1743161080.0616674,0.8168661594390869,-0.6294880509376526,9.330192565917969,0.00038019170766000367,0.000494375649184786,0.035608228579762535,-0.9993656306687915,67.59993696212769,drone2
1743161080.2616103,0.8219782114028931,-0.6247624754905701,9.328657150268555,4.402328876891777e-06,0.0008405956386969024,0.035632800192444414,-0.9993645769975787,67.79987978935242,drone2
1743161080.461602,0.8281214237213135,-0.618268609046936,9.32656478881836,-0.00044277684511755106,0.0014950833890333528,0.03563861645753885,-0.9993635654732145,67.99987149238586,drone2
1743161080.6616292,0.8314218521118164,-0.6121479868888855,9.324710845947266,-0.0008070018839375062,0.001866338966702468,0.035617922354920006,-0.999363439032669,68.1998987197876,drone2
1743161080.8616116,0.8308854103088379,-0.6070045232772827,9.323451042175293,-0.0009837891655017452,0.0015665811752542352,0.03558218182738282,-0.9993650406129123,68.39988112449646,drone2
1743161081.0616312,0.8275192975997925,-0.6026545763015747,9.32303237915039,-0.0011166812760737331,0.0009633845652225783,0.035532448546139905,-0.999367485130126,68.59990072250366,drone2
1743161081.2616777,0.8244106769561768,-0.600241482257843,9.322887420654297,-0.0011689930574683206,0.0004411597890783177,0.035500374794423195,-0.9993689602698239,68.7999472618103,drone2
1743161081.4616768,0.822059154510498,-0.6006585955619812,9.322670936584473,-0.0007894653375983075,-3.547657466657323e-05,0.03553240639929145,-0.9993682859202477,68.9999463558197,drone2
1743161081.661604,0.8171608448028564,-0.5997360348701477,9.325235366821289,-0.00045117044762114016,2.7790866350152035e-05,0.03563140934644354,-0.9993649563192153,69.19987344741821,drone2
1743161081.8615847,0.8114058971405029,-0.5971010327339172,9.329524993896484,-0.0005747642390126662,-0.0005030580234550074,0.03575603757749024,-0.9993602780190306,69.39985418319702,drone2
1743161082.0615869,0.8055316209793091,-0.5959411859512329,9.334820747375488,-0.0007626750678895467,-0.0009847181248483182,0.03581580180867866,-0.9993576649144229,69.59985637664795,drone2
1743161082.2615836,0.8010067343711853,-0.5989189743995667,9.34128189086914,-0.0006491230409792056,-0.001335816704683392,0.03581108136164546,-0.9993574963270289,69.79985308647156,drone2
1743161082.4615684,0.8010003566741943,-0.6038382053375244,9.347114562988281,0.00014099104527758743,-0.0012832765832704197,0.03576181169573622,-0.9993595615226059,69.99983787536621,drone2
1743161082.6616719,0.8042561411857605,-0.6056998372077942,9.351058959960938,0.0006245740554751761,-0.0007578822529887541,0.035694503178664294,-0.999362301067759,70.19994139671326,drone2
1743161082.861665,0.8116011619567871,-0.6058170199394226,9.354251861572266,0.000473902858679651,0.00017971701231345982,0.035588250973568325,-0.9993664736057617,70.39993453025818,drone2
1743161083.0616918,0.821141242980957,-0.6050535440444946,9.355555534362793,1.5503372488924884e-05,0.0011489161756896966,0.03552385058904367,-0.9993681594797021,70.59996128082275,drone2
1743161083.261688,0.8309839963912964,-0.607265830039978,9.354900360107422,-4.6946814793393916e-05,0.002076087244651393,0.03554538762863274,-0.9993659256967311,70.7999575138092,drone2
1743161083.4616723,0.836171567440033,-0.6121672987937927,9.353703498840332,0.00045092674499427296,0.002380091886734027,0.03559048475653942,-0.9993635654732145,70.9999418258667,drone2
1743161083.661727,0.8391980528831482,-0.6181749701499939,9.353200912475586,0.0009326719735549986,0.00215547832476544,0.035630987877958376,-0.9993622589209107,71.19999647140503,drone2
1743161083.8616743,0.8416102528572083,-0.6240081191062927,9.352426528930664,0.0014161418272845515,0.0019816152689298666,0.03559554237836077,-0.9993633125921234,71.39994382858276,drone2
1743161084.0616667,0.8411401510238647,-0.6269649863243103,9.353503227233887,0.0015778774978924008,0.0017915865506255555,0.03554129938432721,-0.9993653777877004,71.59993624687195,drone2
1743161084.26168,0.8380024433135986,-0.6254526972770691,9.355633735656738,0.001223281028033903,0.0013884798195731062,0.035519467316798614,-0.9993673165427319,71.79994940757751,drone2
1743161084.461648,0.8341858983039856,-0.620013415813446,9.356034278869629,0.000613253881178112,0.0007205280032938538,0.035533291483110185,-0.9993680751860051,71.99991750717163,drone2
1743161084.6616457,0.8299157023429871,-0.6126604080200195,9.35558795928955,-0.0003781070901647453,0.00025949734882539346,0.0355791051074415,-0.9993667686337013,72.19991517066956,drone2
1743161084.861656,0.8265357613563538,-0.6045063138008118,9.355757713317871,-0.0010057991841041546,-6.477567257554272e-06,0.03567815020144216,-0.9993628068299413,72.39992547035217,drone2
1743161085.061651,0.8254424929618835,-0.5953769087791443,9.335433959960938,-0.0013638198281602143,0.000173930330273026,0.035770873268166026,-0.9993590979072724,72.59992051124573,drone2
1743161085.261687,0.8259018659591675,-0.5894024968147278,9.251321792602539,-0.0017952877353964276,0.0003067099429214863,0.035821449486379164,-0.9993565690963616,72.79995656013489,drone2
1743161085.4616857,0.8274723887443542,-0.5880215764045715,9.061161994934082,-0.0017674173909560274,0.0006146648642352548,0.03584673759548568,-0.9993555575719973,72.99995517730713,drone2
1743161085.6616983,0.8303961157798767,-0.5915120244026184,8.79875373840332,-0.0010796611914126056,0.0009479114086078952,0.03578520319665973,-0.9993585078513931,73.19996786117554,drone2
1743161085.8616395,0.8360975384712219,-0.5993377566337585,8.519699096679688,-0.00010303295142766293,0.0013669613735766322,0.035720002022013364,-0.9993609102217582,73.39990901947021,drone2
1743161086.0616434,0.8426785469055176,-0.6079117655754089,8.261630058288574,0.0008302974019991322,0.001909556773219469,0.035628248332805146,-0.9993629754173353,73.5999128818512,drone2
1743161086.2616277,0.8483108282089233,-0.6145023703575134,8.05136489868164,0.0013739579150655677,0.0023175712763483856,0.035531732049715214,-0.9993649984660639,73.79989719390869,drone2
1743161086.4616241,0.8504486083984375,-0.6191396117210388,7.8719587326049805,0.001513163193432606,0.002436755484583733,0.035506106765820666,-0.999365419934549,73.99989366531372,drone2
1743161086.6616664,0.8520927429199219,-0.6254253387451172,7.6790995597839355,0.001913795165672846,0.0022993220202154226,0.035401329700422535,-0.9993687073887328,74.19993591308594,drone2
1743161086.861633,0.8480997681617737,-0.630684494972229,7.503975868225098,0.0022676892257852744,0.0020493067707921878,0.0352799467767112,-0.9993728377798868,74.39990258216858,drone2
1743161087.0616539,0.8400630950927734,-0.6336286067962646,7.29262638092041,0.0024052865648384932,0.001084935777925016,0.035219128874309946,-0.9993761673809192,74.59992337226868,drone2
1743161087.2616174,0.8304832577705383,-0.6347798705101013,7.060809135437012,0.0022546037611960146,1.0800706157419924e-05,0.03519695963199321,-0.9993778532548596,74.79988694190979,drone2
1743161087.4616141,0.8220480680465698,-0.6340835690498352,6.827044486999512,0.0019878615841675985,-0.0007116597033872289,0.0352547008144532,-0.9993761673809192,74.9998836517334,drone2
1743161087.6616135,0.8168094158172607,-0.6294695734977722,6.601778030395508,0.0014744399326030709,-0.001066792279924014,0.03544183282184149,-0.9993700982347338,75.19988298416138,drone2
1743161087.8616104,0.8172621726989746,-0.6214188933372498,6.389137268066406,0.0005520882775664348,-0.0007259576924722955,0.03573875736960075,-0.9993607837812126,75.39987993240356,drone2
1743161088.06167,0.8186452388763428,-0.6116843819618225,6.188119411468506,-0.00034110530069323016,4.627622097898485e-05,0.03594519263360707,-0.999353703110663,75.59993958473206,drone2
1743161088.2617557,0.8171822428703308,-0.6004071831703186,5.998431205749512,-0.001177662343166564,0.0002805550657653493,0.035877673382292696,-0.9993554732783003,75.80002522468567,drone2
1743161088.4616313,0.8150612711906433,-0.5888081789016724,5.819147109985352,-0.001895248123945061,-7.295849967807641e-05,0.035706388589944404,-0.9993605309001217,75.9999008178711,drone2
1743161088.6616037,0.8164522647857666,-0.5788329839706421,5.649389743804932,-0.002441723832465059,-0.0001362729443090589,0.03559638531533099,-0.9993633125921234,76.19987320899963,drone2
1743161088.8616092,0.8221359848976135,-0.5706557631492615,5.489090919494629,-0.0026292982994447294,0.00044868341312783,0.035621546983891916,-0.9993618374524255,76.39987874031067,drone2
1743161089.0616114,0.8285235166549683,-0.566569983959198,5.337255001068115,-0.0027382916960551713,0.001212179830075501,0.03566993156598253,-0.9993591400541209,76.5998809337616,drone2
1743161089.261608,0.8326041102409363,-0.5661938190460205,5.192352771759033,-0.0024217183204473694,0.0016793633224757127,0.03575161215839662,-0.9993563583621191,76.79987740516663,drone2
1743161089.4615967,0.8354037404060364,-0.5683011412620544,5.050673484802246,-0.0017703623839886496,0.0018184582303266766,0.03576699575810305,-0.9993569905648467,76.99986624717712,drone2
1743161089.6616058,0.8381019234657288,-0.5734302401542664,4.909001350402832,-0.0011052925205400172,0.0017478611091904797,0.03572527037807727,-0.9993595193757574,77.19987535476685,drone2
1743161089.8616219,0.8417468070983887,-0.5810049772262573,4.768294334411621,-0.00032065561069466404,0.0018862417869359438,0.03562609884353113,-0.9993633547389719,77.39989137649536,drone2
1743161090.0616074,0.8465697169303894,-0.591189980506897,4.629665851593018,0.0005836540856724121,0.002179131432494782,0.035514198960734655,-0.9993666000463073,77.59987688064575,drone2
1743161090.2615929,0.8498111367225647,-0.6015944480895996,4.491974830627441,0.0014220552482734983,0.0024701285034557418,0.035414732398248994,-0.9993687073887328,77.79986238479614,drone2
1743161090.4615886,0.8477181792259216,-0.6102303266525269,4.3547682762146,0.0020091531101322836,0.002309107950445014,0.035425817019407335,-0.99936765371752,77.99985814094543,drone2
1743161090.6615798,0.8420611619949341,-0.6137567758560181,4.219765663146973,0.0021234956168268786,0.0015150879132342801,0.03547689899980261,-0.9993671479553379,78.19984936714172,drone2
1743161090.8616092,0.8337081074714661,-0.6153164505958557,4.0869245529174805,0.0016139521956084085,0.000667282858536296,0.035505516709941454,-0.9993679487454595,78.39987874031067,drone2
1743161091.0615668,0.8228754997253418,-0.6173346638679504,3.9528262615203857,0.0013701359696954261,-0.0003366907167146944,0.03546745810573615,-0.9993698453536426,78.5998363494873,drone2
1743161091.2615898,0.8130872249603271,-0.6199340224266052,3.816237688064575,0.0013909075850608162,-0.0011672039463865008,0.03542640707528655,-0.9993706882906128,78.79985928535461,drone2
1743161091.4617932,0.8073837161064148,-0.6209164261817932,3.6958796977996826,0.001441747066730713,-0.001661765428599574,0.035458733708094436,-0.9993687073887327,79.0000627040863,drone2
1743161091.661672,0.8070099353790283,-0.6194044351577759,3.580005407333374,0.0013823069757794855,-0.0013936998112021057,0.03558083312823046,-0.9993648720255183,79.19994163513184,drone2
1743161091.8616552,0.8110737800598145,-0.61566561460495,3.439667224884033,0.0008216816024626465,-0.0003912334102378946,0.03580749887952206,-0.9993582971171506,79.39992475509644,drone2
1743161092.0617404,0.8154462575912476,-0.6100266575813293,3.300522565841675,0.00012805134539926684,0.0005217008936984614,0.03585634707694613,-0.9993568219774527,79.60000991821289,drone2
1743161092.2616496,0.8189407587051392,-0.6027294397354126,3.1651346683502197,-0.0005917963299689922,0.0007886459024353362,0.03573513274062878,-0.9993608680749098,79.79991912841797,drone2
1743161092.4616668,0.823647677898407,-0.596747100353241,3.014317750930786,-0.001204862068068042,0.001124947064349223,0.03563208369601967,-0.9993636919137601,79.99993634223938,drone2
1743161092.6617014,0.8270949721336365,-0.5966365337371826,2.8958680629730225,-0.0012476828597096717,0.0014701711544945054,0.035612063942977,-0.9993638183543054,80.19997096061707,drone2
1743161092.8616855,0.8311261534690857,-0.6021732687950134,2.7719552516937256,-0.0003903580193711425,0.0015805295389441107,0.03571131977122022,-0.9993608259280613,80.39995503425598,drone2
1743161093.061652,0.8336769938468933,-0.6093464493751526,2.633596897125244,0.0006603671533857158,0.0017466102244770823,0.035789965790541445,-0.9993576227675744,80.59992146492004,drone2
1743161093.2616339,0.8340250253677368,-0.6156654357910156,2.4859485626220703,0.0012966031780472982,0.0015786340832140092,0.035750052725001646,-0.9993586764387872,80.79990339279175,drone2
1743161093.4616852,0.8334659934043884,-0.622398316860199,2.336498975753784,0.0017302683601934277,0.0013539329759848923,0.035643758373057166,-0.9993622167740621,80.99995470046997,drone2
1743161093.6617386,0.8325696587562561,-0.6282737255096436,2.189385175704956,0.002104230638108415,0.0011242795317376818,0.035526379399954344,-0.9993659678435796,81.2000081539154,drone2
1743161093.8616638,0.8308925628662109,-0.6334083676338196,2.04610538482666,0.0023239661139521834,0.000931269438389122,0.035430663906986126,-0.9993690445635208,81.39993333816528,drone2
1743161094.0616567,0.827902615070343,-0.635100781917572,1.905344843864441,0.002309878282883227,0.0007051100255061092,0.03536917165500869,-0.999371362640189,81.59992623329163,drone2
1743161094.2617233,0.8235728144645691,-0.6316004991531372,1.7651182413101196,0.0018151150288067623,0.000310023244977274,0.035357749859062315,-0.9993730063672809,81.79999279975891,drone2
1743161094.461699,0.8221768736839294,-0.6257674098014832,1.625308871269226,0.0008739293506935906,7.422541583445793e-05,0.03542164448140478,-0.9993720791366136,81.99996852874756,drone2
1743161094.6616514,0.8234800100326538,-0.6206469535827637,1.4867781400680542,0.00022114246133001154,0.00038838674355979897,0.03559410938551144,-0.9993662628715192,82.19992089271545,drone2
1743161094.8616369,0.8246702551841736,-0.6150504350662231,1.3487522602081299,-0.00014998219460398928,0.0007246074704358903,0.03570044588430438,-0.9993622589209106,82.39990639686584,drone2
1743161095.0616775,0.8246405720710754,-0.6107697486877441,1.2105931043624878,-0.00047196837389757573,0.0008359327114105513,0.035725017496986256,-0.9993612052496978,82.59994697570801,drone2
1743161095.2616408,0.8236557245254517,-0.6079320311546326,1.0733667612075806,-0.00044410320520541803,0.0007031768166541364,0.035705208478186146,-0.9993620481866681,82.79991030693054,drone2
1743161095.4616995,0.8223845958709717,-0.6054408550262451,0.9377288818359375,-0.0004743829530604893,0.0006286979486471065,0.03570314328260904,-0.9993621746272137,82.99996900558472,drone2
1743161095.661653,0.8218615651130676,-0.6022175550460815,0.8025074005126953,-0.00041829254103179723,0.0006568882994144755,0.035686073808962104,-0.9993628068299413,83.19992256164551,drone2
1743161095.8619065,0.8227182030677795,-0.5981081128120422,0.6663342714309692,-0.0005310474101049834,0.0006695168473025324,0.03565113407154663,-0.999363944794851,83.40017604827881,drone2
1743161096.0616515,0.8237444758415222,-0.5952624082565308,0.5302985906600952,-0.0008312858792348256,0.0008485790072017203,0.03561042021588501,-0.9993650406129124,83.59992098808289,drone2
1743161096.2616143,0.8237656354904175,-0.5949941277503967,0.3948781490325928,-0.000705500712180231,0.0008718531605102008,0.035658383329490506,-0.9993634390326689,83.79988384246826,drone2
1743161096.4616318,0.822490930557251,-0.5955106019973755,0.27083683013916016,-0.00034273687558103113,0.0007470580553141403,0.035676885795986824,-0.9993630597110323,83.99990129470825,drone2
1743161096.661624,0.8196708559989929,-0.5965655446052551,0.14819450676441193,-0.0001264681426634107,0.00031987344503494166,0.035716798861526566,-0.9993619217461226,84.19989347457886,drone2
1743161096.8616269,0.8182956576347351,-0.597141683101654,0.02905614674091339,4.172223393235481e-05,0.00010789194747918653,0.03571966484722533,-0.9993619217461225,84.39989638328552,drone2
1743161097.0616183,0.8154066801071167,-0.5961375832557678,0.05104537308216095,8.956394125629031e-05,0.00013133814618348754,0.03572881071335221,-0.9993615424244859,84.59988784790039,drone2
1743161097.2616274,0.8119083046913147,-0.5930594801902771,0.09114591777324677,0.00014600954029433852,0.00017942442819139358,0.035755194640520016,-0.9993606151938186,84.79989695549011,drone2
1743161097.4616287,0.8095967769622803,-0.5924149751663208,0.11676163971424103,0.00014293809771264533,0.00017855435841571498,0.035764635534586475,-0.9993602780190306,84.99989819526672,drone2
1743161097.6615984,0.8099156022071838,-0.5943694710731506,0.13095958530902863,7.910623903488783e-05,0.00016654228407409478,0.03577639450532094,-0.999359814403697,85.1998679637909,drone2
1743161097.861628,0.8122069239616394,-0.5943201184272766,0.13671036064624786,6.681310895875039e-05,0.00012364831424645486,0.035784739581326164,-0.9993595615226059,85.39989757537842,drone2
1743161098.0616002,0.8116788268089294,-0.5933855175971985,0.13710825145244598,8.738021795757753e-05,0.00015408769997860377,0.03581044915891779,-0.9993586342919387,85.59986972808838,drone2
1743161098.2615938,0.8100149631500244,-0.5947012305259705,0.133088156580925,8.194398449296989e-05,0.00020111017536216926,0.035819384290802114,-0.9993582971171506,85.79986333847046,drone2
1743161098.4616187,0.8070868849754333,-0.5959718823432922,0.12677858769893646,5.9159769648242125e-05,0.0002527959947672823,0.03581563322128456,-0.9993584235576962,85.9998881816864,drone2
1743161098.661613,0.8040801882743835,-0.5952050685882568,0.11904899775981903,6.615691823289584e-05,0.00028130561099904875,0.035803368488367904,-0.9993588028793328,86.19988250732422,drone2
1743161098.8616238,0.802679181098938,-0.5925233960151672,0.11052338778972626,0.0001266129864411322,0.0002734268308094542,0.03580931119400799,-0.99935859214509,86.399893283844,drone2
1743161099.0615888,0.8032968044281006,-0.5913587808609009,0.10178466141223907,0.00017617624744115082,0.000249236425362343,0.035814031641041244,-0.9993584235576961,86.59985828399658,drone2
1743161099.2616172,0.8041744828224182,-0.5928279757499695,0.0925917774438858,0.00022709152604045277,0.00036027107071065934,0.0358338406598413,-0.9993576649144229,86.79988670349121,drone2
1743161099.4615989,0.8045024275779724,-0.5950578451156616,0.08266304433345795,0.00027305099225591794,0.0005524069719492669,0.03584703262342526,-0.9993571170053923,86.99986839294434,drone2
1743161099.6615915,0.8049207925796509,-0.5976132154464722,0.07360200583934784,0.0003034543869872419,0.00066359352756645,0.03585773792294694,-0.9993566955369072,87.1998610496521,drone2
1743161099.8616228,0.805316686630249,-0.6002722978591919,0.06525738537311554,0.0003117125145378294,0.0007343078104589597,0.03585221668579214,-0.9993568219774527,87.39989233016968,drone2
1743161100.061604,0.805412769317627,-0.6018840670585632,0.0581960529088974,0.00032279699163958336,0.0007576047896660945,0.03585571487421846,-0.9993566112432102,87.59987354278564,drone2
1743161100.2617164,0.8057300448417664,-0.603155791759491,0.050714537501335144,0.00034475027251672707,0.0007585948701748148,0.03587324796319902,-0.9993560211873309,87.79998588562012,drone2
1743161100.4617286,0.8040159344673157,-0.6046264171600342,0.042244717478752136,0.000325843006943194,0.0007529651789712293,0.035898957540790644,-0.9993550939566638,87.99999809265137,drone2
1743161100.6616516,0.8012158274650574,-0.6059294939041138,0.033045634627342224,0.0003089879718516937,0.0007978658959783801,0.03587050841804584,-0.9993561476278765,88.19992113113403,drone2
1743161100.8616266,0.7991403341293335,-0.605930745601654,0.025007545948028564,0.00033243075692879914,0.0008349136343639639,0.03585858085991722,-0.9993564426558161,88.39989614486694,drone2
1743161101.0616355,0.8001937866210938,-0.6053829789161682,0.01718360185623169,0.0003401430951388799,0.0008197338953417399,0.03587763123544413,-0.99935576830624,88.59990501403809,drone2
1743161101.2616313,0.8022459149360657,-0.60552978515625,0.00933566689491272,0.0003121840118260291,0.0007556217063573998,0.035926226551777185,-0.999354124579148,88.79990077018738,drone2
1743161101.4616182,0.804042398929596,-0.6056052446365356,0.0008269697427749634,0.00031972992349123323,0.0007150185067527331,0.03593157920153811,-0.9993539981386024,88.99988770484924,drone2
1743161101.661617,0.8052771091461182,-0.6056936979293823,-0.009414106607437134,0.0003231589647442993,0.0007123279408473062,0.03593385513135772,-0.9993539138449055,89.19988656044006,drone2
1743161101.8616972,0.8065120577812195,-0.6038275957107544,-0.018779680132865906,0.0003171083195435017,0.0006956667030567959,0.03592036813983418,-0.9993544196070876,89.39996671676636,drone2
1743161102.0616019,0.8085037469863892,-0.6014642119407654,-0.02809901535511017,0.0003367451804035741,0.000668368911617297,0.03593048338347676,-0.9993539981386025,89.59987139701843,drone2
1743161102.2616017,0.8096122145652771,-0.5981454849243164,-0.035314157605171204,0.0003666325129050721,0.0006513679780480047,0.03592508858686738,-0.9993542510196936,89.79987120628357,drone2
1743161102.4615943,0.811756432056427,-0.5942850112915039,-0.040606945753097534,0.0003900085894814704,0.000616592742992616,0.03594506619306154,-0.9993534923764203,89.99986386299133,drone2
1743161102.6616092,0.8142610192298889,-0.5908085703849792,-0.0455736368894577,0.0004019038789291622,0.0006099246505770371,0.03595994403058589,-0.9993530287610868,90.19987869262695,drone2
1743161102.861612,0.8167936205863953,-0.5888655185699463,-0.0505346953868866,0.00039212607760834116,0.0005972832096222849,0.03597174514816903,-0.9993526072926016,90.39988160133362,drone2
1743161103.0615907,0.8196408748626709,-0.5885987877845764,-0.055561766028404236,0.00037711713827811726,0.0005924530840592119,0.03597815146914263,-0.9993523544115106,90.59986019134521,drone2
1743161103.2615287,0.8215043544769287,-0.590212881565094,-0.060656771063804626,0.00033093046906251914,0.0005864636011795933,0.03598438920272223,-0.9993521015304194,90.79979825019836,drone2
1743161103.4616911,0.8216472268104553,-0.5915923118591309,-0.06428062915802002,0.00031498583059427326,0.0006213395832549453,0.03599075337684737,-0.9993518907961769,90.99996066093445,drone2
1743161103.6616707,0.820685625076294,-0.5935068726539612,-0.06584310531616211,0.00029812149356159783,0.0006251055523419079,0.03599117484533254,-0.9993518907961769,91.19994020462036,drone2
1743161103.8616862,0.818215012550354,-0.5940481424331665,-0.06909580528736115,0.00028824639228972233,0.0006763594745922426,0.03596946921834937,-0.9993526072926016,91.39995574951172,drone2
1743161104.0616598,0.8160149455070496,-0.5932525396347046,-0.07367736101150513,0.0002926582700619209,0.0007141575009675775,0.03594729997603263,-0.9993534502295719,91.59992933273315,drone2
1743161104.261666,0.8164055943489075,-0.5930244326591492,-0.0778743326663971,0.0002923949345767912,0.0006882156218007413,0.035942579528999485,-0.9993536188169658,91.79993557929993,drone2
1743161104.461681,0.8193230032920837,-0.5950455069541931,-0.08250893652439117,0.0002553734556534632,0.0006440369165285301,0.03596078696755617,-0.9993529444673896,91.99995040893555,drone2
1743161104.6617208,0.8222627639770508,-0.5981923937797546,-0.0872192308306694,0.00021643164036534165,0.0006228798777000851,0.03597073362380476,-0.9993526072926016,92.19999027252197,drone2
1743161104.8616772,0.8236770629882812,-0.6024446487426758,-0.0925254225730896,0.0001418790719670864,0.0006313360625114484,0.035981691804417515,-0.9993522701178135,92.39994668960571,drone2
1743161105.061642,0.8239660859107971,-0.607361376285553,-0.09586305916309357,0.0001014844045967756,0.0006602384696729527,0.03597060718325917,-0.99935264943945,92.59991145133972,drone2
1743161105.2616386,0.8249367475509644,-0.6109816431999207,-0.0969865694642067,7.949305161526417e-05,0.0006679723340566382,0.03595067172391353,-0.9993533659358749,92.79990816116333,drone2
1743161105.4617128,0.8267955183982849,-0.6131279468536377,-0.09673509001731873,8.768252590089438e-05,0.0006653514298124464,0.03593937636851263,-0.9993537874043599,92.99998235702515,drone2
1743161105.6616457,0.8258963227272034,-0.6143254637718201,-0.09716403484344482,9.30729184938917e-05,0.0006964034085660698,0.035914889049527776,-0.9993545881944816,93.19991517066956,drone2
1743161105.861696,0.823249876499176,-0.6162571907043457,-0.09884704649448395,8.787109600485206e-05,0.0007280833300875706,0.03591029504304005,-0.9993547989287241,93.39996552467346,drone2
1743161106.0616739,0.8199745416641235,-0.6181427836418152,-0.10136514157056808,4.735902249647756e-05,0.0007751628210198663,0.03592647943286831,-0.999354124579148,93.59994339942932,drone2
1743161106.2617054,0.8186635375022888,-0.618958055973053,-0.10551593452692032,5.52416356209037e-05,0.0007954024456101438,0.035911053686313255,-0.9993547146350271,93.79997491836548,drone2
1743161106.461668,0.8194659352302551,-0.6197984218597412,-0.1089017391204834,6.227542603357189e-05,0.000775530576968543,0.035906543973522664,-0.9993549253692697,93.99993753433228,drone2
1743161106.6616273,0.8194916248321533,-0.6223677396774292,-0.10932271182537079,3.6769297535861414e-05,0.0007685394273127667,0.035916069161286035,-0.9993545039007846,94.19989681243896,drone2
1743161106.8616436,0.8184382319450378,-0.6244232654571533,-0.11157768964767456,1.3056838482737176e-05,0.0007974976872803542,0.035923613447169545,-0.999354293166542,94.39991307258606,drone2
1743161107.061634,0.8170024752616882,-0.6235594749450684,-0.11514747142791748,3.143097111802652e-05,0.0008261894013583358,0.03591185447643502,-0.9993546724881787,94.59990358352661,drone2
1743161107.2616248,0.8168033361434937,-0.618267297744751,-0.10371124744415283,9.971973169005658e-05,0.0008113980801187265,0.035912613119708225,-0.9993545881944816,94.79989433288574,drone2
1743161107.4616296,0.8183881044387817,-0.6121118664741516,-0.08606009185314178,0.00017784504810072923,0.0007685124681469711,0.035915689839649434,-0.9993545460476332,94.99989914894104,drone2
1743161107.6616528,0.8211353421211243,-0.6064325571060181,-0.07012979686260223,0.00022134417659973402,0.0007491726211497568,0.03591750215413547,-0.9993545039007845,95.19992232322693,drone2
1743161107.861627,0.8239246606826782,-0.6030609011650085,-0.058837443590164185,0.00022363988333407768,0.0007200129083012742,0.03592078960831929,-0.9993543353133907,95.3998966217041,drone2
1743161108.0616312,0.8252139687538147,-0.6022869944572449,-0.05067114531993866,0.00021398574432414624,0.0007120150087289194,0.03594633059851693,-0.9993534923764203,95.59990072250366,drone2
1743161108.261607,0.8263641595840454,-0.6028004288673401,-0.044373318552970886,0.00021219380355889353,0.0007063573293837446,0.035943970375000356,-0.9993535766701174,95.79987645149231,drone2
1743161108.4615986,0.8265764713287354,-0.6027697920799255,-0.04057040810585022,0.0002108245043111546,0.0007011592935256257,0.03592580508329207,-0.999354208872845,95.99986815452576,drone2
1743161108.6616101,0.8255916833877563,-0.6023802161216736,-0.038872092962265015,0.00021922475399837102,0.0007118456393132725,0.03591901944068182,-0.9993544196070876,96.19987964630127,drone2
1743161108.8615987,0.823309600353241,-0.6022634506225586,-0.03896154463291168,0.0002282521850113775,0.0007208937733192487,0.035895375058667245,-0.9993553046909063,96.39986824989319,drone2
1743161109.061627,0.8193625807762146,-0.6019856929779053,-0.03938323259353638,0.0002188600643975598,0.0007805223031800202,0.03589250907296854,-0.9993553889846034,96.59989643096924,drone2
1743161109.2616327,0.8148558735847473,-0.5990109443664551,-0.038450852036476135,0.00022947185059919332,0.0008450951440476943,0.03589158184230129,-0.9993553046909063,96.79990220069885,drone2
1743161109.461613,0.8120215535163879,-0.5939741134643555,-0.036472201347351074,0.0002650224292049101,0.0008702689545230639,0.0358912446675132,-0.9993553046909063,96.9998824596405,drone2
1743161109.6616166,0.8123459815979004,-0.5888403058052063,-0.03414085507392883,0.00032639690461295503,0.0008238900314701665,0.03590987357455494,-0.9993547146350271,97.1998860836029,drone2
1743161109.8615932,0.8138788342475891,-0.5867182612419128,-0.03226718306541443,0.0003295463319838348,0.0007664887197149084,0.03593006191499171,-0.9993539981386024,97.39986276626587,drone2
1743161110.061586,0.8146441578865051,-0.5851801633834839,-0.03173723816871643,0.0003234629859323127,0.0007146600733247476,0.035948058619305834,-0.9993533659358749,97.59985542297363,drone2
1743161110.2615964,0.8127678632736206,-0.5819486975669861,-0.032534435391426086,0.0003370806573816016,0.0007289120877713509,0.0359693849246524,-0.9993526072926016,97.79986596107483,drone2
1743161110.4615898,0.8105875253677368,-0.578896164894104,-0.03288142383098602,0.0003341566991866424,0.0007555196113791466,0.03596264142889061,-0.9993528601736927,97.99985933303833,drone2
1743161110.6615765,0.8058193922042847,-0.5758589506149292,-0.03186485171318054,0.0003247421263210056,0.0007945239883955264,0.03593073626456783,-0.9993539138449055,98.19984602928162,drone2
1743161110.861602,0.8008924722671509,-0.5736530423164368,-0.03092697262763977,0.0003381838634890837,0.0008293424507240094,0.035905406008612806,-0.9993547989287243,98.3998715877533,drone2
1743161111.0616,0.7954734563827515,-0.5701947212219238,-0.03135482966899872,0.0003613790564107035,0.0008644148642783832,0.0358946164153941,-0.9993551361035122,98.5998694896698,drone2
1743161111.261593,0.7900058031082153,-0.5681023001670837,-0.03221185505390167,0.0003858304847198478,0.0008805567779858017,0.03587914852199059,-0.9993556840125429,98.79986262321472,drone2
1743161111.461596,0.7855213284492493,-0.5690186023712158,-0.032771557569503784,0.0003752194188012699,0.0008818005421867064,0.03584956143433593,-0.9993567798306042,98.99986553192139,drone2
1743161111.6615927,0.7789298892021179,-0.5708624124526978,-0.03159375488758087,0.00032790867584909286,0.0008936914687770329,0.035829710268687254,-0.9993574963270289,99.199862241745,drone2
1743161111.8616025,0.7737587690353394,-0.5730916261672974,-0.03334313631057739,0.00028917969391414503,0.0009318478462622898,0.03581955287819616,-0.9993577913549685,99.39987206459045,drone2
1743161112.0615954,0.770678699016571,-0.5756517648696899,-0.03764621913433075,0.00026765922083535717,0.0009351252370628769,0.035818962822317,-0.9993578756486654,99.5998649597168,drone2
1743161112.261618,0.7689465880393982,-0.577767014503479,-0.04418464004993439,0.00024961341379632895,0.000933017771160237,0.03582448405947192,-0.9993576649144229,99.79988741874695,drone2
1743161112.4617734,0.7687666416168213,-0.5791183114051819,-0.05181540548801422,0.0002565150013990196,0.000918200643207721,0.0358545347624602,-0.9993566112432102,100.00004291534424,drone2
1743161112.6617272,0.7713384628295898,-0.5794397592544556,-0.05970139801502228,0.00026923135179155475,0.0008761167474358869,0.03587341655059301,-0.999355936893634,100.19999670982361,drone2
1743161112.8617177,0.7762699127197266,-0.5793282389640808,-0.0686296820640564,0.0002833395360017114,0.000782924694124657,0.03590700758885629,-0.9993547989287241,100.39998722076416,drone2
1743161113.0616739,0.7815002799034119,-0.5791428685188293,-0.07680368423461914,0.00030449552527484674,0.000728790606889144,0.03594502404621308,-0.9993534502295718,100.59994339942932,drone2
1743161113.2616904,0.7853940725326538,-0.5791695713996887,-0.08141882717609406,0.00028921317678647275,0.0007034903147092098,0.0359328857538419,-0.999353955991754,100.799959897995,drone2
1743161113.461701,0.7861253619194031,-0.5804954171180725,-0.0836174413561821,0.0002838639432252244,0.0007032738593612424,0.03592289695074491,-0.9993543353133906,100.99997043609619,drone2
1743161113.6617334,0.7870632410049438,-0.5823413729667664,-0.08558064699172974,0.0002771195625442987,0.0006830149517645907,0.03591923017492443,-0.999354461753936,101.20000290870667,drone2
1743161113.8616815,0.7896956205368042,-0.5844535827636719,-0.0869545042514801,0.0002742737653506307,0.0006510770042730558,0.035958974653070186,-0.9993530709079352,101.39995098114014,drone2
1743161114.0616643,0.7915595769882202,-0.5846921801567078,-0.08847640454769135,0.00028347385850182395,0.0006067228174689831,0.035976170567262655,-0.9993524808520561,101.59993386268616,drone2
1743161114.261693,0.7918914556503296,-0.5859381556510925,-0.0895296037197113,0.0003121462381246415,0.000601111102472514,0.03596074482070766,-0.9993529866142382,101.79996252059937,drone2
1743161114.4617162,0.7926325798034668,-0.5894954800605774,-0.09062990546226501,0.0003099677831819926,0.0006165197165805356,0.035947552857123755,-0.9993534502295718,101.99998569488525,drone2
1743161114.6616747,0.7929409146308899,-0.5936540961265564,-0.091792032122612,0.00027862158937966996,0.0006079397562709454,0.03594228450105985,-0.9993536609638143,102.1999442577362,drone2
1743161114.8618484,0.7928451895713806,-0.5983640551567078,-0.0941668301820755,0.00023869110327966555,0.0006210116692490017,0.035972714525684735,-0.9993525651457531,102.40011787414551,drone2
1743161115.061705,0.7911027669906616,-0.6021704077720642,-0.09455324709415436,0.00023041297243964816,0.0006278591121454266,0.03597254593829069,-0.9993525651457531,102.59997463226318,drone2
1743161013.46206,-1.1526070833206177,0.9352926015853882,0.02307628095149994,-0.0005117644037307287,0.002024597378251443,-0.09075961363923846,0.9958706875497225,0.0,drone3
1743161013.6616666,-1.151415228843689,0.9318336844444275,0.02297501266002655,-0.0004766738596228695,0.002001311409085301,-0.09079855732726255,0.9958671472144477,0.19960665702819824,drone3
1743161013.8618002,-1.1504536867141724,0.9274783134460449,0.021858587861061096,-0.0004304051810365115,0.0019916067679434137,-0.09082599492564308,0.9958647448440825,0.39974021911621094,drone3
1743161014.0617197,-1.1504031419754028,0.9245790243148804,0.021042600274086,-0.0004156387198520786,0.00200995093680359,-0.09086477002627319,0.9958611202151106,0.5996596813201904,drone3
1743161014.261651,-1.1502835750579834,0.9227343797683716,0.019450649619102478,-0.0004380347484337453,0.0020059477270576265,-0.09088133373773782,0.9958596450754128,0.799591064453125,drone3
1743161014.4616768,-1.1503570079803467,0.9219355583190918,0.015580326318740845,-0.00043512603966004926,0.0020014530784725807,-0.09089119610028945,0.9958587178447456,0.9996168613433838,drone3
1743161014.6616745,-1.150563359260559,0.922867476940155,0.011650249361991882,-0.000450339899519593,0.001992303425714796,-0.09092862250176709,0.9958554303905618,1.1996145248413086,drone3
1743161014.8618479,-1.1506505012512207,0.9248591661453247,0.00856393575668335,-0.00044987974154464,0.0019832120541459675,-0.09094392180777655,0.9958540395445609,1.3997879028320312,drone3
1743161015.0618129,-1.151625156402588,0.9260930418968201,0.007074043154716492,-0.0004523852564433239,0.0019769653478974338,-0.09096840912676141,0.9958517214678927,1.5997529029846191,drone3
1743161015.2616727,-1.1529172658920288,0.9252151250839233,0.005585670471191406,-0.00044338879760170844,0.0019419568748988822,-0.09098067385967806,0.9958506677966799,1.7996127605438232,drone3
1743161015.4616952,-1.1541868448257446,0.9230249524116516,0.0023695826530456543,-0.0004254818199767693,0.0019189647812194275,-0.09095483784154096,0.9958531544607421,1.9996352195739746,drone3
1743161015.661676,-1.1552497148513794,0.9205984473228455,-0.0027472227811813354,-0.00041158085091195265,0.0019253422085527957,-0.09095639727493587,0.9958529437264996,2.199615955352783,drone3
1743161015.861631,-1.1564525365829468,0.9174128174781799,-0.008122965693473816,-0.00039107171698178313,0.001910018618714609,-0.09094404824832208,0.9958540816914094,2.399570941925049,drone3
1743161016.0617244,-1.157529354095459,0.915090024471283,-0.01261623203754425,-0.0003846625971939684,0.001912037551539957,-0.09094248881492717,0.9958542924256519,2.5996644496917725,drone3
1743161016.26171,-1.1587189435958862,0.9119851589202881,-0.020188242197036743,-0.00037743795235108054,0.0018883384280131196,-0.09096735545554863,0.9958521007895292,2.799649953842163,drone3
1743161016.4617157,-1.1606826782226562,0.9111440181732178,0.02067744731903076,-0.00039372795625473145,0.0018697138838286698,-0.0910079007238161,0.9958483918668604,2.9996557235717773,drone3
1743161016.6616871,-1.1640329360961914,0.9103811979293823,0.07842215895652771,-0.0003826271184378574,0.0018404016561880416,-0.09107929748519361,0.9958418169584926,3.199627161026001,drone3
1743161016.8616483,-1.1664239168167114,0.9092947244644165,0.12490573525428772,-0.0003858916058819912,0.0018243441184957084,-0.09110812592957507,0.9958392881475819,3.3995883464813232,drone3
1743161017.0616548,-1.168766975402832,0.9120276570320129,0.15859562158584595,-0.00040173610442599186,0.0018112358723823758,-0.09120965768763778,0.9958300579877581,3.599594831466675,drone3
1743161017.2616425,-1.1703482866287231,0.9175191521644592,0.17995363473892212,-0.0004490220284820244,0.0017900185973109663,-0.09132981835274229,0.9958190576602968,3.7995824813842773,drone3
1743161017.4616277,-1.1680318117141724,0.9235036969184875,0.1932375431060791,-0.0004850572958456165,0.0018611731377865784,-0.09137613773925579,0.995814547947506,3.999567747116089,drone3
1743161017.6616478,-1.1650327444076538,0.930552065372467,0.20166033506393433,-0.0005509435214163985,0.001930585375289227,-0.09148757400671859,0.9958041798227724,4.199587821960449,drone3
1743161017.8616467,-1.1622157096862793,0.937311053276062,0.2074270248413086,-0.0006215461192762575,0.0019338159888502315,-0.09161810279655686,0.9957921679709468,4.3995866775512695,drone3
1743161018.0616484,-1.161204218864441,0.9418672323226929,0.21021658182144165,-0.0006502858659442901,0.0019317151907107348,-0.0916807751602925,0.9957863938527007,4.599588394165039,drone3
1743161018.2616725,-1.1628775596618652,0.9461510181427002,0.2086506187915802,-0.0006719277375872216,0.0018555860050218213,-0.09169759175284842,0.995784918713003,4.799612522125244,drone3
1743161018.4616954,-1.1650137901306152,0.9497041702270508,0.20380136370658875,-0.0006936421314440945,0.0017985163321648802,-0.09173274222450639,0.9957817998462132,4.999635457992554,drone3
1743161018.6616316,-1.1659184694290161,0.9511891603469849,0.19794145226478577,-0.0007083191128935053,0.001811708954293298,-0.09171103659752333,0.9957837807480932,5.19957160949707,drone3
1743161018.861613,-1.1677806377410889,0.9524634480476379,0.19142574071884155,-0.0006826180140624003,0.0018094642230197754,-0.09166256772173581,0.9957883326077323,5.399553060531616,drone3
1743161019.0616274,-1.1716638803482056,0.9543901681900024,0.1843261420726776,-0.0006915421153262011,0.001768389484967877,-0.09161953578940618,0.9957923365583408,5.599567413330078,drone3
1743161019.2616112,-1.1768511533737183,0.9552797675132751,0.17708295583724976,-0.0006712765193868902,0.0017347703350860102,-0.09150746731921572,0.995802662536226,5.799551248550415,drone3
1743161019.4616344,-1.1817567348480225,0.9557060599327087,0.17029082775115967,-0.0006717990332949427,0.0017129730469391947,-0.0914341318028068,0.9958094903256848,5.999574422836304,drone3
1743161019.661626,-1.1880806684494019,0.9562062621116638,0.16289028525352478,-0.0006800185742532655,0.001696182878481731,-0.09130861848794136,0.9958209542684797,6.199566125869751,drone3
1743161019.8616192,-1.1942638158798218,0.9570162892341614,0.15478023886680603,-0.0006997684063657307,0.0016553202740794666,-0.09125711503906103,0.995825843302907,6.399559259414673,drone3
1743161020.0615914,-1.1989578008651733,0.9551544189453125,0.1474955677986145,-0.0006593429520396718,0.0016686920614730875,-0.09124598827105418,0.9958267705335743,6.599531412124634,drone3
1743161020.2616038,-1.200079321861267,0.9522992968559265,0.1393257975578308,-0.0006442452841267552,0.0016838694132714702,-0.09130212787327063,0.9958216286180559,6.799543857574463,drone3
1743161020.4615974,-1.1995247602462769,0.9504218697547913,0.1301622986793518,-0.0006502274201192066,0.0017250734730011232,-0.09145950420561033,0.9958070458084712,6.999537467956543,drone3
1743161020.6615736,-1.1999287605285645,0.9495843052864075,0.1198713481426239,-0.0006494750330188366,0.0017390963551179802,-0.09148449728677727,0.9958048120255001,7.199513673782349,drone3
1743161020.8617017,-1.2008084058761597,0.9495114684104919,0.10799488425254822,-0.0006452777995972085,0.001763155290900367,-0.09145933561821629,0.9958070458084712,7.399641752243042,drone3
1743161021.0617514,-1.2006558179855347,0.9501225352287292,0.09997126460075378,-0.0006637204208613281,0.0017565483608059668,-0.09151998493322344,0.9958015245713163,7.599691390991211,drone3
1743161021.261625,-1.1981192827224731,0.9500043392181396,0.0870468020439148,-0.0006858460346044045,0.0018043843753213235,-0.0916688897490125,0.9957876582581562,7.799565076828003,drone3
1743161021.461643,-1.1946772336959839,0.9481014013290405,0.07703998684883118,-0.0006858112552225768,0.001895013970213445,-0.09176747122767942,0.9957784280983324,7.999583005905151,drone3
1743161021.6616182,-1.1911993026733398,0.9464545249938965,0.06920671463012695,-0.0006757848327704763,0.001929977826821581,-0.09182495952904829,0.9957731175954199,8.19955825805664,drone3
1743161021.861616,-1.1868327856063843,0.9442620277404785,0.06033352017402649,-0.0006339009493134261,0.0019521921382780764,-0.09186200660888932,0.9957697037006905,8.399555921554565,drone3
1743161022.0616524,-1.1806925535202026,0.9411146640777588,0.050470709800720215,-0.0006054933148725756,0.002033308687321102,-0.09190170894018662,0.9957659104843245,8.599592447280884,drone3
1743161022.2616136,-1.173840045928955,0.939663827419281,0.03985238075256348,-0.000614548631129592,0.0020902398600362083,-0.09198077642799307,0.9957584083452895,8.799553632736206,drone3
1743161022.4616556,-1.1682082414627075,0.9402711391448975,0.028555378317832947,-0.0006292648782952914,0.0021244378293815602,-0.09201714915825793,0.9957549944505603,8.999595642089844,drone3
1743161022.6616423,-1.1621644496917725,0.9417820572853088,0.019300296902656555,-0.0006501991850234269,0.0021622995287790105,-0.09202722225505217,0.9957539407793474,9.19958233833313,drone3
1743161022.8616502,-1.1562273502349854,0.9430713057518005,0.00998176634311676,-0.000645891151488331,0.0021821113463932895,-0.09207320446677753,0.9957496839476478,9.399590253829956,drone3
1743161023.0616512,-1.152482509613037,0.9421042203903198,0.0002518892288208008,-0.0006237396898733162,0.002214721811884086,-0.09217680142041729,0.9957400744661873,9.599591255187988,drone3
1743161023.2616618,-1.1519566774368286,0.9376091361045837,-0.00997316837310791,-0.0005314589181045233,0.0021955551209334396,-0.09237931702751212,0.995721403412297,9.799601793289185,drone3
1743161023.461593,-1.1526904106140137,0.9323775172233582,-0.0222073495388031,-0.0004603992491970925,0.002172639006826593,-0.0925193288582653,0.9957084221829557,9.99953293800354,drone3
1743161023.6615932,-1.1554584503173828,0.9270530343055725,-0.019432231783866882,-0.00045198724860631175,0.0021370572708338423,-0.0925968790595253,0.9957013415124059,10.199533224105835,drone3
1743161023.8616135,-1.1569167375564575,0.9210605025291443,0.0002884119749069214,-0.0004410071713885886,0.0021240985966418857,-0.09269175161552334,0.9956924485273699,10.399553537368774,drone3
1743161024.0617132,-1.156847596168518,0.9139647483825684,0.02008846402168274,-0.00041102578020978656,0.002143403664257272,-0.09279012235994771,0.9956833448080917,10.599653244018555,drone3
1743161024.2616968,-1.1573362350463867,0.9084253311157227,0.03324940800666809,-0.00040487382205233873,0.0021396924366825355,-0.09287450035066663,0.9956755054942688,10.799636840820312,drone3
1743161024.461753,-1.1608747243881226,0.9023854732513428,0.0422210693359375,-0.00039738748808559133,0.002095435776204192,-0.09304831395392549,0.9956593211044404,10.999692916870117,drone3
1743161024.661698,-1.16575026512146,0.8976609706878662,0.04617297649383545,-0.0003828200719786959,0.0020227215142204543,-0.09325230470071827,0.9956404393163076,11.19963812828064,drone3
1743161024.8616893,-1.170479655265808,0.8956865668296814,0.04722273349761963,-0.00040594749655454117,0.001971159454878931,-0.09332867479022,0.9956333586457577,11.399629354476929,drone3
1743161025.061707,-1.173504114151001,0.8975602984428406,0.0461215078830719,-0.00047032351493239195,0.0019252029263893574,-0.09321576338305926,0.995644021798431,11.599647045135498,drone3
1743161025.261718,-1.1752426624298096,0.9029539823532104,0.04250854253768921,-0.0005732132740886594,0.001918185064521976,-0.09297405120684937,0.9956664860686874,11.799658060073853,drone3
1743161025.4617229,-1.1747422218322754,0.9108907580375671,0.03660416603088379,-0.0006684443664122468,0.0019327935985015885,-0.09277039763484468,0.9956855364442142,11.99966287612915,drone3
1743161025.6616824,-1.1737455129623413,0.9193827509880066,0.030737772583961487,-0.0007487471602385644,0.0019505770578722489,-0.09262225146232883,0.9956992341699804,12.199622392654419,drone3
1743161025.861686,-1.171952247619629,0.925343930721283,0.024711817502975464,-0.0007566704384863585,0.0019599575304800818,-0.0925765221316946,0.9957033224142858,12.399626016616821,drone3
1743161026.0617266,-1.1695772409439087,0.9277755618095398,0.020423725247383118,-0.0007222267497214653,0.001981246134153512,-0.09259898640195086,0.9957012572187087,12.599666595458984,drone3
1743161026.2616477,-1.1672271490097046,0.9261040687561035,0.016056492924690247,-0.0006467797338247582,0.0020072641163700524,-0.09270098177534725,0.9956918163246424,12.799587726593018,drone3
1743161026.4616296,-1.1663563251495361,0.92293381690979,0.01201505959033966,-0.0005982291573592086,0.0019954371920740954,-0.0927795435009715,0.9956845670666985,12.999569654464722,drone3
1743161026.6616251,-1.1656209230422974,0.9199439287185669,0.005223289132118225,-0.0005596177050394197,0.0020106673509102117,-0.09280175489013681,0.9956824175774245,13.199565172195435,drone3
1743161026.861632,-1.164768099784851,0.9203191995620728,0.009795412421226501,-0.000556177962438099,0.0020140017263902553,-0.09278923727612903,0.9956836398360313,13.399572134017944,drone3
1743161027.0616627,-1.163598895072937,0.922593891620636,0.025009959936141968,-0.0005553183149009911,0.0020060814939108105,-0.0927531595738037,0.995687011583912,13.599602699279785,drone3
1743161027.2616475,-1.16339111328125,0.9246103763580322,0.03789934515953064,-0.0005784361905814703,0.0019960301290854704,-0.09272723926196952,0.9956893296605802,13.799587488174438,drone3
1743161027.461642,-1.163192629814148,0.9248430132865906,0.045387089252471924,-0.0005455815697143396,0.0019775515348276025,-0.09272690208718143,0.9956894982479743,13.999582052230835,drone3
1743161027.6616185,-1.1627459526062012,0.9230580925941467,0.047770559787750244,-0.0004949023716038309,0.0020021484191549473,-0.09275918657314075,0.9956864636748816,14.19955849647522,drone3
1743161027.8616183,-1.161634922027588,0.9218233823776245,0.04801657795906067,-0.0004646911483917427,0.002009096557622546,-0.09279463207273847,0.9956831340738491,14.399558305740356,drone3
1743161028.0615997,-1.1587860584259033,0.9217453002929688,0.04790046811103821,-0.00048024522880772306,0.0020097879470378642,-0.0927885629265528,0.9956837241297283,14.599539756774902,drone3
1743161028.261624,-1.154124140739441,0.9225478172302246,0.04769927263259888,-0.0005036776418088276,0.002048910841486165,-0.09276614080314505,0.9956857471784568,14.799564123153687,drone3
1743161028.4616225,-1.150780439376831,0.9236880540847778,0.04677197337150574,-0.0004930944199752279,0.002074215661159592,-0.09273048456930488,0.9956889503389437,14.999562501907349,drone3
1743161028.6616087,-1.1502985954284668,0.925889790058136,0.045224279165267944,-0.00048296024317800876,0.0020534762836058188,-0.09273916682009808,0.9956882759893675,15.199548721313477,drone3
1743161028.8616152,-1.1515859365463257,0.9285544157028198,0.04291006922721863,-0.000497739628298411,0.0020004158708725084,-0.09273908252640112,0.9956882759893675,15.399555206298828,drone3
1743161029.0615916,-1.152357578277588,0.9331492185592651,0.038314998149871826,-0.0005298890303155557,0.001995953326332227,-0.09275383392337994,0.9956869272902151,15.599531650543213,drone3
1743161029.2615929,-1.1513423919677734,0.9382221698760986,0.03165103495121002,-0.0005725121711418483,0.002021657306295554,-0.09278961659776558,0.9956835133954858,15.799532890319824,drone3
1743161029.4616191,-1.15093195438385,0.9452452063560486,0.024128630757331848,-0.0006068336175824473,0.002031515141353611,-0.09279665512146695,0.995682881192758,15.999559164047241,drone3
1743161029.661608,-1.1507598161697388,0.9549300670623779,0.018543556332588196,-0.0006678254168928064,0.0020127185935754827,-0.09280660177771555,0.9956818696683938,16.19954800605774,drone3
1743161029.861673,-1.150207757949829,0.9652363061904907,0.014640480279922485,-0.0007382774961735597,0.0019813256122438194,-0.09280247138656145,0.9956822911368789,16.39961314201355,drone3
1743161030.0616157,-1.1488150358200073,0.9772843718528748,0.00992758572101593,-0.0008098301268042474,0.0019931605213919356,-0.09279977398825678,0.9956824597242729,16.599555730819702,drone3
1743161030.2616453,-1.148025393486023,0.9874238967895508,0.004464790225028992,-0.0008284894092114933,0.001997165048226915,-0.09279488495382948,0.9956829654864552,16.799585342407227,drone3
1743161030.4616141,-1.148601770401001,0.9909574389457703,-0.0015436112880706787,-0.0007747006462523536,0.001990769428601514,-0.09276673085902426,0.9956855785910628,16.99955415725708,drone3
1743161030.661712,-1.1493875980377197,0.9888635873794556,-0.008117809891700745,-0.000670183088549448,0.0019898698156445775,-0.09273263405857896,0.9956888238983981,17.199651956558228,drone3
1743161030.8616328,-1.1492058038711548,0.9849194288253784,-0.015598446130752563,-0.0006058375690141234,0.0020180785284849858,-0.0927505043223475,0.9956871380244576,17.39957284927368,drone3
1743161031.061654,-1.1481517553329468,0.9782945513725281,-0.02424253523349762,-0.0005412545207065754,0.002040515057553893,-0.09280217635862192,0.9956823332837275,17.599594116210938,drone3
1743161031.2616677,-1.1470258235931396,0.9704241752624512,-0.030518680810928345,-0.00047919542654393507,0.0020630218039309647,-0.09282725373348583,0.9956799309133623,17.799607753753662,drone3
1743161031.4616017,-1.1473674774169922,0.9577088356018066,-0.0361364483833313,-0.0003753869977990317,0.0020553559342677287,-0.09281566335014535,0.9956811531719691,17.999541759490967,drone3
1743161031.6615717,-1.1476153135299683,0.9476624131202698,-0.042790815234184265,-0.00031994635825968097,0.0020715865045295343,-0.09281090075626364,0.9956815324936057,18.199511766433716,drone3
1743161031.8616047,-1.1494022607803345,0.9379634261131287,-0.04902452230453491,-0.0002705973377372339,0.0020327208540296643,-0.09281347171402282,0.9956814903467572,18.399544715881348,drone3
1743161032.0615892,-1.1509846448898315,0.928196907043457,-0.05542680621147156,-0.00022083376344701161,0.0020396469312562453,-0.09282801237675903,0.9956800152070593,18.599529266357422,drone3
1743161032.261593,-1.151690125465393,0.9195244312286377,-0.06157931685447693,-0.0001637355673810685,0.0020437527093093272,-0.09282813881730456,0.9956800573539077,18.799533128738403,drone3
1743161032.4616406,-1.1514395475387573,0.9137036204338074,-0.06758353114128113,-0.0001521051774617126,0.0020400798419521805,-0.09281237589596159,0.9956814903467572,18.99958062171936,drone3
1743161032.6615655,-1.1515016555786133,0.913054883480072,-0.07335962355136871,-0.00019860977961805534,0.0020397714784863175,-0.09283100480300338,0.9956798044728168,19.19950556755066,drone3
1743161032.8615994,-1.1512373685836792,0.9184715747833252,-0.07368642091751099,-0.0002866292745118191,0.0020182761741554442,-0.09284293236113189,0.9956786665079069,19.399539470672607,drone3
1743161033.061611,-1.15215003490448,0.9232556819915771,-0.07061848044395447,-0.00035919808047735587,0.002013488884854664,-0.09288478418170326,0.9956747468509954,19.59955096244812,drone3
1743161033.261604,-1.1534785032272339,0.9270796179771423,-0.06622782349586487,-0.00038421668024400045,0.001987187769658723,-0.09292967057536733,0.9956706586066899,19.799544095993042,drone3
1743161033.461625,-1.1539522409439087,0.9323863983154297,-0.06303974986076355,-0.0004326443969997796,0.001981719051428307,-0.09296680194890544,0.9956672447119606,19.99956512451172,drone3
1743161033.6616151,-1.1530468463897705,0.9382758140563965,-0.06174024939537048,-0.000466757084831348,0.0019861173878790604,-0.09297013154993777,0.9956667810966269,20.199555158615112,drone3
1743161033.8616157,-1.1525148153305054,0.9429163336753845,-0.06329354643821716,-0.0004906052040531167,0.0019798128943499514,-0.09299984507813797,0.9956640415514737,20.399555683135986,drone3
1743161034.0616257,-1.1537227630615234,0.9468907713890076,-0.06711539626121521,-0.0005203540467025375,0.001941237250387784,-0.09308599323649425,0.9956560336502567,20.599565744400024,drone3
1743161034.2617233,-1.1559138298034668,0.9480006098747253,-0.07105420529842377,-0.0005407909053729558,0.00189034188504253,-0.09315835937538752,0.9956494165950405,20.799663305282593,drone3
1743161034.4618912,-1.1566956043243408,0.9455785751342773,-0.07486291229724884,-0.0005035950767911393,0.0018881760144738385,-0.09315207949495935,0.9956499645040711,20.999831199645996,drone3
1743161034.6617358,-1.1577112674713135,0.9429526329040527,-0.07650716602802277,-0.0004893298502953447,0.0019187025158691235,-0.09314525170550053,0.9956506388536472,21.199675798416138,drone3
1743161034.8617036,-1.1606944799423218,0.939124584197998,-0.07860571146011353,-0.0004854036902568151,0.0019368122428844578,-0.09316885394066671,0.9956482786301306,21.399643659591675,drone3
1743161035.0616806,-1.1644970178604126,0.9338755011558533,-0.0828680694103241,-0.00047486335613429774,0.0019360924537372326,-0.09316447066842154,0.9956487843923127,21.599620580673218,drone3
1743161035.2616963,-1.1645923852920532,0.9289591312408447,-0.08928792178630829,-0.0004693964489012791,0.0019470116155879671,-0.09315709496993213,0.9956494165950404,21.799636363983154,drone3
1743161035.461682,-1.162662148475647,0.9255204200744629,-0.09576857835054398,-0.00048240657188292226,0.0019980199213163402,-0.09313501002131247,0.995651439643769,21.999622106552124,drone3
1743161035.6617625,-1.1616545915603638,0.9246647953987122,-0.09744101762771606,0.0017427636248468093,0.0010726524411258812,-0.09307393923782009,0.995657129468318,22.199702501296997,drone3
1743161035.8617294,-1.1608850955963135,0.9239110350608826,-0.07368087768554688,0.003164173746456616,0.0005073649971450392,-0.09289363501989056,0.9956709536346295,22.399669408798218,drone3
1743161036.0617232,-1.160477876663208,0.9223062992095947,-0.011606559157371521,0.0006102219937120351,0.001258137922608167,-0.09269832652389104,0.9956932071706432,22.599663257598877,drone3
1743161036.2616963,-1.1606131792068481,0.9201274514198303,0.06999289989471436,-0.0005718006961190365,0.0017753676695286527,-0.09270945329189795,0.9956915212967028,22.799636363983154,drone3
1743161036.4616828,-1.1618576049804688,0.9179810285568237,0.20555254817008972,-0.0013705980827243831,0.0019215261695037106,-0.09306218026708563,0.9956575930836515,22.99962282180786,drone3
1743161036.6617167,-1.163554310798645,0.9151036143302917,0.3785109221935272,-0.0015873342381860602,0.002253576555240543,-0.09327291450964004,0.9956367725404872,23.19965672492981,drone3
1743161036.8616612,-1.1668899059295654,0.9095087051391602,0.6109498739242554,-0.0021096820489659765,0.002494930956567043,-0.09310820462565944,0.9956506810004958,23.399601221084595,drone3
1743161037.0616927,-1.1709668636322021,0.9050910472869873,0.8528661727905273,-0.0025550471900848758,0.0028074629577166917,-0.09286459584126655,0.9956715015436601,23.599632740020752,drone3
1743161037.2616808,-1.1752620935440063,0.9030348658561707,1.1073925495147705,-0.0027203200164324375,0.0031857507926245426,-0.092583897830184,0.9956961153031905,23.799620866775513,drone3
1743161037.4616933,-1.17722487449646,0.9038418531417847,1.3545994758605957,-0.0025128789080081982,0.0034115369754076563,-0.09250499892977154,0.9957031959737404,23.999633312225342,drone3
1743161037.661691,-1.1743704080581665,0.9054479598999023,1.6007976531982422,-0.0019103421287042664,0.003018721267932663,-0.0932957159546845,0.9956320099466054,24.199630975723267,drone3
1743161037.8616765,-1.1697301864624023,0.9072344899177551,1.850683569908142,-0.0017186009683045256,0.0021908995405342554,-0.0943664144942552,0.995533723495878,24.399616479873657,drone3
1743161038.0617502,-1.1671239137649536,0.9118170142173767,2.1042423248291016,-0.001459967182269194,0.0018419443584365392,-0.09386511987806662,0.9955821923716656,24.599690198898315,drone3
1743161038.2617226,-1.166337013244629,0.9199955463409424,2.3611228466033936,-0.0006075372723892269,0.001999971847238001,-0.09200332499194641,0.9957565117371066,24.799662590026855,drone3
1743161038.4616966,-1.1657763719558716,0.9281119704246521,2.6230387687683105,0.00031966384266564574,0.0022767827170441235,-0.09054281025049837,0.9958899908063407,24.99963665008545,drone3
1743161038.6617472,-1.1635563373565674,0.9339621663093567,2.8916091918945312,0.0005344363624611297,0.0022987172705618212,-0.09077141475682149,0.9958689173820852,25.199687242507935,drone3
1743161038.8617258,-1.1605956554412842,0.9385738372802734,3.1636855602264404,0.0003601309910908667,0.0020516142490094977,-0.09191203491807182,0.9957650254005058,25.39966583251953,drone3
1743161039.061706,-1.158851146697998,0.9403056502342224,3.438650131225586,0.0001827533449547374,0.001931365174304742,-0.09290303376710846,0.9956733560049946,25.59964609146118,drone3
1743161039.2617059,-1.1575894355773926,0.9396111369132996,3.717698812484741,-0.0002807198253694362,0.0019753464808606853,-0.09352394113937096,0.9956151090603526,25.79964590072632,drone3
1743161039.4616919,-1.1548466682434082,0.9380746483802795,4.000975608825684,-0.0006913862872319994,0.0019136231620790526,-0.09365581862836159,0.9956025914463449,25.999631881713867,drone3
1743161039.661733,-1.1511657238006592,0.9380103349685669,4.286736011505127,-0.0008392182928584524,0.001639449227959988,-0.0934192483676699,0.9956252243039951,26.19967293739319,drone3
1743161039.8616726,-1.1477874517440796,0.9401180744171143,4.575058460235596,-0.0005956509144514244,0.0013927730255669005,-0.09304603802410594,0.9956607540972898,26.39961266517639,drone3
1743161040.0617113,-1.1469346284866333,0.9428297281265259,4.8659138679504395,-0.0002615961456069674,0.0014133131934070085,-0.09281482041317524,0.9956824175774245,26.599651336669922,drone3
1743161040.2616613,-1.1445844173431396,0.943687379360199,5.158775329589844,-0.00025256869401444514,0.0016207615869798671,-0.09269786290855742,0.9956929964364007,26.799601316452026,drone3
1743161040.4616396,-1.1389223337173462,0.9421105980873108,5.453741073608398,-0.0005160943338707149,0.0013003520249769388,-0.09251056231377502,0.9957107824064723,26.999579668045044,drone3
1743161040.6616468,-1.1338742971420288,0.940793514251709,5.7513747215271,-0.0008113689909730341,0.0006829208519281404,-0.0923894322711547,0.9957224149366614,27.199586868286133,drone3
1743161040.8617208,-1.1320438385009766,0.9417034387588501,6.050690650939941,-0.0008082337480334709,0.0006945157576172497,-0.09266486192617335,0.9956968317996152,27.39966082572937,drone3
1743161041.061779,-1.1302660703659058,0.9437930583953857,6.35156774520874,-0.0005814165366499256,0.0008441049606412803,-0.09284600908107321,0.9956799730602108,27.599719047546387,drone3
1743161041.2616665,-1.128673791885376,0.9471918344497681,6.6162800788879395,-0.000269226741979995,0.0007008940235658897,-0.09282679011815226,0.9956820804026363,27.799606561660767,drone3
1743161041.4616454,-1.1280291080474854,0.953702986240387,6.916478633880615,3.994035397781098e-05,0.0008947889949380195,-0.09309931164062368,0.9956564551187417,27.999585390090942,drone3
1743161041.661662,-1.1280652284622192,0.9598641395568848,7.2187323570251465,0.0004976606441163746,0.00113817593214986,-0.0934117462286349,0.9956268258842387,28.199602127075195,drone3
1743161041.8616934,-1.1278598308563232,0.9627733826637268,7.520981311798096,0.0007479733910210903,0.001156849970069988,-0.09308308510394697,0.9956573402025606,28.399633407592773,drone3
1743161042.0616848,-1.1265023946762085,0.9614488482475281,7.848377704620361,0.0003058070372418959,0.0011345187052247783,-0.09196421271652827,0.995761653652625,28.59962487220764,drone3
1743161042.2616258,-1.126494288444519,0.9584139585494995,8.111037254333496,-0.00030393827314399436,0.0009034060292454574,-0.09123979268432303,0.9958284985543633,28.79956579208374,drone3
1743161042.46163,-1.1289952993392944,0.95836341381073,8.355124473571777,-0.0006426971077270354,0.0011395707911563153,-0.0918993487166701,0.9957675120645679,28.99957013130188,drone3
1743161042.6616447,-1.1340388059616089,0.9593044519424438,8.575342178344727,-0.0003033166688670062,0.001603779164685104,-0.09316463925581558,0.9956494587418889,29.19958472251892,drone3
1743161042.8616083,-1.1409428119659424,0.9597328901290894,8.773740768432617,-0.00025980074748304765,0.002289904134047616,-0.09381374286973182,0.9955871235529413,29.399548292160034,drone3
1743161043.0616472,-1.1458163261413574,0.9594900012016296,8.951330184936523,-0.0003489049474995224,0.0027231748891924953,-0.09372245279585728,0.9955945413982792,29.599587202072144,drone3
1743161043.261746,-1.1481808423995972,0.9562920928001404,9.109904289245605,-0.0005283807987561482,0.0026565281270330564,-0.09297185957072679,0.995665137369535,29.799685955047607,drone3
1743161043.4616468,-1.14984130859375,0.9517326951026917,9.252519607543945,-0.0009611215902082292,0.0024155713013737355,-0.09225515241179905,0.9957321087118187,29.999586820602417,drone3
1743161043.6616228,-1.1546485424041748,0.9495071172714233,9.367990493774414,-0.0013220291287511577,0.0024944411023506826,-0.09216529533077383,0.9957396951445507,30.199562788009644,drone3
1743161043.8616118,-1.1618512868881226,0.9488772749900818,9.428016662597656,-0.001246230943995569,0.0031365447585783913,-0.09245846880901554,0.9957108667001693,30.39955186843872,drone3
1743161044.0616095,-1.1688554286956787,0.9487547278404236,9.465858459472656,-0.0010733908341555673,0.0037374170666383964,-0.09279673941516398,0.9956774863961486,30.599549531936646,drone3
1743161044.2616227,-1.173336386680603,0.9474062323570251,9.514375686645508,-0.0010404283766252543,0.003824064731003969,-0.09311642326111919,0.9956474356931604,30.799562692642212,drone3
1743161044.4616256,-1.1760903596878052,0.9453465938568115,9.571637153625488,-0.0013140571593688044,0.003750932787166043,-0.09336631192594025,0.9956239598985399,30.999565601348877,drone3
1743161044.66159,-1.1757384538650513,0.9437145590782166,9.625105857849121,-0.0014482323924658073,0.003475633441641868,-0.09354876563314385,0.995607649068166,31.199530124664307,drone3
1743161044.8615897,-1.1723682880401611,0.9434881210327148,9.671175956726074,-0.0014304213977029067,0.0028635624195874894,-0.09356634086897297,0.9956079440961056,31.399529695510864,drone3
1743161045.0615842,-1.169594645500183,0.9427223205566406,9.710989952087402,-0.0012237759345214057,0.0023466340802565013,-0.093334701789557,0.9956312934501808,31.59952425956726,drone3
1743161045.2615795,-1.1690006256103516,0.944308876991272,9.7468900680542,-0.0010861360164498427,0.0022276135203313876,-0.09239596503267394,0.99571933821672,31.799519538879395,drone3
1743161045.4615643,-1.1701092720031738,0.9478519558906555,9.780369758605957,-0.0005430946586980066,0.002520251890001399,-0.09117480224391933,0.995831617421153,31.999504327774048,drone3
1743161045.6617198,-1.170557975769043,0.9508989453315735,9.810294151306152,-0.00021796036912255626,0.002801625238476889,-0.0910610478997883,0.9958413533431589,32.19965982437134,drone3
1743161045.8616545,-1.16923189163208,0.9532414674758911,9.835312843322754,-0.00020314451710002447,0.0027075899395027033,-0.09189479685703084,0.9957650675473544,32.39959454536438,drone3
1743161046.0615935,-1.1684112548828125,0.9514613151550293,9.856858253479004,-0.00041335126550360023,0.0025458899331958647,-0.0932618720353302,0.9956382898270336,32.599533557891846,drone3
1743161046.2616153,-1.1675516366958618,0.9486616253852844,9.872418403625488,-0.0008259552476267121,0.0027019223408308772,-0.09408929896529611,0.9955597281014092,32.79955530166626,drone3
1743161046.4615867,-1.165204405784607,0.9421296715736389,9.891378402709961,-0.001423869291438796,0.0022671080396773494,-0.09448826103330016,0.9955224702873257,32.99952673912048,drone3
1743161046.6615932,-1.1602730751037598,0.9367865324020386,9.906536102294922,-0.0020167921338170576,0.001913936557236547,-0.09436300059952585,0.9955340185238175,33.199533224105835,drone3
1743161046.8616025,-1.1543065309524536,0.9349675178527832,9.919879913330078,-0.00196930116575461,0.001372413463558107,-0.09364182587465592,0.9956030972085269,33.399542570114136,drone3
1743161047.0615897,-1.1485652923583984,0.9381471872329712,9.933561325073242,-0.0014136896750705263,0.0010335514432824712,-0.09271316221456688,0.9956913527093088,33.59952974319458,drone3
1743161047.2616773,-1.1443287134170532,0.9446415901184082,9.94729232788086,-0.0005416510982672345,0.0008634765927007627,-0.09191275141449656,0.9957665005402037,33.799617290496826,drone3
1743161047.4616222,-1.1423431634902954,0.9483233690261841,9.95901107788086,0.00018890188691254953,0.0010491248272843415,-0.09164044062626764,0.9957915779150677,33.99956226348877,drone3
1743161047.6616273,-1.1410166025161743,0.9494490623474121,9.972135543823242,0.00010925693789067498,0.0012299999209843039,-0.09179368656745324,0.995777247986574,34.19956731796265,drone3
1743161047.8616538,-1.139294147491455,0.9495468735694885,9.983076095581055,-0.0002320967266899451,0.0013924025119630965,-0.0923387717592446,0.9957267139152094,34.39959383010864,drone3
1743161048.0616484,-1.137177586555481,0.9488369226455688,9.993155479431152,-0.0005375193797343929,0.0012746760743142325,-0.09281945656651136,0.9956820804026363,34.59958839416504,drone3
1743161048.2616804,-1.1354492902755737,0.9498859643936157,10.001884460449219,-0.0006741529183206633,0.0012219394596836904,-0.09313349273476601,0.9956527040492243,34.799620389938354,drone3
1743161048.4616055,-1.1346721649169922,0.9520723819732666,10.009773254394531,-0.0005256373846539561,0.0012411779319857071,-0.09321049502699541,0.9956455812318259,34.99954557418823,drone3
1743161048.6616044,-1.136487364768982,0.9547870755195618,10.017178535461426,-0.0003341501754801064,0.001525454062334322,-0.09324964944926206,0.9956414929875204,35.19954442977905,drone3
1743161048.8618288,-1.1373212337493896,0.9576818943023682,10.023895263671875,-0.00015452845661496204,0.0019134827274627255,-0.09315730570417474,0.995649627329283,35.3997688293457,drone3
1743161049.0617788,-1.1327495574951172,0.9612584710121155,10.031668663024902,0.00012022758969012751,0.00173802531479381,-0.0929786873601855,0.9956665703623844,35.59971880912781,drone3
1743161049.2617016,-1.1283447742462158,0.9646467566490173,10.03991985321045,-0.01545410117659523,-0.021900845587784625,-0.09519519012337341,0.9950977564948813,35.799641609191895,drone3
1743161049.4617398,-1.1484225988388062,0.9856014847755432,10.052117347717285,-0.05107322833869254,-0.06274732849122118,-0.11494815361497418,0.9900713233414722,35.99967980384827,drone3
1743161049.6616576,-1.2229349613189697,1.0610227584838867,10.068307876586914,-0.08983790486769816,-0.07855053497748236,-0.1670981772982923,0.9786916320966822,36.19959759712219,drone3
1743161049.8617573,-1.355307698249817,1.2309057712554932,10.08434772491455,-0.12127503568172106,-0.0972022994406251,-0.25007682942626763,0.9556702437233344,36.39969730377197,drone3
1743161050.0616925,-1.552138090133667,1.5166858434677124,10.095067977905273,-0.12487202455284115,-0.11640460612462461,-0.3089768184125753,0.9356229898620063,36.59963250160217,drone3
1743161050.2618213,-1.8171030282974243,1.9262313842773438,10.098841667175293,-0.11681152802009673,-0.12400667138611603,-0.38959413013245514,0.9050932457935641,36.7997612953186,drone3
1743161050.461766,-2.1341307163238525,2.4647088050842285,10.100836753845215,-0.10576616237058019,-0.13148624506421688,-0.477034384423521,0.8625329788456267,36.99970602989197,drone3
1743161050.6616964,-2.4945180416107178,3.126889228820801,10.104734420776367,-0.08848136047462596,-0.13602173065274695,-0.5311046290617076,0.8316231861074497,37.199636459350586,drone3
1743161050.861675,-2.9017956256866455,3.892375946044922,10.104532241821289,-0.052862273813015885,-0.12622408985544228,-0.54437881061035,0.8276018393871918,37.39961504936218,drone3
1743161051.0616648,-3.3650870323181152,4.721072196960449,10.097488403320312,-0.030498568571434386,-0.097097274762492,-0.5311938328665808,0.8411154782556489,37.599604845047,drone3
1743161051.2616658,-3.8680245876312256,5.574309825897217,10.082592010498047,-0.025404282943189676,-0.04655189355454995,-0.5108404664445182,0.8580382597963188,37.79960584640503,drone3
1743161051.4616737,-4.3391432762146,6.357896327972412,10.089035987854004,-0.01546631092104545,-0.0019098798304596283,-0.4904357546242571,0.8713380244820074,37.999613761901855,drone3
1743161051.6617067,-4.792588710784912,7.124582290649414,10.125890731811523,-0.01116046770498305,-0.024871663340389885,-0.47940303730983314,0.8771713379767334,38.19964671134949,drone3
1743161051.861685,-5.257140159606934,7.907714366912842,10.131823539733887,-0.018922987994388966,-0.03135201722908869,-0.4791290617210881,0.8769802652390093,38.399625062942505,drone3
1743161052.061649,-5.730102062225342,8.70411205291748,10.10313606262207,-0.022274754976343788,-0.03092021552210499,-0.4852942816478375,0.8735201143433862,38.599589109420776,drone3
1743161052.26166,-6.205056667327881,9.51280403137207,10.058505058288574,-0.022402282778859146,-0.030454733214805022,-0.4928677752973055,0.8692824594598583,38.79960012435913,drone3
1743161052.4616675,-6.679516792297363,10.333277702331543,10.013566970825195,-0.021553970768367108,-0.02993344650444311,-0.4988369280847822,0.865910564065017,38.9996075630188,drone3
1743161052.6617126,-7.154444217681885,11.161117553710938,9.976280212402344,-0.02014752318956899,-0.02957154929698178,-0.5021791520982719,0.8640229963810324,39.199652671813965,drone3
1743161052.861659,-7.632636547088623,11.994405746459961,9.946392059326172,-0.018696296559861568,-0.029540481801273184,-0.5028626264671487,0.8636591637112621,39.39959907531738,drone3
1743161053.0616493,-8.115589141845703,12.83348274230957,9.922667503356934,-0.017496400148903208,-0.029421603322325667,-0.5017882822251818,0.8643129666987873,39.599589347839355,drone3
1743161053.2616737,-8.601550102233887,13.675827980041504,9.905678749084473,-0.01651015335703616,-0.028888076903738392,-0.5001238821040623,0.8653143968928304,39.79961371421814,drone3
1743161053.4616692,-9.087187767028809,14.518845558166504,9.894606590270996,-0.016336235045200462,-0.02843769502200647,-0.4987388523682973,0.8661317085791536,39.99960923194885,drone3
1743161053.6616733,-9.570174217224121,15.362604141235352,9.887954711914062,-0.016908150657336085,-0.02840393144508219,-0.4979009097996279,0.8666038165027484,40.19961333274841,drone3
1743161053.8616724,-10.05285930633545,16.20864486694336,9.885177612304688,-0.01687515230913009,-0.02854670652859088,-0.49769405306713654,0.8667184559306981,40.39961242675781,drone3
1743161054.0616426,-10.535441398620605,17.054296493530273,9.885880470275879,-0.0038827309215434974,-0.006457247619865298,-0.49830530881109003,0.8669689346513983,40.59958267211914,drone3
1743161054.2616324,-11.008588790893555,17.880008697509766,9.888351440429688,0.024458602739968506,0.026835028591744595,-0.49888345820553825,0.8659082881351974,40.799572467803955,drone3
1743161054.461665,-11.457518577575684,18.652145385742188,9.892807960510254,0.030427607437248923,0.04120894316645219,-0.49940814432265035,0.8648512030276957,40.99960494041443,drone3
1743161054.6616657,-11.874207496643066,19.361730575561523,9.897427558898926,0.02558492828717437,0.043824261471491203,-0.5002157411603918,0.8644126439955157,41.19960570335388,drone3
1743161054.8616486,-12.253801345825195,20.017629623413086,9.902994155883789,0.024331533037476514,0.04277452637924306,-0.5000886684121314,0.864574782921737,41.3995885848999,drone3
1743161055.0616343,-12.600346565246582,20.625364303588867,9.908947944641113,0.024040204142401597,0.04123119242192664,-0.49874738710512073,0.8654323869952367,41.59957432746887,drone3
1743161055.2616496,-12.917133331298828,21.186861038208008,9.915715217590332,0.02362609094090231,0.040255955835688556,-0.49745722992535374,0.8662318705646398,41.79958963394165,drone3
1743161055.4616675,-13.204827308654785,21.70375633239746,9.924771308898926,0.022821213233434275,0.039939311172637756,-0.49678410260778627,0.8666543084272644,41.9996075630188,drone3
1743161055.6616657,-13.465200424194336,22.180133819580078,9.934516906738281,0.021685815988676763,0.040033907798486944,-0.4967384364974248,0.8667052850405385,42.19960570335388,drone3
1743161055.8616743,-13.700654983520508,22.619104385375977,9.943157196044922,0.020445145135962146,0.039757408008642775,-0.49746015913132535,0.8663341398925515,42.399614334106445,drone3
1743161056.0617096,-13.91237735748291,23.022790908813477,9.95009994506836,0.022466044375211006,0.03466591592620093,-0.49872367950283336,0.8657760734714187,42.59964966773987,drone3
1743161056.261655,-14.077320098876953,23.334266662597656,9.957133293151855,0.023197244452398187,0.03180946101285191,-0.4997621357032933,0.8652675717441348,42.79959511756897,drone3
1743161056.461664,-14.251118659973145,23.661800384521484,9.969282150268555,0.021263621128975518,0.028255185338519583,-0.5007419445640503,0.8648740255461644,42.99960398674011,drone3
1743161056.6616168,-14.413424491882324,23.964269638061523,9.998868942260742,0.0219444241120558,0.02881459025136481,-0.5013012753906383,0.8645144707815179,43.199556827545166,drone3
1743161056.8616195,-14.56540298461914,24.245948791503906,10.010027885437012,0.020831947508898625,0.028360331518114394,-0.5016433392131527,0.8643586117357246,43.39955949783325,drone3
1743161057.0615973,-14.703091621398926,24.506187438964844,10.004003524780273,-0.0006340039292108289,-0.0002856068018450796,-0.5020402993058527,0.8648440380634488,43.59953737258911,drone3
1743161057.2616048,-14.83837604522705,24.77423858642578,9.995613098144531,-0.0635897596992569,-0.023107893462827378,-0.5031524281975097,0.8615451620836527,43.79954481124878,drone3
1743161057.4616177,-14.959786415100098,25.101163864135742,9.982011795043945,-0.06469739863445843,0.03804159268360707,-0.5078789759870517,0.8581526463431773,43.99955773353577,drone3
1743161057.6615937,-15.022019386291504,25.460647583007812,9.96717643737793,-0.024174746102471518,0.049299038311380154,-0.5102883954125861,0.8582488570616157,44.19953370094299,drone3
1743161057.861633,-15.032380104064941,25.809188842773438,9.957021713256836,0.0005828672073033588,0.05404734046019893,-0.5096899417738678,0.8586587457000963,44.39957308769226,drone3
1743161058.0616183,-14.999832153320312,26.160057067871094,9.952099800109863,0.009133925397845247,0.06092599589676034,-0.5085075330123189,0.8588508721090331,44.59955835342407,drone3
1743161058.2616289,-14.932977676391602,26.42032814025879,9.946089744567871,0.015723622041015975,0.06011495882250915,-0.50914333929553,0.8584359153120191,44.79956889152527,drone3
1743161058.4615712,-14.835573196411133,26.632261276245117,9.953285217285156,0.01782518771413665,0.056221277540568874,-0.5115795851901417,0.8572093682633672,44.99951124191284,drone3
1743161058.6615942,-14.710393905639648,26.8073673248291,9.958169937133789,0.016826794727364373,0.05072649016726038,-0.5151288239868046,0.8554448799137465,45.19953417778015,drone3
1743161058.861582,-14.564022064208984,26.949298858642578,9.95678997039795,0.014622573819250329,0.043887930871611996,-0.5191160739066172,0.8534510073411052,45.39952206611633,drone3
1743161059.0615213,-14.40146255493164,27.06665802001953,9.952962875366211,0.011882734955191656,0.036719266921714164,-0.5229532810457309,0.8514871433246038,45.59946131706238,drone3
1743161059.261533,-14.226306915283203,27.16604232788086,9.950489044189453,0.00928239359862544,0.030237088864728246,-0.5263094767395018,0.8497046266605325,45.79947304725647,drone3
1743161059.4615154,-14.041175842285156,27.249618530273438,9.950549125671387,0.006906580357877898,0.02427929267729177,-0.5292492510332731,0.848090792220914,45.99945545196533,drone3
1743161059.6616583,-13.888166427612305,27.307497024536133,9.951562881469727,0.004996562891616123,0.020024819884119065,-0.5313963590103878,0.8468718421417062,46.19959831237793,drone3
1743161059.8615944,-13.692742347717285,27.373226165771484,9.953200340270996,0.002882275455690237,0.015508613844604694,-0.5339943539728721,0.8453408367961237,46.399534463882446,drone3
1743161060.0616086,-13.495434761047363,27.432926177978516,9.954726219177246,0.0010628137861766573,0.011868658566333524,-0.5366051405038794,0.8437493296495039,46.59954857826233,drone3
1743161060.2616284,-13.297115325927734,27.48623275756836,9.957075119018555,-0.0006653459556611829,0.008949540179599669,-0.539305942166594,0.8420620753997794,46.79956841468811,drone3
1743161060.4615607,-13.096638679504395,27.53750991821289,9.960526466369629,-0.0023127334025975447,0.0065432848957899924,-0.5420684784256647,0.8403056687083605,46.99950075149536,drone3
1743161060.6617403,-12.893725395202637,27.591073989868164,9.964925765991211,-0.0032818762707081065,0.004470301577199941,-0.5448966162544427,0.83848492485269,47.19968032836914,drone3
1743161060.8617709,-12.691608428955078,27.647010803222656,9.970599174499512,-0.0036373707997700913,0.0031192293391373014,-0.5477339210227719,0.836638913961337,47.39971089363098,drone3
1743161061.06177,-12.492706298828125,27.704774856567383,9.97596263885498,-0.004081453806180738,0.0026011858575796243,-0.5505553891127729,0.8347847160446609,47.59970998764038,drone3
1743161061.2616456,-12.289605140686035,27.76511573791504,9.98150634765625,-0.004221847757384684,0.0024331422566635148,-0.5529553149606803,0.8331966227927704,47.799585580825806,drone3
1743161061.4616961,-12.109837532043457,27.82431411743164,9.985815048217773,-0.0040571387789028095,0.002273768970421443,-0.556125211047321,0.8310855398344204,47.99963617324829,drone3
1743161061.6617727,-11.920838356018066,27.886579513549805,10.011713981628418,-0.0036189470910810598,0.0025823222205797456,-0.5589754654348552,0.8291722941829804,48.1997127532959,drone3
1743161061.8618114,-11.729170799255371,27.953018188476562,10.02635669708252,-0.0035064409769060066,0.002849028506932477,-0.5617591699485905,0.8272885091786497,48.39975142478943,drone3
1743161062.0618055,-11.53840160369873,28.023561477661133,10.022283554077148,-0.003149584618960544,0.003581821582704955,-0.5644791378906654,0.8254336474491095,48.59974551200867,drone3
1743161062.2617924,-11.34951114654541,28.094934463500977,10.007845878601074,-0.002701717451170901,0.004505930357965984,-0.567135158526837,0.8236080040222995,48.79973244667053,drone3
1743161062.4617178,-11.161540031433105,28.1634578704834,9.990156173706055,-0.0025531982955094,0.005305101365682031,-0.5698085858114437,0.8217564402836552,48.99965786933899,drone3
1743161062.6617463,-10.972143173217773,28.229442596435547,9.973581314086914,-0.0025438056398281693,0.005551043208630655,-0.5725506808489866,0.8198465769168083,49.19968628883362,drone3
1743161062.8617344,-10.773630142211914,28.295093536376953,9.960786819458008,-0.0026331269948961507,0.005442781454968582,-0.5754855977184671,0.8177895789018099,49.39967441558838,drone3
1743161063.0618172,-10.581212043762207,28.355960845947266,9.950149536132812,-0.0028265581451395014,0.00507275369237557,-0.5783137144738209,0.8157938624045463,49.59975719451904,drone3
1743161063.261694,-10.38619327545166,28.415081024169922,9.943768501281738,-0.002747601210492342,0.004661138432513131,-0.5811125180960353,0.8138052897981053,49.79963397979736,drone3
1743161063.461708,-10.189629554748535,28.47087287902832,9.940170288085938,-0.0029976122411148223,0.004194441234073032,-0.5838320961797613,0.8118581791538868,49.999648094177246,drone3
1743161063.6616976,-9.989981651306152,28.52532196044922,9.939361572265625,-0.0033763472637577457,0.0034955007982246556,-0.5865123407171146,0.8099257040028138,50.19963765144348,drone3
1743161063.8616924,-9.786966323852539,28.58254051208496,9.939529418945312,-0.00341331698005377,0.0028503843265973213,-0.589291503907923,0.8079083029519915,50.39963245391846,drone3
1743161064.061715,-9.58566951751709,28.63995361328125,9.940805435180664,-0.0031622160376910628,0.0028065547939709525,-0.5920680645308357,0.8058769829044483,50.59965491294861,drone3
1743161064.2616663,-9.386666297912598,28.69618797302246,9.94286060333252,-0.0030472975669408094,0.002932171320253384,-0.5947979896658712,0.8038640599562801,50.79960632324219,drone3
1743161064.4617348,-9.186108589172363,28.751047134399414,9.946030616760254,-0.0032751325897307153,0.00315615775748985,-0.5975826003368496,0.8017945127171375,50.999674797058105,drone3
1743161064.661694,-8.985615730285645,28.804651260375977,9.95031452178955,-0.003161928572723569,0.0029210641696700164,-0.6003720578954067,0.7997092447035004,51.199634075164795,drone3
1743161064.8616827,-8.786789894104004,28.85881805419922,9.954086303710938,-0.0031162753862979844,0.002886046312412226,-0.6031291256008833,0.7976322585455956,51.399622678756714,drone3
1743161065.0616605,-8.59106731414795,28.9163875579834,9.959153175354004,-0.003031198772464025,0.0034350537026853426,-0.60590055484499,0.7955272552701433,51.59960055351257,drone3
1743161065.2616553,-8.395280838012695,28.975093841552734,9.965804100036621,-0.0025485621421731976,0.004318693230410532,-0.608716744042215,0.793371760070175,51.79959535598755,drone3
1743161065.4616878,-8.196908950805664,29.030630111694336,9.974090576171875,-0.0020806505465013475,0.004769090834892581,-0.6114772572525574,0.7912449668740424,51.99962782859802,drone3
1743161065.6616468,-7.9959516525268555,29.084108352661133,9.982453346252441,-0.0018857288630822404,0.004800790286374648,-0.6141777796924004,0.7891508532905741,52.19958686828613,drone3
1743161065.8616505,-7.793718338012695,29.137218475341797,9.989960670471191,-0.0016764898458331448,0.0046249704272721525,-0.6169053182621389,0.7870220528507813,52.399590492248535,drone3
1743161066.0616868,-7.592428684234619,29.190340042114258,9.996516227722168,-0.0014577320616295398,0.004630385474125167,-0.61962348442644,0.7848841644967783,52.599626779556274,drone3
1743161066.2616894,-7.456113338470459,29.22557258605957,10.00192928314209,-0.0014061367457903632,0.0048429349946158915,-0.6215068479622856,0.7833925137709928,52.79962944984436,drone3
1743161066.4616747,-7.202111721038818,29.28852653503418,10.01225757598877,-0.0012236427027355885,0.005006788935372215,-0.6249536699170672,0.7806449080330071,52.99961471557617,drone3
1743161066.6616707,-7.012481212615967,29.333051681518555,10.041370391845703,-0.0012331576830591766,0.004857603908895079,-0.6276079098488893,0.7785135419038112,53.19961071014404,drone3
1743161066.8616402,-6.816545009613037,29.38033676147461,10.060789108276367,-0.0011104066331324672,0.005082734922210815,-0.6302890816169098,0.7763431899397427,53.399580240249634,drone3
1743161067.0616608,-6.617885112762451,29.427213668823242,10.05527114868164,-0.0008430268615432286,0.005438397853451202,-0.6329084239581648,0.7742071033635135,53.59960079193115,drone3
1743161067.2616394,-6.418732166290283,29.470998764038086,10.036062240600586,-0.0007344384698051956,0.005658652344685325,-0.6354729648596436,0.7721021316981976,53.79957938194275,drone3
1743161067.4616857,-6.220077037811279,29.51181983947754,10.014473915100098,-0.0008535222500030756,0.005684194158063561,-0.6380254939092967,0.7699938304318492,53.99962568283081,drone3
1743161067.661649,-6.021686553955078,29.55120277404785,9.994531631469727,-0.0010814914255120884,0.005691324713359871,-0.640609058844522,0.7678454738543474,54.199589014053345,drone3
1743161067.861668,-5.822647571563721,29.591890335083008,9.976759910583496,-0.0009822739574865229,0.005742386772783708,-0.6432286277250878,0.7656520096122267,54.39960813522339,drone3
1743161068.0616274,-5.623855113983154,29.631099700927734,9.962605476379395,-0.0006682896496118541,0.00615377047193353,-0.6458742538947455,0.7634188325020966,54.59956741333008,drone3
1743161068.2616484,-5.425056457519531,29.667957305908203,9.952025413513184,-0.0005365530891459746,0.006250975592578826,-0.6484506275239437,0.761230968522472,54.799588441848755,drone3
1743161068.4616184,-5.226874351501465,29.703941345214844,9.946030616760254,-0.0004090947630762052,0.0063669107068479135,-0.6509799494651355,0.7590680712822337,54.999558448791504,drone3
1743161068.6616454,-5.0297532081604,29.737018585205078,9.943411827087402,-0.00035368351108552284,0.0065765405702624975,-0.6534934979482722,0.7569034987047674,55.19958543777466,drone3
1743161068.861661,-4.831827640533447,29.766826629638672,9.942306518554688,-0.00036173388842335717,0.0064651230713181716,-0.6560153282871412,0.7547198546783498,55.399600982666016,drone3
1743161069.0616314,-4.632596969604492,29.79351806640625,9.942302703857422,-0.0006032626599878612,0.006328378609141337,-0.6585496393615256,0.7525104958059845,55.59957146644592,drone3
1743161069.2616339,-4.432778358459473,29.819557189941406,9.945606231689453,-0.0006329039129282896,0.005968637970307523,-0.6610530989427998,0.7503151296873248,55.79957389831543,drone3
1743161069.4615924,-4.233473300933838,29.84577178955078,9.951554298400879,-0.0005942957533310406,0.005973471357723863,-0.6635516405136885,0.748106474140494,55.99953246116638,drone3
1743161069.6615884,-4.035889625549316,29.869609832763672,9.958616256713867,-0.0006049827782427113,0.006185747088335394,-0.6660543282807996,0.7458774037139156,56.19952845573425,drone3
1743161069.8616037,-3.8372702598571777,29.89229965209961,9.964083671569824,-0.000692004495888817,0.006314076668789225,-0.6685488738036138,0.7436411340787762,56.39954376220703,drone3
1743161070.06159,-3.635287046432495,29.914377212524414,9.969627380371094,-0.0005167308994556921,0.0062210671352042855,-0.6710500495525346,0.7413858430440681,56.59952998161316,drone3
1743161070.2615976,-3.4322242736816406,29.931007385253906,9.977361679077148,-0.0002720315653575056,0.005915274627100542,-0.6735370402527532,0.739129817073689,56.799537658691406,drone3
1743161070.461592,-3.232004404067993,29.94399070739746,9.984301567077637,-0.0008259827418598685,0.0055615407373601645,-0.676013399410435,0.7368679010812307,56.999531984329224,drone3
1743161070.6615944,-3.032634735107422,29.956857681274414,9.992452621459961,-0.0012430753633493905,0.00536308686815443,-0.6784963097688822,0.7345831652044816,57.19953441619873,drone3
1743161070.8616204,-2.8322386741638184,29.971750259399414,9.999568939208984,-0.0011182551665786,0.00528098250234943,-0.6809427288590532,0.7323167974511493,57.39956045150757,drone3
1743161071.0616245,-2.6310431957244873,29.987215042114258,10.003687858581543,-0.000859009242843582,0.005547832639518125,-0.6833968713592137,0.7300255103736348,57.59956455230713,drone3
1743161071.2616904,-2.494460105895996,29.99540138244629,10.005660057067871,-0.0006931261618220372,0.005701937652014398,-0.6848488698030845,0.728662610367516,57.79963040351868,drone3
1743161071.4616182,-2.284606695175171,30.002843856811523,10.008615493774414,-0.0008896997218213545,0.0056501714438754016,-0.6875605888166523,0.7261045587636189,57.999558210372925,drone3
1743161071.6616268,-2.0823137760162354,30.005861282348633,10.012482643127441,-0.0014838161864100918,0.00500973954404024,-0.689994279558573,0.7237959598680787,58.19956684112549,drone3
1743161071.8616087,-1.8807178735733032,30.006122589111328,10.019206047058105,-0.0017245901013323206,0.004374749032838411,-0.6923988731699529,0.7214996836573718,58.39954876899719,drone3
1743161072.061648,-1.6812751293182373,30.005647659301758,10.028347969055176,-0.0023075215990432897,0.00394879281386176,-0.6948032310223988,0.719185351473345,58.59958791732788,drone3
1743161072.2616954,-1.483170509338379,30.008394241333008,10.036603927612305,-0.0026842493523014863,0.003975682379734616,-0.6972549711521943,0.7168072840347467,58.79963541030884,drone3
1743161072.4616323,-1.285623550415039,30.015369415283203,10.043147087097168,-0.0022698796888753776,0.004516697396035389,-0.6996682575510795,0.7144499686506839,58.99957227706909,drone3
1743161072.6616092,-1.0563385486602783,30.025936126708984,10.0486421585083,-0.0015036548397130702,0.005412479023342152,-0.7023828060011259,0.7117773141680573,59.199549198150635,drone3
1743161072.8616238,-0.8634621500968933,30.034677505493164,10.05647087097168,-0.0008369591970827942,0.006023709413332091,-0.7047357053503543,0.709443886662841,59.399563789367676,drone3
1743161073.0615976,-0.6685452461242676,30.039453506469727,10.074740409851074,-0.0005368830199444671,0.006387761213787415,-0.7070216379362413,0.7071628431113813,59.59953761100769,drone3
1743161073.2616296,-0.4683326482772827,30.040618896484375,10.079268455505371,-0.00048825378856924497,0.00631413034016663,-0.7093046390729894,0.7048736885347505,59.799569606781006,drone3
1743161073.4616215,-0.2648385763168335,30.0380859375,10.070281028747559,-0.0004936252068486058,0.005949432672185102,-0.7115761861142409,0.7025835968801543,59.99956154823303,drone3
1743161073.6616464,-0.05980415269732475,30.03203010559082,10.053520202636719,-0.00064120190300112,0.005465138217833976,-0.7138898383510631,0.7002363957519173,60.199586391448975,drone3
1743161073.8617513,0.1449560672044754,30.025442123413086,10.037056922912598,0.0037849810199539497,-0.0016167092333500502,-0.7169306202014688,0.6971324779224424,60.399691343307495,drone3
1743161074.061653,0.3394542932510376,30.019933700561523,10.025877952575684,0.03260241820038581,-0.03149275465241256,-0.726128471831793,0.6860633062182344,60.59959292411804,drone3
1743161074.2616487,0.4871494174003601,30.017601013183594,10.020289421081543,0.06413457686343352,-0.05948172942395782,-0.7371676336627719,0.670024263748408,60.799588680267334,drone3
1743161074.4616356,0.5509582161903381,30.01897621154785,10.016661643981934,0.061181618508612465,-0.05374321736242295,-0.7466665507687216,0.660195083937527,60.9995756149292,drone3
1743161074.6616597,0.5401013493537903,30.018543243408203,10.013039588928223,0.05574640768130763,-0.017748950650625542,-0.7496211186063202,0.6592764617640957,61.199599742889404,drone3
1743161074.8616302,0.4870529770851135,29.995128631591797,10.01504135131836,0.08253203514519562,0.01198168258460509,-0.7449044858628903,0.6619383513489225,61.39957022666931,drone3
1743161075.0616415,0.3997798264026642,29.911317825317383,10.02272891998291,0.09810805628854843,0.050319488587902826,-0.7368245741209615,0.6670325803423396,61.599581480026245,drone3
1743161075.2616565,0.29329371452331543,29.7313232421875,10.033341407775879,0.09628885935392707,0.10231735358701802,-0.7267862853553718,0.6723403068310665,61.799596548080444,drone3
1743161075.4616187,0.197187140583992,29.426380157470703,10.042336463928223,0.10144910611718035,0.11564760361507012,-0.7222834214275892,0.6742702742446531,61.99955868721008,drone3
1743161075.6616375,0.11861935257911682,28.99199676513672,10.047248840332031,0.10464251487693409,0.11060989091132818,-0.7221512778866174,0.6747688424865788,62.19957756996155,drone3
1743161075.861622,0.04891737923026085,28.436779022216797,10.051886558532715,0.10583365330448077,0.10828428576241374,-0.7231295615582939,0.6739121103260075,62.39956212043762,drone3
1743161076.0616155,-0.016233624890446663,27.76831817626953,10.057648658752441,0.10696120300360891,0.10757868923715241,-0.7245313578372321,0.6723395350169031,62.59955549240112,drone3
1743161076.261701,-0.07011064887046814,27.125276565551758,10.061823844909668,0.10813651125595466,0.1071373262047754,-0.7256518686833866,0.6710122517319541,62.799641132354736,drone3
1743161076.4616344,-0.13671539723873138,26.231243133544922,10.06479263305664,0.09635712424226067,0.09267427302110078,-0.7284485517922854,0.6719296332075325,62.999574422836304,drone3
1743161076.6616354,-0.20036281645298004,25.28729248046875,10.063307762145996,0.07105189742369214,0.0629602240768508,-0.7316919625194412,0.6749923182482735,63.199575424194336,drone3
1743161076.8616233,-0.2698493003845215,24.30459976196289,10.05736255645752,0.04431775793288853,0.033550235833284696,-0.7338140984888133,0.6770725602502258,63.39956331253052,drone3
1743161077.0615983,-0.3412483334541321,23.320655822753906,10.052327156066895,0.022819936974177828,0.009432699138582929,-0.7349007812206818,0.6777250250753107,63.59953832626343,drone3
1743161077.2616224,-0.41602203249931335,22.359848022460938,10.051140785217285,0.02345699054068704,0.00851598015877968,-0.7350306251242318,0.6775745292159906,63.79956245422363,drone3
1743161077.4616117,-0.4965258836746216,21.422832489013672,10.051559448242188,0.027263802558034806,0.01462351356226324,-0.7350165717844314,0.6773430350163665,63.99955177307129,drone3
1743161077.6616037,-0.5823008418083191,20.496286392211914,10.050890922546387,0.029436838090973326,0.01936373866269162,-0.7350545566316519,0.6770918714093779,64.19954371452332,drone3
1743161077.8616884,-0.6722144484519958,19.57162857055664,10.05191707611084,0.029676839368551564,0.022030247278697398,-0.7351194074606199,0.6769294084792585,64.39962840080261,drone3
1743161078.061599,-0.7640208005905151,18.643009185791016,10.054856300354004,0.02961696087989098,0.024215680899815455,-0.735078582969481,0.6769017021947187,64.59953904151917,drone3
1743161078.2616105,-0.8537675142288208,17.70713233947754,10.059550285339355,0.02961876479793447,0.02564317671354159,-0.734909958696945,0.6770321414225038,64.79955053329468,drone3
1743161078.4616828,-0.926278829574585,16.914581298828125,10.063936233520508,0.02952924061115803,0.02592460603830026,-0.7347441977759297,0.67720523589516,64.99962282180786,drone3
1743161078.6616514,-1.0110398530960083,15.967379570007324,10.070314407348633,0.029586010275832554,0.02564150252876617,-0.7345579482181821,0.6774155091565589,65.19959139823914,drone3
1743161078.861694,-1.0963681936264038,15.01677417755127,10.076991081237793,0.029561453645038257,0.02565731895685052,-0.7343628873349176,0.6776275130729248,65.39963412284851,drone3
1743161079.0616949,-1.1819654703140259,14.060680389404297,10.08361530303955,0.02919053256682017,0.025648707664228013,-0.7342161267400465,0.6778030178184802,65.59963488578796,drone3
1743161079.2616382,-1.2676880359649658,13.097309112548828,10.091216087341309,0.028535429447800038,0.025354152724244614,-0.7341595867427693,0.6779032219508149,65.79957818984985,drone3
1743161079.4616616,-1.353589653968811,12.130133628845215,10.097668647766113,0.027788656768632587,0.024908522570410038,-0.7341110230365725,0.6780032048121949,65.99960160255432,drone3
1743161079.6616817,-1.439599871635437,11.161133766174316,10.103133201599121,0.027196751696501657,0.024735925957401865,-0.7340056585494734,0.6781476815747122,66.19962167739868,drone3
1743161079.861636,-1.524558663368225,10.18900203704834,10.10997200012207,0.02683409518722262,0.02483117651794747,-0.7338227991788527,0.6783564191103184,66.39957594871521,drone3
1743161080.0616674,-1.6087373495101929,9.214272499084473,10.116071701049805,0.026537892074971866,0.024560388613893293,-0.7336680043409843,0.6785454371891777,66.59960746765137,drone3
1743161080.2616103,-1.6929434537887573,8.235329627990723,10.120382308959961,0.026255004321082208,0.02436453558390377,-0.7335249948156308,0.6787181180958829,66.7995502948761,drone3
1743161080.461602,-1.7771493196487427,7.250385761260986,10.120548248291016,0.025605340368107698,0.023863364033220126,-0.7334145885117785,0.6788799435549184,66.99954199790955,drone3
1743161080.6616292,-1.8591341972351074,6.26151704788208,10.117643356323242,0.024925670740125656,0.023305143841944764,-0.7333605509836314,0.6789830400147321,67.19956922531128,drone3
1743161080.8616116,-1.9377740621566772,5.272115707397461,10.115735054016113,0.024720969670763007,0.02253709037931992,-0.7333629349147505,0.6790139520939369,67.39955163002014,drone3
1743161081.0616312,-2.0114223957061768,4.280327320098877,10.11706256866455,0.025033309675319304,0.021971753379864848,-0.7334592957813364,0.6789168325840776,67.59957122802734,drone3
1743161081.2616777,-2.083230495452881,3.2846524715423584,10.121034622192383,0.025667411151435355,0.021030569965498423,-0.7336445153754736,0.6787227621517532,67.79961776733398,drone3
1743161081.4616768,-2.1301002502441406,2.6453540325164795,10.124119758605957,0.029352193719001038,0.02349951177175072,-0.7336529210375735,0.6784833074661166,67.99961686134338,drone3
1743161081.661604,-2.20442795753479,1.6320525407791138,10.131977081298828,0.03823789064272983,0.03130739128977747,-0.7334656704921738,0.6779276776596633,68.1995439529419,drone3
1743161081.8615847,-2.279691696166992,0.5955587029457092,10.131814002990723,0.015174378963837326,0.009832471051695744,-0.7346802715434508,0.6781726219723184,68.3995246887207,drone3
1743161082.0615869,-2.35371732711792,-0.4288056194782257,10.129432678222656,-0.021080303411377403,-0.026384471125583252,-0.7348648141538338,0.6773722296114943,68.59952688217163,drone3
1743161082.2615836,-2.4245693683624268,-1.3927067518234253,10.126700401306152,-0.04219074346580137,-0.04800701053593826,-0.7338294478442053,0.6763206525702573,68.79952359199524,drone3
1743161082.4615684,-2.491464614868164,-2.2713916301727295,10.12369441986084,-0.04260180859404545,-0.04707342985328037,-0.7334868440151944,0.6767320400560382,68.99950838088989,drone3
1743161082.6616719,-2.5614166259765625,-3.1145496368408203,10.12246322631836,-0.042187678105752836,-0.04550345003271807,-0.7330509402344705,0.6773373741677758,69.19961190223694,drone3
1743161082.861665,-2.6261487007141113,-3.829477310180664,10.126054763793945,-0.04202050172563568,-0.043401924777766575,-0.7328030956918021,0.6777538903981847,69.39960503578186,drone3
1743161083.0616918,-2.6872451305389404,-4.476812839508057,10.127084732055664,-0.03958150712798631,-0.03919938737693287,-0.7328260762609528,0.6781317263583728,69.59963178634644,drone3
1743161083.261688,-2.741307497024536,-5.06492280960083,10.127456665039062,-0.03720228174176824,-0.035486206785560255,-0.7328311681270885,0.6784654951542647,69.79962801933289,drone3
1743161083.4616723,-2.7876856327056885,-5.598466873168945,10.127633094787598,-0.034630944743285166,-0.03263601026762479,-0.7327212728537743,0.6788631691092111,69.99961233139038,drone3
1743161083.661727,-2.8313658237457275,-6.084090232849121,10.129467010498047,-0.032319149684293454,-0.03029046793068537,-0.7323055784869114,0.679534104790656,70.19966697692871,drone3
1743161083.8616743,-2.8731913566589355,-6.526852607727051,10.133821487426758,-0.031078764557577236,-0.02781742067565225,-0.7316264821219236,0.6804286558452316,70.39961433410645,drone3
1743161084.0616667,-2.9100513458251953,-6.930374622344971,10.138753890991211,-0.030340837118968757,-0.025608472076515402,-0.7308136617091446,0.6814213590074549,70.59960675239563,drone3
1743161084.26168,-2.939605712890625,-7.299489974975586,10.143502235412598,-0.029511974232703228,-0.024124905972382215,-0.7299950671781199,0.6823887319137231,70.7996199131012,drone3
1743161084.461648,-2.9624979496002197,-7.634039878845215,10.147926330566406,-0.02487073923780904,-0.02683260160827851,-0.7291017857973557,0.6834267455722738,70.99958801269531,drone3
1743161084.6616457,-2.982210159301758,-7.932675838470459,10.151164054870605,-0.023822847493956807,-0.025702913203542628,-0.7287371075564372,0.6838962851722874,71.19958567619324,drone3
1743161084.861656,-2.995507001876831,-8.197579383850098,10.152871131896973,-0.022908939346749754,-0.023627176798477922,-0.7289409823993965,0.6837850491023549,71.39959597587585,drone3
1743161085.061651,-3.004836082458496,-8.432577133178711,10.154664039611816,-0.020660738778441042,-0.02260817737782442,-0.7294743771090823,0.6833221239233795,71.59959101676941,drone3
1743161085.261687,-3.012990951538086,-8.638389587402344,10.156670570373535,-0.018616580981941185,-0.021365336703274063,-0.7300289558785007,0.6828284894969078,71.79962706565857,drone3
1743161085.4616857,-3.0213959217071533,-8.818706512451172,10.157524108886719,-0.016811170758912496,-0.01966155026990311,-0.7304027431070537,0.6825266890856115,71.99962568283081,drone3
1743161085.6616983,-3.0307931900024414,-8.976153373718262,10.158998489379883,-0.014945751408456453,-0.018182469677049923,-0.7305552988935949,0.6824478059902672,72.19963836669922,drone3
1743161085.8616395,-3.040634870529175,-9.112345695495605,10.161246299743652,-0.01251554667188884,-0.01729135787116733,-0.7305149827988162,0.6825630591816984,72.3995795249939,drone3
1743161086.0616434,-3.0514492988586426,-9.2301025390625,10.164422988891602,-0.011826545962137064,-0.014702611343117039,-0.7304672672979459,0.6826870604783735,72.59958338737488,drone3
1743161086.2616277,-3.0609652996063232,-9.33247184753418,10.167317390441895,-0.010707610436763656,-0.012878982980183388,-0.7304115359933242,0.6828020502520014,72.79956769943237,drone3
1743161086.4616241,-3.067685604095459,-9.408940315246582,10.16906452178955,-0.009773093715405731,-0.011748185586496072,-0.730386764183112,0.6828628154708418,72.9995641708374,drone3
1743161086.6616664,-3.073946714401245,-9.490557670593262,10.1729154586792,-0.008167794012610672,-0.010853951950373385,-0.7304101398789673,0.6828738316033715,73.19960641860962,drone3
1743161086.861633,-3.0779831409454346,-9.557544708251953,10.172426223754883,-0.006934071298363653,-0.009969464937604968,-0.7304575840595005,0.6828500739517015,73.39957308769226,drone3
1743161087.0616539,-3.0817618370056152,-9.617521286010742,10.168251037597656,-0.005917787797579133,-0.008725829152879288,-0.7305387035719938,0.6827898592760695,73.59959387779236,drone3
1743161087.2616174,-3.0849111080169678,-9.662485122680664,10.17506217956543,-0.004677496101864988,-0.007963497536530112,-0.7306010993470361,0.682742214898006,73.79955744743347,drone3
1743161087.4616141,-3.0901122093200684,-9.698588371276855,10.183403015136719,-0.0037062768017617244,-0.00684308794159365,-0.730646636382674,0.6827115135530438,73.99955415725708,drone3
1743161087.6616135,-3.096621513366699,-9.730076789855957,10.181466102600098,-0.0032843307895664333,-0.0056824257191054415,-0.7306859225138422,0.6826821740781241,74.19955348968506,drone3
1743161087.8616104,-3.1049578189849854,-9.754440307617188,10.170024871826172,-0.0027150666422560738,-0.0047156690458605224,-0.730706853692484,0.6826696722691847,74.39955043792725,drone3
1743161088.06167,-3.114267587661743,-9.77272891998291,10.154269218444824,-0.0023967073762606863,-0.0033394029734535673,-0.7307564289230449,0.6826259133037182,74.59961009025574,drone3
1743161088.2617557,-3.121762275695801,-9.787511825561523,10.142571449279785,-0.001962322559313701,-0.002225702105186778,-0.730788858288796,0.6825971928606361,74.79969573020935,drone3
1743161088.4616313,-3.12615966796875,-9.797847747802734,10.134604454040527,-0.0013990326454616975,-0.0016620224976221759,-0.7307621371868401,0.6826288029970193,74.99957132339478,drone3
1743161088.6616037,-3.130366563796997,-9.805538177490234,10.126834869384766,-0.0005833026081207303,-0.0012189936048838932,-0.7307605435091309,0.6826325883108512,75.19954371452332,drone3
1743161088.8616092,-3.1350603103637695,-9.811850547790527,10.11915397644043,-0.00013462493667788843,-0.0007169234084805589,-0.7308221859092561,0.6825675741628451,75.39954924583435,drone3
1743161089.0616114,-3.1396641731262207,-9.817549705505371,10.111554145812988,-4.196511080620377e-05,-0.00024943894066068313,-0.7308596439208701,0.6825277559277144,75.59955143928528,drone3
1743161089.261608,-3.1437466144561768,-9.820833206176758,10.103864669799805,4.315684227366528e-05,-3.540114302363101e-05,-0.7308668826421018,0.6825200957379975,75.79954791069031,drone3
1743161089.4615967,-3.147001028060913,-9.822933197021484,10.097387313842773,0.00037006521731190766,0.0002375069167771613,-0.7308794819156286,0.6825064849401065,75.9995367527008,drone3
1743161089.6616058,-3.150822877883911,-9.824624061584473,10.092310905456543,0.0005839802504194503,0.00043599109960977984,-0.7309056472060197,0.6824782123072899,76.19954586029053,drone3
1743161089.8616219,-3.15515398979187,-9.827991485595703,10.088359832763672,0.0005332299706611114,0.0007065097001192229,-0.7309332823677528,0.6824484698031313,76.39956188201904,drone3
1743161090.0616074,-3.157609224319458,-9.830930709838867,10.08635139465332,0.0003795587229106809,0.0006843919580409686,-0.7309304848706828,0.6824515201812923,76.59954738616943,drone3
1743161090.2615929,-3.1578869819641113,-9.831812858581543,10.086865425109863,0.0005506869257226656,0.0007183489206759148,-0.7309050808577429,0.6824785257744755,76.79953289031982,drone3
1743161090.4615886,-3.1549618244171143,-9.832258224487305,10.088455200195312,0.0009972808079958808,0.0006236853393718395,-0.7308420370749047,0.6825456156547708,76.99952864646912,drone3
1743161090.6615798,-3.1504123210906982,-9.830196380615234,10.091679573059082,0.0015453866817068424,0.0003466365497826921,-0.7307872224642382,0.6826034648385301,77.1995198726654,drone3
1743161090.8616092,-3.143430709838867,-9.827629089355469,10.095285415649414,0.002345182936274188,0.0002531771891397686,-0.7307586073882774,0.6826319113270969,77.39954924583435,drone3
1743161091.0615668,-3.1346824169158936,-9.828938484191895,10.099360466003418,0.0029625696472789396,-0.000164985978765543,-0.7307319890192647,0.6826580239339274,77.59950685501099,drone3
1743161091.2615898,-3.1271555423736572,-9.830631256103516,10.101553916931152,0.0031409535494232666,-0.0010501550790081018,-0.7307231750595699,0.6826659106629551,77.7995297908783,drone3
1743161091.4617932,-3.1213691234588623,-9.831035614013672,10.099909782409668,0.0028145007714247714,-0.0011173668723553892,-0.730748017992589,0.6826405619677538,77.99973320960999,drone3
1743161091.661672,-3.117851495742798,-9.830687522888184,10.128228187561035,0.0030679046645114105,-0.0014355071723018728,-0.7307983729398474,0.68258498081128,78.19961214065552,drone3
1743161091.8616552,-3.114581346511841,-9.827960014343262,10.18752670288086,0.0031924967579282488,-0.0011025848530569551,-0.7307919139353131,0.6825919455779965,78.39959526062012,drone3
1743161092.0617404,-3.111360788345337,-9.82470417022705,10.188657760620117,0.00356683708154985,-0.0008825125316973538,-0.7307562840432531,0.6826286712881177,78.59968042373657,drone3
1743161092.2616496,-3.111701011657715,-9.819685935974121,10.137641906738281,0.003617988209118392,-0.0005749399777885325,-0.7307715174948118,0.6826123420184977,78.79958963394165,drone3
1743161092.4616668,-3.1163673400878906,-9.813139915466309,10.068061828613281,0.003491928302311324,0.0002397717748172089,-0.7308226337195215,0.6825584441017865,78.99960684776306,drone3
1743161092.6617014,-3.123809814453125,-9.805438995361328,10.002617835998535,0.0030723095864072436,0.0013220937072719193,-0.7308848319312115,0.6824926212611244,79.19964146614075,drone3
1743161092.8616855,-3.131028413772583,-9.798344612121582,9.948305130004883,0.002758455979037895,0.002296460870702856,-0.7309121562599367,0.6824621780656095,79.39962553977966,drone3
1743161093.061652,-3.134762763977051,-9.793718338012695,9.907416343688965,-0.019893288130995182,0.0009786662860356646,-0.7270316050383965,0.6863151652482234,79.59959197044373,drone3
1743161093.2616339,-3.1214559078216553,-9.774476051330566,9.886112213134766,-0.06048334993736372,-0.018801815804920116,-0.6976176750766779,0.7136650797446666,79.79957389831543,drone3
1743161093.4616852,-3.0800094604492188,-9.698951721191406,9.87807559967041,-0.08650748789869211,-0.04782246298647146,-0.6301994984903998,0.7701156348240458,79.99962520599365,drone3
1743161093.6617386,-3.0190765857696533,-9.530139923095703,9.876051902770996,-0.11673304630763014,-0.06479524254327647,-0.5319291900059747,0.836197636457428,80.19967865943909,drone3
1743161093.8616638,-2.950028419494629,-9.23965072631836,9.87829875946045,-0.13743783315257663,-0.05701415459146798,-0.4231715760369928,0.89374834677222,80.39960384368896,drone3
1743161094.0616567,-2.8726818561553955,-8.820228576660156,9.883508682250977,-0.1431647890750854,-0.03672202754029167,-0.320975710082263,0.9354838841884963,80.59959673881531,drone3
1743161094.2617233,-2.7830262184143066,-8.28264331817627,9.890677452087402,-0.13766312386293553,-0.013894224910510518,-0.23477514211987227,0.9621520286292491,80.79966330528259,drone3
1743161094.461699,-2.673492193222046,-7.64788293838501,9.896097183227539,-0.10486681711198656,0.009200246098155142,-0.16329391845800195,0.9809452240865597,80.99963903427124,drone3
1743161094.6616514,-2.5401229858398438,-6.954875469207764,9.903594970703125,-0.06463148886592152,0.009233544742656767,-0.0953875904868256,0.9932968638048594,81.19959139823914,drone3
1743161094.8616369,-2.3943331241607666,-6.244760036468506,9.913239479064941,-0.02545982326990396,0.004219184027167883,-0.025419565127041965,0.9993437143075659,81.39957690238953,drone3
1743161095.0616775,-2.2480051517486572,-5.55234432220459,9.925622940063477,0.00930388585718792,0.0029002767698158966,0.0480768679495282,0.9987961424517122,81.59961748123169,drone3
1743161095.2616408,-2.1041460037231445,-4.904771327972412,9.942458152770996,0.04325307289249235,-0.004007310502614732,0.12430348957893717,0.991293076186106,81.79958081245422,drone3
1743161095.4616995,-1.962782382965088,-4.3283257484436035,9.962540626525879,0.07618486727342469,-0.016639646914907904,0.2015651535140765,0.9763660111426995,81.9996395111084,drone3
1743161095.661653,-1.8289774656295776,-3.847285747528076,9.983626365661621,0.10332371298670329,-0.033074436438450504,0.2786144816264181,0.9542559430012787,82.19959306716919,drone3
1743161095.8619065,-1.7057703733444214,-3.4785211086273193,10.000499725341797,0.08630906975552585,-0.04182269183064077,0.35516584472360346,0.929870324361906,82.39984655380249,drone3
1743161096.0616515,-1.5979071855545044,-3.2036445140838623,10.010668754577637,0.05535713971773319,-0.04456406082286374,0.42912589313379346,0.9004446591370552,82.59959149360657,drone3
1743161096.2616143,-1.5095667839050293,-2.9877967834472656,10.017142295837402,0.03145300338302645,-0.041289606966146086,0.49767308501000224,0.8658103388592582,82.79955434799194,drone3
1743161096.4616318,-1.4471604824066162,-2.8274734020233154,10.026551246643066,0.017965700038715834,-0.0336885133870762,0.5368291615404268,0.8428267667457369,82.99957180023193,drone3
1743161096.661624,-1.3907287120819092,-2.660357713699341,10.041933059692383,0.003999861705684781,-0.02457024356781921,0.5449961776473374,0.8380688406274783,83.19956398010254,drone3
1743161096.8616269,-1.3465644121170044,-2.4916632175445557,10.05820369720459,-0.004557880711613126,-0.02171429408738007,0.518014745144891,0.8550839764499478,83.3995668888092,drone3
1743161097.0616183,-1.3151487112045288,-2.3194496631622314,10.070450782775879,0.0009802803786246401,-0.011056600089550549,0.47377529506871896,0.880575833958898,83.59955835342407,drone3
1743161097.2616274,-1.2925249338150024,-2.1478121280670166,10.081116676330566,0.00520247576519146,-0.01060510938350331,0.43152010808372765,0.9020260721134566,83.7995674610138,drone3
1743161097.4616287,-1.2778377532958984,-1.9813802242279053,10.092172622680664,0.00985283876319274,-0.011342376713560599,0.40520837846740715,0.9141009334775853,83.9995687007904,drone3
1743161097.6615984,-1.2694557905197144,-1.8250610828399658,10.103104591369629,0.015491263007816686,-0.011170727993053603,0.39869553133414,0.9168845431609115,84.19953846931458,drone3
1743161097.861628,-1.2624685764312744,-1.6827491521835327,10.112338066101074,0.020328146143040352,-0.010323065142810312,0.40742134089532006,0.9129557193098472,84.3995680809021,drone3
1743161098.0616002,-1.2573482990264893,-1.5619326829910278,10.119767189025879,0.022739063757330417,-0.009011679780828513,0.4228340008538447,0.9058770085884728,84.59954023361206,drone3
1743161098.2615938,-1.2484080791473389,-1.455976128578186,10.127264976501465,0.02197746098511545,-0.008813172075609249,0.4384302735579069,0.8984532626917638,84.79953384399414,drone3
1743161098.4616187,-1.2321569919586182,-1.3762972354888916,10.132843017578125,0.01880956226396744,-0.009683063931083372,0.4459929986875805,0.8947864236510433,84.99955868721008,drone3
1743161098.661613,-1.2183496952056885,-1.3141233921051025,10.150445938110352,0.016710206007671043,-0.00938012094506567,0.44699048815128783,0.8943333871763998,85.1995530128479,drone3
1743161098.8616238,-1.2072681188583374,-1.2722723484039307,10.158905982971191,0.014514316016855239,-0.009431552941866867,0.4445502277693556,0.8955867080105682,85.39956378936768,drone3
1743161099.0615888,-1.1974802017211914,-1.2338435649871826,10.160365104675293,0.01170610920224745,-0.009108219936156877,0.4399310596131072,0.897909041510367,85.59952878952026,drone3
1743161099.2616172,-1.1927403211593628,-1.2052065134048462,10.152953147888184,0.007811072224119433,-0.005242587793490918,0.4358209410931733,0.8999843101841949,85.79955720901489,drone3
1743161099.4615989,-1.191421627998352,-1.1809897422790527,10.10830307006836,0.004942273223240536,-0.0028375187129762434,0.43337985884769514,0.9011933557540026,85.99953889846802,drone3
1743161099.6615915,-1.1904821395874023,-1.1581556797027588,9.98798942565918,0.005647373946805411,-0.002721885788318257,0.4328230568320176,0.9014570685851353,86.19953155517578,drone3
1743161099.8616228,-1.1889193058013916,-1.1395289897918701,9.767633438110352,0.006538042881506387,-0.0029996967402778144,0.4336326767184876,0.9010610778699512,86.39956283569336,drone3
1743161100.061604,-1.1883584260940552,-1.1260172128677368,9.476794242858887,0.006396981001535219,-0.0028221719094441507,0.43506448945609977,0.9003722297778891,86.59954404830933,drone3
1743161100.2617164,-1.1874103546142578,-1.1184625625610352,9.17385482788086,0.005990092197924634,-0.002687122046922484,0.4364905070020416,0.8996849621926464,86.7996563911438,drone3
1743161100.4617286,-1.1865565776824951,-1.1173429489135742,8.896642684936523,0.00553320965871829,-0.0027763286506099502,0.43744068662829544,0.8992260462326354,86.99966859817505,drone3
1743161100.6616516,-1.1872124671936035,-1.1221765279769897,8.666074752807617,0.005235088041679656,-0.0030424561998172598,0.437786058978418,0.8990588707580169,87.19959163665771,drone3
1743161100.8616266,-1.1887264251708984,-1.1333234310150146,8.457545280456543,0.004571797238791778,-0.0026627705527424257,0.43768027038865565,0.8991151789476275,87.39956665039062,drone3
1743161101.0616355,-1.1892282962799072,-1.1469964981079102,8.238487243652344,-0.0009917444860558966,0.001159991906497063,0.4373935875250845,0.8992689306509952,87.59957551956177,drone3
1743161101.2616313,-1.1885432004928589,-1.1586174964904785,8.01547908782959,-0.0015937688096901595,0.0014368790285543796,0.43711232053154714,0.899404369548685,87.79957127571106,drone3
1743161101.4616182,-1.187426209449768,-1.1632726192474365,7.8735432624816895,-0.0016621356746698123,0.001292151952240607,0.436975448641008,0.899471024789605,87.99955821037292,drone3
1743161101.661617,-1.184364914894104,-1.165708303451538,7.645997524261475,-0.0018951136573884782,0.0009608542622968829,0.4368540024970238,0.8995300093040959,88.19955706596375,drone3
1743161101.8616972,-1.1833616495132446,-1.1671574115753174,7.414327144622803,-0.000935629599837951,0.0002538976162519014,0.4368952221148675,0.8995119704529333,88.39963722229004,drone3
1743161102.0616019,-1.1821070909500122,-1.1659454107284546,7.188946723937988,-0.00032289237769568427,-0.00013043521477963945,0.4370073959521792,0.8994578749728696,88.59954190254211,drone3
1743161102.2616017,-1.1816179752349854,-1.1646249294281006,6.974104881286621,-0.00013242344296730284,-0.00023493758479982977,0.4371688394554002,0.8993794607612151,88.79954171180725,drone3
1743161102.4615943,-1.1829458475112915,-1.1650434732437134,6.768367767333984,0.0002449609820629329,-0.0003346813739438845,0.43729593327708477,0.8993176945547223,88.99953436851501,drone3
1743161102.6616092,-1.187208652496338,-1.168992280960083,6.571688175201416,0.0002813696338727933,9.458520421704862e-06,0.4373944936823275,0.8992697103676927,89.19954919815063,drone3
1743161102.861612,-1.1948705911636353,-1.1745442152023315,6.382246971130371,-8.864939271573101e-05,0.0009745648708398608,0.4374521294976662,0.8992411558778266,89.3995521068573,drone3
1743161103.0615907,-1.2030014991760254,-1.179305076599121,6.1982741355896,-2.12805365032893e-05,0.001877538051127986,0.43746473140537095,0.8992336115919431,89.5995306968689,drone3
1743161103.2615287,-1.2083830833435059,-1.182989478111267,6.0182318687438965,1.6373392101892717e-05,0.0023533698792792806,0.43741149993570166,0.899258436085716,89.79946875572205,drone3
1743161103.4616911,-1.2124658823013306,-1.1879947185516357,5.842965126037598,-8.257563671860652e-05,0.0024225617513259456,0.4373475210196621,0.8992892875788261,89.99963116645813,drone3
1743161103.6616707,-1.2155241966247559,-1.1953322887420654,5.675351142883301,-0.0005157634975735436,0.002568671951177246,0.4373079872757589,0.8993080007795649,90.19961071014404,drone3
1743161103.8616862,-1.2163499593734741,-1.2005800008773804,5.512933731079102,-0.0010154187495275578,0.0025700986055357273,0.43730916738751724,0.8993069892552006,90.3996262550354,drone3
1743161104.0616598,-1.2148692607879639,-1.2043994665145874,5.357257843017578,-0.0010722721316726584,0.002221051330104472,0.4373158055161577,0.8993046501051082,90.59959983825684,drone3
1743161104.261666,-1.213942289352417,-1.2071292400360107,5.207337856292725,-0.0011685889375152346,0.001807311790874923,0.4373827768584415,0.8992729135281795,90.79960608482361,drone3
1743161104.461681,-1.2144887447357178,-1.2090502977371216,5.06292200088501,-0.001023458898846003,0.001651723242238291,0.43748019929877446,0.8992259830123627,90.99962091445923,drone3
1743161104.6617208,-1.2166744470596313,-1.2100284099578857,4.922316551208496,-0.0006915520346528792,0.0016666319696159641,0.4375589085383685,0.899187903334733,91.19966077804565,drone3
1743161104.8616772,-1.2186925411224365,-1.2125324010849,4.784111022949219,-0.0005224315899891228,0.0019435903945509067,0.43757269055783166,0.8991807805173347,91.3996171951294,drone3
1743161105.061642,-1.2208880186080933,-1.214940071105957,4.644753932952881,-0.0007271898704059038,0.0021751820587622055,0.4375203652454054,0.8992056260845319,91.5995819568634,drone3
1743161105.2616386,-1.22122061252594,-1.2151780128479004,4.505106449127197,-0.000650545661752716,0.002161760098508883,0.4374604956470956,0.8992348127771257,91.79957866668701,drone3
1743161105.4617128,-1.2191294431686401,-1.2132537364959717,4.365874290466309,-0.000482200035861633,0.0017693183619963602,0.4374223738226175,0.899254305694562,91.99965286254883,drone3
1743161105.6616457,-1.215910792350769,-1.2125133275985718,4.226286888122559,-0.000365955940741206,0.0012668458977962277,0.43740366062187863,0.8992644209382046,92.19958567619324,drone3
1743161105.861696,-1.2110179662704468,-1.213029384613037,4.085813522338867,-0.0005648869254429749,0.0009925981655332372,0.4373991930559365,0.8992667811617212,92.39963603019714,drone3
1743161106.0616739,-1.20381498336792,-1.2132028341293335,3.9463248252868652,-0.0008082742845348912,0.0005738916058010187,0.4374204982878587,0.8992566026978057,92.599613904953,drone3
1743161106.2617054,-1.196599006652832,-1.2144925594329834,3.8075246810913086,-0.0010665503677150506,6.936152957545227e-05,0.4374481887673304,0.8992429892657368,92.79964542388916,drone3
1743161106.461668,-1.191533088684082,-1.2162894010543823,3.6723432540893555,-0.0015406167203585073,-7.9308597414504e-05,0.4374656375626139,0.8992338012527614,92.99960803985596,drone3
1743161106.6616273,-1.1864514350891113,-1.2172333002090454,3.5441129207611084,-0.0018056279543067228,-9.57846401416602e-05,0.43749943933511964,0.899216942513357,93.19956731796265,drone3
1743161106.8616436,-1.1818565130233765,-1.2158068418502808,3.4266464710235596,-0.0012602907869229633,-1.4284982831115914e-05,0.4375201334377385,0.8992077966472302,93.39958357810974,drone3
1743161107.061634,-1.1779844760894775,-1.2131577730178833,3.2909960746765137,-0.0013057885156856322,-0.0004185391556604196,0.43751745711285805,0.8992089556855642,93.5995740890503,drone3
1743161107.2616248,-1.1744284629821777,-1.2096108198165894,3.1390328407287598,-0.0010221318493443545,-0.0005468236052359375,0.4375044126632439,0.8992155095205077,93.79956483840942,drone3
1743161107.4616296,-1.1718848943710327,-1.2042149305343628,2.9811134338378906,-0.0007389834957589562,-0.0007496408887402067,0.43748336031241275,0.8992259408655141,93.99956965446472,drone3
1743161107.6616528,-1.172167181968689,-1.1986945867538452,2.821340560913086,-0.00031876149263323583,-0.0007799579511162176,0.4374698943943135,0.8992326632878516,94.19959282875061,drone3
1743161107.861627,-1.1735962629318237,-1.1946543455123901,2.6643614768981934,0.00021650523271396786,-0.0005186326936767611,0.4374659536639777,0.8992348338505499,94.39956712722778,drone3
1743161108.0616312,-1.1740504503250122,-1.1943508386611938,2.511201858520508,0.00021682826422977027,-0.00029569486509216266,0.4374537521513338,0.8992407976296142,94.59957122802734,drone3
1743161108.261607,-1.1753076314926147,-1.1977307796478271,2.363492727279663,-0.00018528929567131658,-0.0001628993611987881,0.4374758370999535,0.8992300923300924,94.79954695701599,drone3
1743161108.4615986,-1.1784600019454956,-1.2026586532592773,2.2204928398132324,-0.0006603123707144806,0.0003745350058416921,0.43747661681665095,0.899229481200789,94.99953866004944,drone3
1743161108.6616101,-1.1850107908248901,-1.2093861103057861,2.078380823135376,-0.0009357687173652623,0.0010830728995684035,0.43750007153784726,0.8992172375412966,95.19955015182495,drone3
1743161108.8615987,-1.1933648586273193,-1.2156747579574585,1.9358690977096558,-0.0011745153235991823,0.002145903951958897,0.4375219668256487,0.8992044459727736,95.39953875541687,drone3
1743161109.061627,-1.2001110315322876,-1.2196146249771118,1.7967060804367065,-0.0010437852249366593,0.0027078766533178396,0.43753928918038665,0.8991946257570704,95.59956693649292,drone3
1743161109.2616327,-1.2064528465270996,-1.2227483987808228,1.6601110696792603,-0.0008248762224504092,0.0028899312002315988,0.4375443678756322,0.8991917386979476,95.79957270622253,drone3
1743161109.461613,-1.2108067274093628,-1.224159598350525,1.5239269733428955,-0.0007332752332499816,0.003024234520235404,0.4375280781186829,0.8991994304978007,95.99955296516418,drone3
1743161109.6616166,-1.211581826210022,-1.2244783639907837,1.3867141008377075,-0.0006362485781663475,0.002655820356323076,0.4375288578353802,0.8992003366550437,96.19955658912659,drone3
1743161109.8615932,-1.2106908559799194,-1.2247742414474487,1.2508292198181152,-0.0007739492469687722,0.0021402863615106456,0.4375287103214105,0.8992015799870748,96.39953327178955,drone3
1743161110.061586,-1.2094823122024536,-1.2231931686401367,1.1167917251586914,-0.0008083321438437721,0.0016936959263063392,0.437499797583332,0.8992165842651447,96.59952592849731,drone3
1743161110.2615964,-1.2079828977584839,-1.2205158472061157,0.9809867143630981,-0.0006393396420302073,0.0012753139775677665,0.4375001347581201,0.8992172586147209,96.79953646659851,drone3
1743161110.4615898,-1.2082481384277344,-1.2176233530044556,0.8438506126403809,-0.0004109307028464731,0.0011251902164740176,0.4374945292272681,0.8992203353346622,96.99952983856201,drone3
1743161110.6615765,-1.2082078456878662,-1.215695858001709,0.6983083486557007,-5.268730611058841e-05,0.0012444058290505895,0.437494023465086,0.8992205039220562,97.1995165348053,drone3
1743161110.861602,-1.2056578397750854,-1.215762972831726,0.5602294206619263,-0.00018390044716971656,0.0012254988927493105,0.4374933912623584,0.8992208832436928,97.39954209327698,drone3
1743161111.0616,-1.2011146545410156,-1.2171186208724976,0.4218488037586212,-0.0007415919918412952,0.0008718897971931957,0.43749471888808644,0.8992203142612379,97.59953999519348,drone3
1743161111.261593,-1.1973081827163696,-1.2197068929672241,0.28416988253593445,-0.001249947151813174,0.0006583393302093692,0.43751166192118784,0.8992116320104447,97.7995331287384,drone3
1743161111.461596,-1.194857120513916,-1.2232836484909058,0.15099108219146729,-0.0017135432230061499,0.0008465520091353382,0.43752198789907304,0.8992056893048046,97.99953603744507,drone3
1743161111.6615927,-1.1933287382125854,-1.2296799421310425,0.02747352421283722,-0.0022493402618979225,0.0010709891223348177,0.4375638607930685,0.8991839626043973,98.19953274726868,drone3
1743161111.8616025,-1.193440318107605,-1.2300564050674438,-0.06340953707695007,-0.0025428612458447573,0.0011852372513696124,0.437586177549355,0.8991720982665414,98.39954257011414,drone3
1743161112.0615954,-1.1936527490615845,-1.2308975458145142,-0.008459776639938354,-0.0025253645414482916,0.0011846220061630295,0.43763688020811375,0.8991476109475566,98.59953546524048,drone3
1743161112.261618,-1.193790078163147,-1.2321733236312866,0.03901448845863342,-0.0025125128807388817,0.0011659181896834315,0.43767917457059435,0.8991269800652105,98.79955792427063,drone3
1743161112.4617734,-1.1936477422714233,-1.2316354513168335,0.06575855612754822,-0.0025162230793378247,0.001156127978914538,0.43771042645876523,0.8991117439794739,98.99971342086792,drone3
1743161112.6617272,-1.1934775114059448,-1.231471300125122,0.08577686548233032,-0.0025087817733518104,0.0011576206523599443,0.43775914821564377,0.8990880574506107,99.19966721534729,drone3
1743161112.8617177,-1.1919987201690674,-1.2327800989151,0.09670126438140869,-0.002462090062237137,0.0011645017016057922,0.43780177975291257,0.8990674265682647,99.39965772628784,drone3
1743161113.0616739,-1.190532922744751,-1.233441948890686,0.10317784547805786,-0.0024015673112525887,0.0012245838863145005,0.4378466239997281,0.899045678794433,99.599613904953,drone3
1743161113.2616904,-1.1875324249267578,-1.2335400581359863,0.106940358877182,-0.0019367260558721124,0.001189489761370879,0.43786763420371083,0.8990366382954275,99.79963040351868,drone3
1743161113.461701,-1.1851627826690674,-1.2344839572906494,0.10792863368988037,-0.0013908274278465083,0.001063468842456635,0.43785309354097446,0.899044856930887,99.99964094161987,drone3
1743161113.6617334,-1.1830542087554932,-1.23628830909729,0.10643753409385681,-0.001038146305106424,0.0009994504947784628,0.43781773233507393,0.8990626850478072,100.19967341423035,drone3
1743161113.8616815,-1.1817785501480103,-1.237569808959961,0.10315924882888794,-0.0008281744242864246,0.0009697291322138329,0.43776110804409957,0.8990903966007031,100.39962148666382,drone3
1743161114.0616643,-1.1817344427108765,-1.239916443824768,0.10044142603874207,-0.0007024109808401649,0.0009137579990591495,0.4377071811514298,0.8991169280418407,100.59960436820984,drone3
1743161114.261693,-1.1809662580490112,-1.2442028522491455,0.09850549697875977,-0.0005813717556234095,0.000902332972128705,0.43762809259019914,0.8991554713348039,100.79963302612305,drone3
1743161114.4617162,-1.1801702976226807,-1.247725248336792,0.09705910086631775,-0.0005109900994459786,0.0008633909716249405,0.4375645983629175,0.8991865124887322,100.99965620040894,drone3
1743161114.6616747,-1.180765986442566,-1.2507236003875732,0.09498435258865356,-0.0004900307268675078,0.0008645927741929772,0.4375005562266052,0.899217680083206,101.19961476325989,drone3
1743161114.8618484,-1.180703043937683,-1.251868724822998,0.09185135364532471,-0.000515522141011368,0.0008722993295590973,0.43745168695575676,0.8992413455386448,101.39978837966919,drone3
1743161115.061705,-1.180076241493225,-1.2512943744659424,0.08664900064468384,-0.00056634309082722,0.0009252141216380804,0.43740326022681786,0.8992649056269625,101.59964513778687,drone3
