timestamp,x,y,z,qx,qy,qz,qw,relative_time,drone_id
1743543310.6283836,0.028450332581996918,-0.018490349873900414,0.0998024046421051,0.00044125536035003805,-0.0027589640667052577,0.039884194948586804,-0.9992004150226288,0.0,drone1
1743543310.8284104,0.030360311269760132,-0.020029272884130478,0.09596836566925049,0.0004048151292730682,-0.0027665004500546115,0.03990556340078183,-0.999199614232507,0.2000267505645752,drone1
1743543311.0284073,0.03243844583630562,-0.023230478167533875,0.08944627642631531,0.00034216737863835466,-0.002783997730677522,0.03991719593097076,-0.999199108470325,0.4000236988067627,drone1
1743543311.2283778,0.03258798271417618,-0.025524456053972244,0.0804414451122284,0.0003367136422954957,-0.002767840011901912,0.03989704973738262,-0.9991999514072951,0.5999941825866699,drone1
1743543311.428385,0.02960561215877533,-0.026478983461856842,0.07102763652801514,0.0003449899827176319,-0.002723928511063815,0.03983901352698316,-0.9992023537776603,0.8000013828277588,drone1
1743543311.6284056,0.026485027745366096,-0.026878073811531067,0.061287641525268555,0.00031167857891615174,-0.002669552408721618,0.03978443335816151,-0.9992047561480254,1.0000219345092773,drone1
1743543311.8284018,0.025995418429374695,-0.02771730348467827,0.049481868743896484,0.00028480024945896394,-0.002674513389136379,0.0397846019455555,-0.9992046718543284,1.2000181674957275,drone1
1743543312.0284023,0.027545679360628128,-0.030490053817629814,0.03638759255409241,0.00022827350538982287,-0.002730128707606472,0.03980508531393184,-0.9992037446236611,1.4000186920166016,drone1
1743543312.2284067,0.028514210134744644,-0.03471461310982704,0.022359788417816162,0.00019664509439655577,-0.002764611909041844,0.0398047481391437,-0.9992036603299641,1.6000230312347412,drone1
1743543312.4283812,0.029087699949741364,-0.039446212351322174,0.006946384906768799,0.00017377532535945895,-0.002772530742114209,0.039787130756466116,-0.9992043346795403,1.7999975681304932,drone1
1743543312.6283946,0.029136238619685173,-0.045502614229917526,-0.007081210613250732,0.00016026256828209783,-0.0027632035292934594,0.03977212647839634,-0.9992050090291165,2.0000109672546387,drone1
1743543312.8283937,0.028669752180576324,-0.04970801994204521,-0.016056984663009644,0.0001342039621012217,-0.0027476928304969424,0.039767068856574994,-0.9992051776165105,2.200010061264038,drone1
1743543313.0283742,0.028194408863782883,-0.055128857493400574,-0.023065894842147827,0.00013333789375516092,-0.0027464291659041874,0.03976664738808988,-0.9992052619102074,2.3999905586242676,drone1
1743543313.2283692,0.027073916047811508,-0.05721725896000862,0.0020254850387573242,0.0001502315360184417,-0.0027381160293076675,0.039801882153444934,-0.9992038289173582,2.5999855995178223,drone1
1743543313.428362,0.026742957532405853,-0.059054743498563766,0.03285425901412964,0.00018837007106343532,-0.0027242530911881866,0.039830837038371925,-0.9992026909524484,2.799978256225586,drone1
1743543313.628372,0.027023708447813988,-0.061702910810709,0.05673372745513916,0.000206997743334298,-0.0027359296615411645,0.03982000529830465,-0.999203154567782,2.999988317489624,drone1
1743543313.8283994,0.027588974684476852,-0.06317732483148575,0.07155969738960266,0.00019095732779917244,-0.002744012554514081,0.039814863382786336,-0.999203323155176,3.2000157833099365,drone1
1743543314.0283885,0.029026132076978683,-0.06471472233533859,0.07916569709777832,0.00016920535574631282,-0.0027785435827443455,0.039833576583525154,-0.9992024802182058,3.4000048637390137,drone1
1743543314.2283654,0.03208847716450691,-0.06495121866464615,0.08317255973815918,0.0001420272239018659,-0.002823607783425603,0.03981612778824167,-0.999203070274085,3.5999817848205566,drone1
1743543314.4283695,0.034568436443805695,-0.06356297433376312,0.08583292365074158,0.0001682096364502429,-0.0028415369869276867,0.03983298652764605,-0.9992023116308117,3.799985885620117,drone1
1743543314.6283636,0.03587506338953972,-0.06160183250904083,0.08729612827301025,0.00021553577288029407,-0.0028289866103306787,0.039878083655552676,-0.9992005414631744,3.9999799728393555,drone1
1743543314.8283656,0.03944960981607437,-0.05678338557481766,0.08705082535743713,0.0002448745892554322,-0.0028421222683591564,0.03988052817276633,-0.9992003728757803,4.199981927871704,drone1
1743543315.028359,0.045563582330942154,-0.05128774419426918,0.08468842506408691,0.00030220969670812214,-0.0028963581007211527,0.039873911117550065,-0.9992004993163258,4.399975299835205,drone1
1743543315.2283633,0.05143854767084122,-0.0478399395942688,0.07908040285110474,0.0003392501911041182,-0.002941201359719982,0.03986624039112113,-0.9992006679037198,4.599979639053345,drone1
1743543315.4283652,0.054820526391267776,-0.04747296869754791,0.06990891695022583,0.00027305395570620313,-0.0029327584898553895,0.039876271341066694,-0.9992003307289319,4.799981594085693,drone1
1743543315.6283464,0.0547889769077301,-0.04813588410615921,0.058671921491622925,0.00023198777873290882,-0.0029122583285941415,0.03989759764641321,-0.9991994877919614,4.99996280670166,drone1
1743543315.828346,0.05202808231115341,-0.0476154163479805,0.04580128192901611,0.00024627407865295887,-0.0028553339059602424,0.0398998314293843,-0.999199614232507,5.199962377548218,drone1
1743543316.028389,0.048863258212804794,-0.04816615208983421,0.03244924545288086,0.0002551726613170753,-0.002814628282105068,0.03988689234689141,-0.9992002464352348,5.400005340576172,drone1
1743543316.2283483,0.04605955258011818,-0.04833971709012985,0.021209031343460083,0.00023528741599015623,-0.00276910491126562,0.03988141325658501,-0.9992005836100228,5.599964618682861,drone1
1743543316.4283476,0.04416047781705856,-0.04941614717245102,0.012543439865112305,0.0001985834378377394,-0.0027497173609506084,0.039862152146815544,-0.9992013844001446,5.79996395111084,drone1
1743543316.6283612,0.044015392661094666,-0.04944522678852081,0.0027276277542114258,0.0001802890714059794,-0.0027670621062018575,0.03985574582584189,-0.9992016372812356,5.9999775886535645,drone1
1743543316.8283768,0.046104662120342255,-0.047598425298929214,-0.010415434837341309,0.00022492003211904788,-0.0028175713998293064,0.039883689186404614,-0.9992003307289317,6.199993133544922,drone1
1743543317.0283916,0.04877357557415962,-0.04367049038410187,-0.02379506826400757,0.0002514614337423387,-0.0028427046686584035,0.03989030624162082,-0.9992000357009923,6.400007963180542,drone1
1743543317.2283635,0.051456060260534286,-0.040281251072883606,-0.03717350959777832,0.00027875135351701567,-0.0028572596547377102,0.03990851368017756,-0.999199192764022,6.599979877471924,drone1
1743543317.4283638,0.05151806399226189,-0.03726603090763092,-0.05234892666339874,0.00026827234635180423,-0.002840216769825308,0.03991892395175972,-0.9991988977360824,6.799980163574219,drone1
1743543317.6283722,0.05104077607393265,-0.03583653271198273,-0.06690916419029236,0.0002852037726062303,-0.002813144087420202,0.03989279290568304,-0.9991999935541437,6.999988555908203,drone1
1743543317.8283577,0.0502830445766449,-0.03746873885393143,-0.08062116801738739,0.0002691500215448182,-0.0027926528988278755,0.039888831101922984,-0.9992002464352348,7.199974060058594,drone1
1743543318.0283487,0.04905257374048233,-0.040652189403772354,-0.08723270893096924,0.00022976634347135616,-0.002781590750500845,0.0399101574072695,-0.9991994034982645,7.399965047836304,drone1
1743543318.2283602,0.04779276251792908,-0.0414276085793972,-0.053314611315727234,0.00023523325070437466,-0.002758630596230028,0.039897471205867674,-0.9991999514072951,7.599976539611816,drone1
1743543318.4283462,0.04520554095506668,-0.04298068955540657,-0.009252309799194336,0.0002590511591968395,-0.002701648386315553,0.03986590321633304,-0.9992013422532959,7.799962520599365,drone1
1743543318.628348,0.04092477262020111,-0.04449274018406868,0.02736806869506836,0.00026829399600250423,-0.0026728385458164522,0.039833745170919255,-0.9992027330992969,7.999964475631714,drone1
1743543318.828342,0.03711307793855667,-0.04614603519439697,0.05409076809883118,0.00026319579137589253,-0.0026458386325794777,0.03983956143601375,-0.9992025645119028,8.199958324432373,drone1
1743543319.0283654,0.034082524478435516,-0.049932681024074554,0.07234403491020203,0.0002468270914035374,-0.0025793782385157985,0.03981060655108681,-0.9992039553579037,8.39998173713684,drone1
1743543319.2283823,0.02812526375055313,-0.05137089267373085,0.10007008910179138,0.007699494266689976,0.007144765390282714,0.027307701793481465,-0.9995719394922523,8.599998712539673,drone1
1743543319.428341,0.013674839399755001,-0.043553754687309265,0.1979084610939026,0.005990326969041875,0.0038119993724372065,-0.0006761197438116537,-0.9999745261892283,8.799957275390625,drone1
1743543319.6284103,-0.006860514171421528,-0.03041469305753708,0.36296266317367554,-0.002313200043119918,-0.0021342091687343886,-0.028499698963066478,-0.9995888825253538,9.00002670288086,drone1
1743543319.8283913,-0.02754790335893631,-0.02177497185766697,0.5327733159065247,-0.0036109436761983713,-0.005276611001587317,-0.045767431385373814,-0.9989317288633719,9.200007677078247,drone1
1743543320.0283616,-0.04433063045144081,-0.017250806093215942,0.6830506324768066,-0.0023994047745653233,-0.00743849087287867,-0.0481011445342705,-0.9988119053730553,9.399977922439575,drone1
1743543320.2283742,-0.05349576100707054,-0.012858344241976738,0.8113402724266052,-0.0011281068277818286,-0.008150267673711286,-0.03842582969641262,-0.9992275575930698,9.599990606307983,drone1
1743543320.4283733,-0.05423276871442795,-0.009621339850127697,0.9230775237083435,-0.00020857882637978059,-0.007585693186478398,-0.02434482049001402,-0.9996748199494674,9.799989700317383,drone1
1743543320.6284027,-0.048562027513980865,-0.005995999090373516,1.021413803100586,0.00037267362979002185,-0.006196085249293903,-0.011574114656970502,-0.9999138347273726,10.000019073486328,drone1
1743543320.8283856,-0.04181715101003647,-0.0009060278534889221,1.1085050106048584,5.793677017885672e-05,-0.0048636870491513915,-0.00310757143440521,-0.9999833770274156,10.200001955032349,drone1
1743543321.0283802,-0.035651590675115585,0.005443838890641928,1.1837782859802246,-0.0008060660510326297,-0.003981340470670047,0.0003536120590064693,-0.9999917221034208,10.399996519088745,drone1
1743543321.2284024,-0.031416263431310654,0.010706346482038498,1.2559990882873535,-0.001592098931178295,-0.003430234124124105,0.0001451115994230421,-0.9999928600683307,10.600018739700317,drone1
1743543321.4283473,-0.028498465195298195,0.015661295503377914,1.3234000205993652,-0.001944535652874073,-0.0033946113114176686,-0.002332490890289751,-0.9999896147609952,10.79996371269226,drone1
1743543321.628374,-0.02322005294263363,0.01937595196068287,1.3908979892730713,-0.002090205409926628,-0.0031539955706544505,-0.005965254203989301,-0.999975074098259,10.999990463256836,drone1
1743543321.8283443,-0.01867711916565895,0.021478381007909775,1.4494311809539795,-0.0019763215383228113,-0.0027270003742393607,-0.008332558391149159,-0.999959564058007,11.199960708618164,drone1
1743543322.0283678,-0.014662557281553745,0.019455812871456146,1.507213830947876,-0.0015160546154128467,-0.002640358595615328,-0.003544170638129507,-0.9999891511456617,11.399984121322632,drone1
1743543322.2283604,-0.010534293949604034,0.01600291021168232,1.5559966564178467,0.00048120329273462797,-0.0005964189368388638,-0.003165734085350147,-0.9999946723828166,11.599976778030396,drone1
1743543322.4284203,-0.0073161497712135315,0.014680789783596992,1.596177339553833,0.001331859387257949,-0.00047178964080220374,-0.0036941291251312847,-0.9999921857187545,11.800036668777466,drone1
1743543322.6284144,-0.008100217208266258,0.013906345702707767,1.6266539096832275,0.0009241285624656038,-0.0012289976882714534,-0.004633877406378717,-0.9999880974744488,12.000030755996704,drone1
1743543322.828489,-0.011050526984035969,0.01337419543415308,1.6491611003875732,0.000683665758374607,-0.002023710154163057,-0.004885704826231296,-0.9999857793977809,12.200105428695679,drone1
1743543323.0284011,-0.015971310436725616,0.013281016610562801,1.6860625743865967,0.00040358307481669884,-0.0031425915142506825,-0.0022636229398229624,-0.999992480746694,12.400017499923706,drone1
1743543323.2283955,-0.017407968640327454,0.01178089901804924,1.7387402057647705,0.0008550202741226615,-0.010322375317438057,0.0021234003748273884,-0.999944138311452,12.600011825561523,drone1
1743543323.4284227,-0.011552871204912663,0.008345023728907108,1.7752163410186768,0.0011880682930505387,-0.013900313813031223,0.005979963454119718,-0.9998848376955972,12.800039052963257,drone1
1743543323.6284735,0.006657060701400042,0.0025482866913080215,1.7887020111083984,0.0016897142427341216,-0.009773614788747612,0.009105405152293633,-0.9999093671614305,13.000089883804321,drone1
1743543323.828404,0.034186359494924545,-0.0033951858058571815,1.791170358657837,0.0019818524890093526,-0.005486305649317877,0.010976472345086252,-0.999922769859257,13.20002031326294,drone1
1743543324.0284164,0.06308267265558243,-0.006686824839562178,1.7917876243591309,0.0020602030636559087,-0.0019261084302327073,0.009809046788183007,-0.9999479315278179,13.400032758712769,drone1
1743543324.2284079,0.08842530101537704,-0.007103446405380964,1.7937850952148438,0.0016592102964882367,3.585412646492596e-05,0.005479722509143969,-0.9999835877616582,13.600024223327637,drone1
1743543324.428422,0.10989382117986679,-0.004424915183335543,1.7987730503082275,0.0006695797794620788,0.00010414951364106801,-0.0004686729554410074,-0.9999996457109408,13.80003833770752,drone1
1743543324.6284132,0.12956494092941284,0.0005161325680091977,1.8054451942443848,-0.0003685837185435567,-0.0008629702440024232,-0.005535693523966212,-0.9999842621112344,14.000029563903809,drone1
1743543324.8284364,0.1476159542798996,0.0076881335116922855,1.8130972385406494,-0.0011911066527741238,-0.0017605665524394803,-0.00814070593672761,-0.9999646216798284,14.200052738189697,drone1
1743543325.0284278,0.16321900486946106,0.015198005363345146,1.8208842277526855,-0.0016613550936325507,-0.0029550847127192068,-0.008275870879902059,-0.9999600276733407,14.400044202804565,drone1
1743543325.228493,0.1786525547504425,0.02018565684556961,1.8291993141174316,-0.0018959078209059303,-0.003489416942830067,-0.006513542556267571,-0.9999709858539534,14.600109338760376,drone1
1743543325.4284105,0.1927277147769928,0.023872511461377144,1.839984655380249,-0.001332606300206974,-0.0040459904435632184,-0.003651560808135224,-0.9999842621112344,14.800026893615723,drone1
1743543325.6284168,0.207039013504982,0.025234825909137726,1.8529291152954102,-0.0007662293766557388,-0.004244639735851698,-0.00047925181441727,-0.999990584138511,15.000033140182495,drone1
1743543325.8283944,0.22442588210105896,0.026401279494166374,1.8679649829864502,-0.0001282291524163027,-0.003903909795238201,0.0026443775692705502,-0.9999889404114191,15.200010776519775,drone1
1743543326.0283775,0.24401411414146423,0.029664097353816032,1.88157320022583,0.00018938752232827084,-0.0032873530972676985,0.0052002467566682475,-0.9999811010975961,15.399993896484375,drone1
1743543326.228377,0.2626012861728668,0.031232276931405067,1.8943450450897217,-0.00011553735338620561,-0.002704184276579665,0.00689349639559339,-0.9999726295810454,15.599993467330933,drone1
1743543326.4284089,0.2802424728870392,0.029560737311840057,1.9077517986297607,9.521565768728788e-06,-0.0025255148953911275,0.007490759385841261,-0.999968794217831,15.800025224685669,drone1
1743543326.6284072,0.295922189950943,0.0256259236484766,1.9220962524414062,0.0005659742235846651,-0.0025634128147365176,0.007151224374237486,-0.9999709858539534,16.00002360343933,drone1
1743543326.8285108,0.31041333079338074,0.019873889163136482,1.9378209114074707,0.001021823177185732,-0.003018681261353797,0.006402696344683989,-0.9999744418955313,16.200127124786377,drone1
1743543327.0283656,0.32549312710762024,0.013392327353358269,1.9520432949066162,0.001620549617966476,-0.003443385340266584,0.005725733663902055,-0.9999763806505628,16.39998197555542,drone1
1743543327.228365,0.3419061005115509,0.006909198127686977,1.9653656482696533,0.0021370440999437987,-0.003522117299646204,0.005086576706234358,-0.9999786144335339,16.5999813079834,drone1
1743543327.4283593,0.35997331142425537,0.001985058654099703,1.9771671295166016,0.002279250077520492,-0.0033637032246390404,0.00433834370462044,-0.9999823655030513,16.799975633621216,drone1
1743543327.6283636,0.3775642514228821,-0.0030445046722888947,1.986717700958252,0.0021286151829909695,-0.002931119907642431,0.002992721272213117,-0.9999889825582677,16.999979972839355,drone1
1743543327.8284109,0.38650965690612793,-0.004909490700811148,1.9917173385620117,0.0020437863773974134,-0.0026732108704176504,0.002144010183749212,-0.999992059278209,17.200027227401733,drone1
1743543328.0283868,0.40619993209838867,-0.006363428197801113,2.000192880630493,0.001139714991824164,-0.002910661687434535,-0.0005871477466051769,-0.9999949674107562,17.40000319480896,drone1
1743543328.2284045,0.4207831025123596,-0.008104229345917702,2.038243532180786,0.00048148065830470475,-0.003319616509802787,-0.002957655094251943,-0.9999899940826318,17.60002088546753,drone1
1743543328.4284034,0.4346100687980652,-0.008874569088220596,2.06178879737854,0.00035204027790203447,-0.0034012646688998814,-0.0049005405169070815,-0.9999821547688088,17.80001974105835,drone1
1743543328.628408,0.4474146068096161,-0.008767649531364441,2.052259683609009,4.414470791204794e-05,-0.0037163999479383762,-0.006201782317832472,-0.9999738939865006,18.00002431869507,drone1
1743543328.8284068,0.4607619643211365,-0.008175704628229141,2.023273229598999,-3.160914856634723e-05,-0.003937900240745475,-0.00652593372972976,-0.9999709858539534,18.20002317428589,drone1
1743543329.0284278,0.47439008951187134,-0.005751516669988632,1.987597942352295,-5.9998179124847595e-05,-0.0039864357941644364,-0.006032436280515641,-0.9999738939865007,18.400044202804565,drone1
1743543329.2284987,0.4889024794101715,-0.0028259344398975372,1.9536137580871582,-0.0003846102429054674,-0.003844676844831568,-0.005136520721719551,-0.9999794152236556,18.600115060806274,drone1
1743543329.4283967,0.505120575428009,-0.003337396774441004,1.9252495765686035,-0.0003940871922837192,-0.0038969743337523804,-0.004151633165717039,-0.9999837984959008,18.800013065338135,drone1
1743543329.6284053,0.5236213803291321,-0.006989770103245974,1.906442642211914,5.2649645596517615e-05,-0.003457341874024261,-0.0031639217708641643,-0.9999890668519646,19.0000216960907,drone1
1743543329.8286662,0.5423715114593506,-0.011608711443841457,1.8945858478546143,0.0008908595010180348,-0.0026418656335628157,-0.0022323499782279654,-0.9999936608584523,19.20028257369995,drone1
1743543330.0283885,0.5594106912612915,-0.01334351859986782,1.8858122825622559,0.0013351187709821457,-0.0024611071433997983,-0.001300736038743089,-0.9999952624386957,19.400004863739014,drone1
1743543330.228384,0.5745153427124023,-0.012897917069494724,1.881476879119873,0.001259234152259884,-0.002599470184500158,-0.0005567598688288046,-0.9999956839071809,19.600000381469727,drone1
1743543330.4283805,0.5867899060249329,-0.010405691340565681,1.8834426403045654,0.0007687161230360671,-0.00349793184100022,-0.0005133486148625745,-0.9999934922710583,19.799996852874756,drone1
1743543330.6283715,0.5981253385543823,-0.003521026810631156,1.889702558517456,-0.00012852088763333787,-0.004256102361557644,-0.0013651364232677434,-0.9999900362294805,19.999987840652466,drone1
1743543330.828457,0.6099066734313965,0.002673669718205929,1.8974006175994873,-0.0011534797244937695,-0.004597126506930083,-0.0026779264606850432,-0.9999852314887501,20.20007348060608,drone1
1743543331.0283618,0.6250618100166321,0.002836718922480941,1.905195951461792,-0.0011483644800280137,-0.004633343491418846,-0.0036537102974092965,-0.9999819440345663,20.399978160858154,drone1
1743543331.2283776,0.6427156329154968,0.00011024903506040573,1.9139971733093262,-0.0004077910095864587,-0.003981608333648669,-0.003755494936563131,-0.9999849364608107,20.59999394416809,drone1
1743543331.4283845,0.6633555889129639,-0.0047325389459729195,1.9230051040649414,0.0006987346561243309,-0.003418439509668071,-0.0026615313366143423,-0.999990415551117,20.8000009059906,drone1
1743543331.6283622,0.6849191188812256,-0.007932893931865692,1.9331951141357422,0.0016153468693992227,-0.0023740051244827494,-0.0005840710266638572,-0.9999956839071809,20.99997854232788,drone1
1743543331.8283725,0.7048776745796204,-0.00836975872516632,1.942793846130371,0.0016661569840999662,-0.001832298811374479,0.0016500912660500908,-0.9999956417603323,21.199988842010498,drone1
1743543332.0283482,0.7250064015388489,-0.008148782886564732,1.9509737491607666,0.0011496200362916369,-0.0018737489095061695,0.0028986495063368367,-0.9999934501242098,21.399964570999146,drone1
1743543332.2283518,0.7464132905006409,-0.006790125742554665,1.9585397243499756,0.0005268365118849349,-0.0017488924516284082,0.0026171085582840647,-0.9999949674107562,21.599968194961548,drone1
1743543332.4283578,0.7672164440155029,-0.004879381507635117,1.9672555923461914,-0.00024071645691384628,-0.0020178631844308694,0.0010165819860828982,-0.9999974540748183,21.79997420310974,drone1
1743543332.628348,0.7855309247970581,-0.005243239924311638,1.9766438007354736,-0.000581567734352939,-0.002489956620046473,-0.0010862507266711787,-0.9999961475225145,21.999964475631714,drone1
1743543332.828423,0.795465886592865,-0.006655207369476557,1.9810891151428223,-0.0004859283855934341,-0.002517877178505607,-0.002014492918275157,-0.999994714529665,22.200039386749268,drone1
1743543333.0283678,0.821342945098877,-0.011740081012248993,1.9916620254516602,0.00035630048464223806,-0.002481374056428125,-0.0034157070438682324,-0.999991005606996,22.399984121322632,drone1
1743543333.2283542,0.8370024561882019,-0.015161700546741486,2.045971632003784,0.000870763356812434,-0.0033246007862295177,-0.0030958546105190887,-0.9999892775862071,22.59997057914734,drone1
1743543333.428342,0.8508607149124146,-0.018978815525770187,2.0761780738830566,0.001397692970427124,-0.0030139684699004824,-0.002118005578217841,-0.9999922700124515,22.79995846748352,drone1
1743543333.6283386,0.8647051453590393,-0.02252836711704731,2.0570268630981445,0.0015354478045153301,-0.0038957827797832497,-0.0012987129900146057,-0.9999904576979655,22.99995493888855,drone1
1743543333.828344,0.8787640929222107,-0.025890536606311798,2.0107035636901855,0.0015535048479700258,-0.004006320380946848,-0.001184073562064958,-0.9999901205231774,23.199960470199585,drone1
1743543334.0283823,0.8928034901618958,-0.027260025963187218,1.959336757659912,0.0013039346717366085,-0.0039685274171324175,-0.001979342446617072,-0.9999893197330556,23.399998664855957,drone1
1743543334.228415,0.9044753313064575,-0.026165056973695755,1.9208166599273682,0.0009142035044189426,-0.0038628039409583006,-0.003177493056084724,-0.9999871280969332,23.60003137588501,drone1
1743543334.4284046,0.9201850891113281,-0.025745857506990433,1.8837270736694336,0.00027492372820049594,-0.0038319320329685785,-0.00466139929845627,-0.9999818175940207,23.800020933151245,drone1
1743543334.6284134,0.9357218146324158,-0.026874195784330368,1.8569519519805908,0.00017683862745640692,-0.003671212434797999,-0.006101430671528074,-0.9999746947766224,24.000029802322388,drone1
1743543334.8284466,0.9519926905632019,-0.02639523148536682,1.840815782546997,0.00018742868168927706,-0.0033715526224248438,-0.007143469354111365,-0.999968794217831,24.2000629901886,drone1
1743543335.0284715,0.9703820943832397,-0.023660017177462578,1.8309476375579834,-2.0328445780730186e-05,-0.003100676308770471,-0.007366721210673555,-0.9999680777214062,24.40008783340454,drone1
1743543335.2284374,0.9869064688682556,-0.0194491446018219,1.8249354362487793,-5.141092337687965e-05,-0.002570786866864653,-0.006808022586813123,-0.9999735568117126,24.600053787231445,drone1
1743543335.4284434,1.002780556678772,-0.01446152850985527,1.8226635456085205,-0.0005780413108307547,-0.00285470557218156,-0.0058442506019145135,-0.9999787408740795,24.80005979537964,drone1
1743543335.6284301,1.0186879634857178,-0.01053878478705883,1.8242521286010742,-0.0009262565152761739,-0.0031080503608986077,-0.004812200722428273,-0.9999831662931731,25.000046491622925,drone1
1743543335.8284106,1.0332307815551758,-0.007475594989955425,1.8282244205474854,-0.0007517580257289446,-0.0032171527466251207,-0.003794649358829727,-0.9999873388311757,25.200026988983154,drone1
1743543336.0284083,1.0477797985076904,-0.007036454975605011,1.835080623626709,-0.0004845934335576896,-0.003617941946366642,-0.002690654808935378,-0.9999897833483893,25.40002465248108,drone1
1743543336.2284167,1.0630282163619995,-0.00978983473032713,1.8423714637756348,-1.960042482715562e-05,-0.0035213308328675454,-0.001386926343947881,-0.9999928600683305,25.600033044815063,drone1
1743543336.4284003,1.076350212097168,-0.015447981655597687,1.849858283996582,0.000967496547999698,-0.0038309471796568904,0.0001419505857847556,-0.9999922278656029,25.80001664161682,drone1
1743543336.628411,1.089395523071289,-0.02113947458565235,1.8605546951293945,0.0018618370329688044,-0.004110309497841129,0.0015682420862418998,-0.9999886453834795,26.000027418136597,drone1
1743543336.8284051,1.1051583290100098,-0.024821259081363678,1.8736679553985596,0.0020123774263614315,-0.003953613688932388,0.0023761971721957815,-0.9999873809780242,26.200021505355835,drone1
1743543337.0284584,1.1231114864349365,-0.026548977941274643,1.8872294425964355,0.0017957064873855607,-0.0034825382808080616,0.002194249227174261,-0.9999899519357833,26.40007472038269,drone1
1743543337.2284238,1.1416373252868652,-0.02734551392495632,1.9012768268585205,0.0013861075261704377,-0.0030876579539824782,0.0009299280655444273,-0.9999938294458464,26.600040197372437,drone1
1743543337.428362,1.1581536531448364,-0.026195552200078964,1.9146344661712646,0.0004367324766692153,-0.002766885369319525,-0.0013892444206159984,-0.9999950938513017,26.799978256225586,drone1
1743543337.6284041,1.1725579500198364,-0.025107847526669502,1.9266741275787354,-0.00010116922931103787,-0.002879871768236056,-0.004139537020194373,-0.9999872966843272,27.000020503997803,drone1
1743543337.8284235,1.1832873821258545,-0.024137262254953384,1.9341919422149658,-0.0002761055686380118,-0.0030182471982049728,-0.005607048138495274,-0.9999797523984437,27.200039863586426,drone1
1743543338.0284228,1.2065989971160889,-0.020570818334817886,1.9451098442077637,-0.0004637526401496873,-0.002453423369557751,-0.007233958637864246,-0.9999707751197109,27.400039196014404,drone1
1743543338.2283974,1.2274738550186157,-0.02045675367116928,1.9714083671569824,-0.0007904507259774062,-0.0034964649331086887,-0.0071715391552196195,-0.9999678669871637,27.600013732910156,drone1
1743543338.4283574,1.2434331178665161,-0.023177027702331543,1.9963757991790771,3.7750734647916823e-05,-0.0026614511588205388,-0.006167095461507954,-0.9999774764686242,27.799973726272583,drone1
1743543338.62848,1.2586007118225098,-0.026422079652547836,2.016674518585205,0.000590960554670419,-0.0028292186649516763,-0.0047328803535307,-0.9999846835797195,28.000096321105957,drone1
1743543338.8285928,1.2726540565490723,-0.03281964734196663,2.0095627307891846,0.001211570347133365,-0.003404264586087933,-0.0032488055237651636,-0.9999882239149944,28.200209140777588,drone1
1743543339.028392,1.2870668172836304,-0.03997029364109039,1.9872071743011475,0.0020977337672649136,-0.004065353792367561,-0.002092338147474782,-0.9999874231248727,28.4000084400177,drone1
1743543339.2284038,1.3023285865783691,-0.04345465824007988,1.9614317417144775,0.0022971184068146192,-0.004040686279141735,-0.0017343428162232002,-0.9999876760059638,28.600020170211792,drone1
1743543339.4283822,1.318621039390564,-0.0428292453289032,1.938859462738037,0.0016079567652487038,-0.0038834884946817834,-0.0023460200286618553,-0.9999884767960854,28.79999852180481,drone1
1743543339.628417,1.3362352848052979,-0.03954749554395676,1.920271635055542,0.0006228085902570982,-0.0034394828055122773,-0.003903556815381848,-0.9999863273068115,29.000033378601074,drone1
1743543339.8284044,1.3532516956329346,-0.034314341843128204,1.9064843654632568,-0.00026952744986583576,-0.003014363678923335,-0.0061614477838075055,-0.99997646494426,29.200020790100098,drone1
1743543340.028398,1.369576096534729,-0.030870545655488968,1.897514820098877,-0.0012112311143935676,-0.00308036152778822,-0.008549614660980254,-0.9999580467714606,29.400014400482178,drone1
1743543340.2283733,1.3877583742141724,-0.029683569446206093,1.8913614749908447,-0.000994190814266782,-0.002809333090352503,-0.010075709898711316,-0.9999448548078766,29.599989652633667,drone1
1743543340.428372,1.405455470085144,-0.029756614938378334,1.888763189315796,-0.0005729852530526536,-0.002779487359342345,-0.010129573571108164,-0.9999446862204826,29.799988269805908,drone1
1743543340.6283898,1.4209272861480713,-0.031185507774353027,1.8887910842895508,0.00023734775480144685,-0.0029471314706962996,-0.008656330481409846,-0.9999582153588547,30.000006198883057,drone1
1743543340.8283842,1.4350917339324951,-0.030844807624816895,1.892944574356079,0.0008516103306603285,-0.0033103198369835948,-0.0061512482464679,-0.9999752848325016,30.200000524520874,drone1
1743543341.0283911,1.4503644704818726,-0.026626551523804665,1.8971467018127441,0.0006756916898816345,-0.0034590264308756806,-0.003718869325207208,-0.9999869173626906,30.400007486343384,drone1
1743543341.228408,1.4689244031906128,-0.022656572982668877,1.9003241062164307,-3.991932171203056e-06,-0.0034927078543725842,-0.0022149854766415067,-0.9999914692223297,30.600024461746216,drone1
1743543341.4283857,1.490177035331726,-0.02077530324459076,1.9028964042663574,-0.00030365660131010427,-0.003048383347343151,-0.0019524106104186203,-0.9999934079773614,30.800002098083496,drone1
1743543341.6283824,1.5096954107284546,-0.018566951155662537,1.905860185623169,-0.00033726253914277964,-0.0023133451904453813,-0.002602441455002047,-0.9999938715926948,30.999998807907104,drone1
1743543341.8283596,1.5283005237579346,-0.017329812049865723,1.910792350769043,-0.0003603794270064971,-0.001874114278231004,-0.0033521074494654024,-0.999992565040391,31.199975967407227,drone1
1743543342.0283792,1.5444005727767944,-0.016727738082408905,1.919701099395752,6.412066774494165e-05,-0.00233841235786949,-0.003363655685957312,-0.9999916378097238,31.39999556541443,drone1
1743543342.2283607,1.560124158859253,-0.0172116756439209,1.9328317642211914,0.00030438058867869003,-0.0027054809507158824,-0.0026294575848975765,-0.9999929022151792,31.599977016448975,drone1
1743543342.4283507,1.5765492916107178,-0.021098004654049873,1.9473295211791992,0.0006511652698166435,-0.0030077317241376323,-0.001708717532328541,-0.9999938294458464,31.799967050552368,drone1
1743543342.6283724,1.593584418296814,-0.026293179020285606,1.9607675075531006,0.0012946236755743675,-0.003208130604547694,-0.0008484160605242155,-0.9999936608584523,31.999988794326782,drone1
1743543342.828413,1.6030845642089844,-0.02818555384874344,1.9693634510040283,0.0015806436317801207,-0.0032455491858093357,-0.00042998214850809035,-0.9999934922710583,32.200029373168945,drone1
1743543343.0283473,1.6183308362960815,-0.028553031384944916,1.9863407611846924,0.002156601060833489,-0.0031862554846718415,-1.491998437280781e-05,-0.999992649334088,32.39996361732483,drone1
1743543343.2283695,1.633434772491455,-0.029099667444825172,2.001983880996704,0.0005173051502667107,-0.004046593341060277,-0.000661284053135869,-0.9999914692223297,32.5999858379364,drone1
1743543343.4283512,1.6487929821014404,-0.03264985606074333,2.0235390663146973,0.0006184602208708882,-0.0037044656397285866,-0.0020629196472141125,-0.9999908791664506,32.799967527389526,drone1
1743543343.6283467,1.6658847332000732,-0.03644229471683502,2.0407004356384277,0.0006446250173536768,-0.0037922863364990025,-0.003943975643103836,-0.9999848521671135,32.99996304512024,drone1
1743543343.828354,1.6842247247695923,-0.03910760581493378,2.0474283695220947,0.0008515480158862609,-0.0031378375637656185,-0.005639838386636675,-0.9999788251677765,33.19997024536133,drone1
1743543344.0283573,1.70151948928833,-0.03955075889825821,2.047994613647461,0.0009526081737632252,-0.002734273669057776,-0.006705690038628642,-0.9999733039306216,33.39997363090515,drone1
1743543344.2283797,1.7170213460922241,-0.0416112095117569,2.0458109378814697,0.0008287943153186956,-0.002646020061591424,-0.00717035904346125,-0.9999704800917713,33.5999960899353,drone1
1743543344.4284244,1.7312697172164917,-0.043480437248945236,2.043597936630249,0.0010772998720368955,-0.0030688298372269986,-0.007419910533494334,-0.9999672347844359,33.80004072189331,drone1
1743543344.6285532,1.7462698221206665,-0.039818618446588516,2.0413458347320557,0.0007006946492162147,-0.003658640161596101,-0.007912860073677697,-0.9999618399878266,34.00016951560974,drone1
1743543344.8284028,1.7621691226959229,-0.03237248212099075,2.0391695499420166,-0.0003793711920722108,-0.003540079924282067,-0.008394134936823616,-0.9999585103867943,34.200019121170044,drone1
1743543345.0283966,1.779232144355774,-0.02597903646528721,2.0390336513519287,-0.001118968534916808,-0.0033805723772784295,-0.008635804966185101,-0.9999564030443686,34.4000129699707,drone1
1743543345.2283974,1.7957910299301147,-0.022755086421966553,2.0420312881469727,-0.0013326640874875492,-0.003011985180796628,-0.008773878041906713,-0.9999561501632777,34.600013732910156,drone1
1743543345.4283988,1.810240387916565,-0.02094179578125477,2.0449447631835938,-0.0010867680957002942,-0.0030040777899350895,-0.008475689088692229,-0.999958974002128,34.80001521110535,drone1
1743543345.6283813,1.8228673934936523,-0.022644560784101486,2.047823667526245,-0.0004741024902732708,-0.0032455916619301005,-0.007231471973802139,-0.9999684570430427,34.99999761581421,drone1
1743543345.8283632,1.833988904953003,-0.02833244577050209,2.0510683059692383,0.000803226901022711,-0.0037401161113043576,-0.0050123561060065325,-0.9999801738669287,35.19997954368591,drone1
1743543346.0283675,1.8442437648773193,-0.03537191450595856,2.055180788040161,0.0019394439513745999,-0.004332474673647099,-0.00246280894588552,-0.9999857372509323,35.39998388290405,drone1
1743543346.2283518,1.8561162948608398,-0.04272378981113434,2.0617287158966064,0.002602842343971469,-0.004491727446244211,-0.000533705542693386,-0.9999864537473571,35.59996819496155,drone1
1743543346.4283597,1.8720767498016357,-0.04811348021030426,2.0682082176208496,0.0028244897391580385,-0.0043027267364963775,0.0001954349365450578,-0.9999867909221449,35.799976110458374,drone1
1743543346.6283448,1.8913054466247559,-0.048813410103321075,2.073791742324829,0.002426142175497927,-0.003646357318705461,-0.0006735487860525249,-0.999990246963723,35.999961137771606,drone1
1743543346.828348,1.9110469818115234,-0.04626402631402016,2.076836347579956,0.0012435959839420408,-0.00253246760251125,-0.0029452217739412423,-0.9999917221034208,36.19996428489685,drone1
1743543347.0283647,1.9302330017089844,-0.043213218450546265,2.076787233352661,0.0001179165923756056,-0.00190530516871678,-0.006047609145979571,-0.9999799631326862,36.3999810218811,drone1
1743543347.2285316,1.9479731321334839,-0.03817826136946678,2.0765035152435303,-0.0007227683614201325,-0.0017553910923102758,-0.00939111863834885,-0.9999540849677006,36.60014796257019,drone1
1743543347.4283962,1.9624370336532593,-0.034280840307474136,2.076974868774414,-0.0011603272702877736,-0.002112645849103551,-0.011469169004178437,-0.9999313678163533,36.80001258850098,drone1
1743543347.6284022,1.9788566827774048,-0.028884967789053917,2.078517436981201,-0.0012160454451782068,-0.002513176199694403,-0.012573500728860931,-0.9999170378878596,37.00001859664917,drone1
1743543347.828392,1.9946790933609009,-0.02410097047686577,2.0808212757110596,-0.001317347000776379,-0.003024579515239543,-0.011820926601850412,-0.9999247086142884,37.200008392333984,drone1
1743543348.0284002,2.0049593448638916,-0.02194886840879917,2.0825657844543457,-0.0012037260119083426,-0.0027626546324460532,-0.01037925150168667,-0.9999416516473898,37.40001654624939,drone1
1743543348.228367,2.022535562515259,-0.0187185388058424,2.092413902282715,-0.0006410459925887951,-0.0038054893307034213,-0.007415695848643211,-0.9999650431483135,37.59998345375061,drone1
1743543348.4283378,2.0404207706451416,-0.014787445776164532,2.0956263542175293,-0.0002520343674641642,-0.0035701530177836053,-0.0042886525702259815,-0.9999844306986284,37.7999541759491,drone1
1743543348.628349,2.061655044555664,-0.010386302135884762,2.098459243774414,-0.0003662896993295151,-0.0031410459102904475,-0.0014939371923171076,-0.9999939137395433,37.99996542930603,drone1
1743543348.8283389,2.0810511112213135,-0.007600053213536739,2.109044075012207,-0.0005677057840502203,-0.0023436259724211256,-2.9502793957525562e-05,-0.9999971169000302,38.199955224990845,drone1
1743543349.0283403,2.099421501159668,-0.007424380164593458,2.116710662841797,-0.00040007204477226664,-0.0020380925192632097,0.0004070121160697492,-0.9999977491027578,38.399956703186035,drone1
1743543349.2283597,2.1152029037475586,-0.009530638344585896,2.1202356815338135,-7.073928700423627e-05,-0.0020671345790194383,0.0004065906475846369,-0.999997833396455,38.59997606277466,drone1
1743543349.4283454,2.1272127628326416,-0.014700078405439854,2.1202280521392822,0.0006441132459529105,-0.002875633952009124,0.0005777068525388838,-0.9999954731729384,38.79996180534363,drone1
1743543349.6283398,2.137256145477295,-0.020032478496432304,2.1194682121276855,0.001519737978323212,-0.004077778386963544,0.0010862507266712893,-0.9999899940826319,38.999956130981445,drone1
1743543349.8283665,2.146233320236206,-0.0222933329641819,2.118173360824585,0.0018726185590173703,-0.004699649703749595,0.0017025219455976124,-0.9999857793977807,39.19998288154602,drone1
1743543350.0283792,2.158947229385376,-0.022713128477334976,2.115605115890503,0.0015096716316103144,-0.005066589386508551,0.0018347787562248972,-0.9999843464049314,39.39999556541443,drone1
1743543350.2284076,2.1732380390167236,-0.023284435272216797,2.114642381668091,0.001026576222172098,-0.004452147604225434,0.0011721881507850693,-0.9999889404114191,39.60002398490906,drone1
1743543350.4283442,2.1926026344299316,-0.024103518575429916,2.1136863231658936,0.00044033743162397653,-0.0035882855469025294,-0.0006045122481916911,-0.9999932815368157,39.79996061325073,drone1
1743543350.6283886,2.2111611366271973,-0.02531231753528118,2.1126623153686523,0.00012888917864955018,-0.0029491824252483485,-0.002923094678472904,-0.9999914270754813,40.00000500679016,drone1
1743543350.8283432,2.2284090518951416,-0.027541711926460266,2.112201690673828,0.0001605271385381831,-0.002311351776219718,-0.00501142887533923,-0.9999848100202651,40.19995951652527,drone1
1743543351.0283706,2.242650032043457,-0.029684031382203102,2.114870309829712,0.00044249959787981093,-0.0024542928129444148,-0.00628721397976395,-0.999977139293836,40.39998698234558,drone1
1743543351.228362,2.254244089126587,-0.0313400961458683,2.1180551052093506,0.0005799170925438029,-0.0030205149785362743,-0.006724445386216027,-0.9999726717278938,40.59997844696045,drone1
1743543351.4284854,2.2650146484375,-0.03401937708258629,2.120727777481079,0.0006657891561150986,-0.00394806586304295,-0.006488338740858024,-0.9999709858539535,40.80010175704956,drone1
1743543351.6283693,2.274352550506592,-0.0365695096552372,2.122875928878784,0.0008369697337949833,-0.004572150547920331,-0.006127772451847313,-0.9999704379449228,40.999985694885254,drone1
1743543351.8283515,2.28662109375,-0.04071944206953049,2.1231958866119385,0.0009204224694800777,-0.004710765935044344,-0.005980005600968175,-0.9999706065323168,41.19996786117554,drone1
1743543352.028364,2.298412799835205,-0.046347085386514664,2.124377489089966,0.0014291382237291083,-0.0045817893346114195,-0.006236511321005445,-0.9999690892457704,41.399980306625366,drone1
1743543352.2283545,2.3124327659606934,-0.049355003982782364,2.124237060546875,0.0015951162174778666,-0.004207631592454656,-0.006883296858253618,-0.9999662232600717,41.59997081756592,drone1
1743543352.4283605,2.3287465572357178,-0.05214131996035576,2.122853994369507,0.0012732298694157873,-0.003864624075660301,-0.007636840362779951,-0.9999626407779483,41.79997682571411,drone1
1743543352.628354,2.3456056118011475,-0.05521560460329056,2.1201257705688477,0.0012124158359635515,-0.0032726953782451457,-0.00847488829857046,-0.9999580046246122,41.99997043609619,drone1
1743543352.828425,2.3621509075164795,-0.05678704380989075,2.119556188583374,0.0011502543381299198,-0.003022965587286605,-0.009705618421937123,-0.999947678646727,42.2000412940979,drone1
1743543353.028377,2.3773372173309326,-0.05755738541483879,2.1175334453582764,0.0009906360321718464,-0.0023473189665447966,-0.01101642755747445,-0.9999361725570834,42.39999341964722,drone1
1743543353.2283745,2.391376256942749,-0.05580557510256767,2.1358790397644043,0.0007450664726653919,-0.0032217086398494085,-0.012412331180155278,-0.9999175436500416,42.59999084472656,drone1
1743543353.4283953,2.4064443111419678,-0.05093196779489517,2.1529014110565186,0.00011488852240983797,-0.0035020460154957783,-0.013521804820355976,-0.9999024550782747,42.80001163482666,drone1
1743543353.6284168,2.4202756881713867,-0.044684991240501404,2.150897741317749,-0.0006561376924421077,-0.00396078318067273,-0.014354373665840248,-0.9998889680867512,43.000033140182495,drone1
1743543353.8283925,2.433628797531128,-0.03929107263684273,2.1369118690490723,-0.0011977350678830968,-0.00415496902292223,-0.014568016040941933,-0.9998845426676577,43.20000886917114,drone1
1743543354.0283968,2.446904182434082,-0.034083735197782516,2.117851495742798,-0.0012748301325700624,-0.004034433399038438,-0.014062127418265624,-0.9998921712472381,43.40001320838928,drone1
1743543354.228389,2.4603586196899414,-0.029264934360980988,2.0968000888824463,-0.0013301149440152118,-0.003904350443832104,-0.012841554685390166,-0.9999090299866424,43.60000538825989,drone1
1743543354.4283764,2.4772846698760986,-0.027626197785139084,2.079707622528076,-0.0009454479839639331,-0.003955235437101357,-0.010959402871439206,-0.9999317471379898,43.79999279975891,drone1
1743543354.6283848,2.498037815093994,-0.029996829107403755,2.0684919357299805,1.920974329847009e-06,-0.0032940811172335028,-0.008668300186386979,-0.9999570352470963,44.000001192092896,drone1
1743543354.828357,2.5186331272125244,-0.03079836256802082,2.0614240169525146,0.0007935967577282892,-0.002488030624314814,-0.006325483318211922,-0.999976633531654,44.199973344802856,drone1
1743543355.0283527,2.5393245220184326,-0.030294371768832207,2.0586864948272705,0.0009154979559674465,-0.0020458696829482943,-0.004250636112869077,-0.9999884767960855,44.39996910095215,drone1
1743543355.2283611,2.55991268157959,-0.02968551218509674,2.0575950145721436,0.0008954394311168643,-0.0015318380751127639,-0.0027829564071742974,-0.9999945880891197,44.59997749328613,drone1
1743543355.4283552,2.5789904594421387,-0.028171470388770103,2.055640935897827,0.0006507328941881212,-0.0019941935719297956,-0.0022734431555260226,-0.9999952202918472,44.79997158050537,drone1
1743543355.6283512,2.5964887142181396,-0.02726677618920803,2.0532360076904297,6.730711766487961e-05,-0.0025213246590048964,-0.002851065714367884,-0.9999928179214821,44.99996757507324,drone1
1743543355.8283842,2.614595413208008,-0.027733035385608673,2.049734115600586,-0.00014438374310549903,-0.0029149871723990915,-0.004156985815477909,-0.9999871280969331,45.200000524520874,drone1
1743543356.0283716,2.635784387588501,-0.029601747170090675,2.047697067260742,0.0002749530334311014,-0.0029917826816529885,-0.0055552496616753655,-0.9999800474263834,45.3999879360199,drone1
1743543356.2283473,2.659020185470581,-0.031009186059236526,2.0479118824005127,0.00046161500467689816,-0.0020925709429583336,-0.0063876077729169145,-0.9999773078812301,45.599963665008545,drone1
1743543356.4283643,2.6797385215759277,-0.03325687721371651,2.0501773357391357,0.0007894272243350285,-0.0020020247362645353,-0.006503511606321899,-0.9999765492379569,45.79998064041138,drone1
1743543356.628344,2.698890209197998,-0.036363355815410614,2.0517477989196777,0.0011864043980330595,-0.002208157110956254,-0.006226438224211317,-0.9999774764686242,45.99996042251587,drone1
1743543356.828372,2.718871831893921,-0.036584559828042984,2.0522756576538086,0.0013435113033509094,-0.0022821446687461763,-0.005897903540068916,-0.999979120195716,46.19998836517334,drone1
1743543357.0284107,2.737703800201416,-0.033582985401153564,2.0537962913513184,0.0007470595576188014,-0.002197752272366254,-0.005845219979430327,-0.9999802160137773,46.40002703666687,drone1
1743543357.2284286,2.75339937210083,-0.029460562393069267,2.0555241107940674,0.00012501619608004045,-0.0025261096433998984,-0.006279922574971619,-0.9999770971469876,46.60004496574402,drone1
1743543357.42839,2.766057252883911,-0.024033067747950554,2.0568816661834717,-0.0003513201594824326,-0.0032741817131996622,-0.006922282693126225,-0.9999706486791653,46.80000638961792,drone1
1743543357.628369,2.780689239501953,-0.018859747797250748,2.0582337379455566,-0.0011776455091225765,-0.003964944029510292,-0.007958547257463588,-0.999959816939098,46.999985456466675,drone1
1743543357.8283536,2.795820713043213,-0.016870979219675064,2.0602965354919434,-0.0012634255410988813,-0.0040829071315917126,-0.008814086135386145,-0.9999520197721236,47.19997000694275,drone1
1743543358.0283601,2.8117284774780273,-0.017890281975269318,2.057248830795288,-0.0006140655887328705,-0.005854585964058956,-0.00889433373495091,-0.9999431689339363,47.3999764919281,drone1
1743543358.2283847,2.8291072845458984,-0.02037655934691429,2.092890739440918,0.0002986214523202542,-0.002559737971745846,-0.007999008232033977,-0.9999647059735254,47.600001096725464,drone1
1743543358.428375,2.846590042114258,-0.022845415398478508,2.157094717025757,0.0009261618083442423,-0.0021872917456062977,-0.006448088500530136,-0.9999764227974113,47.79999136924744,drone1
1743543358.628385,2.866734504699707,-0.026411185041069984,2.1745944023132324,0.0015667409751950025,-0.002249768768577317,-0.004256115203175481,-0.9999872123906302,48.000001430511475,drone1
1743543358.828384,2.8835413455963135,-0.028554050251841545,2.1230971813201904,0.0018689394097630037,-0.0020041314047109355,-0.002382982814805923,-0.9999934079773612,48.200000286102295,drone1
1743543359.028527,2.899095296859741,-0.02937069535255432,2.0424270629882812,0.0014512346145596432,-0.0025693409500793137,-0.0016902572126807904,-0.9999942509143315,48.40014338493347,drone1
1743543359.2284827,2.913388252258301,-0.030129091814160347,1.9604811668395996,0.000788513534989234,-0.002897144073591427,-0.002379484626379491,-0.9999926914809365,48.600099086761475,drone1
1743543359.4283946,2.9235565662384033,-0.030439455062150955,1.9024393558502197,0.0005516676734209949,-0.0034288785925724852,-0.0036917689016147115,-0.9999872123906302,48.80001091957092,drone1
1743543359.6283827,2.937072277069092,-0.031063968315720558,1.8442254066467285,0.0001195770300344204,-0.004165247091694444,-0.005781873266118398,-0.9999746104829255,48.999999046325684,drone1
1743543359.8284035,2.952260732650757,-0.03410197049379349,1.803788423538208,0.00011049273781905313,-0.004109524348151486,-0.007672243715528992,-0.9999621350157661,49.20001983642578,drone1
1743543360.028391,2.9682888984680176,-0.03870036453008652,1.7751834392547607,0.0006473329523705018,-0.0037366110081606197,-0.008771054203056572,-0.9999544221424886,49.400007247924805,drone1
1743543360.2284124,2.9862616062164307,-0.04273933172225952,1.7552409172058105,0.0012411962065959202,-0.003172444818522682,-0.009039150306434318,-0.9999533684712759,49.60002875328064,drone1
1743543360.4283957,3.003960609436035,-0.04446784406900406,1.743617296218872,0.0013985802356745358,-0.0024829858029523804,-0.008867359751904003,-0.9999566559254598,49.80001211166382,drone1
1743543360.6283853,3.0186424255371094,-0.04526419937610626,1.7388641834259033,0.0011791462497383282,-0.002721339443330678,-0.008833895154186311,-0.9999565716317627,50.000001668930054,drone1
1743543360.8283927,3.031743288040161,-0.045404884964227676,1.737274169921875,0.0008174643040130437,-0.0030332064482941176,-0.009342228294076216,-0.999951471863093,50.20000910758972,drone1
1743543361.0283856,3.043255567550659,-0.044211436063051224,1.7393157482147217,0.0004143909426455842,-0.0035982811000808174,-0.01054058963778648,-0.9999379427247208,50.400002002716064,drone1
1743543361.228378,3.054114818572998,-0.0409046933054924,1.7440330982208252,5.418158475821279e-05,-0.004141639917444533,-0.012042113262835552,-0.9999189766428911,50.59999442100525,drone1
1743543361.428388,3.066232919692993,-0.03533531352877617,1.7527120113372803,-0.0004441703252964397,-0.004512280949610605,-0.013301545390038139,-0.9999012749665164,50.80000448226929,drone1
1743543361.6283689,3.0789079666137695,-0.027484580874443054,1.764296531677246,-0.0010748432540678067,-0.0046551018019625945,-0.014068407298693852,-0.999889684583176,50.999985218048096,drone1
1743543361.8283792,3.0943896770477295,-0.01996377855539322,1.7762188911437988,-0.0016817831442701746,-0.0043078576213941965,-0.01414347083589168,-0.9998893052615394,51.19999551773071,drone1
1743543362.0284445,3.112370729446411,-0.015195486135780811,1.7869107723236084,-0.0017310947923917935,-0.003526532264345782,-0.013373953675779815,-0.9999028765467599,51.4000608921051,drone1
1743543362.2283738,3.130016326904297,-0.014751879498362541,1.797133207321167,-0.0013410840729304893,-0.0027813215704332035,-0.01173010014330933,-0.9999264366350774,51.599990129470825,drone1
1743543362.4283676,3.1477129459381104,-0.01824248768389225,1.8075947761535645,-0.0004853478786096469,-0.0024455261861360852,-0.009378938199129161,-0.9999529470027908,51.799983978271484,drone1
1743543362.6283715,3.168912649154663,-0.024715574458241463,1.8172826766967773,0.0009753449168097095,-0.0023928379333678484,-0.006386680542249723,-0.9999762963568659,51.999987840652466,drone1
1743543362.8284233,3.1931021213531494,-0.03243017941713333,1.831399917602539,0.002285881579556847,-0.0019573462368697976,-0.003519051116417038,-0.9999893197330558,52.20003962516785,drone1
1743543363.0283794,3.204516887664795,-0.03619967773556709,1.8394293785095215,0.002536623388788029,-0.0016171339122395747,-0.002208368421425244,-0.9999930286557246,52.39999580383301,drone1
1743543363.228418,3.227776288986206,-0.04348780959844589,1.8437178134918213,0.002771989624323926,-0.0018913648927766438,-0.0013428828872539824,-0.9999934922710583,52.60003447532654,drone1
1743543363.4283571,3.2470881938934326,-0.0458776094019413,1.8648316860198975,0.002296862562273268,-0.0018439016556118365,-0.0022298211673172363,-0.9999932393899672,52.799973487854004,drone1
1743543363.6284404,3.265011787414551,-0.04525236785411835,1.8866560459136963,0.0012134706596292127,-0.002672641311736308,-0.004820040036251305,-0.9999840935238404,53.000056743621826,drone1
1743543363.8283577,3.2829620838165283,-0.044181570410728455,1.9029927253723145,0.0002972194933808226,-0.002866621276508999,-0.00834789984400719,-0.9999610813445534,53.199974060058594,drone1
1743543364.0283568,3.301710605621338,-0.04359380528330803,1.9148457050323486,-6.0632028213780106e-05,-0.002663187905324216,-0.011948926580778008,-0.999925087935925,53.39997315406799,drone1
1743543364.2283535,3.320864200592041,-0.04186273366212845,1.925494909286499,-0.00023477704399634927,-0.002359370536836039,-0.014693740090049978,-0.9998893052615393,53.5999698638916,drone1
1743543364.4283507,3.339494466781616,-0.04039500653743744,1.9375295639038086,-0.0002873540850608009,-0.0022601640994309824,-0.016111770808198922,-0.9998675996345563,53.79996705055237,drone1
1743543364.6283765,3.355999231338501,-0.04056699946522713,1.948566198348999,-8.941141102882933e-06,-0.0026402084063084762,-0.01625001247131469,-0.9998644807677665,53.99999284744263,drone1
1743543364.8285215,3.369753837585449,-0.038465216755867004,1.9578776359558105,0.00011171516106199615,-0.0031524163397652757,-0.015327291516865682,-0.9998775884376534,54.20013785362244,drone1
1743543365.0283554,3.383544445037842,-0.037195585668087006,1.9679381847381592,-5.931790264810064e-05,-0.0034764658418999514,-0.01397770728069836,-0.9998962594915436,54.39997172355652,drone1
1743543365.228339,3.3991072177886963,-0.03629133477807045,1.977353811264038,0.00014527425991654164,-0.003559458748882347,-0.012762150022795682,-0.9999122331471293,54.599955320358276,drone1
1743543365.4283423,3.4152512550354004,-0.03601951524615288,1.985367774963379,0.0002405720710305939,-0.003519036463801733,-0.01201808955918432,-0.9999215897474987,54.7999587059021,drone1
1743543365.6283555,3.4305200576782227,-0.03712897747755051,1.9950613975524902,0.00040669881352009253,-0.003403648600018778,-0.01169301091661984,-0.9999257622855012,54.999971866607666,drone1
1743543365.8283598,3.44235897064209,-0.03852809965610504,2.0050084590911865,0.000797098815103678,-0.0034347091810100375,-0.011515530537540508,-0.9999274903062902,55.199976205825806,drone1
1743543366.028358,3.453275442123413,-0.03732972592115402,2.0133485794067383,0.000841109838480544,-0.003667220996535115,-0.011409657654081029,-0.9999278274810783,55.39997434616089,drone1
1743543366.228363,3.464765787124634,-0.03433573618531227,2.0201799869537354,0.0005973904186102355,-0.004020036875231365,-0.011340536822523228,-0.9999274903062902,55.599979400634766,drone1
1743543366.4283915,3.4778523445129395,-0.032152630388736725,2.0266637802124023,0.00033122401527695486,-0.004189693251647524,-0.011396128515709036,-0.9999262680476835,55.800007820129395,drone1
1743543366.6283588,3.491258382797241,-0.02841152437031269,2.0311174392700195,3.7143227339302745e-05,-0.004251291364654576,-0.011751552889201378,-0.9999219269222868,55.99997520446777,drone1
1743543366.8283565,3.505202293395996,-0.022360723465681076,2.0351741313934326,-0.0005063746285230906,-0.003999804741584866,-0.012408917285425869,-0.9999148883985853,56.1999728679657,drone1
1743543367.0283568,3.522099018096924,-0.01798528991639614,2.041616201400757,-0.0009916344268048566,-0.0034467388958554206,-0.01266630808928193,-0.9999134132588876,56.39997315406799,drone1
1743543367.2283776,3.5421054363250732,-0.01578414812684059,2.049957513809204,-0.0009498012924339524,-0.002718931393019175,-0.012187224862258483,-0.9999216318943471,56.59999394416809,drone1
1743543367.4283586,3.5600969791412354,-0.016051262617111206,2.0572264194488525,-0.00027063298145861163,-0.002286993202686198,-0.010919869127536008,-0.9999377319904784,56.79997491836548,drone1
1743543367.628351,3.574728012084961,-0.016918541863560677,2.062960624694824,0.00020149568628816884,-0.0026984778237818673,-0.008997635660651093,-0.999955855135338,56.99996733665466,drone1
1743543367.8283548,3.5882694721221924,-0.018272045999765396,2.067880392074585,0.0006966985188237119,-0.003265812847274154,-0.006914106204515047,-0.9999705643854684,57.199971199035645,drone1
1743543368.0284693,3.602003335952759,-0.01988891325891018,2.064058303833008,0.0008734928591618958,-0.0034643839374023104,-0.005965844259868458,-0.9999758327415322,57.40008568763733,drone1
1743543368.228391,3.616380214691162,-0.021991318091750145,2.082975149154663,0.0011267482504619842,-0.0038892878022552062,-0.004075895278942976,-0.9999835034679612,57.60000729560852,drone1
1743543368.4283953,3.6335675716400146,-0.022960465401411057,2.1568758487701416,0.0011676804136279042,-0.003860264099427138,-0.0038456891923763785,-0.9999845149923254,57.80001163482666,drone1
1743543368.6284063,3.652951717376709,-0.02544671855866909,2.1838371753692627,0.0009557235831943641,-0.0032618420708452086,-0.0043273855240074655,-0.999984894313962,58.000022649765015,drone1
1743543368.828392,3.6724190711975098,-0.0289691761136055,2.143799066543579,0.0009564167012890162,-0.0027497199951286373,-0.005364998787497133,-0.9999813961255357,58.200008392333984,drone1
1743543369.0284271,3.6915879249572754,-0.03364145755767822,2.068880558013916,0.0011634456431693216,-0.0024469205718136754,-0.0066641332459969616,-0.9999741468675918,58.40004348754883,drone1
1743543369.2285614,3.708888292312622,-0.03771520406007767,1.9883437156677246,0.001356994137812189,-0.0022422897609182205,-0.007928032939141627,-0.9999651274420105,58.60017776489258,drone1
1743543369.4283807,3.7258989810943604,-0.03909812495112419,1.9173729419708252,0.0014363466107544555,-0.0025515216823510313,-0.009026253370789938,-0.9999549700515193,58.799997091293335,drone1
1743543369.6283782,3.7441396713256836,-0.040390513837337494,1.8619468212127686,0.0010782846430305202,-0.002948697571854346,-0.01008380209362536,-0.9999442647519975,58.99999451637268,drone1
1743543369.8284101,3.7626004219055176,-0.043048959225416183,1.8222157955169678,0.0009346927173777461,-0.003028074493261471,-0.011432332658579958,-0.9999296819424128,59.200026512145996,drone1
1743543370.0283825,3.7811760902404785,-0.04699575528502464,1.7950387001037598,0.001133198117691231,-0.0027422796769593846,-0.013064932982497945,-0.9999102943920977,59.399998903274536,drone1
1743543370.2285197,3.7992353439331055,-0.05101676285266876,1.7777626514434814,0.0013025084289684454,-0.002496629569227798,-0.014645734829596024,-0.9998888416462057,59.600136041641235,drone1
1743543370.428386,3.8165664672851562,-0.05259321257472038,1.7696573734283447,0.0014636059082095121,-0.0024562087247132947,-0.01587056439417106,-0.9998700020049214,59.800002336502075,drone1
1743543370.6284115,3.8348371982574463,-0.05077039822936058,1.7677628993988037,0.0011226353930554427,-0.002965569729103053,-0.01679956522904824,-0.9998539019087902,60.000027894973755,drone1
1743543370.8284357,3.8544321060180664,-0.046770911663770676,1.770937442779541,0.0004621994629277337,-0.002790153310829759,-0.017807380670640693,-0.9998374646378709,60.20005202293396,drone1
1743543371.0284138,3.873607635498047,-0.042034585028886795,1.7771742343902588,-0.000170994621174381,-0.0022781865692990083,-0.01916257043766001,-0.9998137781090078,60.4000301361084,drone1
1743543371.2283664,3.8901777267456055,-0.03759017214179039,1.785783052444458,-0.0005733012720984212,-0.0022619103125119614,-0.020758123681736906,-0.999781872944685,60.59998273849487,drone1
1743543371.42837,3.9054932594299316,-0.03202354907989502,1.7954812049865723,-0.0008592600659829954,-0.002767518065955568,-0.021899713220503048,-0.9997559947796995,60.799986362457275,drone1
1743543371.6283703,3.9215400218963623,-0.02766844443976879,1.8036463260650635,-0.0009791223281073748,-0.0033915058624722117,-0.0219761676037018,-0.9997522858570305,60.99998664855957,drone1
1743543371.8284025,3.9385697841644287,-0.025905907154083252,1.8109536170959473,-0.000687815823545727,-0.00335620063285475,-0.021008307374497603,-0.999773443574983,61.200018882751465,drone1
1743543372.0283759,3.95699405670166,-0.02644357457756996,1.817873239517212,-0.00016815094367084814,-0.0031362492367304267,-0.019397876292896354,-0.9998069081727006,61.39999222755432,drone1
1743543372.228444,3.975249767303467,-0.028140898793935776,1.8259329795837402,0.0005292052141620862,-0.0026870418691284925,-0.017358263852908618,-0.999845641126482,61.60006046295166,drone1
1743543372.4283638,3.991807222366333,-0.029923899099230766,1.8357295989990234,0.001216259472143425,-0.002435825537420277,-0.015153520060455228,-0.9998815080945649,61.79998016357422,drone1
1743543372.6283686,4.005894660949707,-0.030385982245206833,1.8472530841827393,0.0014266411052729021,-0.0028942705969489074,-0.013228167726780593,-0.9999073019658535,61.99998497962952,drone1
1743543372.828355,4.0189595222473145,-0.029961833730340004,1.8608629703521729,0.001351860412941178,-0.003614672849110952,-0.01199865986202081,-0.999920536076286,62.199971437454224,drone1
1743543373.0284317,4.030259132385254,-0.029282597824931145,1.873891830444336,0.0011119201330479914,-0.0039373523317148326,-0.01184617256410836,-0.9999214633069531,62.40004801750183,drone1
1743543373.2283592,4.04459810256958,-0.02831343747675419,1.8864355087280273,0.0007453235519776956,-0.00430338552795855,-0.012672419382316003,-0.9999101679515522,62.5999755859375,drone1
1743543373.4283495,4.060478210449219,-0.025720419362187386,1.9008195400238037,7.294401169902174e-05,-0.004090186682582954,-0.014006198550291726,-0.9998935620932389,62.79996585845947,drone1
1743543373.6283767,4.0753560066223145,-0.023509453982114792,1.9143586158752441,-7.401381725156379e-06,-0.003913197906978788,-0.015223188801043841,-0.999876492619592,62.999993085861206,drone1
1743543373.8283582,4.09050989151001,-0.021196281537413597,1.928983211517334,9.57540178220191e-05,-0.0036290000611085603,-0.015864790275925078,-0.9998675996345563,63.19997453689575,drone1
1743543374.0283341,4.108123779296875,-0.018749073147773743,1.9430623054504395,6.242606808977563e-05,-0.0032650600485834664,-0.01586559106604679,-0.9998688218931631,63.39995050430298,drone1
1743543374.2283356,4.128532409667969,-0.01570039801299572,1.9561512470245361,7.99689529198639e-05,-0.0027537128327986,-0.015364633624646351,-0.9998782627872296,63.59995198249817,drone1
1743543374.4283402,4.148470401763916,-0.011360335163772106,1.9687771797180176,0.00015138300109065298,-0.0022495433405604276,-0.014561019664089181,-0.9998914547508133,63.79995656013489,drone1
1743543374.6283429,4.167158126831055,-0.006351751275360584,1.9791734218597412,-0.00019108055794010847,-0.002275067702509203,-0.013631091598544809,-0.9999045202738517,63.999959230422974,drone1
1743543374.828342,4.183564186096191,-0.0033381066750735044,1.989361047744751,-0.0006790537242308901,-0.0022468937690506225,-0.012504084869363497,-0.9999191030834365,64.19995832443237,drone1
1743543375.028352,4.198368549346924,-0.004794660490006208,2.0035274028778076,-0.00019713019474462855,-0.0027355459770471977,-0.011011454229350182,-0.9999356667949013,64.39996838569641,drone1
1743543375.2283382,4.211790561676025,-0.009780687279999256,2.0277652740478516,0.000667600482784305,-0.003496829519811921,-0.009505842359995464,-0.9999485215836972,64.59995460510254,drone1
1743543375.4283566,4.223524570465088,-0.012758337892591953,2.044013261795044,0.0012400664734924759,-0.0038922402219206203,-0.008240003911819282,-0.9999577095966725,64.79997301101685,drone1
1743543375.6283538,4.239146709442139,-0.015701845288276672,2.0535223484039307,0.0015109767845070733,-0.004092887291292128,-0.006592104281891831,-0.9999687942178309,64.99997019767761,drone1
1743543375.828373,4.257845878601074,-0.01899751089513302,2.0540897846221924,0.0017547463360780523,-0.0038847963640746374,-0.005174874353864489,-0.9999775607623211,65.19998931884766,drone1
1743543376.0283613,4.278840065002441,-0.022318746894598007,2.0510687828063965,0.0016773019135296018,-0.0030363170009595104,-0.004428748694676188,-0.9999842621112344,65.399977684021,drone1
1743543376.228344,4.300016403198242,-0.021448522806167603,2.0461039543151855,0.0013913914403483009,-0.0022206214651769064,-0.004843810858811415,-0.9999848521671135,65.59996032714844,drone1
1743543376.4285135,4.321814060211182,-0.017442157492041588,2.0414540767669678,0.0004327313660338715,-0.0015407442721977536,-0.006203889660258033,-0.9999794573705042,65.8001298904419,drone1
1743543376.6284468,4.340278625488281,-0.012572365812957287,2.0385241508483887,-0.00046786858448361095,-0.001538074121172074,-0.008198868587672659,-0.9999651274420105,66.00006318092346,drone1
1743543376.8284166,4.356997489929199,-0.010625758208334446,2.0375094413757324,-0.00094276268641457,-0.002098367863307915,-0.010496209006304491,-0.9999422838501175,66.20003294944763,drone1
1743543377.0284257,4.374279975891113,-0.012013905681669712,2.0401928424835205,-0.0006882068343473421,-0.0025827494924882855,-0.012528277160408718,-0.9999180072653753,66.40004205703735,drone1
1743543377.2284124,4.391392707824707,-0.014332853257656097,2.045210361480713,4.833864861113643e-05,-0.0028193102042845678,-0.013627298382178743,-0.9999031715746994,66.60002875328064,drone1
1743543377.4284246,4.408920764923096,-0.01719614490866661,2.0505211353302,0.0007914877689414751,-0.002952594262026143,-0.013486190733364323,-0.9999044359801548,66.80004096031189,drone1
1743543377.6284797,4.424609661102295,-0.01783681847155094,2.0551178455352783,0.0012439372334742717,-0.003071129886239191,-0.012257610099271676,-0.9999194402582245,67.00009608268738,drone1
1743543377.8284485,4.437511444091797,-0.01590076833963394,2.0584213733673096,0.0011252288236459414,-0.003402457951548346,-0.010670359784351435,-0.9999366361724171,67.20006489753723,drone1
1743543378.0284288,4.443424701690674,-0.014487043023109436,2.0588252544403076,0.0009400422390522162,-0.0035910304427298643,-0.010051601901363005,-0.9999426631717541,67.40004515647888,drone1
1743543378.2283592,4.461028575897217,-0.010325247421860695,2.0552978515625,0.00017979466911661446,-0.0037528530206332516,-0.00971910541346055,-0.9999457398916954,67.5999755859375,drone1
1743543378.4283512,4.470046520233154,-0.005399133078753948,2.1172547340393066,-0.0005061136802618028,-0.0045834864038084904,-0.010668505323016997,-0.999932505781263,67.79996752738953,drone1
1743543378.6283576,4.482116222381592,-0.0013683695578947663,2.1531026363372803,-0.0010001697398547573,-0.004966105208121878,-0.011977502144068397,-0.9999154784544646,67.99997401237488,drone1
1743543378.8283496,4.4987359046936035,0.0021090677473694086,2.127967596054077,-0.0008564805965689918,-0.0044888240881446415,-0.012983716005417423,-0.999905278917125,68.1999659538269,drone1
1743543379.0284364,4.517373085021973,0.005120474379509687,2.0673305988311768,-0.000821745172587062,-0.0036902228037460623,-0.013205745603372843,-0.99990570038561,68.40005278587341,drone1
1743543379.2283857,4.5376505851745605,0.008063608780503273,1.9955620765686035,-0.000640162637449399,-0.002661483509819493,-0.012288166564442149,-0.9999208311042256,68.60000205039978,drone1
1743543379.4284015,4.55850887298584,0.009638484567403793,1.9292986392974854,-0.00031407963219213657,-0.0015715316806952948,-0.010292091818966231,-0.999945782038544,68.80001783370972,drone1
1743543379.6283953,4.577274322509766,0.008727024309337139,1.875920057296753,6.798994600159438e-05,-0.0015020718633519448,-0.0073647403087935825,-0.9999717444972267,69.00001168251038,drone1
1743543379.8283627,4.594610691070557,0.004784827586263418,1.8368515968322754,0.0006392824103965401,-0.002058711053899767,-0.004035350010675398,-0.9999895726141468,69.19997906684875,drone1
1743543380.028362,4.610286235809326,6.761619442841038e-05,1.8124890327453613,0.014584616301627048,0.005798994435509335,-0.010037819881899945,-0.9998264643104096,69.39997839927673,drone1
1743543380.22836,4.614312648773193,0.004566919524222612,1.8023793697357178,0.01704347101701445,0.00528557897837909,-0.0534503382535762,-0.9984110888437168,69.59997630119324,drone1
1743543380.4283671,4.6092095375061035,0.023371173068881035,1.8007588386535645,0.008076795838589309,0.0004795787817656579,-0.14142535175854826,-0.9899158436173154,69.79998350143433,drone1
1743543380.6283774,4.600935459136963,0.048455383628606796,1.8004026412963867,0.00035657649710915977,-0.0031379757757942182,-0.2565106933654253,-0.9665362281050494,69.99999380111694,drone1
1743543380.8283706,4.594024181365967,0.0726674497127533,1.7986164093017578,-0.005732002760663701,-0.005178071834404958,-0.37632703979107446,-0.9264546383914619,70.19998693466187,drone1
1743543381.0283616,4.591500282287598,0.09176431596279144,1.7987239360809326,-0.007948673288065025,-0.005597284310665673,-0.4717863642140655,-0.8816593662138403,70.39997792243958,drone1
1743543381.2283669,4.597023963928223,0.10353364050388336,1.8034694194793701,-0.00537940276108897,-0.004680051624987165,-0.5327235527332836,-0.8462593746758581,70.59998321533203,drone1
1743543381.4283605,4.608915328979492,0.11170250922441483,1.8096940517425537,0.00025474575983980193,-0.0028846728869714802,-0.5658015795563915,-0.8245363831911611,70.79997682571411,drone1
1743543381.628363,4.621166706085205,0.12204698473215103,1.815476894378662,0.005131747920398159,-0.0011033857254966431,-0.5827257940899109,-0.8126520045088775,70.99997925758362,drone1
1743543381.8283703,4.626673221588135,0.13554814457893372,1.8221430778503418,0.00691382237183229,-1.0183073726851967e-05,-0.5931930482112884,-0.8050305898926525,71.19998669624329,drone1
1743543382.028455,4.626162528991699,0.15273120999336243,1.8300423622131348,0.005607055382484972,-0.00035951459343136477,-0.6029755530216216,-0.7977399753536775,71.40007138252258,drone1
1743543382.2283432,4.619462490081787,0.17234700918197632,1.8396811485290527,0.002804434836302275,-0.0012298200148564988,-0.614134689808154,-0.7891952918739729,71.5999596118927,drone1
1743543382.4283676,4.6107378005981445,0.19282692670822144,1.85188627243042,7.031732461089339e-05,-0.002517620346147469,-0.6264807872158744,-0.7794328805736673,71.79998397827148,drone1
1743543382.6284266,4.603405952453613,0.21121573448181152,1.8662450313568115,-0.0014663592416382081,-0.0039415562328995795,-0.6385375465085675,-0.7695793056400326,72.00004291534424,drone1
1743543382.8283799,4.599735260009766,0.23201142251491547,1.8811442852020264,-0.0018011626109521147,-0.0041197656207492914,-0.6494581637426646,-0.7603840960902745,72.19999623298645,drone1
1743543383.0284436,4.5993123054504395,0.24720050394535065,1.8906590938568115,-0.001613050936290057,-0.0036488148421731006,-0.6546708332829314,-0.7559036858960361,72.40005993843079,drone1
1743543383.228409,4.6016974449157715,0.2770293951034546,1.9046995639801025,-0.00046069584117973384,-0.0021442889127120967,-0.6608289883441991,-0.750533339727134,72.60002541542053,drone1
1743543383.4284115,4.60224723815918,0.3033735454082489,1.9271974563598633,3.793216366066821e-06,-0.0007620560154724997,-0.6623785620107288,-0.7491689593129612,72.80002784729004,drone1
1743543383.628428,4.600776672363281,0.3274443745613098,1.9489712715148926,-0.0005006434391471875,0.0002265236291550455,-0.6623098046957392,-0.7492299616078247,73.00004434585571,drone1
1743543383.8284547,4.597250461578369,0.3516891300678253,1.956817865371704,-0.00024152292698190937,-0.0004851525378449417,-0.6618516710866038,-0.7496346530130483,73.20007109642029,drone1
1743543384.0283668,4.592272758483887,0.3749055862426758,1.9544894695281982,-0.0007861017546403319,-0.0008765170035848627,-0.6620828570873981,-0.7494298509394217,73.39998316764832,drone1
1743543384.2283967,4.586404323577881,0.3977043628692627,1.947366714477539,-0.001262271740251597,-0.0015552345459893687,-0.6634310636484548,-0.7482347217321567,73.60001301765442,drone1
1743543384.4284096,4.581790924072266,0.42120611667633057,1.9398925304412842,-0.001643017592535493,-0.002015140185208399,-0.6654606872853455,-0.7464284763923738,73.8000259399414,drone1
1743543384.6283972,4.580501556396484,0.44378578662872314,1.9345965385437012,-0.0011170822988097935,-0.002289893103427076,-0.6672762892254978,-0.7448059070184013,74.00001358985901,drone1
1743543384.828391,4.58077335357666,0.4653320610523224,1.9319860935211182,-0.0006991094502672891,-0.0017373453675892864,-0.6682662080615414,-0.7439199223107856,74.20000743865967,drone1
1743543385.0283864,4.583034515380859,0.48647379875183105,1.9342362880706787,-0.00039781169364617005,-0.0010256306139970347,-0.6683372702823087,-0.7438576266345086,74.4000027179718,drone1
1743543385.228422,4.584500789642334,0.5074803829193115,1.9403862953186035,0.00041534099599595394,-0.0005610964461524374,-0.6675524669870775,-0.7445624352112661,74.6000382900238,drone1
1743543385.428412,4.584176540374756,0.5281018614768982,1.9484777450561523,0.00028501340693954074,-0.00020783270059709086,-0.6665921352386885,-0.7454225417538961,74.8000283241272,drone1
1743543385.6283672,4.5830078125,0.5480308532714844,1.9561760425567627,-3.715654228592571e-05,-0.0005765896112014295,-0.6660535801742383,-0.7459037771043715,74.99998354911804,drone1
1743543385.8283703,4.580834865570068,0.5641937255859375,1.9649710655212402,-3.4018598284903836e-05,-0.0011066712040469677,-0.6663193792743723,-0.7456656263368606,75.19998669624329,drone1
1743543386.0283604,4.577486038208008,0.5784460306167603,1.9758665561676025,0.00010098162644447382,-0.0021377201781991595,-0.6673281904352609,-0.7447607493044,75.39997673034668,drone1
1743543386.2283528,4.5724568367004395,0.5928771495819092,1.9870309829711914,7.327073209306872e-05,-0.0027041324985176995,-0.6687064977486884,-0.7435215265910584,75.59996914863586,drone1
1743543386.428355,4.570194244384766,0.6072863936424255,1.9974393844604492,-0.0003530076797841134,-0.003025313133821412,-0.6698977310066443,-0.7424471243971748,75.79997134208679,drone1
1743543386.6283777,4.5739054679870605,0.6239485144615173,2.0058414936065674,0.00037501417928948106,-0.002898498617326259,-0.6704723084556812,-0.7419288551377484,75.99999403953552,drone1
1743543386.8283505,4.582722187042236,0.6434281468391418,2.0121665000915527,0.000907067186858213,-0.0016627183630821137,-0.6702589795477653,-0.7421249038377749,76.19996690750122,drone1
1743543387.0283594,4.592138767242432,0.6645395755767822,2.016443967819214,0.0011896688443181868,-1.9388332336528036e-05,-0.6694606839926545,-0.7428466607159899,76.39997577667236,drone1
1743543387.2283735,4.599386692047119,0.6830853223800659,2.0195977687835693,0.0012938271505573509,0.0011378146947629787,-0.6684335363184856,-0.7437699585554278,76.59998989105225,drone1
1743543387.4283702,4.606046676635742,0.7018676400184631,2.02420711517334,0.0011660021952673992,0.0015318399684283721,-0.6675983701734619,-0.7445192294231864,76.79998660087585,drone1
1743543387.6283545,4.612707614898682,0.7164928317070007,2.028770923614502,0.001422171049209351,0.0009656813729610485,-0.6677437135805517,-0.7443893117626516,76.99997091293335,drone1
1743543387.8283563,4.616398334503174,0.7271624803543091,2.035057783126831,0.0018447100189955333,-7.002822357171645e-05,-0.6692205049080591,-0.7430616359851757,77.19997262954712,drone1
1743543388.0284333,4.618096828460693,0.7365719676017761,2.0425400733947754,0.0020378526444263245,-0.00138374870206076,-0.6712504367437794,-0.7412265911769698,77.40004968643188,drone1
1743543388.2284348,4.619713306427002,0.7517378926277161,2.051936626434326,0.0014299219225629067,-0.0017092112452041658,-0.6749054535934926,-0.7379008255078235,77.60005116462708,drone1
1743543388.428362,4.623646259307861,0.7633835673332214,2.085451602935791,0.0016951301950858624,-0.002807642524282423,-0.6772992813192561,-0.7357004518167252,77.79997825622559,drone1
1743543388.6283507,4.629421710968018,0.7776626348495483,2.1084847450256348,0.0016315201668683748,-0.002225034351345358,-0.6787069913278759,-0.7344040094881741,77.99996709823608,drone1
1743543388.8283432,4.635922908782959,0.7955953478813171,2.1051502227783203,0.0015743195053928927,-0.0011948848460934908,-0.6790825144797521,-0.734059422123105,78.19995951652527,drone1
1743543389.0283477,4.642388820648193,0.8152239322662354,2.0841288566589355,0.0014016409447525056,-0.00024095279207412328,-0.6785835405744096,-0.734521981151334,78.39996409416199,drone1
1743543389.2285137,4.646780967712402,0.8345751166343689,2.057786464691162,0.0011294046749506011,0.0007274870180356197,-0.6777044310714572,-0.7353333185218809,78.60013008117676,drone1
1743543389.428352,4.649380683898926,0.853147566318512,2.0318520069122314,0.0006621536199997734,0.0007668713340740739,-0.6770622131989165,-0.7359250444699057,78.79996848106384,drone1
1743543389.6283398,4.650527000427246,0.8688828349113464,2.0102486610412598,0.0006119167785829862,-0.00011864837938043773,-0.6771269955392557,-0.7358660783946609,78.99995613098145,drone1
1743543389.8284461,4.651130676269531,0.8824223875999451,1.9944345951080322,0.0006810067820260723,-0.0010423536520737162,-0.6778419667748603,-0.7352066567053935,79.20006251335144,drone1
1743543390.0283682,4.651093006134033,0.8929010629653931,1.9836697578430176,0.000998009178801309,-0.0017395307063799953,-0.6788795457940356,-0.7342469650622664,79.39998459815979,drone1
1743543390.228359,4.652690410614014,0.9036242961883545,1.9769365787506104,0.0013506355613153867,-0.0023098791472227482,-0.679721616119681,-0.7334654176110826,79.59997534751892,drone1
1743543390.4283645,4.655524253845215,0.9147958755493164,1.9736285209655762,0.0018105739734134473,-0.002285015737585313,-0.6800511491572976,-0.733158896752753,79.79998087882996,drone1
1743543390.628372,4.6581244468688965,0.9275321364402771,1.9750463962554932,0.002319392324266431,-0.002280924666168763,-0.6797258676830246,-0.7334590587053136,79.99998831748962,drone1
1743543390.8283632,4.661008358001709,0.9434800148010254,1.9783844947814941,0.0021317131821517047,-0.0017491297746054467,-0.6789603571076992,-0.7341697783775748,80.19997954368591,drone1
1743543391.0283802,4.663766860961914,0.9638049602508545,1.9813828468322754,0.0014332757148161784,-0.0008378602300262394,-0.6780957408522785,-0.7349718487098053,80.39999651908875,drone1
1743543391.2283716,4.666041851043701,0.9883171319961548,1.985313892364502,0.0004936051829797475,-5.732850142800784e-05,-0.6775259944857522,-0.7354986052908505,80.59998798370361,drone1
1743543391.4283714,4.668067932128906,1.0130897760391235,1.9906094074249268,-0.00046806618899501246,0.0007072242826490154,-0.677365765338604,-0.7356459375023544,80.79998779296875,drone1
1743543391.628355,4.669222354888916,1.0361149311065674,1.9965503215789795,-0.0008696771133707637,0.0007181156775879564,-0.677524084706679,-0.7354997564266504,80.99997138977051,drone1
1743543391.828349,4.673609733581543,1.0572082996368408,2.0011472702026367,-0.0008208893837091557,0.0005916136764759941,-0.6778213885760749,-0.7352260547924206,81.19996547698975,drone1
1743543392.0283678,4.682587146759033,1.0757558345794678,2.006676435470581,-0.00016140934122454146,0.0008352735700966357,-0.6780856045352117,-0.7349824907890542,81.39998412132263,drone1
1743543392.2283454,4.695167541503906,1.0892133712768555,2.0131044387817383,0.0013509873269802292,0.0009959798533204446,-0.6781557079151755,-0.7349163492128505,81.59996175765991,drone1
1743543392.4283595,4.705404281616211,1.0995653867721558,2.0186562538146973,0.0028415446425077372,0.001047797818941866,-0.6780366536048443,-0.7350219165316582,81.7999758720398,drone1
1743543392.6283698,4.709137916564941,1.1093703508377075,2.0241811275482178,0.003782983736779387,-6.829271183821475e-06,-0.6779719581923801,-0.7350781825744201,81.99998617172241,drone1
1743543392.82848,4.709251880645752,1.1190476417541504,2.0301811695098877,0.0036556345644618155,-0.0013389148273211693,-0.6783158422319145,-0.7347601766998715,82.20009636878967,drone1
1743543393.0284324,4.7095232009887695,1.130312204360962,2.038266181945801,0.002932648265968511,-0.0018564902277902824,-0.679200981368382,-0.7339440741012648,82.40004873275757,drone1
1743543393.22844,4.709066867828369,1.1480599641799927,2.03960919380188,0.0012686585209751029,-0.0017059122767811839,-0.6818882380876563,-0.7314533059897482,82.60005640983582,drone1
1743543393.4284017,4.708535671234131,1.1571882963180542,2.0972537994384766,0.0007978705469489951,-0.0023695523757919987,-0.6841432788754513,-0.7293434189482247,82.8000180721283,drone1
1743543393.6283855,4.706433296203613,1.1690295934677124,2.1775147914886475,0.0006232554127057895,-0.0024795300494876845,-0.6855400254351024,-0.7280305446171105,83.00000190734863,drone1
1743543393.8284278,4.70391321182251,1.182581901550293,2.1710922718048096,0.000635764218680731,-0.0026261967194482305,-0.6855994696136599,-0.7279740507179486,83.20004415512085,drone1
1743543394.0283859,4.704666614532471,1.1990013122558594,2.0981268882751465,0.0009547234598819225,-0.00226473304006831,-0.6844332386564942,-0.7290714980183447,83.40000224113464,drone1
1743543394.2283938,4.708216190338135,1.2195243835449219,1.9934422969818115,0.0007763480159186198,-0.001133317293667512,-0.6826521839612306,-0.7307422122642067,83.60001015663147,drone1
1743543394.4283898,4.7117509841918945,1.2409536838531494,1.8975791931152344,0.00044113608147605774,-3.756337873446933e-06,-0.6808528770463839,-0.7324200519616451,83.80000615119934,drone1
1743543394.6283844,4.781522750854492,1.2783201932907104,1.7838215827941895,0.1990015556483334,0.3646869179009798,-0.6112450570932205,-0.673632977016676,84.00000071525574,drone1
1743543394.8285122,4.717779636383057,1.3851038217544556,1.5700321197509766,0.2632763241251708,0.309533064616688,-0.6155261126940025,-0.6752796227778604,84.20012855529785,drone1
1743543395.0284145,4.462230682373047,1.431682825088501,1.2629718780517578,0.2248264891643531,0.13062152871003102,-0.5924030582195122,-0.7625286014994935,84.40003085136414,drone1
1743543395.2284095,4.037088871002197,1.4420899152755737,0.9624622464179993,-0.09334213280578496,-0.10898863928491616,-0.5588552942330384,-0.8167554638267467,84.60002589225769,drone1
1743543395.4283848,3.6629996299743652,1.4029223918914795,0.6350655555725098,-0.1580790421350888,-0.16276854152770082,-0.621846024725677,-0.7495499641893217,84.80000114440918,drone1
1743543395.6284075,3.509491205215454,1.312601923942566,0.3051680326461792,-0.06218473786931846,-0.11969783739017051,-0.6722361013823014,-0.7279451735412736,85.00002384185791,drone1
1743543395.828439,3.5070438385009766,1.222362995147705,0.33466798067092896,-0.0122237661799175,-0.12309415951790191,-0.691263171019088,-0.7119365769011402,85.20005536079407,drone1
1743543396.0283802,3.631357192993164,1.1951580047607422,0.4330379366874695,0.028853924785554465,-0.09778443698061352,-0.7066289656577021,-0.7002008903247695,85.39999651908875,drone1
1743543396.2283955,3.8062267303466797,1.2279689311981201,0.5215466618537903,0.045063614576645455,-0.017389322128994127,-0.7133560919786102,-0.6991352658706328,85.60001182556152,drone1
1743543396.4283707,3.9692065715789795,1.2927900552749634,0.5850561857223511,0.059636918071442065,0.03779493154541971,-0.7147936847613687,-0.6957621212168598,85.79998707771301,drone1
1743543396.6284032,4.08732795715332,1.3567817211151123,0.6122635006904602,0.06387097993613434,0.04847094954418385,-0.716034322686858,-0.6934449684867053,86.00001955032349,drone1
1743543396.8283718,4.1533708572387695,1.4035102128982544,0.5893716812133789,0.05142409723055096,0.04831147805249203,-0.709359608276979,-0.7013063695632571,86.19998812675476,drone1
1743543397.0284266,4.173789978027344,1.4291424751281738,0.5604009628295898,0.040043433644795026,0.03416860550428576,-0.7016143306584256,-0.7106099004649553,86.40004301071167,drone1
1743543397.2283728,4.164165019989014,1.4306951761245728,0.5706406831741333,0.030486841869380808,0.009934206464647663,-0.6984571000290346,-0.7149332500989456,86.59998917579651,drone1
1743543397.4283671,4.151408672332764,1.4175889492034912,0.6178835034370422,0.02345911566381438,-0.009704622044096526,-0.6985152705825137,-0.7151447350822392,86.79998350143433,drone1
1743543397.6283755,4.151277542114258,1.4032745361328125,0.6743590831756592,0.029995489299629242,-0.015054997850794005,-0.6956843846475039,-0.7175632562514185,86.99999189376831,drone1
1743543397.8283646,4.164607048034668,1.3950856924057007,0.7145188450813293,0.04653439339279489,-0.01326722731863808,-0.6910161009247611,-0.7212179925611714,87.19998097419739,drone1
1743543398.0284472,4.177400588989258,1.3978379964828491,0.7223322987556458,0.06486973709801955,-0.0032001259137350853,-0.6848766261370068,-0.7257587530912104,87.40006351470947,drone1
1743543398.2283618,4.185284614562988,1.416697382926941,0.6889747381210327,0.07532251904528968,0.010921460171067411,-0.6800084623022902,-0.7292433201830114,87.59997820854187,drone1
1743543398.4283056,4.165627479553223,1.4440144300460815,0.6518509387969971,0.0810159603206982,0.01609407703435864,-0.6861048840842905,-0.7227984282575229,87.79992198944092,drone1
1743543398.628413,4.135228633880615,1.470477819442749,0.6191316843032837,0.08100085067550704,0.01699359614870239,-0.7002369795516236,-0.7090968207008801,88.00002932548523,drone1
1743543398.828487,4.083720684051514,1.5029948949813843,0.5488393902778625,0.08091649639239053,0.019288615856488077,-0.7275405796006371,-0.6810031358296814,88.20010328292847,drone1
1743543399.0284028,4.029901504516602,1.5311769247055054,0.4362632632255554,0.046774934676869676,0.011928681605513714,-0.7720478676307398,-0.6337286543137475,88.40001916885376,drone1
1743543399.228587,3.9819023609161377,1.5524539947509766,0.28458845615386963,0.03510434588365758,0.026302258429206776,-0.8174718338108863,-0.5742959186255501,88.60020327568054,drone1
1743543399.4284112,3.9077751636505127,1.5636186599731445,0.19399607181549072,0.11486726327596962,0.06451499234245942,-0.8449512418652011,-0.5183635946100158,88.80002760887146,drone1
1743543399.628389,3.8241491317749023,1.554260015487671,0.20983725786209106,0.10545057598855379,0.06446418036531247,-0.8813096105914726,-0.4560899716713658,89.00000524520874,drone1
1743543399.8284101,3.73226261138916,1.5293081998825073,0.21819475293159485,0.09390388839325159,0.07088652767811462,-0.9289148342327398,-0.3511045111808211,89.200026512146,drone1
1743543400.028407,3.6516835689544678,1.4847406148910522,0.21979641914367676,0.0892329935415346,0.07929271858924597,-0.9500088682971086,-0.2885021533604983,89.40002346038818,drone1
1743543400.228374,3.5980451107025146,1.4361287355422974,0.21714156866073608,0.0828859392686914,0.0881287023173394,-0.9689978569391766,-0.21542122498997274,89.5999903678894,drone1
1743543400.4283538,3.5781519412994385,1.3932971954345703,0.21211856603622437,0.07577059799687717,0.09647110693669977,-0.9822727655209558,-0.14174735368117164,89.7999701499939,drone1
1743543400.6283574,3.593406915664673,1.361940860748291,0.20435652136802673,0.06921699090983291,0.10346582294025905,-0.9890346794554983,-0.07946244592383284,89.9999737739563,drone1
1743543400.8283634,3.634368419647217,1.3459995985031128,0.19342827796936035,0.06447141513527715,0.10895441604392546,-0.9912754588034283,-0.03668052869957671,90.19997978210449,drone1
1743543401.0283806,3.666423797607422,1.330299735069275,0.18051034212112427,0.06016167860408357,0.11390079125858825,-0.9916686046063379,0.0008130548546235775,90.3999969959259,drone1
1743543401.2284079,3.6913957595825195,1.3196196556091309,0.16907742619514465,0.05615280471680696,0.1185806113640219,-0.9907538072594091,0.03453302032740091,90.60002422332764,drone1
1743543401.4283764,3.7110416889190674,1.311303973197937,0.15893462300300598,0.052483047006827016,0.12288910456318443,-0.9889596580651487,0.06405178794061239,90.79999279975891,drone1
1743543401.6283836,3.728766679763794,1.303078532218933,0.14984464645385742,0.048973557956665824,0.12690789613075126,-0.986556149735118,0.0905712172263946,91.0,drone1
1743543401.8283596,3.7425496578216553,1.2947531938552856,0.14095386862754822,0.045363451208218976,0.1308449781299456,-0.9835011775676543,0.1163926525539879,91.19997596740723,drone1
1743543402.0283372,3.755260467529297,1.2865358591079712,0.13124483823776245,0.041423134438401406,0.1347546225307594,-0.9795795397542613,0.14335091482646545,91.3999536037445,drone1
1743543402.228359,3.768704652786255,1.277080774307251,0.11832302808761597,0.0369585345807106,0.1386762234656601,-0.9745339297847795,0.17229817117386914,91.59997534751892,drone1
1743543402.4283392,3.7849979400634766,1.2657594680786133,0.10384976863861084,0.031963711563684535,0.14252265022788554,-0.9682066762989301,0.2030797848090125,91.79995560646057,drone1
1743543402.6283636,3.804548740386963,1.2523610591888428,0.08950328826904297,0.02624368352939973,0.14635489984394318,-0.9601647204282635,0.2365905754726304,91.99997997283936,drone1
1743543402.8283756,3.825305700302124,1.2381681203842163,0.07399886846542358,0.019880610490672062,0.15009245602810894,-0.950175285128454,0.27247756330844386,92.19999194145203,drone1
1743543403.0285542,3.845275402069092,1.2279703617095947,0.05871999263763428,0.013226091994491576,0.15354597406344767,-0.9386619040801876,0.3084844167814224,92.40017056465149,drone1
1743543403.2284431,3.8663785457611084,1.2307671308517456,0.041759192943573,0.006524216245653046,0.1565253242479706,-0.9261707372198924,0.34302361162213024,92.60005950927734,drone1
1743543403.428401,3.88250994682312,1.22981595993042,0.06160646677017212,-0.0006654091759338936,0.1592893830619439,-0.9117226921832366,0.37866654813164136,92.80001735687256,drone1
1743543403.628428,3.9027552604675293,1.2340764999389648,0.15828338265419006,-0.007932663824121817,0.1618111554488962,-0.8963583957333784,0.41266936110477537,93.00004434585571,drone1
1743543403.8284502,3.9248034954071045,1.23821222782135,0.2573503851890564,-0.015163392959718983,0.16400568389894177,-0.8803336370939301,0.44484268475117267,93.20006656646729,drone1
1743543404.0284197,3.9462900161743164,1.2408145666122437,0.33058667182922363,-0.022297869230029396,0.1660076750082774,-0.8639364056807668,0.47492963402915955,93.40003609657288,drone1
1743543404.2284057,3.9648337364196777,1.2443660497665405,0.38226693868637085,-0.029403353736920396,0.16791240699631813,-0.847290655375359,0.5030303077039492,93.60002207756042,drone1
1743543404.4284115,3.978456497192383,1.2456072568893433,0.4052566885948181,-0.035291969165248786,0.16955606559961417,-0.8334495671041087,0.5247543739332831,93.80002784729004,drone1
1743543404.6283686,3.9893081188201904,1.249472975730896,0.4185052514076233,-0.0406757496421137,0.1710968015988466,-0.820925831266627,0.543279230942837,93.99998497962952,drone1
1743543404.828374,3.9985156059265137,1.2560653686523438,0.42381423711776733,-0.045757395167072175,0.1725548086028082,-0.8092237482408651,0.5597214014332251,94.19999027252197,drone1
1743543405.0283735,4.008975505828857,1.2638435363769531,0.4248446822166443,-0.050778749625235854,0.17390886040491768,-0.7977085654148247,0.5751855753773422,94.39998984336853,drone1
1743543405.2284062,4.020945072174072,1.2717177867889404,0.42179733514785767,-0.05584608629512489,0.17511194219566117,-0.7859344323515335,0.5903593575352191,94.60002255439758,drone1
1743543405.428371,4.032752990722656,1.2801661491394043,0.4168514609336853,-0.06086944799694889,0.17624134602685151,-0.7741953601978473,0.604859891203339,94.79998731613159,drone1
1743543405.6284165,4.047098636627197,1.2935482263565063,0.41455405950546265,-0.07497526062369618,0.17147580186572475,-0.7618258923626275,0.6201582278352779,95.00003290176392,drone1
1743543405.8283815,4.065061569213867,1.3230884075164795,0.41304272413253784,-0.09543938369528938,0.16167105932444598,-0.7470755437866714,0.6376771185962177,95.1999979019165,drone1
1743543406.0283651,4.085531711578369,1.3710088729858398,0.4180930256843567,-0.13773117209012598,0.1337820713243887,-0.7267782537465525,0.6594891663718181,95.39998149871826,drone1
1743543406.2283542,4.110833168029785,1.4619985818862915,0.42373961210250854,-0.21073062319385427,0.06803322686368654,-0.672593764807121,0.7061031540880257,95.59997057914734,drone1
1743543406.4283657,4.147598743438721,1.6163737773895264,0.410353422164917,-0.23274581351092116,0.03897106240217391,-0.571984448475955,0.785585435372439,95.79998207092285,drone1
1743543406.628376,4.203969478607178,1.8300058841705322,0.3819158673286438,-0.18995889134840432,0.06829596504894736,-0.43716327607139693,0.8764357279562485,95.99999237060547,drone1
1743543406.8283715,4.268782138824463,2.069958448410034,0.3387600779533386,-0.18367240703595508,0.11104828201465872,-0.24770739682325799,0.9447612274092899,96.19998788833618,drone1
1743543407.0282876,4.278703212738037,2.298186779022217,0.3269936442375183,-0.20029146521536537,0.05432782510286087,0.03205545998453657,0.9777036256738899,96.39990401268005,drone1
1743543407.2284687,4.239253997802734,2.466264247894287,0.3192060589790344,-0.2090913583995156,0.007241861171960044,0.25407932596852884,0.9442839564967527,96.60008502006531,drone1
1743543407.4284136,4.138440132141113,2.636322259902954,0.3103548288345337,-0.2105207476933383,-0.023377423876143607,0.38473023630032793,0.8983971020161231,96.80002999305725,drone1
1743543407.6284356,3.997291326522827,2.7585055828094482,0.30103129148483276,-0.20629158013142934,-0.05885182040681578,0.5256735229423208,0.8231935424507556,97.00005197525024,drone1
1743543407.8284311,3.8351731300354004,2.7614428997039795,0.40375858545303345,0.002346172810987654,-0.11071289583345537,0.7445497779858224,0.6583182742366249,97.20004749298096,drone1
1743543408.0284889,3.758204460144043,2.7216947078704834,0.4429078698158264,0.11895425173714944,-0.11253564890841986,0.8508150591415369,0.4992989629115828,97.40010523796082,drone1
1743543408.2283418,3.7754065990448,2.6503100395202637,0.39856088161468506,0.057807682284340835,-0.07987045639337668,0.916292021691121,0.38818564567549374,97.59995818138123,drone1
1743543408.4284842,3.881808042526245,2.5593137741088867,0.31873565912246704,-0.043798259500138124,-0.10830885276528412,0.9262236104413494,0.3584140180446412,97.80010056495667,drone1
1743543408.6284251,3.978275775909424,2.4949357509613037,0.2888144254684448,-0.09044333315130058,-0.1831928048758595,0.9084349008245989,0.36470051552798066,98.00004148483276,drone1
1743543408.8285623,4.014126300811768,2.450394868850708,0.2946428656578064,-0.11355537939579528,-0.18883137885704093,0.9148919666038619,0.33826129169491465,98.20017862319946,drone1
1743543409.028424,4.039060115814209,2.388580799102783,0.3948950171470642,-0.11231681786113971,-0.12892360867345526,0.9480516318725354,0.2682571886328057,98.4000403881073,drone1
1743543409.2284176,4.061133861541748,2.3093440532684326,0.5481603145599365,-0.10925249172748468,0.026607231707942432,0.9509428003132615,0.28820809479843773,98.60003399848938,drone1
1743543409.428439,4.051108360290527,2.2802727222442627,0.6057532429695129,-0.09552456247613002,0.0061559739618571715,0.9236499342104558,0.37109046245099003,98.80005526542664,drone1
1743543409.6284297,4.021231174468994,2.3138821125030518,0.5692110657691956,-0.09440418860723311,-0.0824882630088391,0.8780969670637297,0.4617677000748139,99.00004601478577,drone1
1743543409.8284473,3.9694247245788574,2.366346597671509,0.44803696870803833,-0.12731209181659647,-0.12635590198389055,0.8400568231780402,0.5119866815999083,99.20006370544434,drone1
1743543410.0284426,3.8711647987365723,2.3817427158355713,0.2638511061668396,-0.08760773203761359,-0.09401085643622772,0.8418963434547223,0.5241158070314946,99.40005898475647,drone1
1743543410.2284157,3.618314027786255,2.5116963386535645,0.23003530502319336,-0.20596142279361926,0.06182195096822684,0.7666781115177169,0.6049484206586364,99.60003209114075,drone1
1743543410.4284623,3.398650884628296,2.57110595703125,0.15544191002845764,-0.14417747511185902,-0.05686472030589462,0.9035988449859134,0.3993601028414599,99.80007863044739,drone1
1743543410.6284525,3.159040927886963,2.6578831672668457,0.020968914031982422,-0.10848157252611529,-0.11716211768908377,0.9371221743369632,0.3103333358053227,100.00006890296936,drone1
1743543410.8284168,2.9685041904449463,2.640399932861328,-0.05027838051319122,-0.09624674345700811,-0.14742524013530162,0.9454350290764335,0.27414430257965583,100.20003318786621,drone1
1743543411.0284417,2.8825738430023193,2.5975162982940674,-0.0938987135887146,-0.09021640661638382,-0.15141149696999606,0.953574133432918,0.24419656434230053,100.40005803108215,drone1
1743543411.2284622,2.8799538612365723,2.5572354793548584,-0.12626323103904724,-0.08463566337971538,-0.15526019439368505,0.9602800763526378,0.21585470532690731,100.60007858276367,drone1
1743543411.4285321,2.933839797973633,2.533327341079712,-0.15326648950576782,-0.08176168821900374,-0.1570826056840499,0.9627439811165845,0.20436269273083585,100.80014848709106,drone1
1743543310.6283836,-0.022347142919898033,-0.00574911292642355,0.17793023586273193,-0.0020375316862966016,0.0006294365937757513,0.045608327032245266,-0.998957143413024,0.0,drone2
1743543310.8284104,-0.0203159898519516,-0.007713260129094124,0.17412030696868896,-0.002063345478556635,0.0005770669942313142,0.04565629014585071,-0.9989549517769014,0.2000267505645752,drone2
1743543311.0284073,-0.01615048386156559,-0.008622599765658379,0.16961941123008728,-0.0020479365248866014,0.0004965699709341738,0.04568570864611132,-0.9989536873714461,0.4000236988067627,drone2
1743543311.2283778,-0.012013083323836327,-0.00819496437907219,0.16462528705596924,-0.002025219044266976,0.0004503775188746147,0.04573072148032098,-0.9989516643227174,0.5999941825866699,drone2
1743543311.428385,-0.007636301219463348,-0.007222980726510286,0.1577063500881195,-0.001999047744657171,0.00042430763511903946,0.04578041261471533,-0.9989495148334434,0.8000013828277588,drone2
1743543311.6284056,-0.0021845130249857903,-0.003845606464892626,0.14898896217346191,-0.0019563827862546213,0.0003909153126611406,0.04582264375692319,-0.9989476603721089,1.0000219345092773,drone2
1743543311.8284018,0.0036220476031303406,0.0010936165926977992,0.13994815945625305,-0.0018974522724132799,0.0003383255946149107,0.04589762300042416,-0.9989443307710766,1.2000181674957275,drone2
1743543312.0284023,0.007569748908281326,0.005148401949554682,0.12894365191459656,-0.0018555108897888764,0.0003338749861938364,0.04589745441303006,-0.9989444150647735,1.4000186920166016,drone2
1743543312.2284067,0.009505835361778736,0.007462156005203724,0.11818426847457886,-0.0018484621586476835,0.00035778327992002203,0.04587212415707498,-0.9989455530296835,1.6000230312347412,drone2
1743543312.4283812,0.008362505584955215,0.007754261139780283,0.10858753323554993,-0.0018834680797862667,0.00041404257260085875,0.04581855551261771,-0.9989479554000485,1.7999975681304932,drone2
1743543312.6283946,0.0029906276613473892,0.005569606088101864,0.09994766116142273,-0.001953935552544894,0.0005041898247999147,0.04572574815219671,-0.9989520857912026,2.0000109672546387,drone2
1743543312.8283937,-0.0011221838649362326,0.004767808131873608,0.09377452731132507,-0.001989011279401324,0.0005711634719895032,0.04566741691385762,-0.9989546146021132,2.200010061264038,drone2
1743543313.0283742,-0.009435484185814857,0.004732246045023203,0.0847991406917572,-0.0020138068795339525,0.0006258186325669577,0.045602721501393384,-0.9989574384409634,2.3999905586242676,drone2
1743543313.2283692,-0.012546202167868614,0.007104806136339903,0.10371667146682739,-0.0019920016065349782,0.0006188960538580751,0.04561228883600532,-0.9989570591193269,2.5999855995178223,drone2
1743543313.428362,-0.012811140157282352,0.0117307985201478,0.12535107135772705,-0.0019282145739014543,0.0005660214329940791,0.045712008279582106,-0.9989526758470818,2.799978256225586,drone2
1743543313.628372,-0.014099779538810253,0.014942720532417297,0.1400931477546692,-0.0019050504354692892,0.0005619853783407798,0.04573712780129463,-0.9989515800290205,2.999988317489624,drone2
1743543313.8283994,-0.015259969048202038,0.01744813285768032,0.1611969769001007,-0.0019246762965781266,0.000577852596670306,0.04572545312425713,-0.9989520436443541,3.2000157833099365,drone2
1743543314.0283885,-0.013881401158869267,0.017460133880376816,0.1770084798336029,-0.001930058004615425,0.0005602290401379899,0.0457494346810598,-0.9989509899731412,3.4000048637390137,drone2
1743543314.2283654,-0.012761468067765236,0.014695760793983936,0.18484604358673096,-0.001975143237561906,0.0005342532870880243,0.04574720089808876,-0.9989509478262928,3.5999817848205566,drone2
1743543314.4283695,-0.012144499458372593,0.012680396437644958,0.18531954288482666,-0.002008474891607007,0.000519918337192447,0.04574096316450904,-0.998951200707384,3.799985885620117,drone2
1743543314.6283636,-0.013064682483673096,0.009947557002305984,0.18071717023849487,-0.0020254328242778796,0.0005282531234396668,0.045719173243829014,-0.9989521700848996,3.9999799728393555,drone2
1743543314.8283656,-0.014460887759923935,0.005833732429891825,0.17367985844612122,-0.0020336773899275054,0.0005562563292345524,0.04568718378580916,-0.9989535609309004,4.199981927871704,drone2
1743543315.028359,-0.016683176159858704,0.001657208427786827,0.1663818657398224,-0.0020395330030563608,0.0005874738084548383,0.04567437114386186,-0.9989541509867796,4.399975299835205,drone2
1743543315.2283633,-0.018007278442382812,-0.003442946821451187,0.15800440311431885,-0.0020651495612362537,0.0005656000879860652,0.04567816436022787,-0.9989538981056885,4.599979639053345,drone2
1743543315.4283652,-0.018599214032292366,-0.006644137669354677,0.14876636862754822,-0.0020775651831633156,0.000553132934951254,0.04567247453567891,-0.9989541931336281,4.799981594085693,drone2
1743543315.6283464,-0.020674867555499077,-0.00773247703909874,0.138461172580719,-0.0020765970404185174,0.0005708878711129126,0.045641833776811525,-0.9989555839796289,4.99996280670166,drone2
1743543315.828346,-0.02184206061065197,-0.008504452183842659,0.1267649531364441,-0.002087848108701275,0.0006018463777054342,0.04563407875668546,-0.998955921154417,5.199962377548218,drone2
1743543316.028389,-0.020191410556435585,-0.00961962528526783,0.11652278900146484,-0.0021257703118753965,0.000587617947384023,0.045631128477289784,-0.9989559211544171,5.400005340576172,drone2
1743543316.2283483,-0.014466379769146442,-0.011952264234423637,0.106273353099823,-0.0021738685917410574,0.0005075023859931314,0.04561039222782237,-0.9989568483850844,5.599964618682861,drone2
1743543316.4283476,-0.007867635227739811,-0.014539605937898159,0.09431812167167664,-0.0021869628437835953,0.00042795984064224803,0.04559075179641631,-0.9989576913220546,5.79996395111084,drone2
1743543316.6283612,-0.0016726350877434015,-0.016277363523840904,0.08121085166931152,-0.002224842076928571,0.00036999631709281575,0.04559218478926569,-0.9989576070283575,5.9999775886535645,drone2
1743543316.8283768,0.000702087942045182,-0.01623123697936535,0.06810516119003296,-0.0022264630842349703,0.00037175561874589147,0.04559306987308437,-0.998957564881509,6.199993133544922,drone2
1743543317.0283916,-0.0012792750494554639,-0.01427349355071783,0.05684581398963928,-0.002203496838427454,0.00042225791533794313,0.04560697833309291,-0.99895697482563,6.400007963180542,drone2
1743543317.2283635,-0.006800112780183554,-0.012609357945621014,0.046561360359191895,-0.0021648462850275036,0.0005143052330786562,0.045635174574746695,-0.9989557525670231,6.599979877471924,drone2
1743543317.4283638,-0.012512179091572762,-0.010105441324412823,0.0378459095954895,-0.0021647291464231464,0.0005731459379127217,0.045701850889090956,-0.9989526337002332,6.799980163574219,drone2
1743543317.6283722,-0.01918988674879074,-0.005453269463032484,0.030141368508338928,-0.002124603700279505,0.000634072170885505,0.04572642250177289,-0.9989515800290205,6.999988555908203,drone2
1743543317.8283577,-0.025184832513332367,-6.595151353394613e-05,0.020660340785980225,-0.0020552601983598773,0.0006625133087781992,0.04573750712293123,-0.9989512007073839,7.199974060058594,drone2
1743543318.0283487,-0.030039584264159203,0.006463581696152687,0.020568817853927612,-0.0020001687932049163,0.0006714893115810353,0.04572022691504174,-0.998952043644354,7.399965047836304,drone2
1743543318.2283602,-0.03199509158730507,0.009899197146296501,0.053242266178131104,-0.001989650890754702,0.0006383536156860911,0.045709521615519944,-0.9989526337002332,7.599976539611816,drone2
1743543318.4283462,-0.03316172957420349,0.011478778906166553,0.08842742443084717,-0.002028489376293618,0.0005756302147510231,0.04569139847066028,-0.9989533923435063,7.799962520599365,drone2
1743543318.628348,-0.03372509405016899,0.011187753640115261,0.1132591962814331,-0.0020750498724150753,0.000552672941612428,0.045686593729930114,-0.9989535609309005,7.999964475631714,drone2
1743543318.828342,-0.0323977991938591,0.012279514223337173,0.1284714639186859,-0.0020698431725807735,0.0005045088896140324,0.04570581269285101,-0.9989527179939302,8.199958324432373,drone2
1743543319.0283654,-0.02963397279381752,0.012840846553444862,0.1350334882736206,-0.0020639224458636916,0.00043016028479760885,0.045711755398491094,-0.9989525072596876,8.39998173713684,drone2
1743543319.2283823,-0.027891090139746666,0.013255690224468708,0.13468044996261597,-0.0020703099160008062,0.00040596560652851415,0.04572486306837792,-0.9989518750569601,8.599998712539673,drone2
1743543319.428341,-0.02685849368572235,0.010731449350714684,0.13092857599258423,-0.0021164890325340783,0.00040236452052273765,0.04572962566225969,-0.9989515800290205,8.799957275390625,drone2
1743543319.6284103,-0.022986751049757004,0.006464498583227396,0.1274624466896057,-0.002160087889367011,0.00036355081272093474,0.04573999378699334,-0.9989509899731414,9.00002670288086,drone2
1743543319.8283913,-0.017749613150954247,0.003699379274621606,0.12483394145965576,-0.002168187575224881,0.0002970418509997915,0.04575579885518488,-0.9989502734767166,9.200007677078247,drone2
1743543320.0283616,-0.01207873597741127,-0.00025175538030453026,0.12046071887016296,-0.0021533541894548243,0.00023872559454827085,0.04576991804943603,-0.998949725567686,9.399977922439575,drone2
1743543320.2283742,-0.009487365372478962,-0.003580124583095312,0.11428117752075195,-0.002179788906867822,0.00023902136335041853,0.04579562762702777,-0.9989484611622307,9.599990606307983,drone2
1743543320.4283733,-0.00779333570972085,-0.006636366713792086,0.11366790533065796,0.0014729539886593544,-0.0038419914649641448,0.04401429107471483,-0.9990224288813673,9.799989700317383,drone2
1743543320.6284027,-0.0008554390515200794,-0.003541133366525173,0.20518654584884644,0.00933778653484707,-0.008898339537715896,0.01990945474012179,-0.9997186526719187,10.000019073486328,drone2
1743543320.8283856,0.013050313107669353,0.012029607780277729,0.34784436225891113,0.0009817023408536481,-0.004145158191478431,-0.01598566743745433,-0.9998632163623111,10.200001955032349,drone2
1743543321.0283802,0.02911778911948204,0.031990665942430496,0.49331867694854736,-0.0050264687148125885,-0.0010239260744357226,-0.04712582431287993,-0.9988758421422463,10.399996519088745,drone2
1743543321.2284024,0.0438060462474823,0.047727447003126144,0.6290797591209412,-0.009048919484938028,-0.0006741292930363196,-0.06159884135727839,-0.9980597527145298,10.600018739700317,drone2
1743543321.4283473,0.05764136463403702,0.05593859776854515,0.7520036697387695,-0.007962820223503591,0.0008176498489281718,-0.055902736927879504,-0.9984041346137125,10.79996371269226,drone2
1743543321.628374,0.07288521528244019,0.05719441920518875,0.8631826043128967,-0.006167568955009234,0.0007693847926658628,-0.03459126727204298,-0.9993822786739532,10.999990463256836,drone2
1743543321.8283443,0.09076255559921265,0.05487798526883125,0.9643905758857727,-0.001122078675991883,0.00035588667173703516,-0.010922987994325839,-0.9999396707455098,11.199960708618164,drone2
1743543322.0283678,0.10991133749485016,0.055237527936697006,1.0453450679779053,0.00022835652315686316,0.0011553561235922933,0.00367014756832873,-0.999992649334088,11.399984121322632,drone2
1743543322.2283604,0.1294533610343933,0.05854659527540207,0.978780210018158,-0.0003191208727188086,0.0019030695747484282,0.008367666715958899,-0.9999631465401304,11.599976778030396,drone2
1743543322.4284203,0.14680932462215424,0.06278178095817566,0.8583069443702698,-0.001889807681969455,0.0027348586623761454,0.005660237461316109,-0.9999784879929885,11.800036668777466,drone2
1743543322.6284144,0.16231544315814972,0.06494783610105515,0.9199149012565613,-0.002181312696541228,0.0017354716438280969,-0.001783865363223558,-0.999994545942271,12.000030755996704,drone2
1743543322.828489,0.17393244802951813,0.0668586865067482,1.0432438850402832,-0.0023191457327897563,0.0008893581841759618,-0.008900276440590937,-0.9999573724218844,12.200105428695679,drone2
1743543323.0284011,0.18147656321525574,0.07033537328243256,1.184891939163208,-0.002916608920568062,0.0017639431570862227,-0.015411585213887413,-0.9998754810952277,12.400017499923706,drone2
1743543323.2283955,0.18656478822231293,0.07254648953676224,1.3186416625976562,-0.004642123536071525,-0.0008321689443316657,-0.01742789044664861,-0.9998370431693858,12.600011825561523,drone2
1743543323.4284227,0.19414731860160828,0.07242202758789062,1.4160149097442627,-0.0039110416676235256,-0.00040855986029952754,-0.013976147847303444,-0.9998946157644517,12.800039052963257,drone2
1743543323.6284735,0.20531654357910156,0.07150481641292572,1.4747257232666016,-0.0022153272200820745,-0.000937576771891301,-0.008464857348624955,-0.9999612920787959,13.000089883804321,drone2
1743543323.828404,0.21861723065376282,0.07331740111112595,1.4182155132293701,0.003574678535642585,-0.005418970955101786,-0.005261401833857371,-0.9999651274420105,13.20002031326294,drone2
1743543324.0284164,0.23383760452270508,0.0834805965423584,1.3105418682098389,0.0007919709759742071,-0.0024150749234508376,-0.008680059157121556,-0.9999591004426733,13.400032758712769,drone2
1743543324.2284079,0.2530224025249481,0.10108155757188797,1.2366344928741455,-0.003361697421544818,-0.0009291481018926613,-0.020714375252982697,-0.9997793441337743,13.600024223327637,drone2
1743543324.428422,0.2687258720397949,0.11739078909158707,1.221644639968872,-0.00533487202261823,0.00044364925195462357,-0.03211868025730297,-0.9994697755314619,13.80003833770752,drone2
1743543324.6284132,0.28275489807128906,0.12658458948135376,1.2395439147949219,-0.005870512204440008,-0.0004260274241015135,-0.03897205285311384,-0.9992230057334306,14.000029563903809,drone2
1743543324.8284364,0.29764795303344727,0.1305244117975235,1.251312017440796,-0.002329132951264114,-0.0027324279540175407,-0.04184996610998315,-0.9991175121716078,14.200052738189697,drone2
1743543325.0284278,0.3149123191833496,0.13201582431793213,1.2524278163909912,-0.002584414128368337,-0.0001877806737286685,-0.04364150219963581,-0.9990439659209565,14.400044202804565,drone2
1743543325.228493,0.33175334334373474,0.13197380304336548,1.2403712272644043,-0.00426772410808033,0.0030243807171163226,-0.04433013955745524,-0.9990032942121434,14.600109338760376,drone2
1743543325.4284105,0.34784603118896484,0.1307355761528015,1.2261571884155273,-0.003289630652869037,0.0037169839328604713,-0.042293013781529776,-0.9990928984120775,14.800026893615723,drone2
1743543325.6284168,0.3610742688179016,0.12860791385173798,1.2129733562469482,-0.0017522624708299437,0.0025140305377165414,-0.03801881758034287,-0.9992723596930368,15.000033140182495,drone2
1743543325.8283944,0.37211015820503235,0.12708264589309692,1.2088115215301514,-3.2594742740604914e-05,-0.0005059529542428214,-0.033678745854933634,-0.9994326441579238,15.200010776519775,drone2
1743543326.0283775,0.3825060725212097,0.1243637278676033,1.211158037185669,-0.00024255477361812005,-0.0005558153616580308,-0.031916459678147546,-0.9994903431935351,15.399993896484375,drone2
1743543326.228377,0.39421963691711426,0.12302222847938538,1.2169315814971924,-0.0009372327441244263,0.0003434165346724234,-0.03309994318433357,-0.9994515680929053,15.599993467330933,drone2
1743543326.4284089,0.40661728382110596,0.1253826767206192,1.2232882976531982,-0.0013448135751153206,0.0006158869582059481,-0.03534051179802117,-0.9993743129195848,15.800025224685669,drone2
1743543326.6284072,0.41753098368644714,0.12912997603416443,1.230616569519043,-0.0018835278427003612,1.487306307672644e-05,-0.037021033088695976,-0.9993127363739103,16.00002360343933,drone2
1743543326.8285108,0.42702361941337585,0.1319947987794876,1.2386343479156494,-0.00214387707544044,-0.0004732466293670814,-0.03833845927944951,-0.9992624130367883,16.200127124786377,drone2
1743543327.0283656,0.4382065534591675,0.13215848803520203,1.2482879161834717,-0.002140335340758445,0.00011635065585368876,-0.03953850649710028,-0.9992157564754868,16.39998197555542,drone2
1743543327.228365,0.4512917995452881,0.12922069430351257,1.2602436542510986,-0.0017706221154860573,0.0005706076604247712,-0.04035097129584475,-0.9991838513111639,16.5999813079834,drone2
1743543327.4283593,0.4641360640525818,0.1264624297618866,1.2712585926055908,-0.0008215187773329251,0.0005655855382683472,-0.04068140258817016,-0.9991717130187929,16.799975633621216,drone2
1743543327.6283636,0.4763225317001343,0.12371020019054413,1.2831847667694092,1.8837984633405425e-05,-0.00029608024225116124,-0.04082040289455913,-0.9991664868095775,16.999979972839355,drone2
1743543327.8284109,0.48282063007354736,0.12229105830192566,1.2907841205596924,0.0006748301001527183,-0.0005929045446161457,-0.041458759062105166,-0.9991398500013187,17.200027227401733,drone2
1743543328.0283868,0.4982243478298187,0.11996708810329437,1.3098134994506836,0.0006204612495174283,0.0003130646093103021,-0.045917347725527025,-0.9989450051206528,17.40000319480896,drone2
1743543328.2284045,0.510577917098999,0.12268084287643433,1.3295228481292725,0.000667726363824253,0.0006504417596357077,-0.054169953545051164,-0.9985312916556699,17.60002088546753,drone2
1743543328.4284034,0.5189430713653564,0.13259045779705048,1.3482213020324707,-0.0012451772316236446,0.00018853837034426345,-0.06425013100970461,-0.9979331435816032,17.80001974105835,drone2
1743543328.628408,0.5242962837219238,0.1468031108379364,1.3685693740844727,-0.003356483560038989,-0.00139976096481819,-0.07461956229568839,-0.9972054782420626,18.00002431869507,drone2
1743543328.8284068,0.5289136171340942,0.16328801214694977,1.3913302421569824,-0.00485221973131582,-0.0022376111726202844,-0.08450438911749397,-0.9964088606583582,18.20002317428589,drone2
1743543329.0284278,0.5326971411705017,0.1779603362083435,1.412778615951538,-0.005942561418788744,-0.0022551889603092947,-0.09320564813941651,-0.9956266572968445,18.400044202804565,drone2
1743543329.2284987,0.5386672616004944,0.18832425773143768,1.4316685199737549,-0.006527208507261071,-0.002264965218166425,-0.09931542388694975,-0.9950321338517498,18.600115060806274,drone2
1743543329.4283967,0.5492302775382996,0.19432853162288666,1.448551893234253,-0.00601738524578574,-0.0015254090343535763,-0.102028332231899,-0.9947621411401891,18.800013065338135,drone2
1743543329.6284053,0.5644482374191284,0.1952245980501175,1.466214895248413,-0.0045145720259538715,-0.0009477655667236453,-0.10012923738484664,-0.9949637295166167,19.0000216960907,drone2
1743543329.8286662,0.5813452005386353,0.1926659345626831,1.4888474941253662,-0.002566093584792382,0.00023543015551227007,-0.09387902833807504,-0.995580253616634,19.20028257369995,drone2
1743543330.0283885,0.5989346504211426,0.1918456107378006,1.5084030628204346,-0.0013946477602969445,0.00135002597290321,-0.0864967549403009,-0.9962503042142603,19.400004863739014,drone2
1743543330.228384,0.6187638640403748,0.19490490853786469,1.5243897438049316,-0.0013303478218168426,0.0024102376670856415,-0.07967410739705444,-0.9968172636204287,19.600000381469727,drone2
1743543330.4283805,0.636757493019104,0.19883373379707336,1.5372393131256104,-0.0011400409713554884,0.002507060831916308,-0.07374455157375381,-0.9972733768150137,19.799996852874756,drone2
1743543330.6283715,0.6519254446029663,0.20305375754833221,1.5513339042663574,-0.0009683183240825917,0.0010307997202008649,-0.06927930370826707,-0.9975963481151526,19.999987840652466,drone2
1743543330.828457,0.6665843725204468,0.20494000613689423,1.5671861171722412,-0.0027287800907721802,-7.800344451759886e-05,-0.06685185596828214,-0.9977592456846474,20.20007348060608,drone2
1743543331.0283618,0.6795769929885864,0.20354008674621582,1.584538221359253,-0.002579854942421508,-0.00010163638432138403,-0.06613493807511184,-0.9978073773856467,20.399978160858154,drone2
1743543331.2283776,0.693747341632843,0.19992588460445404,1.6023025512695312,-0.0019609706188875374,-7.302674135270746e-05,-0.11293231199754639,-0.9936007425826229,20.59999394416809,drone2
1743543331.4283845,0.7075088024139404,0.19699698686599731,1.6193876266479492,-0.0017619631195457473,0.0005254742714111475,-0.11032097755750853,-0.9938943375293497,20.8000009059906,drone2
1743543331.6283622,0.7175992727279663,0.19335678219795227,1.6376457214355469,-0.0025278921587468754,-0.0007306713482652688,-0.09862762946610049,-0.9951210215552594,20.99997854232788,drone2
1743543331.8283725,0.7261257171630859,0.18844610452651978,1.6565628051757812,-0.00021610043363673323,-0.0011143503680774794,-0.07961008633416639,-0.9968254822558884,21.199988842010498,drone2
1743543332.0283482,0.7335525751113892,0.18647414445877075,1.6719083786010742,0.001242898256035837,-0.0007665707908240919,-0.06110627113873157,-0.9981301800983916,21.399964570999146,drone2
1743543332.2283518,0.7396947145462036,0.1913587898015976,1.6867492198944092,0.0004110647372333458,-0.0008017435089388385,-0.04910959217859068,-0.998793065731771,21.599968194961548,drone2
1743543332.4283578,0.7454478144645691,0.2014537751674652,1.7000057697296143,-0.0017821398762874717,-0.001714448286962207,-0.0453212227001889,-0.998969450292789,21.79997420310974,drone2
1743543332.628348,0.7521944642066956,0.2106950432062149,1.7149980068206787,-0.004517390267175786,-0.0028143082294741825,-0.04791443399536727,-0.998837277775859,21.999964475631714,drone2
1743543332.828423,0.7560370564460754,0.21395984292030334,1.7233545780181885,-0.005415396951738896,-0.002840213806375017,-0.050339985127169196,-0.998713450334934,22.200039386749268,drone2
1743543333.0283678,0.7680548429489136,0.21997417509555817,1.7525911331176758,-0.005543042716039251,-0.0020858707464979868,-0.05494836369019884,-0.9984716538650269,22.399984121322632,drone2
1743543333.2283542,0.7788228392601013,0.2200467884540558,1.7875351905822754,-0.00487505023463663,-0.001564929607366638,-0.05352270439246937,-0.9985535030448351,22.59997057914734,drone2
1743543333.428342,0.7904695272445679,0.21734777092933655,1.8086440563201904,-0.003317880257207488,-0.0007720137023416014,-0.04843452610599169,-0.9988205876238486,22.79995846748352,drone2
1743543333.6283386,0.8028930425643921,0.21349258720874786,1.8123252391815186,-0.0015908704575576817,-0.0006332386593334353,-0.04082938017329191,-0.9991646744950915,22.99995493888855,drone2
1743543333.828344,0.8171229362487793,0.2117217630147934,1.8080978393554688,-0.000578902440093004,-0.00015994045769950928,-0.032801248468936894,-0.9994617254833963,23.199960470199585,drone2
1743543334.0283823,0.8327576518058777,0.21320892870426178,1.8012988567352295,-0.0008692402771321991,0.0006385037947031893,-0.026732481605004688,-0.9996420718481744,23.399998664855957,drone2
1743543334.228415,0.8446308374404907,0.21597032248973846,1.7965891361236572,-0.0014233514079216977,0.0010225418344595864,-0.02362946203023858,-0.9997192848746463,23.60003137588501,drone2
1743543334.4284046,0.8567481637001038,0.22121232748031616,1.7916970252990723,-0.0022371730347273207,0.0010409571467061402,-0.021957243668720372,-0.9997558683391539,23.800020933151245,drone2
1743543334.6284134,0.8664135932922363,0.22754979133605957,1.7950055599212646,-0.003245982178823333,-0.00017457208189593332,-0.022575242908435655,-0.9997398946835683,24.000029802322388,drone2
1743543334.8284466,0.8749311566352844,0.2343342900276184,1.80483078956604,-0.0042436249187648946,-0.0013691762645520144,-0.024032217314608695,-0.9997013303171808,24.2000629901886,drone2
1743543335.0284715,0.8837791085243225,0.23972439765930176,1.8180935382843018,-0.0043423539114016635,-0.0016849424292291564,-0.024774465463734074,-0.9996822377948054,24.40008783340454,drone2
1743543335.2284374,0.8936697840690613,0.2380833476781845,1.827390432357788,-0.003850789537272726,-0.0016084104200965162,-0.024541730566256914,-0.9996900771086283,24.600053787231445,drone2
1743543335.4284434,0.9056204557418823,0.23134592175483704,1.8329877853393555,-0.0026946870769577907,-0.0007204490088220482,-0.023579475867904653,-0.999718104762888,24.80005979537964,drone2
1743543335.6284301,0.9191664457321167,0.2230982482433319,1.834484577178955,-0.0010762216288820454,-0.0005553610791348605,-0.021786464638554215,-0.9997619374853395,25.000046491622925,drone2
1743543335.8284106,0.9345701336860657,0.21835103631019592,1.8338243961334229,0.0004028154228604299,-0.0002880149704887136,-0.019534052760435017,-0.9998090576619746,25.200026988983154,drone2
1743543336.0284083,0.9480145573616028,0.2168429046869278,1.8346002101898193,7.272586883075295e-05,0.0007773419859558163,-0.017405552616937936,-0.9998482542310897,25.40002465248108,drone2
1743543336.2284167,0.9608352184295654,0.21741214394569397,1.8375022411346436,5.739915090615361e-05,0.0009045326136830907,-0.016996180277351558,-0.9998552084610941,25.600033044815063,drone2
1743543336.4284003,0.9743843078613281,0.22094468772411346,1.8427200317382812,-0.0010106771467518745,0.001164833525719896,-0.01889021750258263,-0.9998203530173755,25.80001664161682,drone2
1743543336.628411,0.9845563173294067,0.2254374474287033,1.8498663902282715,-0.0026311483156037764,0.00034433259066254273,-0.02206374875490741,-0.9997531287940007,26.000027418136597,drone2
1743543336.8284051,0.9918979406356812,0.22791530191898346,1.8565623760223389,-0.0034501954313416947,-0.0009917073606091143,-0.025999252881460655,-0.9996555166928494,26.200021505355835,drone2
1743543337.0284584,0.998775064945221,0.2267553061246872,1.8627336025238037,-0.002840978870457167,-0.0011286915329868535,-0.030698963665213463,-0.9995240185254954,26.40007472038269,drone2
1743543337.2284238,1.0070445537567139,0.22553735971450806,1.8692033290863037,-0.0023074692859138724,-0.0011138907040109097,-0.035309070249032015,-0.9993732171015235,26.600040197372437,drone2
1743543337.428362,1.017351746559143,0.22416014969348907,1.8738882541656494,-0.0020466806805098732,-0.0007756540540636668,-0.0388002201517349,-0.9992446270667168,26.799978256225586,drone2
1743543337.6284041,1.0304278135299683,0.22278954088687897,1.8770134449005127,-0.0015106437256220363,-0.0007519266954410497,-0.04052044377370706,-0.9991773185496449,27.000020503997803,drone2
1743543337.8284235,1.0409855842590332,0.2203567922115326,1.8795166015625,-0.000897590227190053,-0.0007097486586738477,-0.04117696523296127,-0.9991512296504166,27.200039863586426,drone2
1743543338.0284228,1.0611693859100342,0.216310515999794,1.8856267929077148,-0.0009781975361127647,0.0008713853006514368,-0.042068371078966715,-0.999113887542636,27.400039196014404,drone2
1743543338.2283974,1.0762847661972046,0.21370944380760193,1.9143211841583252,-0.0004799743612196644,0.0012533442536575847,-0.042547454305989996,-0.9990936149085022,27.600013732910156,drone2
1743543338.4283574,1.090980887413025,0.21446488797664642,1.930011510848999,-0.0011155016234958713,0.001138798630999968,-0.04265020832265959,-0.999088810167772,27.799973726272583,drone2
1743543338.62848,1.105475902557373,0.21558988094329834,1.924614667892456,-0.0016468700907694119,0.0016903911313080717,-0.04251550699481871,-0.9990930248526231,28.000096321105957,drone2
1743543338.8285928,1.1188446283340454,0.21590323746204376,1.9085054397583008,-0.0020528459330345756,0.0007271147551729441,-0.042496414472443345,-0.9990942471112298,28.200209140777588,drone2
1743543339.028392,1.131111979484558,0.21707531809806824,1.8923356533050537,-0.0022373830692663343,-7.326488751041062e-05,-0.04244908356156557,-0.9990961437194128,28.4000084400177,drone2
1743543339.2284038,1.1432443857192993,0.21942102909088135,1.88340425491333,-0.0024968068823365704,0.00036779982420450806,-0.04212071746481727,-0.9991093356829968,28.600020170211792,drone2
1743543339.4283822,1.1559168100357056,0.21884985268115997,1.8777852058410645,-0.0022521227770801303,0.0009291509830250101,-0.04213677541409988,-0.9991088720676631,28.79999852180481,drone2
1743543339.628417,1.167404294013977,0.21743756532669067,1.8744730949401855,-0.001988843597505973,0.0003152376827095497,-0.042407948237418946,-0.9990984196492325,29.000033378601074,drone2
1743543339.8284044,1.1772874593734741,0.21670743823051453,1.8717224597930908,-0.001980700694664767,-0.00019728347097885913,-0.04252132325991326,-0.9990936149085022,29.200020790100098,drone2
1743543340.028398,1.187343955039978,0.21618984639644623,1.870525598526001,-0.0019620131771617413,7.521121580388122e-05,-0.04254370323647255,-0.9990927298246834,29.400014400482178,drone2
1743543340.2283733,1.1970511674880981,0.2170213907957077,1.8717057704925537,-0.001965963127120622,-0.0003915537715615074,-0.04246467789551461,-0.9990959751320188,29.599989652633667,drone2
1743543340.428372,1.2057201862335205,0.2182237207889557,1.874220371246338,-0.0020775561693353573,-0.0011265453775943688,-0.04249118826322795,-0.9990940785238358,29.799988269805908,drone2
1743543340.6283898,1.2153518199920654,0.2217782884836197,1.8780112266540527,-0.0022044550206865637,-0.0006241302890844945,-0.04263179014986035,-0.9990882622587413,30.000006198883057,drone2
1743543340.8283842,1.2259173393249512,0.22557415068149567,1.8798511028289795,-0.0025148970999708557,-0.0008449070884315106,-0.04290953788154711,-0.9990754496167941,30.200000524520874,drone2
1743543341.0283911,1.2369056940078735,0.2272094190120697,1.876981258392334,-0.0023812783369830987,-0.0008139124442091131,-0.04386770433559373,-0.9990342299989503,30.400007486343384,drone2
1743543341.228408,1.247558832168579,0.22694899141788483,1.8737125396728516,-0.0021664695972396755,-7.061893799539917e-05,-0.045960211070462664,-0.9989409168763472,30.600024461746216,drone2
1743543341.4283857,1.2556920051574707,0.22450301051139832,1.8732366561889648,-0.001882246808996207,0.00022471925836218255,-0.04846710561989054,-0.9988229899942137,30.800002098083496,drone2
1743543341.6283824,1.2631269693374634,0.22233480215072632,1.8751633167266846,-0.0012813323952467223,-0.0005598006569354242,-0.05052463047049538,-0.9987218375577875,30.999998807907104,drone2
1743543341.8283596,1.2691874504089355,0.22224418818950653,1.8780531883239746,-0.0009492871492439795,-0.0008549060012157653,-0.05153927370154665,-0.9986701655215132,31.199975967407227,drone2
1743543342.0283792,1.2761576175689697,0.22425785660743713,1.8794662952423096,-0.0012886843243952938,-0.0007156892343339901,-0.05161168198728844,-0.9986662037177532,31.39999556541443,drone2
1743543342.2283607,1.2850385904312134,0.22909440100193024,1.8806419372558594,-0.0015953380852383836,-0.0009830961297251516,-0.05125343377494579,-0.9986839896878248,31.599977016448975,drone2
1743543342.4283507,1.294587254524231,0.23462708294391632,1.8815321922302246,-0.001871044020257691,-0.0009592446148832635,-0.0521680625344807,-0.9986361530147649,31.799967050552368,drone2
1743543342.6283724,1.304057240486145,0.24231959879398346,1.8820016384124756,-0.0027098047893191666,-0.00032509099027398564,-0.054787194141493245,-0.9984943288695258,31.999988794326782,drone2
1743543342.828413,1.3101067543029785,0.24802102148532867,1.882887601852417,-0.0032992245144769718,-0.00017789904875025993,-0.056613501381167275,-0.998390731915886,32.200029373168945,drone2
1743543343.0283473,1.3181177377700806,0.25339624285697937,1.8856565952301025,-0.003743219831570477,-0.0005793629273402092,-0.059053003119826364,-0.9982476433651916,32.39996361732483,drone2
1743543343.2283695,1.3272148370742798,0.2555612027645111,1.8919470310211182,-0.003038672367710371,-0.00036921281376431966,-0.060160917326632146,-0.9981840437707885,32.5999858379364,drone2
1743543343.4283512,1.3376343250274658,0.25444722175598145,1.8981115818023682,-0.002565881204188559,2.061244309992386e-05,-0.06006052353347924,-0.9981914616161265,32.799967527389526,drone2
1743543343.6283467,1.3496248722076416,0.2521357834339142,1.906466007232666,-0.0014005237239945617,-0.00029274171999866785,-0.05948631486936684,-0.9982281293743309,32.99996304512024,drone2
1743543343.828354,1.3637652397155762,0.25105229020118713,1.9129447937011719,-0.00023313980974167998,-4.3108426389479994e-06,-0.06002587882400334,-0.9981968564127359,33.19997024536133,drone2
1743543344.0283573,1.3783262968063354,0.252388060092926,1.9178533554077148,-0.0006378677744752033,0.0009010733617007235,-0.06177872410672286,-0.9980892555084876,33.39997363090515,drone2
1743543344.2283797,1.3935383558273315,0.2545350193977356,1.9231431484222412,-0.001130022029878964,0.0011241866869302654,-0.06378879160590445,-0.9979622249070759,33.5999960899353,drone2
1743543344.4284244,1.4090360403060913,0.2543843686580658,1.931623935699463,-0.001340212985754991,0.001261529588888086,-0.06517099750281918,-0.997872409972899,33.80004072189331,drone2
1743543344.6285532,1.4207724332809448,0.2526582181453705,1.9417755603790283,-0.0011572805964396513,0.0015691443745359211,-0.06579236849041525,-0.9978314853829949,34.00016951560974,drone2
1743543344.8284028,1.429995059967041,0.2516523599624634,1.9527509212493896,-0.0008633915478514015,0.0002867155232628591,-0.06577196941573599,-0.9978342670749967,34.200019121170044,drone2
1743543345.0283966,1.4391043186187744,0.25341731309890747,1.9652149677276611,-0.0007453186797771856,-0.0006582833282018124,-0.06523472353776766,-0.9978694596935033,34.4000129699707,drone2
1743543345.2283974,1.4500370025634766,0.25703758001327515,1.9781270027160645,-0.00097836201789339,-0.0004081137169748824,-0.06458975031500547,-0.9979113958077716,34.600013732910156,drone2
1743543345.4283988,1.4627232551574707,0.26196837425231934,1.9900426864624023,-0.0014756416734324359,3.652633577145369e-05,-0.06416550013789474,-0.9979382012034246,34.80001521110535,drone2
1743543345.6283813,1.475343942642212,0.2686871886253357,2.0016422271728516,-0.002244756051259644,-0.0001989304084752592,-0.06390427397082421,-0.9979535426562824,34.99999761581421,drone2
1743543345.8283632,1.487616777420044,0.2764655649662018,2.015587091445923,-0.003097574893410123,8.532267281616447e-06,-0.06382524862986633,-0.9979563664951328,35.19997954368591,drone2
1743543346.0283675,1.5003936290740967,0.2822262942790985,2.027874231338501,-0.003419386002762165,0.0008280038149549298,-0.06385036815157885,-0.9979534162157371,35.39998388290405,drone2
1743543346.2283518,1.5122324228286743,0.283772349357605,2.0371339321136475,-0.0030590088806613847,0.000721598333624733,-0.06403265327138846,-0.9979429216504578,35.59996819496155,drone2
1743543346.4283597,1.522886872291565,0.28373590111732483,2.0470120906829834,-0.0022383722854353865,0.00017362781138967746,-0.06422846752957007,-0.9979327221131181,35.799976110458374,drone2
1743543346.6283448,1.532706618309021,0.2836515009403229,2.0557923316955566,-0.0018554666026707079,0.0002685926459368812,-0.06438057550584586,-0.9979237448343854,35.999961137771606,drone2
1743543346.828348,1.543486475944519,0.28333714604377747,2.0655179023742676,-0.0011862756320021068,-0.0008305796500592261,-0.06461815729090181,-0.9979091198779519,36.19996428489685,drone2
1743543347.0283647,1.5569010972976685,0.2858642637729645,2.0766654014587402,-0.000864102287156521,-0.000980078179736314,-0.06482648916309114,-0.997895675033277,36.3999810218811,drone2
1743543347.2285316,1.573249340057373,0.29222995042800903,2.0865252017974854,-0.0014643468942579607,0.00019738645087642408,-0.06487365148657481,-0.9978925140196387,36.60014796257019,drone2
1743543347.4283962,1.5893627405166626,0.3005361258983612,2.0960335731506348,-0.0022877799575780756,0.0013075691377171374,-0.06476377465250693,-0.9978971923198234,36.80001258850098,drone2
1743543347.6284022,1.6031124591827393,0.3072686791419983,2.106718063354492,-0.0031198104840860323,0.0011697261821419567,-0.06454132358606646,-0.9979094991995887,37.00001859664917,drone2
1743543347.828392,1.6136276721954346,0.3111594319343567,2.1169590950012207,-0.0034111634983535564,0.0008810333584144288,-0.06433231736430084,-0.9979223539883844,37.200008392333984,drone2
1743543348.0284002,1.6221458911895752,0.3142806589603424,2.1243481636047363,-0.003320197510694951,0.001075976938438426,-0.06415205529321977,-0.9979340286654219,37.40001654624939,drone2
1743543348.228367,1.6328043937683105,0.320211797952652,2.140385627746582,-0.0032128269323883057,-0.00019753470570865305,-0.06387848009953556,-0.9979525311319182,37.59998345375061,drone2
1743543348.4283378,1.6443684101104736,0.32420244812965393,2.1469335556030273,-0.003069228832880769,-0.0009686835744752106,-0.06381639779167908,-0.9979565350825268,37.7999541759491,drone2
1743543348.628349,1.6574032306671143,0.327060341835022,2.156984329223633,-0.00295073461465366,-0.00030820525054480017,-0.06407332498020146,-0.9979407721611837,37.99996542930603,drone2
1743543348.8283389,1.668526530265808,0.3272404074668884,2.170314311981201,-0.002572039665473023,-0.0006617079088448124,-0.06413266774290477,-0.9979378218817879,38.199955224990845,drone2
1743543349.0283403,1.6769953966140747,0.3268314599990845,2.183505058288574,-0.0022586445491378413,-0.000883664449518848,-0.06296005812363464,-0.9980130961532283,38.399956703186035,drone2
1743543349.2283597,1.683737874031067,0.32879403233528137,2.1940667629241943,-0.0019773196860017506,-0.0008570051684286282,-0.0610105556457633,-0.9981347741048794,38.59997606277466,drone2
1743543349.4283454,1.6939551830291748,0.33398786187171936,2.2060701847076416,-0.0021582981300304347,-0.0005250145661854112,-0.05764150516319644,-0.998334971635306,38.79996180534363,drone2
1743543349.6283398,1.7038276195526123,0.340858519077301,2.216027021408081,-0.0023127414286086534,-0.0011742283628296821,-0.05584499574541968,-0.9984361662185808,38.999956130981445,drone2
1743543349.8283665,1.7141205072402954,0.34762418270111084,2.22672700881958,-0.0028607026900615657,-0.001088454710503298,-0.05517481870724794,-0.9984720331866634,39.19998288154602,drone2
1743543350.0283792,1.723425269126892,0.35264578461647034,2.2347640991210938,-0.003309090005114934,-0.0003326729778305176,-0.055319846012973906,-0.9984632244953247,39.39999556541443,drone2
1743543350.2284076,1.7352849245071411,0.35735076665878296,2.242525100708008,-0.003733394841419756,-9.721071827355019e-05,-0.056038829101721255,-0.9984216255558445,39.60002398490906,drone2
1743543350.4283442,1.7497318983078003,0.3594569265842438,2.2515523433685303,-0.0038087400710309477,-0.00024746044658396655,-0.05624787747033522,-0.9984095715571704,39.79996061325073,drone2
1743543350.6283886,1.7649372816085815,0.358181357383728,2.2607460021972656,-0.003292582022979141,0.0006590123215376422,-0.055068313621060905,-0.9984769643679392,40.00000500679016,drone2
1743543350.8283432,1.7782349586486816,0.35630854964256287,2.270353317260742,-0.0021960011202014616,4.2565682818035664e-05,-0.05301142097318373,-0.9985915616490404,40.19995951652527,drone2
1743543351.0283706,1.7890089750289917,0.3553721606731415,2.2796316146850586,-0.0020241572235659114,-0.0005450295447804036,-0.04941578903302235,-0.9987761648455182,40.39998698234558,drone2
1743543351.228362,1.7995879650115967,0.35444897413253784,2.286536693572998,-0.0021104244138419968,-0.00038816045634799924,-0.04395507475255689,-0.999031237572706,40.59997844696045,drone2
1743543351.4284854,1.8080644607543945,0.3510977029800415,2.2916276454925537,-0.0015893546938954644,-9.665968115649697e-05,-0.03789001681129367,-0.999280620475345,40.80010175704956,drone2
1743543351.6283693,1.8165844678878784,0.34801745414733887,2.2993764877319336,-0.0011181483434565085,-0.0009738928004450881,-0.032841920177749784,-0.9994594917004253,40.999985694885254,drone2
1743543351.8283515,1.827215313911438,0.34718558192253113,2.3078269958496094,-0.0016716176145805195,-0.0017807058210205947,-0.02917543938524164,-0.9995713915832217,41.19996786117554,drone2
1743543352.028364,1.840533971786499,0.3456643521785736,2.3167290687561035,-0.0018019735261956549,-0.0006770891213274497,-0.02649203383425003,-0.9996471716168442,41.399980306625366,drone2
1743543352.2283545,1.8547917604446411,0.34187179803848267,2.3227734565734863,-0.0017959176332183096,1.5254936573292014e-05,-0.02441410990896592,-0.9997003609396651,41.59997081756592,drone2
1743543352.4283605,1.867158055305481,0.33726078271865845,2.3247621059417725,-0.0014899882713340007,0.00026969467901195594,-0.022997554330514813,-0.9997344155932617,41.79997682571411,drone2
1743543352.628354,1.878312349319458,0.3328120708465576,2.3264176845550537,-0.0015648699267706045,-0.0005329957140318464,-0.021927066525186556,-0.9997582285626705,41.99997043609619,drone2
1743543352.828425,1.890660047531128,0.3318769037723541,2.331573724746704,-0.0017434763140610505,-0.0011016292432372646,-0.020132706596683814,-0.999795233495663,42.2000412940979,drone2
1743543353.028377,1.905013084411621,0.33223757147789,2.335291624069214,-0.0015497280128985583,-0.0003609354855254239,-0.017165526314668333,-0.9998514152447281,42.39999341964722,drone2
1743543353.2283745,1.9184291362762451,0.332750141620636,2.363865852355957,-0.0021473094094160475,-0.00030227876156327637,-0.013555648739710213,-0.9999057846793071,42.59999084472656,drone2
1743543353.4283953,1.932981252670288,0.33281511068344116,2.389772653579712,-0.002093988624647893,0.000477580428456178,-0.01051791463328755,-0.9999424102906631,42.80001163482666,drone2
1743543353.6284168,1.9481067657470703,0.3333870768547058,2.389193534851074,-0.0030898735446615224,-0.0005898565048026628,-0.008928894150729838,-0.9999552229326104,43.000033140182495,drone2
1743543353.8283925,1.9634780883789062,0.3322891294956207,2.3707542419433594,-0.006293438871725751,-0.002845588270422729,-0.006688283390193728,-0.999953789939761,43.20000886917114,drone2
1743543354.0283968,1.9807120561599731,0.32682204246520996,2.34458065032959,-0.004756259836017059,-0.0012150022695185307,-0.002587774351720362,-0.9999846835797195,43.40001320838928,drone2
1743543354.228389,1.9981414079666138,0.3183239698410034,2.3192851543426514,-0.0031724146901114425,-0.0006145902840696052,0.004118758623878727,-0.9999863273068115,43.60000538825989,drone2
1743543354.4283764,2.0161545276641846,0.30824393033981323,2.3044426441192627,-0.0022641405558063107,-0.0008821401247780316,0.013939185061159542,-0.9998999684142126,43.79999279975891,drone2
1743543354.6283848,2.0333778858184814,0.2969156503677368,2.2946362495422363,-0.0006876458779036381,0.00010593276985062024,0.0249904259155041,-0.9996874640040208,44.000001192092896,drone2
1743543354.828357,2.050548791885376,0.28924766182899475,2.287733316421509,0.001514984233633305,0.0013255401587954714,0.03488848684774193,-0.9993891907571091,44.199973344802856,drone2
1743543355.0283527,2.065180540084839,0.2879899740219116,2.280151844024658,0.003475234939896589,0.002536453895895284,0.04036922088125011,-0.9991756326757043,44.39996910095215,drone2
1743543355.2283611,2.076808214187622,0.2936384975910187,2.270418167114258,0.001347003647194803,0.0019256507366548995,0.038505276505855834,-0.9992556695410265,44.59997749328613,drone2
1743543355.4283552,2.0859014987945557,0.30404940247535706,2.2594728469848633,-0.0012202158532008949,0.0015343304499906827,0.031069434463624312,-0.9995153362747022,44.79997158050537,drone2
1743543355.6283512,2.09271240234375,0.314780056476593,2.2486016750335693,-0.003639623865747466,-0.00010187370729845373,0.021983332567948766,-0.9997516958011512,44.99996757507324,drone2
1743543355.8283842,2.0987164974212646,0.32250046730041504,2.238744020462036,-0.004491248684386908,-0.0014646462850549072,0.012659564593520245,-0.9999087771055515,45.200000524520874,drone2
1743543356.0283716,2.1066439151763916,0.32720181345939636,2.233262538909912,-0.004447381223712782,-0.0011101884902641284,0.00495246543427269,-0.9999772657343815,45.3999879360199,drone2
1743543356.2283473,2.1157236099243164,0.3295557200908661,2.231736660003662,-0.003446641184314051,-0.00137283941837767,-0.0008525885985267713,-0.9999927757746336,45.599963665008545,drone2
1743543356.4283643,2.1236202716827393,0.33104225993156433,2.2312512397766113,-0.0019779569718698384,-0.0017734306225969626,-0.005833123833907661,-0.9999794995173528,45.79998064041138,drone2
1743543356.628344,2.134591579437256,0.3325507342815399,2.230679512023926,-0.0019052231593460205,-0.001313309073387135,-0.00977785812028481,-0.9999495331080615,45.99996042251587,drone2
1743543356.828372,2.147543430328369,0.3358144462108612,2.2288730144500732,-0.0025256969417885525,-0.0032344180137860615,-0.013058948130009351,-0.9999063325883377,46.19998836517334,drone2
1743543357.0284107,2.1646416187286377,0.3383263349533081,2.2251927852630615,-0.004872193118709234,-0.004221703968307191,-0.014510359152179075,-0.9998739216618329,46.40002703666687,drone2
1743543357.2284286,2.185882329940796,0.33866503834724426,2.222093343734741,-0.004490798980806018,-0.002095055713705015,-0.012440400981263533,-0.9999103786857948,46.60004496574402,drone2
1743543357.42839,2.2052230834960938,0.33613908290863037,2.220827102661133,-0.003274552967666037,-6.267960772522527e-05,-0.008129958490357303,-0.999961629253584,46.80000638961792,drone2
1743543357.628369,2.226062297821045,0.33144280314445496,2.2210450172424316,-0.0027722329153604714,9.262996499421236e-05,-0.0018582124039967507,-0.999994461648574,46.999985456466675,drone2
1743543357.8283536,2.24615478515625,0.32533958554267883,2.2220370769500732,-0.0022713151512665916,0.00018726528033323353,0.005737281900394076,-0.9999810168038991,47.19997000694275,drone2
1743543358.0283601,2.267472743988037,0.3211360275745392,2.221238613128662,-0.0011654408683922605,0.0015623716558616314,0.012763751603039275,-0.9999166164193745,47.3999764919281,drone2
1743543358.2283847,2.2868292331695557,0.32147401571273804,2.226496934890747,-0.0017949145052965276,0.00018319695699904227,0.019207035362839242,-0.9998139045495533,47.600001096725464,drone2
1743543358.428375,2.3028831481933594,0.32288527488708496,2.237377643585205,-0.002453093932667634,-0.0006647181981088701,0.02392347844545073,-0.9997106026238531,47.79999136924744,drone2
1743543358.628385,2.3240766525268555,0.324125200510025,2.2413322925567627,-0.0027767832109564434,0.0006840581685832994,0.02869745197627971,-0.9995840777846234,48.000001430511475,drone2
1743543358.828384,2.343090295791626,0.32442522048950195,2.2342183589935303,-0.0032152275740740988,-0.00048187553805518297,0.031933529151794704,-0.9994847376626832,48.200000286102295,drone2
1743543359.028527,2.360088348388672,0.32169511914253235,2.2238993644714355,-0.003566062056981956,-0.0015708208642169932,0.03357683477523443,-0.9994285980604667,48.40014338493347,drone2
1743543359.2284827,2.3839104175567627,0.31516748666763306,2.2107698917388916,-0.0028825625810956763,-0.0003677151189170455,0.03545700568730542,-0.9993669793679438,48.600099086761475,drone2
1743543359.4283946,2.4091005325317383,0.30558866262435913,2.1980814933776855,-0.0017600651531147178,0.0008501285231993014,0.03797039085140408,-0.9992770379932217,48.80001091957092,drone2
1743543359.6283827,2.4341368675231934,0.2948440909385681,2.189152240753174,-0.0007018941880373849,0.002308899191835983,0.04063365020880744,-0.9991712494034592,48.999999046325684,drone2
1743543359.8284035,2.4571096897125244,0.28650304675102234,2.1837127208709717,-3.582498587032811e-05,0.0026288713156494836,0.04296416019721733,-0.9990731736869743,49.20001983642578,drone2
1743543360.028391,2.4756524562835693,0.2822752892971039,2.182055711746216,0.0009224875004209816,0.004234712835938487,0.044837376879284074,-0.9989849603330411,49.400007247924805,drone2
1743543360.2284124,2.4873948097229004,0.2819129228591919,2.1836533546447754,0.0021010440235523496,0.004474983869810807,0.04584160983875307,-0.9989365336041021,49.60002875328064,drone2
1743543360.4283957,2.494826078414917,0.28531572222709656,2.181778907775879,1.1312559876249203e-05,0.000992883356464366,0.04395014357128124,-0.999033218474586,49.80001211166382,drone2
1743543360.6283853,2.50083589553833,0.2880007326602936,2.177597999572754,-0.0013222019555253575,0.0004073417175960081,0.03781996874906868,-0.9992836550484379,50.000001668930054,drone2
1743543360.8283927,2.5055391788482666,0.2871735095977783,2.1696221828460693,-0.003754032264836343,-0.0037478097665295754,0.029826861075826216,-0.9995410458522939,50.20000910758972,drone2
1743543361.0283856,2.5134873390197754,0.2822993993759155,2.1569387912750244,-0.006016707768123159,-0.007435588996504249,0.024445087842621616,-0.9996554745460009,50.400002002716064,drone2
1743543361.228378,2.528249740600586,0.27428165078163147,2.1427714824676514,-0.0037799029832528345,-0.00502791973531787,0.025638939473541122,-0.999651512742241,50.59999442100525,drone2
1743543361.428388,2.547680616378784,0.2675541639328003,2.130854845046997,-0.001685038288614104,-0.002699988319088023,0.03267421786752511,-0.9994610511338202,50.80000448226929,drone2
1743543361.6283689,2.569542407989502,0.2637196481227875,2.123931884765625,-0.0008768010163385952,-0.0006355785502883663,0.041517258887838415,-0.999137236896711,50.999985218048096,drone2
1743543361.8283792,2.5935192108154297,0.2652813494205475,2.1184802055358887,-0.0010421278227562961,0.0007900246579706188,0.048429932099504136,-0.9988257716862154,51.19999551773071,drone2
1743543362.0284445,2.6175296306610107,0.2690203785896301,2.1147119998931885,-0.00223585724222086,0.002144703775172755,0.0520609252455661,-0.9986391032941607,51.4000608921051,drone2
1743543362.2283738,2.637394905090332,0.2712441682815552,2.1104862689971924,-0.003971548325426665,0.002142000882137319,0.05295026589599461,-0.9985869676425527,51.599990129470825,drone2
1743543362.4283676,2.6530838012695312,0.2710481286048889,2.104447364807129,-0.006178214985525289,0.0003567170963615976,0.05331374031755254,-0.9985586449603534,51.799983978271484,drone2
1743543362.6283715,2.6701862812042236,0.2671019434928894,2.0976014137268066,-0.005053195249760693,0.0006755466454537482,0.05518257372737401,-0.9984632666421733,51.999987840652466,drone2
1743543362.8284233,2.6889638900756836,0.2605602443218231,2.0914041996002197,-0.0028628469932976274,-0.0006884033275649155,0.059537017528125624,-0.9982217652002059,52.20003962516785,drone2
1743543363.0283794,2.7064268589019775,0.2545766830444336,2.0867018699645996,-0.0008270715834652103,-0.000880216413372638,0.06548006034294968,-0.9978531488631296,52.39999580383301,drone2
1743543363.228418,2.7284700870513916,0.25155770778656006,2.09248948097229,-0.0007508314073023072,-0.0006037084586055507,0.07265476051180769,-0.9973567011345197,52.60003447532654,drone2
1743543363.4283571,2.7500226497650146,0.2509573698043823,2.108543634414673,-0.0017802559630933441,-1.8395864603996477e-05,0.07908986778299659,-0.9968659853773074,52.799973487854004,drone2
1743543363.6284404,2.770657539367676,0.24957673251628876,2.1082088947296143,-0.0023079877250777887,0.0015846431783722533,0.08330198167632685,-0.9965204233663666,53.000056743621826,drone2
1743543363.8283577,2.78852915763855,0.24457119405269623,2.0923056602478027,-0.002605050258490976,0.0020468149618510733,0.08492547828096642,-0.9963817602347658,53.199974060058594,drone2
1743543364.0283568,2.803741216659546,0.236879363656044,2.0708916187286377,-0.0013196380771196567,0.0031723203536107906,0.08446333808704448,-0.9964206617759412,53.39997315406799,drone2
1743543364.2283535,2.8178043365478516,0.2298668473958969,2.0522027015686035,0.0006680562779018876,0.003391889053057912,0.08307872981976466,-0.9965370713715284,53.5999698638916,drone2
1743543364.4283507,2.8301894664764404,0.22544920444488525,2.041877269744873,-0.000340639082050855,0.0010164342045793256,0.08115063794093669,-0.9967012333464782,53.79996705055237,drone2
1743543364.6283765,2.8433122634887695,0.22395552694797516,2.034440279006958,-0.0007134886255425106,0.0013803811318217536,0.07921445386719472,-0.996856460189544,53.99999284744263,drone2
1743543364.8285215,2.8558578491210938,0.22450244426727295,2.027855396270752,-0.0017271530742392683,-0.00023692167650466388,0.0777788057663682,-0.9969691187156136,54.20013785362244,drone2
1743543365.0283554,2.865023374557495,0.22643379867076874,2.020886182785034,-0.002464307628549567,-0.0008515331163166494,0.07669242859915143,-0.9970513893639068,54.39997172355652,drone2
1743543365.228339,2.8739356994628906,0.2278146743774414,2.0159752368927,-0.001196001027585762,-0.000894934913995326,0.07402470167580588,-0.9972552958170025,54.599955320358276,drone2
1743543365.4283423,2.881889581680298,0.22720852494239807,2.0088248252868652,-0.0014138475816957191,-0.000766422391935129,0.06856866569552506,-0.9976451963125768,54.7999587059021,drone2
1743543365.6283555,2.891566276550293,0.2264723926782608,2.0003020763397217,-0.0018970948473815733,-0.00036576549790116435,0.06124472353608995,-0.9981209499385677,54.999971866607666,drone2
1743543365.8283598,2.9044041633605957,0.22647248208522797,1.9936788082122803,-0.001826163347699008,-0.00011875681284960867,0.053965457036076414,-0.9985411540182214,55.199976205825806,drone2
1743543366.028358,2.9182827472686768,0.22805939614772797,1.9915790557861328,-0.0023945948477970863,0.00036359205407074694,0.04794819362102465,-0.998846929404168,55.39997434616089,drone2
1743543366.228363,2.9311399459838867,0.23175567388534546,1.990907907485962,-0.0034491683488634363,0.0001713262806523351,0.04412433649617675,-0.9990201108046992,55.599979400634766,drone2
1743543366.4283915,2.9427061080932617,0.2335936427116394,1.9913554191589355,-0.004222861504336585,0.0002103333535852947,0.043692542033182624,-0.9990360844602848,55.800007820129395,drone2
1743543366.6283588,2.953399658203125,0.23234499990940094,1.9928500652313232,-0.0027193166415563487,0.0005390881562295066,0.046009986498554145,-0.9989371658068298,55.99997520446777,drone2
1743543366.8283565,2.9619624614715576,0.23005282878875732,1.9936654567718506,0.00016396867155738144,-0.0008283526994874262,0.04938771923191421,-0.9987793680060049,56.1999728679657,drone2
1743543367.0283568,2.971388578414917,0.23329491913318634,1.9927902221679688,8.384152389905237e-05,-0.0016750477156786577,0.05025505922741991,-0.99873507166822,56.39997315406799,drone2
1743543367.2283776,2.984628915786743,0.24021992087364197,1.9908769130706787,-0.0010952803648372979,-0.0011726022054994415,0.04681301040323227,-0.9989023946568083,56.59999394416809,drone2
1743543367.4283586,3.0017099380493164,0.24692219495773315,1.9909043312072754,-0.0023292562843027546,-7.388276689503009e-05,0.039461672792265035,-0.9992184117269429,56.79997491836548,drone2
1743543367.628351,3.020184278488159,0.25222694873809814,1.9949860572814941,-0.0034407547019113848,0.001161388761716699,0.030484520499990175,-0.9995287389725287,56.99996733665466,drone2
1743543367.8283548,3.038029909133911,0.2558792531490326,2.00156569480896,-0.0036029901872212766,0.0019789930887556917,0.02181963420833244,-0.9997534659687888,57.199971199035645,drone2
1743543368.0284693,3.0456624031066895,0.2571012079715729,2.004796028137207,-0.0036547846304560536,0.002534568976877312,0.01812617943277728,-0.9998258321076818,57.40008568763733,drone2
1743543368.228391,3.066478967666626,0.2596881687641144,2.016862630844116,-0.0031893957541581576,0.0017322366262506944,0.012866800647648335,-0.9999106737137344,57.60000729560852,drone2
1743543368.4283953,3.0801546573638916,0.260958194732666,2.0580689907073975,-0.0019556743570001566,0.0018625785540847932,0.011174098917753839,-0.9999339387741124,57.80001163482666,drone2
1743543368.6284063,3.0908758640289307,0.26354536414146423,2.0688159465789795,-0.0020353894924609213,0.0016950662648197727,0.010610595553163182,-0.999940260801389,58.000022649765015,drone2
1743543368.828392,3.1013898849487305,0.26659873127937317,2.0437586307525635,-0.002062754352542655,-0.00011314370873581527,0.010572831976897457,-0.9999420309690265,58.200008392333984,drone2
1743543369.0284271,3.1132233142852783,0.266975075006485,2.0070245265960693,-0.0018595215081605527,-0.0011035158703550576,0.009783252916894303,-0.9999498702828495,58.40004348754883,drone2
1743543369.2285614,3.124591112136841,0.26681840419769287,1.974045753479004,-0.0015584029991227001,-0.0010145320399269325,0.007620150210769727,-0.9999692999800129,58.60017776489258,drone2
1743543369.4283807,3.1362481117248535,0.2688813805580139,1.9489376544952393,-0.0016367401816493004,-0.0007575796414975757,0.004211313103208547,-0.9999895304672983,58.799997091293335,drone2
1743543369.6283782,3.149604082107544,0.2706953287124634,1.9317686557769775,-0.0021691599161909147,2.929049567192619e-05,0.0002598353210697124,-0.9999976648090608,58.99999451637268,drone2
1743543369.8284101,3.1628241539001465,0.2723318040370941,1.920837640762329,-0.0021459593108566198,0.00040173519892729983,-0.0035678571669926495,-0.9999912584880872,59.200026512145996,drone2
1743543370.0283825,3.176539659500122,0.2735949158668518,1.9143004417419434,-0.0032859753398389343,-0.0014161295824724853,-0.006531412820036164,-0.9999723345531059,59.399998903274536,drone2
1743543370.2285197,3.1929328441619873,0.27499958872795105,1.9078216552734375,-0.005759261317256203,-0.004045812471909936,-0.006111082299837034,-0.9999566137786113,59.600136041641235,drone2
1743543370.428386,3.2148683071136475,0.27476704120635986,1.8955438137054443,-0.005011268272797398,-0.002925906581204017,-0.000504497776675328,-0.9999831241463246,59.800002336502075,drone2
1743543370.6284115,3.240428924560547,0.27344346046447754,1.8821070194244385,-0.003522162080672747,-0.0003808277278877417,0.008212186991802206,-0.9999600698201891,60.000027894973755,drone2
1743543370.8284357,3.266399383544922,0.27068015933036804,1.8679189682006836,-0.002691906208136709,0.0002738743375270249,0.01773105272798764,-0.9998391926586598,60.20005202293396,drone2
1743543371.0284138,3.292055130004883,0.2676021158695221,1.8506603240966797,-0.002165395428829097,0.0007042142403391266,0.02696180260775266,-0.9996339375064118,60.4000301361084,drone2
1743543371.2283664,3.316525936126709,0.26362988352775574,1.8342397212982178,-0.0019585107493550716,0.0014601528300819018,0.03525035968905649,-0.9993755351781917,60.59998273849487,drone2
1743543371.42837,3.3395583629608154,0.25964292883872986,1.8198120594024658,-0.0018466369613847771,0.0017486133522342385,0.042140526483617435,-0.9991084927460265,60.799986362457275,drone2
1743543371.6283703,3.360023260116577,0.25595036149024963,1.8091797828674316,-0.0017692519930576887,0.0021648352749866276,0.04688954908012799,-0.9988961569232286,60.99998664855957,drone2
1743543371.8284025,3.3808364868164062,0.24985134601593018,1.8015704154968262,-0.0017830220043732383,0.0020169734187723987,0.05015694136408655,-0.9987377690665247,61.200018882751465,drone2
1743543372.0283759,3.3991103172302246,0.24351093173027039,1.7996630668640137,-0.0015078859470177687,0.001636143828438409,0.052313300574449384,-0.9986282294072449,61.39999222755432,drone2
1743543372.228444,3.413506507873535,0.2365650087594986,1.7959465980529785,-0.0014567989452206923,-0.000598432853407221,0.05409514288894446,-0.9985345369630052,61.60006046295166,drone2
1743543372.4283638,3.4270598888397217,0.2298639565706253,1.789698839187622,-0.0012120129507811584,-0.001680624702742089,0.05625664401482566,-0.9984142077105065,61.79998016357422,drone2
1743543372.6283686,3.4430863857269287,0.2230125069618225,1.7841136455535889,0.00021590624532506539,0.0011285817618492996,0.05872362549871385,-0.9982736479707227,61.99998497962952,drone2
1743543372.828355,3.4597344398498535,0.21910817921161652,1.7791447639465332,0.0015393265699287972,0.0022066227639913204,0.06067034628458351,-0.9981542459488913,62.199971437454224,drone2
1743543373.0284317,3.47501277923584,0.217807799577713,1.7766547203063965,0.000551835526383562,0.0005764058914322634,0.05933530271115239,-0.9982378652963371,62.40004801750183,drone2
1743543373.2283592,3.491725206375122,0.21772855520248413,1.780318021774292,-0.00048027148826986583,0.0009855137495116577,0.05393586994842181,-0.9985438514165261,62.5999755859375,drone2
1743543373.4283495,3.5076918601989746,0.2198398858308792,1.8068311214447021,-0.001222805857302002,0.0024852182276755303,0.04482435350309416,-0.9989910716260751,62.79996585845947,drone2
1743543373.6283767,3.520582437515259,0.22323893010616302,1.8112378120422363,-0.0023823449064074497,0.0025536806227678724,0.034511441140963495,-0.9993982101826904,62.999993085861206,drone2
1743543373.8283582,3.527829170227051,0.22691133618354797,1.793010950088501,-0.003194102454074775,0.0016943284171473671,0.026073726362779548,-0.9996535357909694,63.19997453689575,drone2
1743543374.0283341,3.532301902770996,0.2299584150314331,1.7658379077911377,-0.003201735396512612,0.00021723967447663742,0.021857566371992265,-0.9997559947796993,63.39995050430298,drone2
1743543374.2283356,3.540402412414551,0.23211035132408142,1.7400414943695068,-0.0029625727342062584,-0.001707746220338363,0.022208438885845505,-0.9997475232631488,63.59995198249817,drone2
1743543374.4283402,3.5526673793792725,0.23266689479351044,1.7261102199554443,-0.001982227602134835,-0.001795424722943845,0.024483272887372454,-0.9996966941638445,63.79995656013489,drone2
1743543374.6283429,3.566995859146118,0.23471501469612122,1.7194008827209473,-0.001575171250395759,-0.0006590544272269968,0.026489420729642443,-0.9996476773790264,63.999959230422974,drone2
1743543374.828342,3.5811846256256104,0.24049444496631622,1.7151901721954346,-0.0013252144673771239,-0.0003933511041599235,0.026804974184443553,-0.9996397116246578,64.19995832443237,drone2
1743543375.028352,3.594515085220337,0.24833568930625916,1.706418752670288,-0.0022533320268604785,-0.002187796975293457,0.02410213893628843,-0.999704575624516,64.39996838569641,drone2
1743543375.2283382,3.6089892387390137,0.25554797053337097,1.6986403465270996,-0.004957153983056158,-0.0038309604740241463,0.02007412247725382,-0.9997788805184409,64.59995460510254,drone2
1743543375.4283566,3.6250736713409424,0.2603650689125061,1.694993019104004,-0.00504717664686611,-0.002243225182232779,0.01745558092612043,-0.999832449162898,64.79997301101685,drone2
1743543375.6283538,3.641392946243286,0.2618013024330139,1.6963121891021729,-0.004497885331302231,-0.0012169579820711133,0.01737634485091999,-0.9998381811342956,64.99997019767761,drone2
1743543375.828373,3.65868878364563,0.26059767603874207,1.7001891136169434,-0.003946797177048322,-0.0006389208694615361,0.020148469518027012,-0.9997890800557804,65.19998931884766,drone2
1743543376.0283613,3.676666498184204,0.26016560196876526,1.7041149139404297,-0.0036592835595804013,-0.0003156189799795482,0.024552646600021377,-0.9996918051294172,65.399977684021,drone2
1743543376.228344,3.695387601852417,0.26014071702957153,1.7073891162872314,-0.0037961058946453046,-0.0010458449052032973,0.031048403186217433,-0.9995101522123353,65.59996032714844,drone2
1743543376.4285135,3.7161998748779297,0.256536066532135,1.7116069793701172,-0.0019914911933822596,-0.0008444391925585936,0.03943853417243259,-0.9992197182792468,65.8001298904419,drone2
1743543376.6284468,3.734391450881958,0.25153684616088867,1.7147858142852783,-0.0015199682631057278,0.0002937517214788779,0.04639280632357856,-0.9989221193819113,66.00006318092346,drone2
1743543376.8284166,3.755910634994507,0.2442587912082672,1.718653678894043,-0.0015161777220768114,-0.00010313317366997265,0.053056644541636,-0.9985904236841306,66.20003294944763,drone2
1743543377.0284257,3.777092933654785,0.23554186522960663,1.7250895500183105,-0.0013930620854468707,-0.00045215295486801993,0.05856519549516137,-0.9982825409557585,66.40004205703735,drone2
1743543377.2284124,3.798572301864624,0.22734582424163818,1.7333121299743652,-0.000988022104383417,0.00024966084958041775,0.06321618452203565,-0.9979993984274624,66.60002875328064,drone2
1743543377.4284246,3.8194780349731445,0.22021335363388062,1.7436964511871338,-0.000815878876117033,0.0007517234341353178,0.06714089905537007,-0.997742892707425,66.80004096031189,drone2
1743543377.6284797,3.840831995010376,0.21544943749904633,1.7536695003509521,-0.0007035303830265016,0.0017455936787109452,0.06996368423438715,-0.9975477949456681,67.00009608268738,drone2
1743543377.8284485,3.8616418838500977,0.21344159543514252,1.761498212814331,-0.001219976852993289,0.001599397724016996,0.07141821412334659,-0.9974444087262709,67.20006489753723,drone2
1743543378.0284288,3.8740456104278564,0.21306738257408142,1.7651045322418213,-0.001454241652260069,0.002318190390503951,0.07172677120129484,-0.9974205957568623,67.40004515647888,drone2
1743543378.2283592,3.8990273475646973,0.21026158332824707,1.7751038074493408,-0.003009435955006232,-0.001049129395936864,0.07119399288926859,-0.9974574742493093,67.5999755859375,drone2
1743543378.4283512,3.915476083755493,0.20823362469673157,1.8455612659454346,-0.002649495612550371,-0.0009951491611620285,0.07032248035576044,-0.9975203573472875,67.79996752738953,drone2
1743543378.6283576,3.933117628097534,0.20726199448108673,1.879678726196289,-0.002768544242935138,-4.1823750111608044e-05,0.06979501254664655,-0.9975575730145225,67.99997401237488,drone2
1743543378.8283496,3.9552056789398193,0.2039680778980255,1.8478972911834717,-0.003914395305530434,-0.0014171234084530996,0.07019582907598515,-0.9975246141789871,68.1999659538269,drone2
1743543379.0284364,3.974045991897583,0.19922378659248352,1.7957417964935303,-0.004173986141951507,-0.0012482358827500097,0.07232357057620908,-0.9973717897062866,68.40005278587341,drone2
1743543379.2283857,3.9974777698516846,0.1919042319059372,1.7383434772491455,-0.0027567744885342803,-0.0004439111880325536,0.07696001894034704,-0.9970302737928028,68.60000205039978,drone2
1743543379.4284015,4.024024486541748,0.18356595933437347,1.6931357383728027,-0.0011515605097125966,0.0009686156312036723,0.08278033013230751,-0.996566658459183,68.80001783370972,drone2
1743543379.6283953,4.050432205200195,0.17447766661643982,1.6557586193084717,0.00016778611001354375,0.004483370845710282,0.087732458391792,-0.9961340210592187,69.00001168251038,drone2
1743543379.8283627,4.071232318878174,0.16677986085414886,1.6306800842285156,0.0017316345519342673,0.00717679664529922,0.09081592182884901,-0.9958403418187948,69.19997906684875,drone2
1743543380.028362,4.08704948425293,0.16193300485610962,1.6119601726531982,-0.00018668436175901278,0.0030216707241479015,0.09177303461168285,-0.9957753935252396,69.39997839927673,drone2
1743543380.22836,4.101407051086426,0.1594201624393463,1.5915136337280273,-0.00276431544053616,-0.0016426762606852302,0.091543376434147,-0.9957959190404642,69.59997630119324,drone2
1743543380.4283671,4.116281032562256,0.15829838812351227,1.5664746761322021,-0.003303385363314543,-0.0020514464847960884,0.09157658815077363,-0.9957904399501578,69.79998350143433,drone2
1743543380.6283774,4.132812023162842,0.15642066299915314,1.54524564743042,-0.0027443670984135696,-0.0009269428009715611,0.09220933878746768,-0.9957355226065482,69.99999380111694,drone2
1743543380.8283706,4.150777816772461,0.15310320258140564,1.520528793334961,-0.0017795297942961987,0.0007106186268382859,0.09272277169602744,-0.9956901725975504,70.19998693466187,drone2
1743543381.0283616,4.168439865112305,0.1498633772134781,1.4973196983337402,-0.0008827022748336631,0.0024896363204615197,0.09184468425415143,-0.9957698301412361,70.39997792243958,drone2
1743543381.2283669,4.183239936828613,0.14832337200641632,1.4775009155273438,-0.001102519780627707,0.0023076986240388956,0.08907264388074132,-0.9960218261484828,70.59998321533203,drone2
1743543381.4283605,4.1967668533325195,0.1488470435142517,1.4604356288909912,-0.0015150393455767017,0.0019930588585836267,0.08504171928915955,-0.9963742580957308,70.79997682571411,drone2
1743543381.628363,4.208430290222168,0.1496279090642929,1.4492073059082031,-0.002155714981480562,0.0020887532035268673,0.08100354543963373,-0.9967093255413924,70.99997925758362,drone2
1743543381.8283703,4.216795444488525,0.14913584291934967,1.4419867992401123,-0.0021855154864321466,0.0016398348880875871,0.07781155386766114,-0.9969643561217318,71.19998669624329,drone2
1743543382.028455,4.221465587615967,0.14962983131408691,1.4369909763336182,-0.002239597919082815,0.00013446639208765105,0.0761934099127824,-0.9970905016393249,71.40007138252258,drone2
1743543382.2283432,4.2251715660095215,0.14892578125,1.4312682151794434,-0.0022381113165945913,-0.0016908748656907775,0.07578049723792118,-0.9971206366360101,71.5999596118927,drone2
1743543382.4283676,4.230210781097412,0.14744794368743896,1.427579402923584,-0.0016892630780074905,-0.0023681577225807323,0.07583377085443893,-0.9971162533637652,71.79998397827148,drone2
1743543382.6284266,4.2398576736450195,0.14755262434482574,1.4262571334838867,-0.0015778616086570894,-0.001575982455601442,0.07603573855250317,-0.9971025977848476,72.00004291534424,drone2
1743543382.8283799,4.253135681152344,0.15009476244449615,1.4250476360321045,-0.0018969436290989289,-0.001081393713970652,0.07624031935517506,-0.9970871720382926,72.19999623298645,drone2
1743543383.0284436,4.26353645324707,0.1521182656288147,1.4247097969055176,-0.002059405653719567,-0.0008038293046112703,0.0759690200913104,-0.9971077818472144,72.40005993843079,drone2
1743543383.228409,4.278505325317383,0.15280598402023315,1.4236595630645752,-0.002718452795798004,0.00041046107829419273,0.07455111581370694,-0.9972134861432798,72.60002541542053,drone2
1743543383.4284115,4.294707298278809,0.150599405169487,1.4238040447235107,-0.002091014987501618,0.0016731822854623322,0.07219198811515809,-0.9973872154528416,72.80002784729004,drone2
1743543383.628428,4.310821056365967,0.1471581906080246,1.4300153255462646,-0.0017941619124010014,0.0022793089349358894,0.0692279266999325,-0.9975966431430923,73.00004434585571,drone2
1743543383.8284547,4.3293232917785645,0.14410658180713654,1.4370815753936768,-0.0014297071650248552,0.0009809034028883652,0.0659895735945979,-0.9978188834752902,73.20007109642029,drone2
1743543384.0283668,4.344106197357178,0.1436513066291809,1.443624496459961,-0.0011316777853763705,0.0010243302561276188,0.06340946996930652,-0.9979865014918179,73.39998316764832,drone2
1743543384.2283967,4.354440212249756,0.14339520037174225,1.4647557735443115,-0.0015141490962994868,0.001158215462107403,0.06088053261810733,-0.9981432456214301,73.60001301765442,drone2
1743543384.4284096,4.3598408699035645,0.14286579191684723,1.4744384288787842,-0.0016954360066916128,0.0006508364091529663,0.057952422464661535,-0.9983177335742651,73.8000259399414,drone2
1743543384.6283972,4.362639904022217,0.1439255177974701,1.4720706939697266,-0.001977505272075914,-0.00020508442458430155,0.05497795077785367,-0.9984856466187325,74.00001358985901,drone2
1743543384.828391,4.365350723266602,0.14609071612358093,1.4660437107086182,-0.00239181768328886,-0.002204218438572076,0.05264963242556636,-0.9986077460388686,74.20000743865967,drone2
1743543385.0283864,4.370269775390625,0.14705915749073029,1.4633893966674805,-0.0023355550567264517,-0.0033608970841724644,0.05068588431289828,-0.9987062432238385,74.4000027179718,drone2
1743543385.228422,4.37820291519165,0.14789418876171112,1.4619255065917969,-0.002305787918887418,-0.0025524816138689987,0.04896540780983505,-0.9987946251651658,74.6000382900238,drone2
1743543385.428412,4.389654159545898,0.1464378535747528,1.4633426666259766,-0.0019522462726945817,-0.001669123891744436,0.047061592515749484,-0.9988887390778907,74.8000283241272,drone2
1743543385.6283672,4.405821800231934,0.14500407874584198,1.467987298965454,-0.001892996848385491,-0.0005854834811564386,0.044765769383664,-0.9989956234857144,74.99998354911804,drone2
1743543385.8283703,4.424498081207275,0.14223498106002808,1.4753189086914062,-0.0017348845513991099,0.00043626046489311635,0.04215814386629496,-0.9991094199766938,75.19998669624329,drone2
1743543386.0283604,4.442962169647217,0.13969863951206207,1.4834165573120117,-0.001228954759401342,0.001374742704613682,0.03877358334347614,-0.9992463972343542,75.39997673034668,drone2
1743543386.2283528,4.458130836486816,0.1387902945280075,1.491283655166626,-0.0013149923748880894,0.0018664262650088075,0.03459168874052826,-0.9993989688259636,75.59996914863586,drone2
1743543386.428355,4.46928596496582,0.1395697295665741,1.5008597373962402,-0.001610169680590564,0.0019381036898237585,0.02993176458176977,-0.9995488430192683,75.79997134208679,drone2
1743543386.6283777,4.476111888885498,0.13929340243339539,1.5110743045806885,-0.0006783214433175314,0.0005691354635976557,0.02580954991631329,-0.9996665170203107,75.99999403953552,drone2
1743543386.8283505,4.481690883636475,0.13692334294319153,1.522160530090332,0.001896970783770241,-0.0021886617342678203,0.01868344506378833,-0.9998212802480427,76.19996690750122,drone2
1743543387.0283594,4.489178657531738,0.1355421096086502,1.535945177078247,0.0012999787948771554,-0.0028619289822534965,0.006555478670536075,-0.9999735568117126,76.39997577667236,drone2
1743543387.2283735,4.5001540184021,0.13729600608348846,1.5486598014831543,-5.6852888236658e-05,-0.0020922213381426584,-0.007714137682948818,-0.9999680355745577,76.59998989105225,drone2
1743543387.4283702,4.514885425567627,0.14461436867713928,1.5604748725891113,-0.0006542592765511496,-0.00117812336548118,-0.02173799576276675,-0.9997628647160067,76.79998660087585,drone2
1743543387.6283545,4.532092094421387,0.15258346498012543,1.5689008235931396,6.169567020211875e-05,0.00023701834878060395,-0.03324501263690799,-0.9994471848206601,76.99997091293335,drone2
1743543387.8283563,4.549661636352539,0.16114205121994019,1.5798325538635254,0.0008250943241596292,0.0006192839365732822,-0.047289438378799176,-0.9988807311766736,77.19997262954712,drone2
1743543388.0284333,4.559439182281494,0.16837632656097412,1.589155912399292,-0.0024709362906127222,0.0004948215352654857,-0.05987874417585176,-0.9982024619435879,77.40004968643188,drone2
1743543388.2284348,4.580559253692627,0.18121188879013062,1.6058611869812012,-0.0028094571436741897,0.0007273226494423106,-0.0856128512333304,-0.9963242297865483,77.60005116462708,drone2
1743543388.428362,4.595112323760986,0.18565356731414795,1.658564805984497,-0.003359886094875607,0.0011984295853849575,-0.10477689681068847,-0.9944894510303237,77.79997825622559,drone2
1743543388.6283507,4.610301494598389,0.18809838593006134,1.706878662109375,-0.003154062371762973,0.0014367024305839318,-0.11853046715100596,-0.9929443897107628,77.99996709823608,drone2
1743543388.8283432,4.626394748687744,0.19055084884166718,1.706223964691162,-0.0007449165714716321,0.0001246783627474524,-0.12704168603299287,-0.9918971248189641,78.19995951652527,drone2
1743543389.0283477,4.643078804016113,0.19852186739444733,1.6743440628051758,0.0006506496809156905,-0.00031665687699339366,-0.13362932274894268,-0.9910311756694592,78.39996409416199,drone2
1743543389.2285137,4.659694671630859,0.21283046901226044,1.6313161849975586,-0.000486975239841565,0.00032512060934234197,-0.14092030607284217,-0.9900208314169561,78.60013008117676,drone2
1743543389.428352,4.675882339477539,0.22873187065124512,1.5962979793548584,-0.0019234957320704612,0.001172631515875054,-0.15046302692528474,-0.9886131266766922,78.79996848106384,drone2
1743543389.6283398,4.690475940704346,0.24287505447864532,1.5702238082885742,-0.003225439623759376,0.0015620097033364414,-0.1606164556126502,-0.98701036632152,78.99995613098145,drone2
1743543389.8284461,4.700375080108643,0.25085023045539856,1.5588204860687256,-0.0029564290490141807,0.0015134944824791647,-0.1698471211987182,-0.9854648413866255,79.20006251335144,drone2
1743543390.0283682,4.71255350112915,0.2592856287956238,1.550598382949829,-0.003634847936339437,0.0010219764534199762,-0.17956293915799498,-0.983739222968044,79.39998459815979,drone2
1743543390.228359,4.725156307220459,0.2679857313632965,1.53971266746521,-0.0042018792884954805,-0.00012099257145419575,-0.18671829392338646,-0.9824045165694009,79.59997534751892,drone2
1743543390.4283645,4.742610931396484,0.2765069007873535,1.5256783962249756,-0.003105237058760495,-0.00026796455911225507,-0.19093917436120705,-0.9815969408050836,79.79998087882996,drone2
1743543390.628372,4.763678550720215,0.2844892740249634,1.514272928237915,-0.002642580277831061,0.0014139017675611452,-0.19254779312832232,-0.981283073224223,79.99998831748962,drone2
1743543390.8283632,4.78657865524292,0.28747954964637756,1.505795955657959,-0.0003696627642993917,0.0012696533965110073,-0.19338090988283718,-0.9811229573467302,80.19997954368591,drone2
1743543391.0283802,4.810086250305176,0.2891305685043335,1.4958584308624268,0.0021010438589162362,0.0016730658259820137,-0.19634560350079044,-0.9805310470062432,80.39999651908875,drone2
1743543391.2283716,4.8310394287109375,0.2917219400405884,1.487975835800171,0.00229399402471457,0.0025152722233863518,-0.2030316952548616,-0.9791663320514604,80.59998798370361,drone2
1743543391.4283714,4.8452982902526855,0.29579082131385803,1.4823369979858398,0.0016975057709213014,0.0024479314787925945,-0.21345958421973005,-0.9769473004773619,80.79998779296875,drone2
1743543391.628355,4.855057716369629,0.30187660455703735,1.4806432723999023,0.0004514374051011963,0.0017836155690599794,-0.22518416312588452,-0.9743145554382804,80.99997138977051,drone2
1743543391.828349,4.863446235656738,0.3120911717414856,1.4806489944458008,0.00014523034322967777,0.0007115562295815449,-0.23678297583608265,-0.9715622819368219,81.19996547698975,drone2
1743543392.0283678,4.8719940185546875,0.3284107446670532,1.484609842300415,-0.001315715127485585,-0.000336362967344862,-0.24726742587165262,-0.9689463956371449,81.39998412132263,drone2
1743543392.2283454,4.883260726928711,0.3467298150062561,1.4910295009613037,-0.002404329946622451,-0.0017129561717361581,-0.2567790002030456,-0.9664657585743391,81.59996175765991,drone2
1743543392.4283595,4.896420001983643,0.3645673394203186,1.4955494403839111,-0.0027087636716110674,-0.0014803620793066138,-0.2665929781725043,-0.9638042693845732,81.7999758720398,drone2
1743543392.6283698,4.912296772003174,0.38176634907722473,1.4994206428527832,-0.0034915367976012493,0.00029295418292069677,-0.27531834519177517,-0.9613467287947515,81.99998617172241,drone2
1743543392.82848,4.926957130432129,0.39768919348716736,1.5051424503326416,-0.002445992764919977,0.0005929333070621597,-0.28246130878370446,-0.9592753797778351,82.20009636878967,drone2
1743543393.0284324,4.936519145965576,0.40820223093032837,1.511988639831543,-0.001245933034923639,0.00047725222633702644,-0.28824914582888717,-0.9575545450265595,82.40004873275757,drone2
1743543393.22844,4.94852352142334,0.4179750978946686,1.5251517295837402,-0.000724825242872738,0.0002651894937147967,-0.29746860035325123,-0.9547312962322088,82.60005640983582,drone2
1743543393.4284017,4.958652496337891,0.4238276183605194,1.5635178089141846,-0.0003228427399032361,0.00013048563459352718,-0.3076649977526735,-0.9514947765147844,82.8000180721283,drone2
1743543393.6283855,4.96835994720459,0.4321606159210205,1.604856014251709,-0.0011018625120496868,0.0003178884889903209,-0.3167926353675566,-0.9484941105616271,83.00000190734863,drone2
1743543393.8284278,4.978383541107178,0.44300925731658936,1.6036813259124756,-0.001285231554960411,0.00014012448302316464,-0.32335068499585173,-0.9462783664417125,83.20004415512085,drone2
1743543394.0283859,4.989390850067139,0.4584660232067108,1.577676773071289,-0.0015421741781197265,0.00011536226286528424,-0.327177387032974,-0.9449617621145048,83.40000224113464,drone2
1743543394.2283938,5.000546455383301,0.4763839840888977,1.5466606616973877,-0.0016698284211806207,-0.00021527564779950437,-0.3295072015983836,-0.9441515943190041,83.60001015663147,drone2
1743543394.4283898,5.010638236999512,0.4927296042442322,1.5251696109771729,-0.002164050927897968,0.00015715497906701063,-0.331967776761298,-0.9432883004209555,83.80000615119934,drone2
1743543394.6283844,4.9867424964904785,0.49379438161849976,1.526681661605835,0.00895877231505717,-0.03976106688192908,-0.3195861706337072,-0.9466803209359607,84.00000071525574,drone2
1743543394.8285122,4.880453109741211,0.40870702266693115,1.5035510063171387,-0.0592748746670998,0.3531241144044782,-0.24879691393068867,-0.8999388758815001,84.20012855529785,drone2
1743543395.0284145,4.575355052947998,0.3450963795185089,1.214301586151123,0.05117248021566864,0.2674112697730556,-0.15711658131230563,-0.9493086616293729,84.40003085136414,drone2
1743543395.2284095,3.9532828330993652,0.3727690875530243,0.8500816226005554,-0.0500781899776438,-0.10143606364319967,-0.1114120751717585,-0.9873146244209201,84.60002589225769,drone2
1743543395.4283848,3.490039587020874,0.3955366909503937,0.5701801180839539,-0.08531072154978016,-0.26979991080227406,0.01931661716896747,-0.9589353390040491,84.80000114440918,drone2
1743543395.6284075,3.329864263534546,0.3478379249572754,0.31676000356674194,-0.013680287507469132,-0.19983463552435565,0.11026108688577461,-0.9735098878065103,85.00002384185791,drone2
1743543395.828439,3.3442652225494385,0.25601688027381897,0.3924606442451477,0.012530784897895239,-0.15355774357089425,0.08310085691523282,-0.9845594849337629,85.20005536079407,drone2
1743543396.0283802,3.504925489425659,0.21578286588191986,0.5339707136154175,0.03245454322473027,-0.11738565864668485,0.054213027624229464,-0.9910743340423344,85.39999651908875,drone2
1743543396.2283955,3.7343215942382812,0.2698134183883667,0.6609972715377808,-0.010899019608413262,-0.05304003078078852,0.03079122311660398,-0.9980580246937409,85.60001182556152,drone2
1743543396.4283707,3.9407289028167725,0.36169931292533875,0.7551466822624207,-0.04502096723430835,-0.003525980321730027,0.01354047587424645,-0.9988881068751632,85.79998707771301,drone2
1743543396.6284032,4.0752058029174805,0.43896418809890747,0.8006278872489929,-0.05111373146011138,0.006940970869173856,0.007039661666229213,-0.998643908034891,86.00001955032349,drone2
1743543396.8283718,4.142868518829346,0.4903181195259094,0.7870538830757141,-0.06085076904052442,-0.0029562036621563316,0.017319783780218312,-0.9979922334632155,86.19998812675476,drone2
1743543397.0284266,4.159532070159912,0.5075729489326477,0.7591355443000793,-0.06008839050287906,-0.021436579941463037,0.032068820535514686,-0.9974475275930608,86.40004301071167,drone2
1743543397.2283728,4.14459228515625,0.4943692088127136,0.7633793950080872,-0.049817356632372294,-0.044746125988807534,0.04073100942886759,-0.9969238108534644,86.59998917579651,drone2
1743543397.4283671,4.12542200088501,0.46456384658813477,0.7995666861534119,-0.038803989660498646,-0.06686225833733025,0.0428560113839384,-0.9960858893582192,86.79998350143433,drone2
1743543397.6283755,4.128030776977539,0.4336835741996765,0.8455224633216858,-0.031314312921828576,-0.06887369824326646,0.047210708065780975,-0.9960155884149031,86.99999189376831,drone2
1743543397.8283646,4.150698661804199,0.4130835235118866,0.8791828751564026,-0.021745068530782476,-0.058228355247684147,0.05350647785579276,-0.9966311431374046,87.19998097419739,drone2
1743543398.0284472,4.176995277404785,0.40940675139427185,0.8849195837974548,-0.017015279385172097,-0.03932687004856987,0.060815752911946075,-0.9972288697429861,87.40006351470947,drone2
1743543398.2283618,4.199435234069824,0.4246125817298889,0.8610139489173889,-0.0208560334450058,-0.023844055343609886,0.06645972168973696,-0.997286105163264,87.59997820854187,drone2
1743543398.4283056,4.191291332244873,0.45251813530921936,0.8121551871299744,-0.02011846705342382,-0.018652405720857322,0.058631113166232374,-0.9979027135569785,87.79992198944092,drone2
1743543398.628413,4.165506362915039,0.4901077449321747,0.7830127477645874,-0.018513617712754154,-0.02079073143073166,0.03743289209234468,-0.9989113297886926,88.00002932548523,drone2
1743543398.828487,4.121274948120117,0.535580575466156,0.714255690574646,-0.016991344914301713,-0.025801180144888934,-0.0030241628212021605,-0.9995181179667039,88.20010328292847,drone2
1743543399.0284028,4.061694622039795,0.5857167840003967,0.5933559536933899,-0.027918453092341755,-0.06109749274044014,-0.0683420420910818,-0.9953979684968244,88.40001916885376,drone2
1743543399.228587,4.0242109298706055,0.6251890659332275,0.4401622414588928,-0.03666022182112839,-0.06202872077284327,-0.1448950489153591,-0.9868200733004933,88.60020327568054,drone2
1743543399.4284112,3.9942102432250977,0.6296190619468689,0.3994370102882385,-0.004971035730853134,0.019512840383288564,-0.20102415656659073,-0.9793792579301375,88.80002760887146,drone2
1743543399.628389,3.9068191051483154,0.6275829076766968,0.4051198363304138,-0.0016493151713472783,0.004287441177603665,-0.2795393099232927,-0.9601233322230258,89.00000524520874,drone2
1743543399.8284101,3.8080193996429443,0.6146407723426819,0.40739208459854126,-8.149700255291659e-05,-0.0005834486403652982,-0.3823233772958406,-0.9240284761303565,89.200026512146,drone2
1743543400.028407,3.7202274799346924,0.5710190534591675,0.4054632782936096,-0.0001609137916271679,-0.000330484258854309,-0.44571872807089596,-0.8951730577658581,89.40002346038818,drone2
1743543400.228374,3.6533145904541016,0.529007613658905,0.4010452628135681,-0.00021463228711557188,-0.000242653528283682,-0.515120868769148,-0.8571175513538862,89.5999903678894,drone2
1743543400.4283538,3.6174254417419434,0.49233394861221313,0.3933067321777344,-0.0002631828455740438,-0.0002234133453094069,-0.5804404233762561,-0.8143027279776552,89.7999701499939,drone2
1743543400.6283574,3.6182432174682617,0.46829551458358765,0.38383549451828003,-0.0003084683204255322,-0.00029580940360314327,-0.6319936371479479,-0.7749734489732751,89.9999737739563,drone2
1743543400.8283634,3.6418254375457764,0.4577390253543854,0.37264198064804077,-0.0003084531179512894,-0.00039430993724620103,-0.6657027919540821,-0.7462169703356559,90.19997978210449,drone2
1743543401.0283806,3.6595733165740967,0.4485868215560913,0.3602527379989624,-0.0003113608504842012,-0.000347623771024836,-0.6964299281533471,-0.7176247406008618,90.3999969959259,drone2
1743543401.2284079,3.669628143310547,0.44175660610198975,0.3460731506347656,-0.00030411099187570783,-0.00017440053619645896,-0.7235610083097876,-0.690260419784762,90.60002422332764,drone2
1743543401.4283764,3.6732335090637207,0.4375563859939575,0.3308946490287781,-0.0002468941188865957,3.759037906024808e-05,-0.7468800192880731,-0.6649589053462212,90.79999279975891,drone2
1743543401.6283836,3.673900842666626,0.4332173466682434,0.3158404231071472,-0.0001956322477982547,0.00022501178074572301,-0.7674342417850706,-0.6411277653775017,91.0,drone2
1743543401.8283596,3.6754376888275146,0.42732730507850647,0.29987961053848267,-0.00018224879696401226,0.00036182890404823023,-0.7867229630086798,-0.6173062348902428,91.19997596740723,drone2
1743543402.0283372,3.677379608154297,0.42036622762680054,0.28423911333084106,-0.00018725338537291142,0.000433585539419781,-0.805993856115369,-0.5919237115746859,91.3999536037445,drone2
1743543402.228359,3.6821208000183105,0.4133058786392212,0.2679816484451294,-0.00018844510397817015,0.0004678292364494057,-0.8256279549574568,-0.5642146980263959,91.59997534751892,drone2
1743543402.4283392,3.6903679370880127,0.4051544964313507,0.25235500931739807,-0.0002622072646204778,0.0004650214599113151,-0.8453564943503454,-0.5342024961842431,91.79995560646057,drone2
1743543402.6283636,3.7001230716705322,0.3979615867137909,0.23716673254966736,-0.00031234928077299515,0.00046673529626894457,-0.86482730576459,-0.5020692541907796,91.99997997283936,drone2
1743543402.8283756,3.7112321853637695,0.3948797881603241,0.2209835648536682,-0.0002875847196951848,0.0004793599186143474,-0.8834216523906263,-0.4685786097207501,92.19999194145203,drone2
1743543403.0285542,3.7206108570098877,0.3938867747783661,0.20645639300346375,-0.00024806404378454743,0.000473139574725648,-0.898981994906333,-0.43798541357187465,92.40017056465149,drone2
1743543403.2284431,3.730173349380493,0.39267605543136597,0.19014114141464233,-0.00024826750316824127,0.00048616108846932663,-0.9136655354590434,-0.40646656726257874,92.60005950927734,drone2
1743543403.428401,3.7427585124969482,0.3884456157684326,0.17301470041275024,-0.0002696173206116415,0.0004915771540083761,-0.9287685425215584,-0.37066010098084534,92.80001735687256,drone2
1743543403.628428,3.7576169967651367,0.38970884680747986,0.17942580580711365,-0.00030668428540993244,0.00043404888207480814,-0.9420423131384279,-0.33549348707978005,93.00004434585571,drone2
1743543403.8284502,3.7727465629577637,0.3923783600330353,0.1852806806564331,-0.00035177252425195243,0.00038423072962226576,-0.9535704666570974,-0.30116962048811424,93.20006656646729,drone2
1743543404.0284197,3.78855562210083,0.39482858777046204,0.18655964732170105,-0.0004029773785053451,0.00034045557450793404,-0.9634094166342988,-0.2680338314091221,93.40003609657288,drone2
1743543404.2284057,3.8034110069274902,0.3952600657939911,0.18352380394935608,-0.0004845938657275102,0.00029901828712487424,-0.971189155886955,-0.23830932395490478,93.60002207756042,drone2
1743543404.4284115,3.8137223720550537,0.3945818245410919,0.17439576983451843,-0.000553889859834743,0.0003043953956403734,-0.9771450113437264,-0.2125727723802125,93.80002784729004,drone2
1743543404.6283686,3.821084976196289,0.39546963572502136,0.16192632913589478,-0.0005716898239771361,0.00033584023735203913,-0.9817458877677212,-0.19019637830305114,93.99998497962952,drone2
1743543404.828374,3.8255367279052734,0.39626166224479675,0.14874115586280823,-0.0005652947291293907,0.0003487796182478628,-0.9853026603135555,-0.17081633012707487,94.19999027252197,drone2
1743543405.0283735,3.8293886184692383,0.39943334460258484,0.13485193252563477,-0.0005319662340399774,0.0003296869826850895,-0.988450271254046,-0.1515445993517715,94.39998984336853,drone2
1743543405.2284062,3.8341689109802246,0.4055626690387726,0.1204909086227417,-0.0004790324676473592,0.00026273560253167613,-0.9911996787698057,-0.13237385242550032,94.60002255439758,drone2
1743543405.428371,3.83937668800354,0.41348397731781006,0.10453277826309204,-0.00047724601132308816,0.00018922856614766377,-0.9935282500031841,-0.113584070862919,94.79998731613159,drone2
1743543405.6284165,3.8468985557556152,0.42291709780693054,0.09032517671585083,-0.0012368591971023456,-0.007984855452012945,-0.9956504281194046,-0.09281705419614622,95.00003290176392,drone2
1743543405.8283815,3.8581595420837402,0.44062313437461853,0.07973629236221313,-0.002178088544948206,-0.024786566877612777,-0.9974468532434846,-0.06693775124554746,95.1999979019165,drone2
1743543406.0283651,3.8709094524383545,0.46057823300361633,0.07604703307151794,-0.002517212624778992,-0.0640997010048352,-0.9974492134670012,-0.031305878283770405,95.39998149871826,drone2
1743543406.2283542,3.890031099319458,0.48645201325416565,0.0790817141532898,0.0048401177412107895,-0.14094648453412356,-0.9888072972077819,0.04869200120354478,95.59997057914734,drone2
1743543406.4283657,3.9330499172210693,0.5761277079582214,0.0719071626663208,0.021542950684570548,-0.16803043397721673,-0.9697923671804555,0.17551191051967335,95.79998207092285,drone2
1743543406.628376,3.9963488578796387,0.7641575336456299,0.04583045840263367,0.02881717009947489,-0.09267352310354228,-0.9423938389284331,0.32011719985152015,95.99999237060547,drone2
1743543406.8283715,4.078948497772217,0.9780225157737732,0.011410042643547058,-0.0027029553502097435,-0.0017440353566098186,-0.8722575001291211,0.4890363949599983,96.19998788833618,drone2
1743543407.0282876,4.194850921630859,1.1518213748931885,0.0026129186153411865,-0.007588623812436564,-0.006985652352598331,-0.7087723248702051,0.7053619171339923,96.39990401268005,drone2
1743543407.2284687,4.278331279754639,1.3592042922973633,-0.010337963700294495,-0.0010017565440058594,4.80991442053032e-05,-0.4788287443520237,0.8779078120076127,96.60008502006531,drone2
1743543407.4284136,4.225564002990723,1.5520437955856323,-0.020822495222091675,-0.000667702804137207,7.468849610057063e-05,-0.3544262307525101,0.9350838263024308,96.80002999305725,drone2
1743543407.6284356,4.13401985168457,1.713710904121399,-0.030666694045066833,-0.00026426976428106495,-2.6758855077826894e-05,-0.19124309528581923,0.9815426978110502,97.00005197525024,drone2
1743543407.8284311,3.9564778804779053,1.86326003074646,0.026210620999336243,0.10674366895973722,0.16280470945062375,0.04089040880993567,0.9800145795245907,97.20004749298096,drone2
1743543408.0284889,3.81561279296875,1.8931909799575806,0.06758379936218262,0.12164848573548584,0.24757261647007603,0.24152852131759103,0.9303619884232099,97.40010523796082,drone2
1743543408.2283418,3.8253607749938965,1.8360093832015991,0.04339587688446045,0.05329583317529131,0.21671023893647365,0.3147074411109044,0.9225809004714014,97.59995818138123,drone2
1743543408.4284842,3.9402804374694824,1.7486704587936401,0.020503729581832886,0.02345867246336035,0.1277812578572378,0.3328244746775547,0.9339965008311226,97.80010056495667,drone2
1743543408.6284251,4.074548244476318,1.6806169748306274,0.020926013588905334,0.057682416582210405,0.048359728620775,0.32986271026557296,0.941023244488283,98.00004148483276,drone2
1743543408.8285623,4.134764194488525,1.6055083274841309,0.02863737940788269,0.042902411112881705,0.025533534156682317,0.3548152250908413,0.9336025542380912,98.20017862319946,drone2
1743543409.028424,4.159787654876709,1.4795327186584473,0.10471832752227783,-0.020053263738507954,0.05039342337981396,0.3473960521271959,0.9361487085769071,98.4000403881073,drone2
1743543409.2284176,4.214602947235107,1.279343843460083,0.23128682374954224,-0.13867934257940412,0.13621755520068643,0.33463628340134105,0.9220799008831524,98.60003399848938,drone2
1743543409.428439,4.244261264801025,1.2114460468292236,0.30829352140426636,-0.09616529467226079,0.14455183659122275,0.25525079762288916,0.9511593297474863,98.80005526542664,drone2
1743543409.6284297,4.264432430267334,1.2379299402236938,0.310674250125885,-0.00502065903516329,0.10739673437741348,0.16624887615394912,0.9802050832798599,99.00004601478577,drone2
1743543409.8284473,4.230531692504883,1.2727553844451904,0.2510344982147217,0.036862325837905746,0.04794134278250794,0.13078310392215353,0.9895648446629166,99.20006370544434,drone2
1743543410.0284426,4.10982084274292,1.3009530305862427,0.13095062971115112,0.027222915505167627,0.09763929377105413,0.09183039647250602,0.9906022471921638,99.40005898475647,drone2
1743543410.2284157,3.95192551612854,1.251428484916687,0.25796258449554443,-0.08641880697815821,0.1529107657386497,0.44319948449485425,0.8790473784976505,99.60003209114075,drone2
1743543410.4284623,3.635197162628174,1.4403373003005981,0.3322586417198181,-0.045828634453994266,0.04778026419526244,0.2553393481516106,0.9645821316206902,99.80007863044739,drone2
1743543410.6284525,3.3421967029571533,1.5926238298416138,0.3469966650009155,0.0026239073717843064,0.02936129908464058,0.2726723028219884,0.9616552226524269,100.00006890296936,drone2
1743543410.8284168,3.1720080375671387,1.5886046886444092,0.39950573444366455,0.026625223143900523,0.021349380746072014,0.3069557084390837,0.9511117038086689,100.20003318786621,drone2
1743543411.0284417,3.103147268295288,1.5412282943725586,0.44482988119125366,0.0270356692403071,0.020261297619307284,0.3332804403581699,0.9422222801815694,100.40005803108215,drone2
1743543411.2284622,3.1153407096862793,1.4972567558288574,0.4735512137413025,0.027380667866421342,0.01963811925630901,0.35971346860450465,0.9324542001301391,100.60007858276367,drone2
1743543411.4285321,3.184370756149292,1.4660364389419556,0.4871952533721924,0.027051272135334734,0.020139036855766762,0.37081300974724263,0.9280950358823543,100.80014848709106,drone2
1743543309.828435,-0.016574503853917122,0.0019816833082586527,0.06272843480110168,0.0015913378183633124,-0.0008229963248341696,0.053957027666374335,-0.9985416597804035,0.0,drone3
1743543310.02841,-0.019158942624926567,0.00713817123323679,0.06428647041320801,0.0016359466355172995,-0.0007697842822278961,0.05393140238247962,-0.9985430084795559,0.19997501373291016,drone3
1743543310.2284596,-0.022423699498176575,0.01314137876033783,0.06317153573036194,0.001686124928211424,-0.000756061861042806,0.05390805302840462,-0.9985441885913142,0.4000246524810791,drone3
1743543310.4311516,-0.024642599746584892,0.01794871687889099,0.0594935417175293,0.0016840529413941516,-0.0007483195590576121,0.05384917388103494,-0.9985474338986495,0.6027166843414307,drone3
1743543310.6283836,-0.024372559040784836,0.021311478689312935,0.05583065748214722,0.0016581963025820673,-0.0007927652629687786,0.05386122787970904,-0.9985467595490733,0.7999486923217773,drone3
1743543310.8284104,-0.023207249119877815,0.025032220408320427,0.05267205834388733,0.0016526011438061192,-0.0008146375017124085,0.053945648017276304,-0.9985421655425857,0.9999754428863525,drone3
1743543311.0284073,-0.02417314611375332,0.02930668368935585,0.051252275705337524,0.0017057120175123538,-0.0008025170723610502,0.05401607540113801,-0.9985383301793711,1.19997239112854,drone3
1743543311.2283778,-0.027558114379644394,0.03173327445983887,0.04913365840911865,0.0016992023873690083,-0.000781161379465869,0.05396486698019731,-0.9985411540182214,1.3999428749084473,drone3
1743543311.428385,-0.029983939602971077,0.03296089544892311,0.04548177123069763,0.0016792580788315293,-0.0007881572212512648,0.05392824136884139,-0.9985431349201014,1.5999500751495361,drone3
1743543311.6284056,-0.030191825702786446,0.03245581313967705,0.04120936989784241,0.0016643008866939718,-0.000845876342470172,0.053993021075002534,-0.998539552437978,1.7999706268310547,drone3
1743543311.8284018,-0.028828270733356476,0.030257046222686768,0.03686150908470154,0.0016368065711676299,-0.0009062888284086654,0.05405581987928382,-0.9985361806900971,1.9999668598175049,drone3
1743543312.0284023,-0.025844912976026535,0.028286008164286613,0.030216902494430542,0.0015903220957778125,-0.000964508566930735,0.054094510686216735,-0.9985340733476715,2.199967384338379,drone3
1743543312.2284067,-0.02204876020550728,0.025425607338547707,0.01869232952594757,0.00157347101195336,-0.0009984686370725783,0.054124097773871505,-0.9985324717674282,2.3999717235565186,drone3
1743543312.4283812,-0.018167901784181595,0.02118621952831745,0.0061867982149124146,0.0015516380183465024,-0.0010476165751454158,0.054129113248844285,-0.9985322610331855,2.5999462604522705,drone3
1743543312.6283946,-0.014890116639435291,0.015123707242310047,-0.0030232518911361694,0.0014874664368793487,-0.001062430245739265,0.054141125100669873,-0.9985316288304579,2.799959659576416,drone3
1743543312.8283937,-0.013135569170117378,0.010895404033362865,-0.007879316806793213,0.0014659666667935305,-0.001074290241317232,0.05415275763085886,-0.9985310387745787,2.9999587535858154,drone3
1743543313.0283742,-0.010092700831592083,0.0042118290439248085,-0.01061449944972992,0.001415912983068026,-0.0010871919719887644,0.05413762691224344,-0.9985319238583974,3.199939250946045,drone3
1743543313.2283692,-0.008606663905084133,0.0008036219514906406,0.00801946222782135,0.0014050571649671531,-0.0010703421640942963,0.05413851199606218,-0.9985318817115489,3.3999342918395996,drone3
1743543313.428362,-0.009246367029845715,-0.0005397596396505833,0.03169809281826019,0.0014538339720507108,-0.0010306060206524523,0.054113097446410074,-0.9985332725575499,3.5999269485473633,drone3
1743543313.628372,-0.01146580372005701,-0.002605213550850749,0.0490039587020874,0.001467676207177222,-0.0009709238194142804,0.05407921138020744,-0.9985351270188844,3.7999370098114014,drone3
1743543313.8283994,-0.013155636377632618,-0.003830901812762022,0.05799350142478943,0.00147730791451485,-0.0009495168423655399,0.05407925352705595,-0.9985350848720358,3.999964475631714,drone3
1743543314.0283885,-0.014934876002371311,-0.004553769249469042,0.061982929706573486,0.0014967791205618911,-0.00094133160746018,0.054077061890933364,-0.9985352534594298,4.199953556060791,drone3
1743543314.2283654,-0.01621117815375328,-0.005896925926208496,0.06295415759086609,0.0015169650120362202,-0.0009410549981873113,0.05407706189093331,-0.9985351691657328,4.399930477142334,drone3
1743543314.4283695,-0.01675829291343689,-0.006340767256915569,0.06131252646446228,0.0015237523010077443,-0.0009319030405237486,0.05407061342311109,-0.9985355484873695,4.5999345779418945,drone3
1743543314.6283636,-0.018393905833363533,-0.006162403151392937,0.05603998899459839,0.0015356820817240416,-0.000902065129729623,0.05407099274474769,-0.998535506340521,4.799928665161133,drone3
1743543314.8283656,-0.02059275284409523,-0.004695618059486151,0.05079945921897888,0.0015609186597228283,-0.0008626563446467941,0.05408443758942266,-0.9985347898440963,4.9999306201934814,drone3
1743543315.028359,-0.02187475562095642,-0.0025490261614322662,0.04671624302864075,0.0015757012964067389,-0.0008645012982449395,0.05406757885001834,-0.9985357170747635,5.199923992156982,drone3
1743543315.2283633,-0.021743690595030785,-0.0019965162500739098,0.04274469614028931,0.0015638574145897012,-0.0008816948663725744,0.0540653450670473,-0.998535843515309,5.399928331375122,drone3
1743543315.4283652,-0.023589110001921654,-0.0029469551518559456,0.03891685605049133,0.0015500254692211275,-0.0008702540137944224,0.054081403016329854,-0.9985349584314903,5.599930286407471,drone3
1743543315.6283464,-0.02662835456430912,-0.004748997278511524,0.03536170721054077,0.0015334552546293297,-0.0008312845602164814,0.05407048698256561,-0.9985355906342179,5.7999114990234375,drone3
1743543315.828346,-0.02689179964363575,-0.007358464878052473,0.03325328230857849,0.0015166286604287682,-0.0008597869839074497,0.054053459655767244,-0.9985365178648852,5.999911069869995,drone3
1743543316.028389,-0.025513216853141785,-0.008648035116493702,0.030697599053382874,0.0015102146221366592,-0.0009008365120524019,0.05405249027825143,-0.9985365600117337,6.199954032897949,drone3
1743543316.2283483,-0.02168349362909794,-0.008806849829852581,0.026825428009033203,0.0015141514835234435,-0.0009695334879013177,0.05407411161153758,-0.9985353377531269,6.399913311004639,drone3
1743543316.4283476,-0.015788979828357697,-0.008100088685750961,0.020403727889060974,0.001534842869646197,-0.0010448216710945055,0.054078958499116314,-0.9985349584314902,6.599912643432617,drone3
1743543316.6283612,-0.011776032857596874,-0.006152587477117777,0.01130397617816925,0.0015697301498757642,-0.0010728774163934185,0.05408287815602775,-0.9985346634035508,6.799926280975342,drone3
1743543316.8283768,-0.01002639252692461,-0.0008937281672842801,0.0012149810791015625,0.0016042779092524345,-0.001082894680960955,0.054054681914374014,-0.9985361385432485,6.999941825866699,drone3
1743543317.0283916,-0.010184729471802711,0.004984461702406406,-0.005772426724433899,0.0016644723346407218,-0.0010554312347084245,0.05402631708532618,-0.9985376136829465,7.199956655502319,drone3
1743543317.2283635,-0.010562676005065441,0.014142798259854317,-0.012816384434700012,0.0017341367329513802,-0.0010184951813554913,0.05397734244735647,-0.9985401424938571,7.399928569793701,drone3
1743543317.4283638,-0.010031590238213539,0.024164089933037758,-0.018908336758613586,0.0017926453255582636,-0.0010035675825617613,0.05395985150522459,-0.9985410275776758,7.599928855895996,drone3
1743543317.6283722,-0.010290154255926609,0.03368039429187775,-0.02567519247531891,0.0018373163340092238,-0.0009960312403714388,0.05394990484897588,-0.998541449046161,7.7999372482299805,drone3
1743543317.8283577,-0.011569280177354813,0.039964981377124786,-0.03228336572647095,0.0018559244968990374,-0.0009673601881273952,0.0539030797002803,-0.9985440200039202,7.999922752380371,drone3
1743543318.0283487,-0.011917605996131897,0.04377168416976929,-0.04057145118713379,0.0018053668825683152,-0.0009516993411830582,0.05391399573404465,-0.9985435563885865,8.199913740158081,drone3
1743543318.2283602,-0.010638536885380745,0.043277766555547714,-0.047549426555633545,0.0017306161128526729,-0.0009693444238889788,0.05396667929468324,-0.9985407746965849,8.399925231933594,drone3
1743543318.4283462,-0.008583957329392433,0.04121585935354233,-0.05456240475177765,0.001668827392369591,-0.0009769089188570177,0.054036938091150954,-0.9985371079207643,8.599911212921143,drone3
1743543318.628348,-0.00644820649176836,0.03827471658587456,-0.06000073254108429,0.0016130646628272891,-0.0009793552264885307,0.054107407621861225,-0.9985333989980953,8.799913167953491,drone3
1743543318.828342,-0.003988777287304401,0.034121401607990265,-0.06476157903671265,0.0015950141430791257,-0.000991997449464886,0.05415351627413212,-0.9985308701871847,8.99990701675415,drone3
1743543319.0283654,-0.001722942222841084,0.029906950891017914,-0.07041008770465851,0.001586564914144128,-0.001007674533647248,0.05419739114343192,-0.9985284678168196,9.199930429458618,drone3
1743543319.2283823,-0.001074540545232594,0.02511002868413925,-0.07632717490196228,0.001562305410400029,-0.0010119758582601687,0.054186306522273575,-0.9985291843132442,9.39994740486145,drone3
1743543319.428341,-0.002570454031229019,0.0219414159655571,-0.08276775479316711,0.001541155697879235,-0.000977054457193282,0.05417062789462751,-0.9985301115439116,9.599905967712402,drone3
1743543319.6284103,-0.004349089693278074,0.022336024791002274,-0.08864618837833405,0.0015869002161962706,-0.0009307966034322739,0.05415195684073715,-0.9985309966277303,9.799975395202637,drone3
1743543319.8283913,-0.00629613921046257,0.022122424095869064,-0.09365813434123993,0.0016241274902783433,-0.0009219461768353038,0.05411625846004847,-0.9985328932359132,9.999956369400024,drone3
1743543320.0283616,-0.009055279195308685,0.020128240808844566,-0.09832757711410522,0.001589176475288113,-0.0009081120500380474,0.0541052581325871,-0.9985336097323378,10.199926614761353,drone3
1743543320.2283742,-0.012022687122225761,0.018300507217645645,-0.10156307369470596,0.0015840936641393754,-0.0009033178460199332,0.05410403587398027,-0.9985336518791864,10.39993929862976,drone3
1743543320.4283733,-0.012135926634073257,0.017613288015127182,-0.10358509421348572,0.0015760562313170256,-0.0009308129641473942,0.054106311803799934,-0.9985334832917925,10.59993839263916,drone3
1743543320.6284027,-0.008854644373059273,0.018635449931025505,-0.09988580644130707,0.0015789100545218846,-0.0009826616344065008,0.05414917514873546,-0.9985311652151243,10.799967765808105,drone3
1743543320.8283856,-0.005022647324949503,0.01938125118613243,-0.09459838271141052,0.001596387969820357,-0.0011365806286587855,0.054148880120795884,-0.9985309544808818,10.999950647354126,drone3
1743543321.0283802,0.00225646048784256,0.017540857195854187,-0.078688845038414,0.0036111841272619687,-0.013530002382391399,0.04525593723184579,-0.9988772751350958,11.199945211410522,drone3
1743543321.2284024,0.020065568387508392,0.016406254842877388,4.16487455368042e-05,0.00098532054901663,-0.010718071663227094,0.013026200028716572,-0.9998572315098225,11.399967432022095,drone3
1743543321.4283473,0.04860841482877731,0.01414672564715147,0.17102017998695374,-0.001768165579835156,-0.0026977197567351146,-0.02328836758524,-0.999723626000043,11.599912405014038,drone3
1743543321.628374,0.07748181372880936,0.009187418967485428,0.386144757270813,-0.000732176492897298,0.0016760695709600107,-0.04831807436355612,-0.9988303235458547,11.799939155578613,drone3
1743543321.8283443,0.09991971403360367,0.0017054486088454723,0.5870288014411926,0.0016365934908602726,0.0036490720861216824,-0.05519226750253137,-0.9984677342081154,11.999909400939941,drone3
1743543322.0283678,0.11473699659109116,-0.0046829464845359325,0.7660564184188843,0.010167153578092497,0.005500755597548285,-0.05123897740590655,-0.9986195471564516,12.19993281364441,drone3
1743543322.2283604,0.12233816832304001,-0.0019739866256713867,0.9194328188896179,0.009047009705865005,0.00260712996262682,-0.050552868858997735,-0.9986770776046691,12.399925470352173,drone3
1743543322.4284203,0.12602324783802032,0.007331476546823978,1.0466985702514648,0.003077203642236442,-0.0006886804924847062,-0.05483713815697855,-0.9984903249189172,12.599985361099243,drone3
1743543322.6284144,0.1297345757484436,0.01902802102267742,1.1524932384490967,-0.0006605178366008251,-0.00297588722822768,-0.05771408203633216,-0.9983285653143323,12.799979448318481,drone3
1743543322.828489,0.1348802000284195,0.02698860689997673,1.2301764488220215,-0.006050699695355572,-0.0033563860131337452,-0.05180943500050145,-0.9986330762948237,13.000054121017456,drone3
1743543323.0284011,0.14170360565185547,0.028973571956157684,1.3108422756195068,-0.0060946118547381785,-0.0036480595739405305,-0.03527151740700879,-0.9993526072926016,13.199966192245483,drone3
1743543323.2283955,0.15360017120838165,0.022095011547207832,1.4055194854736328,-0.005404200871922558,-0.007027109560952694,-0.010811383139468889,-0.9999023286377292,13.3999605178833,drone3
1743543323.4284227,0.17043255269527435,0.009700043126940727,1.4748985767364502,-0.0008548774985862831,-0.0010263933474490368,0.012365885353096406,-0.99992268556556,13.599987745285034,drone3
1743543323.6284735,0.18751929700374603,-0.0030480429995805025,1.5165119171142578,0.008801507276739331,6.274282799811407e-05,-0.004035307863826942,-0.9999531155901848,13.800038576126099,drone3
1743543323.828404,0.20342083275318146,-0.007307085674256086,1.5403342247009277,0.006422710500098374,-0.00010373952852569538,0.0019080299789367983,-0.9999776029091696,13.999969005584717,drone3
1743543324.0284164,0.2186645120382309,-0.0044898344203829765,1.5600285530090332,0.002750335734243724,0.00017301314240953479,-0.0005901823196980405,-0.9999960632288174,14.199981451034546,drone3
1743543324.2284079,0.2318294644355774,0.0011389298597350717,1.5750617980957031,0.0008217262908813704,-0.001129681520887754,-0.006657389750235165,-0.9999768442658965,14.399972915649414,drone3
1743543324.428422,0.24437175691127777,0.006135903764516115,1.538438320159912,-0.002181681975374079,-0.0015117151775365255,-0.010289141539570501,-0.9999435904024214,14.599987030029297,drone3
1743543324.6284132,0.25738999247550964,0.0070081246085464954,1.4749958515167236,-0.002619163937431865,-0.0021456248731441434,-0.008559603464077414,-0.9999576674498241,14.799978256225586,drone3
1743543324.8284364,0.27028462290763855,0.0033543375320732594,1.4267933368682861,-0.004248001276292696,-0.0019235149944973277,2.7606185774742157e-05,-0.9999891511456617,15.000001430511475,drone3
1743543325.0284278,0.2843356132507324,-0.006696855649352074,1.4000751972198486,0.00047092879965329656,-0.0019173711035101043,0.014997703161510723,-0.9998855963388704,15.199992895126343,drone3
1743543325.228493,0.30153363943099976,-0.01959209330379963,1.3881070613861084,0.0038546551935347063,-0.0018069197716770538,0.031465488399081254,-0.9994958222838417,15.400058031082153,drone3
1743543325.4284105,0.32178187370300293,-0.03043697215616703,1.3784310817718506,0.006547605441670819,-4.301184672207139e-05,0.04425562392928811,-0.9989988266462012,15.5999755859375,drone3
1743543325.6284168,0.34199926257133484,-0.03773783519864082,1.363947868347168,0.005168501783297028,0.0008485667025805555,0.05091777627340516,-0.9986891316033432,15.799981832504272,drone3
1743543325.8283944,0.35916125774383545,-0.04169829934835434,1.3495326042175293,0.002973871835079185,0.0010929967742930409,0.05215900096205106,-0.9986338349380968,15.999959468841553,drone3
1743543326.0283775,0.3718579113483429,-0.04290994629263878,1.3381009101867676,0.0002805066421644958,0.0007771545271457114,0.05072659816855973,-0.9987122280763272,16.199942588806152,drone3
1743543326.228377,0.38142064213752747,-0.04544597864151001,1.3302030563354492,-0.0010114746081368933,-0.0009251974470853668,0.05048303153101541,-0.9987239870470617,16.39994215965271,drone3
1743543326.4284089,0.3906574547290802,-0.05062202364206314,1.3258898258209229,-0.000607084687676003,-0.001829966442232608,0.054669477993602444,-0.9985027160923794,16.599973917007446,drone3
1743543326.6284072,0.4009777903556824,-0.05744043365120888,1.325681447982788,0.0003835852183789105,-0.002955919006292762,0.06384366680266573,-0.9979554814113141,16.79997229576111,drone3
1743543326.8285108,0.41254058480262756,-0.06699348986148834,1.3298850059509277,0.001993818530832617,-0.0023303770035782486,0.07615960814027672,-0.9970910074015071,17.000075817108154,drone3
1743543327.0283656,0.42696213722229004,-0.07372555881738663,1.3348240852355957,0.0028152036030509686,-0.0017539388781930853,0.08904208741557107,-0.9960223740575134,17.199930667877197,drone3
1743543327.228365,0.4420379102230072,-0.07887759804725647,1.3396601676940918,0.0023558938334243243,-0.0012217400853338995,0.1000185176138087,-0.9949819791020219,17.399930000305176,drone3
1743543327.4283593,0.45682042837142944,-0.0845174714922905,1.3442461490631104,0.0015287244355201056,-0.0006759847833466031,0.10808382283855039,-0.9941403908309564,17.599924325942993,drone3
1743543327.6283636,0.47228822112083435,-0.09176429361104965,1.349454402923584,0.001127302353926897,-0.0006477880683639503,0.1132935526361335,-0.993560660929689,17.799928665161133,drone3
1743543327.8284109,0.4798704981803894,-0.09514851123094559,1.3530724048614502,0.001209596092436973,-0.0006845601647139117,0.11510970248531643,-0.9933518232953176,17.99997591972351,drone3
1743543328.0283868,0.4952614903450012,-0.10210765898227692,1.3645052909851074,0.0015546838072754343,0.00016193148470144817,0.11861480299487642,-0.9929391213546989,18.199951887130737,drone3
1743543328.2284045,0.5057488679885864,-0.1071581318974495,1.4214208126068115,0.0022270710031340136,-0.0007584029867686893,0.12049160215906657,-0.9927115283727401,18.399969577789307,drone3
1743543328.4284034,0.5208568572998047,-0.11345651000738144,1.4509425163269043,0.0019184157608950372,-0.0008241361419003971,0.12188531414562476,-0.9925420137480292,18.599968433380127,drone3
1743543328.628408,0.5372598767280579,-0.1215658113360405,1.4365644454956055,0.0017188046231936174,-0.0005731945055700739,0.1231538499921056,-0.9923859861148419,18.799973011016846,drone3
1743543328.8284068,0.5540621876716614,-0.1310260146856308,1.4014391899108887,0.002392247301262366,-0.00029731580551500044,0.12402974579785897,-0.9922755613717433,18.999971866607666,drone3
1743543329.0284278,0.5676357746124268,-0.13965709507465363,1.3678648471832275,0.002590293119827343,0.0003862108353322336,0.12424515834059824,-0.9922481237733627,19.199992895126343,drone3
1743543329.2284987,0.5767040848731995,-0.14607273042201996,1.3472685813903809,0.0026731946537592553,-0.001137349664587503,0.12393563188513418,-0.9922860559370226,19.40006375312805,drone3
1743543329.4283967,0.5837376117706299,-0.1497032195329666,1.3376786708831787,0.0023151121682579924,-0.0019682229843383226,0.12313109069390976,-0.9923858175274478,19.599961757659912,drone3
1743543329.6284053,0.5939174890518188,-0.14984916150569916,1.3297882080078125,0.002227915421829374,-0.0019536587992154196,0.12192897828068205,-0.9925345116089943,19.799970388412476,drone3
1743543329.8286662,0.6057179570198059,-0.14804665744304657,1.3211987018585205,0.001402421649266686,-0.002281566548986239,0.1195347844041722,-0.9928265049754778,20.00023126602173,drone3
1743543330.0283885,0.6193135380744934,-0.1459149867296219,1.3113977909088135,0.0013147900576676403,-0.0017698090393933833,0.11512302088944587,-0.9933488730159218,20.19995355606079,drone3
1743543330.228384,0.6347745060920715,-0.14474783837795258,1.3029234409332275,0.0010700686931977104,-0.0012607824212673103,0.10869448852662472,-0.9940738409571577,20.399949073791504,drone3
1743543330.4283805,0.649802029132843,-0.14508338272571564,1.2959740161895752,0.0016546109393264158,-0.0005117574890132851,0.10030882510635164,-0.994954836531581,20.599945545196533,drone3
1743543330.6283715,0.6649238467216492,-0.14453169703483582,1.291961669921875,0.0020059262420431645,-0.0005003095982407032,0.09032950505018478,-0.9959098419719892,20.799936532974243,drone3
1743543330.828457,0.6791257858276367,-0.14402134716510773,1.2899444103240967,0.001725494406418931,-0.00045617958410305,0.07949658487112671,-0.996833532303954,21.000022172927856,drone3
1743543331.0283618,0.6929845809936523,-0.1453833132982254,1.2879538536071777,0.0008078262993435529,-0.0011612986645960846,0.06949058585985235,-0.9975816388650223,21.19992685317993,drone3
1743543331.2283776,0.7070673108100891,-0.1487690806388855,1.286161184310913,0.002421220131527197,-0.0007588261016150643,0.06152280844256486,-0.9981024896189199,21.399942636489868,drone3
1743543331.4283845,0.7232200503349304,-0.15048789978027344,1.2873239517211914,0.002286319141223366,-0.0011553138121075366,0.05486512366439,-0.9984904935063112,21.599949598312378,drone3
1743543331.6283622,0.7390919327735901,-0.15059347450733185,1.289093255996704,0.00348059672696252,-0.00027071711051951034,0.04842786690392714,-0.9988205876238486,21.799927234649658,drone3
1743543331.8283725,0.7545875906944275,-0.1487397998571396,1.289792776107788,0.0033442903615196226,-0.00020747230697024617,0.040235531077773556,-0.9991846521012857,21.999937534332275,drone3
1743543332.0283482,0.769304633140564,-0.14547069370746613,1.2921483516693115,0.002763167062391448,2.9720525235636847e-05,0.029046343588252976,-0.9995742997157689,22.199913263320923,drone3
1743543332.2283518,0.7814815640449524,-0.14103581011295319,1.2964000701904297,0.0019340563164367288,-0.00030725908672296116,0.015336648117235285,-0.999880454423352,22.399916887283325,drone3
1743543332.4283578,0.7928621768951416,-0.13384616374969482,1.3025751113891602,0.0013413547758824246,-0.0008252217525217987,0.00042875988990143105,-0.9999986763334251,22.59992289543152,drone3
1743543332.628348,0.8037975430488586,-0.12327750772237778,1.309354305267334,0.0005582714342699512,-0.0012774404795226101,-0.01434741943583595,-0.9998960909041495,22.79991316795349,drone3
1743543332.828423,0.8093306422233582,-0.11690019071102142,1.3137857913970947,-1.2234357551177037e-05,-0.0014670131763346583,-0.02122329844875165,-0.9997737386029225,22.999988079071045,drone3
1743543333.0283678,0.8222458958625793,-0.10482166707515717,1.3310189247131348,-0.0005530972089115739,-0.0011614099174588953,-0.03683714638864305,-0.9993204492471878,23.19993281364441,drone3
1743543333.2283542,0.8295829892158508,-0.10006620734930038,1.378523826599121,-0.00048346748708516366,-0.0022789861246497616,-0.04475367323814128,-0.9989953284577747,23.399919271469116,drone3
1743543333.428342,0.8396334648132324,-0.09951642900705338,1.4238333702087402,0.0006009029303796909,-0.0022544008471693695,-0.05058359391156214,-0.9987171592576028,23.599907159805298,drone3
1743543333.6283386,0.8514519333839417,-0.09901508688926697,1.4191265106201172,0.001750329334006404,-0.0020052703111335776,-0.055009603061085155,-0.9984823170177002,23.799903631210327,drone3
1743543333.828344,0.8631139993667603,-0.09921042621135712,1.383470058441162,0.002383186593172202,-0.0014449895958312856,-0.058314042424884804,-0.9982944685138871,23.999909162521362,drone3
1743543334.0283823,0.873550295829773,-0.09970000386238098,1.3424625396728516,0.002915406500614676,-0.0015516823260440576,-0.06087286189167823,-0.9981401267546403,24.199947357177734,drone3
1743543334.228415,0.8814035058021545,-0.09851130098104477,1.312652587890625,0.001394188124527338,-0.0017059625010896974,-0.06289704858511086,-0.9980176058660191,24.399980068206787,drone3
1743543334.4284046,0.8871586918830872,-0.09556767344474792,1.297071933746338,0.0010440180204202144,-0.002140207006897451,-0.06351066455258103,-0.9979783671500555,24.599969625473022,drone3
1743543334.6284134,0.8910266160964966,-0.0931648463010788,1.2872626781463623,0.0021380147533895375,-0.0026217648383866235,-0.06276133573290588,-0.9980229163689314,24.799978494644165,drone3
1743543334.8284466,0.8956311345100403,-0.09124767780303955,1.275514841079712,0.0022581117043129493,-0.003230101748444613,-0.06292351680597574,-0.9980106094891663,25.000011682510376,drone3
1743543335.0284715,0.9025565981864929,-0.08891785144805908,1.2612104415893555,0.0020289613057517743,-0.003441472762379271,-0.0657925370778093,-0.9978254162368094,25.20003652572632,drone3
1743543335.2284374,0.9109768867492676,-0.08532528579235077,1.2492599487304688,0.0017821764023558382,-0.003022063834060015,-0.07105385461796976,-0.997466282940648,25.400002479553223,drone3
1743543335.4284434,0.9228968024253845,-0.0788801833987236,1.2375130653381348,0.0011941265732517328,-0.0025840888073813914,-0.0777621156143577,-0.9969678543101582,25.600008487701416,drone3
1743543335.6284301,0.9371923804283142,-0.07205501943826675,1.2306067943572998,0.000663442391601875,-0.0017117835920806717,-0.08418744481669205,-0.9964483101085644,25.799995183944702,drone3
1743543335.8284106,0.9512583017349243,-0.06398975104093552,1.22566819190979,-0.00020395384772069777,-0.0006700890607412962,-0.08932021446889421,-0.9960027757729558,25.99997568130493,drone3
1743543336.0284083,0.9646416902542114,-0.05580497905611992,1.221304178237915,-0.0005646187743509823,-0.0003924697246540451,-0.09217174379859583,-0.9957428561581891,26.199973344802856,drone3
1743543336.2284167,0.9774428606033325,-0.04938987269997597,1.2174277305603027,-0.00045009618660272777,-0.00028652642838111487,-0.0924598596550163,-0.9957163036436272,26.39998173713684,drone3
1743543336.4284003,0.9908022284507751,-0.0478643961250782,1.2128355503082275,0.00021089542132286544,-0.0007230419455041628,-0.09094135085001731,-0.9958559361527437,26.5999653339386,drone3
1743543336.628411,1.005481481552124,-0.04890286549925804,1.209672212600708,0.001164647980804776,-0.0009012471351326362,-0.08894620333520853,-0.9960353974337033,26.799976110458374,drone3
1743543336.8284051,1.019779086112976,-0.048884257674217224,1.2110276222229004,0.00201424374149706,-0.0008196352783015443,-0.08746988352556895,-0.9961648725523287,26.999970197677612,drone3
1743543337.0284584,1.0334964990615845,-0.048752136528491974,1.2154486179351807,0.0025506694845987975,-0.0013153677452576325,-0.08687632945799006,-0.9962149851552082,27.200023412704468,drone3
1743543337.2284238,1.04835045337677,-0.04668671637773514,1.2218449115753174,0.0024167184447477313,-0.0013067669481882194,-0.08748762734879206,-0.9961618801260844,27.399988889694214,drone3
1743543337.428362,1.0678435564041138,-0.044727351516485214,1.2292394638061523,0.0019565453644301545,-0.0008028573752355416,-0.08936501656886131,-0.9959966644799216,27.599926948547363,drone3
1743543337.6284041,1.0881484746932983,-0.0450025275349617,1.2370400428771973,0.0017044195415973832,-2.456387478381605e-05,-0.09190065526897373,-0.9957667112744464,27.79996919631958,drone3
1743543337.8284235,1.1007757186889648,-0.04630141332745552,1.243797779083252,0.0018188376162742695,0.00022390933093542942,-0.09361801290524713,-0.9956065111032564,27.999988555908203,drone3
1743543338.0284228,1.1174687147140503,-0.04896222800016403,1.2531726360321045,0.0021519452746391523,-0.0010140209476501845,-0.09558032802506583,-0.9954189154805344,28.19998788833618,drone3
1743543338.2283974,1.1346038579940796,-0.046841636300086975,1.266505479812622,0.0026829039047127127,0.00046303433272773325,-0.09703477362032831,-0.9952773442163863,28.399962425231934,drone3
1743543338.4283574,1.1522774696350098,-0.042292073369026184,1.2858989238739014,0.001984624632115713,6.13083534236071e-05,-0.09833365519773707,-0.9951515780204296,28.59992241859436,drone3
1743543338.62848,1.1687132120132446,-0.03825908154249191,1.3057255744934082,0.001370154367782626,-0.0003066505915975784,-0.09967131187577577,-0.9950194897971967,28.800045013427734,drone3
1743543338.8285928,1.1839513778686523,-0.03355453908443451,1.323218584060669,0.0011361725162796039,5.481576311940551e-05,-0.10111323985703047,-0.9948743360509251,29.000157833099365,drone3
1743543339.028392,1.1978031396865845,-0.02913537062704563,1.3379113674163818,0.0007734517577520085,-0.00012564226611184464,-0.10240369206473698,-0.994742669296177,29.199957132339478,drone3
1743543339.2284038,1.2129334211349487,-0.025072993710637093,1.3529386520385742,0.0008018731753236159,-0.0006802908875520729,-0.10307976966170024,-0.9946725790871034,29.39996886253357,drone3
1743543339.4283822,1.2291772365570068,-0.018689177930355072,1.3703553676605225,0.0010717967860149756,-0.0004899834968784271,-0.10292395276275557,-0.994688552742689,29.599947214126587,drone3
1743543339.628417,1.2437705993652344,-0.010892326012253761,1.3911373615264893,0.0006952162791928598,-0.0005083063247806413,-0.1020448959433638,-0.994779463494927,29.79998207092285,drone3
1743543339.8284044,1.254709005355835,-0.0036432575434446335,1.4147589206695557,0.00035089934954196005,-0.0007276598242302641,-0.10040196964156056,-0.9949466600429697,29.999969482421875,drone3
1743543340.028398,1.2641375064849854,0.005070795770734549,1.4367594718933105,1.2710197117355625e-05,-0.0011530038849277145,-0.09815587979071799,-0.9951703755148655,30.199963092803955,drone3
1743543340.2283733,1.2736432552337646,0.011309586465358734,1.4548430442810059,-0.0004880835548138656,-0.0014616392061953245,-0.0955472848958333,-0.9954238045149617,30.399938344955444,drone3
1743543340.428372,1.2855925559997559,0.012339175678789616,1.4711425304412842,-0.00017002491438637243,-0.001589924581849057,-0.09203619953378472,-0.9957544043946811,30.599936962127686,drone3
1743543340.6283898,1.3000434637069702,0.009895450435578823,1.4895448684692383,0.0010169213834586319,-0.0017264871211055608,-0.0874515917933153,-0.9961668113073601,30.799954891204834,drone3
1743543340.8283842,1.3178634643554688,0.006022004876285791,1.5100882053375244,0.0020591079916020814,-0.0009022899403610275,-0.0814079023042471,-0.9966783897545853,30.99994921684265,drone3
1743543341.0283911,1.334046721458435,0.003097055945545435,1.530148983001709,0.002682540799734622,-0.00025036125282356644,-0.07530461717138454,-0.9971570093662752,31.19995617866516,drone3
1743543341.228408,1.349719762802124,0.003960931207984686,1.5505516529083252,0.0028494652042594143,-0.00015961530134869098,-0.06968433492245674,-0.9975649908598605,31.399973154067993,drone3
1743543341.4283857,1.364082932472229,0.007449710741639137,1.5666706562042236,0.002097420629351372,-2.4844250108091045e-05,-0.0652037877509607,-0.9978697968682915,31.599950790405273,drone3
1743543341.6283824,1.3778492212295532,0.010634872131049633,1.579965591430664,0.0009792543868608684,-0.0004606037890052487,-0.06205200427246749,-0.9980723967690832,31.799947500228882,drone3
1743543341.8283596,1.392369031906128,0.010469235479831696,1.5916950702667236,0.0007066381857542075,-0.000665424232422168,-0.05982846298557831,-0.9982082360618338,31.999924659729004,drone3
1743543342.0283792,1.4065226316452026,0.010497497394680977,1.6043777465820312,0.0008436267441412675,-0.0006223214834059818,-0.05760698689426602,-0.9983388069985206,32.199944257736206,drone3
1743543342.2283607,1.4224470853805542,0.010629678145051003,1.6209607124328613,0.0010340962036473034,-0.0007124612961100494,-0.05467162748287635,-0.9985036011761983,32.39992570877075,drone3
1743543342.4283507,1.4394935369491577,0.01151242945343256,1.6382248401641846,0.0011230431555829814,-0.00026938845581561715,-0.050405902798240254,-0.9987282017319128,32.599915742874146,drone3
1743543342.6283724,1.4557679891586304,0.014244578778743744,1.654308795928955,0.0010977137228085688,-0.00012636905229447033,-0.04495677890111521,-0.9989883742277705,32.79993748664856,drone3
1743543342.828413,1.4668875932693481,0.017672104761004448,1.6650059223175049,0.0009137081966308787,-6.127715487741096e-05,-0.04079473546381601,-0.9991672033060022,32.99997806549072,drone3
1743543343.0283473,1.4822276830673218,0.024427684023976326,1.6813690662384033,0.00012597828844717327,-0.0009923859495655585,-0.03533532773565434,-0.9993750294160093,33.199912309646606,drone3
1743543343.2283695,1.4997998476028442,0.031119128689169884,1.7049989700317383,-0.0007281163190513952,0.0003583714836427504,-0.029290331694282357,-0.9995706329399485,33.39993453025818,drone3
1743543343.4283512,1.5125335454940796,0.03305802121758461,1.7246711254119873,-0.0007060066029843324,-0.00036809249578939016,-0.022284513947407436,-0.9997513586263631,33.599916219711304,drone3
1743543343.6283467,1.5251680612564087,0.030495991930365562,1.746995210647583,0.00013434799813283086,-0.000784129048552541,-0.016079697056482156,-0.9998704234734065,33.79991173744202,drone3
1743543343.828354,1.5394463539123535,0.02636752650141716,1.7625212669372559,0.0010566984145398547,-0.001027458305240045,-0.009865607858884462,-0.9999502917513347,33.999918937683105,drone3
1743543344.0283573,1.5525786876678467,0.01964263804256916,1.7730193138122559,0.0020247600799040634,-0.0009346605721738272,-0.0035435805822503497,-0.9999912584880872,34.19992232322693,drone3
1743543344.2283797,1.5665611028671265,0.012764833867549896,1.7818586826324463,0.003092537027924181,-0.0011604609548228949,0.0020958363359013243,-0.9999923543061484,34.39994478225708,drone3
1743543344.4284244,1.58387291431427,0.008757933042943478,1.792665958404541,0.003321132396942222,-0.0008260704105974303,0.006232423076700022,-0.9999747790703194,34.59998941421509,drone3
1743543344.6285532,1.6027882099151611,0.006424709223210812,1.8061103820800781,0.002538819799358278,-0.00035947211731062465,0.008591550775248813,-0.9999598590859465,34.80011820793152,drone3
1743543344.8284028,1.6204860210418701,0.004295034799724817,1.8194360733032227,0.002107233107156437,0.00021765291115539723,0.009415858838424829,-0.9999534527649729,34.99996781349182,drone3
1743543345.0283966,1.6412949562072754,0.0013735995162278414,1.8351068496704102,0.0015348376218696522,0.0008160174405699728,0.009202469344414155,-0.9999561923101261,35.19996166229248,drone3
1743543345.2283974,1.6606364250183105,-0.00012960386811755598,1.849684476852417,0.0012561510989725782,0.0011595332251025166,0.00861367787071704,-0.9999615028130384,35.399962425231934,drone3
1743543345.4283988,1.6780362129211426,-0.0001516511256340891,1.8658676147460938,0.0008948104645180716,0.0009672517906725238,0.00846022119528883,-0.9999633994212216,35.599963903427124,drone3
1743543345.6283813,1.6921920776367188,-0.0010153980692848563,1.8818111419677734,0.0009611795832839689,0.00040645774507113813,0.009120409430363519,-0.999957920330915,35.799946308135986,drone3
1743543345.8283632,1.7045583724975586,-0.0021561216562986374,1.896679401397705,0.0009852832177748346,-0.00026405177575905585,0.010179011824411555,-0.999947762940424,35.99992823600769,drone3
1743543346.0283675,1.719001293182373,-0.0024393973872065544,1.9094195365905762,0.0010997826021189405,-0.0007214080760003478,0.011252702790226665,-0.9999358353822954,36.19993257522583,drone3
1743543346.2283518,1.733951210975647,-0.001979595050215721,1.9205193519592285,0.0010988808694718693,-0.00041840337201453785,0.012066516288123497,-0.9999265209287744,36.399916887283325,drone3
1743543346.4283597,1.7501283884048462,-0.0015526148490607738,1.9307260513305664,0.0010730737861340109,5.1448666209115156e-05,0.012518878413190881,-0.9999210839853165,36.59992480278015,drone3
1743543346.6283448,1.765135407447815,-0.0029246662743389606,1.9390125274658203,0.0011106940054921904,0.0004040752545183516,0.012611938654703059,-0.9999198195798613,36.799909830093384,drone3
1743543346.828348,1.7784925699234009,-0.006050460506230593,1.9466345310211182,0.0014593605187207363,0.0006724873357828849,0.01240394395730171,-0.9999218004817412,36.99991297721863,drone3
1743543347.0283647,1.7880356311798096,-0.011544497683644295,1.9555284976959229,0.0021303481840227573,0.00043126976765743433,0.012073301930733749,-0.9999247929079855,37.19992971420288,drone3
1743543347.2285316,1.7936255931854248,-0.01801540143787861,1.9662141799926758,0.003010808032488731,-0.00046367674289514335,0.011793699737712438,-0.9999258044323498,37.40009665489197,drone3
1743543347.4283962,1.7988570928573608,-0.025576718151569366,1.9806344509124756,0.0037453708848878644,-0.0013459549150657212,0.011611962526933473,-0.9999247086142885,37.599961280822754,drone3
1743543347.6284022,1.8060197830200195,-0.02861975133419037,1.99393892288208,0.004073858236143773,-0.0019670561463677495,0.011677711610610542,-0.9999215897474987,37.79996728897095,drone3
1743543347.828392,1.8140140771865845,-0.025483792647719383,2.003324508666992,0.0032544558356437966,-0.0018687497746689783,0.011885031958435599,-0.9999223905376204,37.99995708465576,drone3
1743543348.0284002,1.8273158073425293,-0.017093600705266,2.0130105018615723,0.0010538564850089498,-0.0011882709035290827,0.012283488264257625,-0.9999233177682876,38.19996523857117,drone3
1743543348.228367,1.84011971950531,-0.005001930054277182,2.0448241233825684,-0.00039228110953240265,0.000363941436370409,0.012456753958485833,-0.999922348390772,38.39993214607239,drone3
1743543348.4283378,1.852753758430481,0.0033404782880097628,2.0663340091705322,-0.0018477310507667255,0.0010428107848599825,0.012478670319711505,-0.9999199038735582,38.599902868270874,drone3
1743543348.628349,1.8653560876846313,0.008291625417768955,2.071054458618164,-0.001966478191243931,0.001204681971579865,0.01239854916069233,-0.9999204517825888,38.79991412162781,drone3
1743543348.8283389,1.8752367496490479,0.007428447250276804,2.064115524291992,-0.0006985478558586165,0.0009356105843652617,0.012199194567235783,-0.999924919348531,38.99990391731262,drone3
1743543349.0283403,1.8799771070480347,0.0011062186677008867,2.053295135498047,0.0008381305419673976,0.0004796266497195739,0.011951455391688737,-0.999928122509018,39.19990539550781,drone3
1743543349.2283597,1.8802233934402466,-0.009386916644871235,2.0463736057281494,0.0027098451251704055,-0.000738138831395482,0.01178586042388946,-0.99992664736932,39.399924755096436,drone3
1743543349.4283454,1.8780734539031982,-0.01963050104677677,2.046018123626709,0.004293688377760564,-0.0022029730485894155,0.011786661214011118,-0.9999189344960425,39.599910497665405,drone3
1743543349.6283398,1.8789759874343872,-0.02538047917187214,2.047863006591797,0.004655972233166145,-0.003250519056574955,0.011912005941482562,-0.9999129496435539,39.79990482330322,drone3
1743543349.8283665,1.8851070404052734,-0.02660323865711689,2.0515055656433105,0.0037654081716780637,-0.0029090655401833123,0.012177952555586347,-0.9999145512237974,39.9999315738678,drone3
1743543350.0283792,1.8928927183151245,-0.026144854724407196,2.0560860633850098,0.0023844026161857035,-0.0020573543081567128,0.012411024627851597,-0.9999180915590723,40.199944257736206,drone3
1743543350.2284076,1.8998268842697144,-0.024233218282461166,2.061384916305542,0.0013294775398150327,-0.0011900199051344635,0.012462317342489315,-0.9999207468105284,40.399972677230835,drone3
1743543350.4283442,1.905403971672058,-0.02077125757932663,2.0665998458862305,0.00038491930607499153,-0.0008308043166340323,0.012348731585752504,-0.9999234020619847,40.59990930557251,drone3
1743543350.6283886,1.9107704162597656,-0.019461827352643013,2.070864677429199,0.00015755409819786227,-0.0010188435514002115,0.012180186338557386,-0.9999252986701677,40.79995369911194,drone3
1743543350.8283432,1.9149084091186523,-0.020846141502261162,2.072833299636841,0.0008449227494432152,-0.0014662372256886139,0.012087926887166978,-0.9999255094044102,40.999908208847046,drone3
1743543351.0283706,1.918021321296692,-0.02245384268462658,2.074812650680542,0.0015599984158012306,-0.0017687211547354627,0.012030101411010075,-0.999924919348531,41.19993567466736,drone3
1743543351.228362,1.9218100309371948,-0.024219950661063194,2.0781681537628174,0.0019036044260762471,-0.0020801199757127585,0.0120998544452956,-0.9999228541529539,41.39992713928223,drone3
1743543351.4284854,1.9290976524353027,-0.02313658967614174,2.082174777984619,0.0023054677324898035,-0.002102942144329638,0.01216636217224576,-0.9999211682790137,41.60005044937134,drone3
1743543351.6283693,1.9396809339523315,-0.0184683408588171,2.088911771774292,0.0016478349028483115,-0.0016534783501719191,0.012199995357357551,-0.999922854152954,41.79993438720703,drone3
1743543351.8283515,1.9512194395065308,-0.014310960657894611,2.098606824874878,0.0008086448933189345,-0.0008688191044776335,0.012229456004466621,-0.9999244978800459,41.999916553497314,drone3
1743543352.028364,1.9622859954833984,-0.013516873121261597,2.107875347137451,0.00040587583766536387,-0.0004060934886549468,0.012276997649586896,-0.999924497880046,42.199928998947144,drone3
1743543352.2283545,1.9738996028900146,-0.015000087209045887,2.1128644943237305,0.0009244466703322323,-6.405250838769961e-06,0.01230506745069515,-0.9999239078241668,42.399919509887695,drone3
1743543352.4283605,1.9857914447784424,-0.014883087947964668,2.1145548820495605,0.001555416108768318,-0.00010099175156613747,0.0122783042018908,-0.9999234442088332,42.59992551803589,drone3
1743543352.628354,1.9975159168243408,-0.011216208338737488,2.1176013946533203,0.0015311850459151573,-0.00021930215355745548,0.012174370073462837,-0.9999247086142885,42.79991912841797,drone3
1743543352.828425,2.005845785140991,-0.00769760413095355,2.12233567237854,0.0012433447492122447,-0.0002614332381591897,0.012093953886504083,-0.999926057313441,42.99998998641968,drone3
1743543353.028377,2.012014865875244,-0.0047950237058103085,2.1265342235565186,0.0007426827885006838,-0.00025906614108427747,0.01208451299243768,-0.99992664736932,43.199942111968994,drone3
1743543353.2283745,2.0219099521636963,-0.0014813938178122044,2.135253667831421,0.0005099895439636569,-0.000998690154981448,0.012103268340025009,-0.9999261837539863,43.39993953704834,drone3
1743543353.4283953,2.0305347442626953,-0.00021965670748613775,2.1424808502197266,0.0007155614972790821,-0.0012862215119920533,0.012147101062476295,-0.9999251722296221,43.59996032714844,drone3
1743543353.6284168,2.040640354156494,-7.014629227342084e-05,2.149014472961426,0.0009332261387584673,-0.0013182239351068228,0.012197592986992356,-0.9999243292926518,43.79998183250427,drone3
1743543353.8283925,2.050511360168457,-0.0022066973615437746,2.1575870513916016,0.0013350532560933584,-0.0011709099467642039,0.012238896898533025,-0.9999235706493786,43.99995756149292,drone3
1743543354.0283968,2.0600781440734863,-0.004200940951704979,2.165809392929077,0.0016250216085045436,-0.0010092929067756129,0.012287281480623524,-0.9999227277124085,44.19996190071106,drone3
1743543354.228389,2.0696797370910645,-0.004188335034996271,2.173776626586914,0.001856953472692763,-0.0010495956042894806,0.01228900950141254,-0.9999222640970749,44.399954080581665,drone3
1743543354.4283764,2.0790581703186035,-0.0006602602661587298,2.182682514190674,0.0017087020359532724,-0.0011995306100636288,0.01227800917395111,-0.9999224748313175,44.59994149208069,drone3
1743543354.6283848,2.090357542037964,0.005258362740278244,2.191387176513672,0.0010720193020303612,-0.0011315331834080755,0.012228149452162829,-0.9999240342647123,44.79994988441467,drone3
1743543354.828357,2.1022307872772217,0.011225012131035328,2.1992642879486084,0.00010590325882485694,-0.0008958868297918532,0.012180312779102975,-0.9999254251107133,44.999922037124634,drone3
1743543355.0283527,2.1129510402679443,0.013616346754133701,2.207327365875244,-0.0005160956355249784,-0.0006802210921239913,0.012143602874049864,-0.9999259730197438,45.199917793273926,drone3
1743543355.2283611,2.1243133544921875,0.01151756290346384,2.214069128036499,-5.3198213171545616e-05,-0.0006370656672644849,0.012157511334058513,-0.9999258887260467,45.39992618560791,drone3
1743543355.4283552,2.1365115642547607,0.008267357014119625,2.2204108238220215,7.280678748716938e-05,-0.0006914235773146485,0.012185834016257835,-0.9999255515512586,45.59992027282715,drone3
1743543355.6283512,2.146470546722412,0.002877236111089587,2.228032350540161,-0.0030448372498037926,-0.0005303975913117299,0.015660251620101873,-0.9998726151095291,45.79991626739502,drone3
1743543355.8283842,2.156029462814331,-0.007922410033643246,2.2354397773742676,-0.0010564120698696366,-0.0012106395819341533,0.02790825223791321,-0.9996092394531845,45.99994921684265,drone3
1743543356.0283716,2.166836977005005,-0.02189701236784458,2.2410993576049805,0.004242605738820849,-0.0014886168935551627,0.04723831425155561,-0.9988736083592753,46.199936628341675,drone3
1743543356.2283473,2.1764018535614014,-0.03111303225159645,2.24520206451416,0.005599394698859707,-0.0015182932963087074,0.06637694527926152,-0.9977777902979921,46.39991235733032,drone3
1743543356.4283643,2.1841073036193848,-0.03254896029829979,2.249354124069214,0.004506732876767095,-0.0016902769690160778,0.08016212575596227,-0.9967702698843391,46.599929332733154,drone3
1743543356.628344,2.1917240619659424,-0.030118951573967934,2.2532618045806885,0.00275365665072038,-0.0022101535297912416,0.0865731250298028,-0.9962392617399504,46.79990911483765,drone3
1743543356.828372,2.202185869216919,-0.02480156533420086,2.2578275203704834,0.0008870350037879194,-0.002294864702872059,0.08631274179970255,-0.9962650556112391,46.99993705749512,drone3
1743543357.0284107,2.2160305976867676,-0.021778196096420288,2.2630984783172607,-0.0005537597870046755,-0.0015992932006557569,0.08148338730993027,-0.9966732056922185,47.19997572898865,drone3
1743543357.2284286,2.229691743850708,-0.02210327610373497,2.269385576248169,-0.0006607618273410408,-0.0011001542475960004,0.07494788624558846,-0.9971865964539297,47.399993658065796,drone3
1743543357.42839,2.238962173461914,-0.022934790700674057,2.2729837894439697,-0.00019557528884322283,-0.0009219880767296249,0.0708159778049744,-0.9974889579451469,47.5999550819397,drone3
1743543357.628369,2.253744602203369,-0.025499766692519188,2.2778077125549316,0.000729211656066615,-0.0007790156228015058,0.06692455928196361,-0.9977574333701613,47.79993414878845,drone3
1743543357.8283536,2.268805980682373,-0.027902621775865555,2.2830634117126465,0.001560187675318967,-0.0005186787917921809,0.06567347223076625,-0.9978397883121516,47.999918699264526,drone3
1743543358.0283601,2.2774441242218018,-0.02889551967382431,2.286289691925049,0.0018537972746611574,-0.0004728212096149313,0.0659291771606818,-0.9978225502511107,48.19992518424988,drone3
1743543358.2283847,2.2909951210021973,-0.02943013422191143,2.29703426361084,0.001955381304694222,-0.0008840008422853402,0.06684995936009924,-0.9977607208243452,48.39994978904724,drone3
1743543358.428375,2.3049890995025635,-0.027174342423677444,2.301175355911255,0.0007959197811975122,-0.0008262985885521313,0.06738737382546173,-0.9977262868491117,48.599940061569214,drone3
1743543358.628385,2.3209662437438965,-0.0264317374676466,2.30594801902771,-0.0006888361353632722,-0.0009854321105720687,0.0683352143016232,-0.9976617600240415,48.79995012283325,drone3
1743543358.828384,2.335848569869995,-0.02840004302561283,2.311316967010498,-0.0005414969474034651,-0.0006769325523706829,0.07025748991535663,-0.9975285338358986,48.99994897842407,drone3
1743543359.028527,2.351790428161621,-0.03304686024785042,2.3170669078826904,-0.000820314628700086,0.000280224208888633,0.07486532056935558,-0.997193297802843,49.20009207725525,drone3
1743543359.2284827,2.364997625350952,-0.04064451903104782,2.322004556655884,0.00010225222762026841,0.00012526788227295985,0.08247746287890811,-0.9965928737989569,49.40004777908325,drone3
1743543359.4283946,2.378538131713867,-0.05075863376259804,2.327924966812134,0.003685320927701011,-0.0002303560700781411,0.09158800994672006,-0.9957902292159153,49.5999596118927,drone3
1743543359.6283827,2.390404462814331,-0.058132290840148926,2.33663010597229,0.004948826152685418,-0.00044017065522721416,0.09823524230646424,-0.995150861524005,49.79994773864746,drone3
1743543359.8284035,2.401198625564575,-0.06142956018447876,2.3482306003570557,0.003783193812477401,-0.0009733072154657681,0.10001333355144176,-0.9949784809135955,49.99996852874756,drone3
1743543360.028391,2.410310745239258,-0.06368322670459747,2.3591675758361816,0.002726974197095285,-0.0012206168553574712,0.09628603485653237,-0.9953492888867943,50.19995594024658,drone3
1743543360.2284124,2.418440103530884,-0.06613153964281082,2.3662304878234863,0.0019731013482867142,-0.0017576840105202251,0.08835307073611492,-0.9960857629176737,50.39997744560242,drone3
1743543360.4283957,2.4262216091156006,-0.06872222572565079,2.3690757751464844,0.00015170165431444688,-0.006437932427128023,0.07847384944516128,-0.996895403877568,50.599960803985596,drone3
1743543360.6283853,2.437511682510376,-0.0708603784441948,2.371546506881714,-0.0003714526882721043,-0.006187862004022729,0.07106810025276661,-0.9974522058932453,50.79995036125183,drone3
1743543360.8283927,2.455427646636963,-0.07212753593921661,2.3715062141418457,0.0004868232652618371,-0.00476015249260375,0.0679737207819453,-0.9976757106308987,50.9999577999115,drone3
1743543361.0283856,2.479773998260498,-0.07204122096300125,2.3716368675231934,0.002835322205296379,-0.0028482962202310866,0.06728630568273264,-0.9977256967932326,51.19995069503784,drone3
1743543361.228378,2.50555682182312,-0.06850734353065491,2.3707783222198486,0.002446151885736851,-0.0010354767804696206,0.06610859629479277,-0.9978089368190417,51.399943113327026,drone3
1743543361.428388,2.530374050140381,-0.06232697516679764,2.3678815364837646,0.0010861354813824322,0.00011996392493285613,0.06253079247155136,-0.9980424725066406,51.599953174591064,drone3
1743543361.6283689,2.5533828735351562,-0.05904471129179001,2.364133834838867,3.606254551194144e-05,0.00018374090447287575,0.056241007534028165,-0.9984172844304479,51.79993391036987,drone3
1743543361.8283792,2.5733642578125,-0.06112014129757881,2.3631293773651123,-6.914593856665175e-06,-0.0003669586570725333,0.04869887113985222,-0.9988135069532988,51.99994421005249,drone3
1743543362.0284445,2.5916881561279297,-0.062470175325870514,2.361044406890869,0.0008133872292397247,-0.0006646727842622158,0.041459812733318,-0.9991396392670759,52.20000958442688,drone3
1743543362.2283738,2.6095926761627197,-0.06010926887392998,2.3580784797668457,0.0010883710856406659,-0.0013131900929161098,0.03601776950674285,-0.9993497413069028,52.3999388217926,drone3
1743543362.4283676,2.6289796829223633,-0.05318199098110199,2.35247802734375,0.0008592633587056566,-0.0017178973958156955,0.03276074534751805,-0.9994614304554568,52.59993267059326,drone3
1743543362.6283715,2.650491714477539,-0.04562631994485855,2.346280097961426,-0.0015788852099012283,-0.0017138686108763785,0.03168317687164002,-0.999495274374811,52.79993653297424,drone3
1743543362.8284233,2.6728155612945557,-0.03870800510048866,2.3408360481262207,-0.0018462582365541393,-0.0015203902049197005,0.03299554544057215,-0.999452621764118,52.999988317489624,drone3
1743543363.0283794,2.6924397945404053,-0.03474634885787964,2.3348073959350586,-0.0005329553421665836,-0.0005093534259829789,0.03572619760874446,-0.9993613738370919,53.199944496154785,drone3
1743543363.228418,2.715620994567871,-0.030569419264793396,2.3428874015808105,-0.00015357506938293216,-0.0005697738401799629,0.03890811608392297,-0.9992426040179881,53.399983167648315,drone3
1743543363.4283571,2.7357687950134277,-0.03229112923145294,2.356461524963379,0.0013557551274794486,-0.0005576363915689765,0.04074879539893922,-0.9991683834177605,53.59992218017578,drone3
1743543363.6284404,2.752146005630493,-0.035152681171894073,2.3574094772338867,0.0017746366851249054,-0.0007557366223739252,0.04056229559427854,-0.9991751690603707,53.8000054359436,drone3
1743543363.8283577,2.768352746963501,-0.03645821660757065,2.3442211151123047,0.0017533158333501,-0.0022681431687463153,0.038832883959331044,-0.9992416346404724,53.99992275238037,drone3
1743543364.0283568,2.787635564804077,-0.03677855059504509,2.3245768547058105,0.0014405978242462197,-0.0020983169701651603,0.03648564167206231,-0.9993309859593155,54.19992184638977,drone3
1743543364.2283535,2.810434103012085,-0.035713080316782,2.3067433834075928,0.001247323325277705,-0.0016435458069694701,0.03429000159888723,-0.9994098427128795,54.39991855621338,drone3
1743543364.4283507,2.8334367275238037,-0.036130115389823914,2.2938783168792725,-0.0014968136118303798,-0.0008486089523265288,0.0334484976215188,-0.999439008332049,54.599915742874146,drone3
1743543364.6283765,2.853752613067627,-0.038027625530958176,2.2834067344665527,-0.0010400072168327695,-0.0006603724834802091,0.03583013173717231,-0.9993571591522408,54.799941539764404,drone3
1743543364.8285215,2.8723440170288086,-0.041251376271247864,2.2716829776763916,0.00021230030255354335,-0.0010986470450123848,0.04149209721927738,-0.9991382062742267,55.000086545944214,drone3
1743543365.0283554,2.8896241188049316,-0.044838473200798035,2.259477376937866,0.0027424483466716118,-0.0010009168585990672,0.048256244936790704,-0.9988307028674912,55.199920415878296,drone3
1743543365.228339,2.9056954383850098,-0.043463606387376785,2.2477469444274902,0.002461727245372246,-0.001411849660556078,0.053349775873029304,-0.9985718369239373,55.399904012680054,drone3
1743543365.4283423,2.9215030670166016,-0.040105707943439484,2.238685131072998,0.0011752631420470045,0.001588141078685437,0.055337336955106065,-0.9984657954530839,55.59990739822388,drone3
1743543365.6283555,2.9357411861419678,-0.03835739195346832,2.2315661907196045,0.00010627438981413436,0.0008494734772090161,0.054430378922000144,-0.9985172567551157,55.79992055892944,drone3
1743543365.8283598,2.949704885482788,-0.04078221321105957,2.224602699279785,-0.0004280212087584691,-0.00016296885693753654,0.05179219693946069,-0.9986578164948996,55.99992489814758,drone3
1743543366.028358,2.963951349258423,-0.04561479017138481,2.2176172733306885,6.238320095820548e-05,-0.00023953795035778244,0.049343212159886685,-0.9987818968169156,56.199923038482666,drone3
1743543366.228363,2.9793033599853516,-0.04875481501221657,2.2117857933044434,0.0008132671940685075,-0.000352814849720398,0.048642478656544585,-0.9988158671768154,56.39992809295654,drone3
1743543366.4283915,2.9915385246276855,-0.050265535712242126,2.207613229751587,0.00125745637020155,-0.00044244473289037014,0.04947100140457178,-0.9987747318526687,56.59995651245117,drone3
1743543366.6283588,3.0078935623168945,-0.05060207471251488,2.203284740447998,0.0015508271236825016,-0.0004229937565074338,0.05147862438653966,-0.9986728207729694,56.79992389678955,drone3
1743543366.8283565,3.0238654613494873,-0.051224544644355774,2.19963002204895,0.0010370786076673395,-0.0004961699051454578,0.0531422869378102,-0.9985862932929765,56.999921560287476,drone3
1743543367.0283568,3.0385758876800537,-0.05188969895243645,2.1958110332489014,0.0007849761014260538,-0.00017478370105767534,0.05368673992687395,-0.9985575491422921,57.19992184638977,drone3
1743543367.2283776,3.050910234451294,-0.054350052028894424,2.19323992729187,0.0006540100174549986,-0.00037006373558670386,0.053100856585724,-0.9985888642507357,57.39994263648987,drone3
1743543367.4283586,3.0620193481445312,-0.06071053445339203,2.1921262741088867,0.0009766921959754593,-0.0008452564668725173,0.051958676991078756,-0.9986484598945301,57.599923610687256,drone3
1743543367.628351,3.0740716457366943,-0.0683523491024971,2.1919727325439453,0.001921361018888931,-0.0012721596934311642,0.05113466395584226,-0.998689131603343,57.79991602897644,drone3
1743543367.8283548,3.086482048034668,-0.07461979985237122,2.194134473800659,0.002406225073080431,-0.0013004173855193535,0.05087074039046702,-0.9987015227768052,57.99991989135742,drone3
1743543368.0284693,3.0970540046691895,-0.07744424045085907,2.194754123687744,0.002470476420751114,-0.0015388172886493365,0.050925742027773724,-0.9986982774694699,58.200034379959106,drone3
1743543368.228391,3.107964515686035,-0.0776338279247284,2.2038559913635254,0.002024063298655582,-0.0014098939891625277,0.05086597779658536,-0.998702492154321,58.3999559879303,drone3
1743543368.4283953,3.1198713779449463,-0.07332780957221985,2.241802453994751,0.0009470784269784805,-0.0011216355887253516,0.05019596934580767,-0.9987383591224038,58.59996032714844,drone3
1743543368.6284063,3.1327972412109375,-0.06851623207330704,2.2533419132232666,-6.325155363041213e-05,-0.0007876327317096877,0.04880048719161195,-0.9988082385972349,58.79997134208679,drone3
1743543368.828392,3.150209426879883,-0.06608390063047409,2.230961561203003,-0.0007473590410234449,-0.0009622755145324702,0.04679539302055469,-0.9989037433559607,58.99995708465576,drone3
1743543369.0284271,3.1664652824401855,-0.06704424321651459,2.195492744445801,-0.0006510360510363482,-5.200013549588414e-05,0.044727837220004285,-0.9989989952335951,59.199992179870605,drone3
1743543369.2285614,3.1799283027648926,-0.06900326162576675,2.1651713848114014,0.00039366256484304373,0.00016272267447900484,0.042918220132340534,-0.9990784841898868,59.400126457214355,drone3
1743543369.4283807,3.193763017654419,-0.06996393948793411,2.1435348987579346,0.0011163399545133148,-1.7267036999248398e-05,0.04157946763624043,-0.9991346237921033,59.59994578361511,drone3
1743543369.6283782,3.2058701515197754,-0.07129651308059692,2.128641128540039,0.0012209693824645142,-0.0002699842739592201,0.04075199855942602,-0.9991685520051545,59.79994320869446,drone3
1743543369.8284101,3.2178521156311035,-0.07222030311822891,2.1143124103546143,0.0010345176875670434,-0.0009001430080918263,0.040425992686194234,-0.9991816596750415,59.99997520446777,drone3
1743543370.0283825,3.230936288833618,-0.07475932687520981,2.099095344543457,0.0008127169081037829,-0.0010429717887023072,0.04060937362406519,-0.9991742839765521,60.19994759559631,drone3
1743543370.2285197,3.2457737922668457,-0.07771309465169907,2.0833606719970703,0.000886762474404076,-0.0007985011599089122,0.04139760398491599,-0.9991420837842897,60.40008473396301,drone3
1743543370.428386,3.261249542236328,-0.08015714585781097,2.0678632259368896,0.0013853748542462729,-0.0002828095928883107,0.04253813985246929,-0.9990939099364418,60.59995102882385,drone3
1743543370.6284115,3.2749247550964355,-0.08176837861537933,2.0518901348114014,0.001603330613557218,-0.00036268832521051906,0.043189519396205134,-0.9990655451073939,60.79997658729553,drone3
1743543370.8284357,3.2878448963165283,-0.08443518728017807,2.0363383293151855,0.001449212306693689,-0.0006627338388701929,0.04275814640169617,-0.9990842161612843,61.00000071525574,drone3
1743543371.0284138,3.2997236251831055,-0.08637908101081848,2.020869016647339,0.0015161382505654805,-0.0007405289775281757,0.041036489786874575,-0.9991562451253893,61.199978828430176,drone3
1743543371.2283664,3.3099002838134766,-0.08788566291332245,2.0075912475585938,0.0011573693867610157,-0.0012473941291019535,0.03824700061818104,-0.9992668806027305,61.39993143081665,drone3
1743543371.42837,3.318615198135376,-0.09171834588050842,1.9951565265655518,0.001108593927635748,-0.0016112753973989834,0.0350771782885253,-0.9993827422892869,61.59993505477905,drone3
1743543371.6283703,3.3272767066955566,-0.09461790323257446,1.9833478927612305,0.0013554290244709023,-0.0020758015598119055,0.03210211654583828,-0.9994815345021963,61.79993534088135,drone3
1743543371.8284025,3.3357980251312256,-0.0973571166396141,1.9725353717803955,0.0011284726904151668,-0.002335586666862833,0.02963715811067863,-0.9995574409763646,61.99996757507324,drone3
1743543372.0283759,3.3443217277526855,-0.10129694640636444,1.9629111289978027,-0.001323408635438656,-0.0020046820250927953,0.029738226253407718,-0.999554827871757,62.1999409198761,drone3
1743543372.228444,3.3513803482055664,-0.10742229968309402,1.9552786350250244,-0.0005315628035005434,-0.0020058218627385343,0.034616808262240784,-0.9993985473574785,62.40000915527344,drone3
1743543372.4283638,3.3580408096313477,-0.11564424633979797,1.9493062496185303,0.0010575227926454094,-0.0021158431650078746,0.04400021402731219,-0.999028750908644,62.599928855895996,drone3
1743543372.6283686,3.365813732147217,-0.12183469533920288,1.9444096088409424,0.001994721837812654,-0.002296100307294917,0.056135724706447954,-0.9984185488359032,62.799933671951294,drone3
1743543372.828355,3.3757424354553223,-0.12446041405200958,1.9402875900268555,0.00235682069880516,-0.0024215440068030363,0.06863546845041485,-0.9976360504464499,62.999920129776,drone3
1743543373.0284317,3.383229970932007,-0.12592847645282745,1.9378423690795898,0.0040267582274341445,-0.0022451630317655864,0.07543126845115988,-0.9971403613611132,63.19999670982361,drone3
1743543373.2283592,3.3979721069335938,-0.12599512934684753,1.933854341506958,0.004752409243960937,-0.006145452643207341,0.0777168498990572,-0.9969452635993563,63.39992427825928,drone3
1743543373.4283495,3.418172836303711,-0.12218347936868668,1.933253288269043,0.002711556023802141,-0.0053907699390003195,0.07322905346961711,-0.9972968526096343,63.59991455078125,drone3
1743543373.6283767,3.4432382583618164,-0.11476553976535797,1.9334783554077148,0.0005039064037072902,-0.002713523425519626,0.0634159605839772,-0.9979833826250282,63.79994177818298,drone3
1743543373.8283582,3.470839023590088,-0.10407106578350067,1.9357569217681885,-0.0009781772447101183,-0.001172923158484141,0.05125676337597834,-0.9986843690094613,63.99992322921753,drone3
1743543374.0283341,3.4982805252075195,-0.09293825179338455,1.9387507438659668,-0.002206743545169872,0.00036856192483636585,0.03954782095062126,-0.9992152085664561,64.19989919662476,drone3
1743543374.2283356,3.5229101181030273,-0.0865383893251419,1.9410123825073242,-0.0025498785726445847,0.0008928630403655072,0.030833074937175298,-0.9995208996587056,64.39990067481995,drone3
1743543374.4283402,3.5447027683258057,-0.08505744487047195,1.942767858505249,-0.0016568088316216939,0.000567819712250222,0.026135555789545073,-0.9996569496856988,64.59990525245667,drone3
1743543374.6283429,3.563877582550049,-0.08795289695262909,1.9424128532409668,-0.00039714925960971384,-0.0001742688633090421,0.02522450951213362,-0.9996818163263202,64.79990792274475,drone3
1743543374.828342,3.580564498901367,-0.09409117698669434,1.9407365322113037,0.0002236119157720048,0.002947004947832825,0.02803975040526724,-0.9996024959574227,64.99990701675415,drone3
1743543375.028352,3.5920939445495605,-0.09939458221197128,1.93959641456604,0.0018908180744604637,0.0014405610280718362,0.03429328905307116,-0.9994089997759092,65.19991707801819,drone3
1743543375.2283382,3.6026761531829834,-0.10304541140794754,1.9425315856933594,0.0024599860125341087,-0.00044089266696214975,0.04201551893093419,-0.999113887542636,65.39990329742432,drone3
1743543375.4283566,3.6122591495513916,-0.10465147346258163,1.9481027126312256,0.002993691061319178,-0.0010634508456700267,0.04803467895416896,-0.9988406073768914,65.59992170333862,drone3
1743543375.6283538,3.622865676879883,-0.10515768080949783,1.9560911655426025,0.002536329430983275,-0.001891271091343291,0.05147639060356862,-0.998669238290846,65.79991888999939,drone3
1743543375.828373,3.6335949897766113,-0.10343622416257858,1.964942216873169,0.001303150921454042,-0.0022974368954021733,0.05038280632525638,-0.9987265158579723,65.99993801116943,drone3
1743543376.0283613,3.6436686515808105,-0.10009047389030457,1.975752830505371,0.0005689042527368048,-0.0021811805760493163,0.04568882751290115,-0.9989531816092638,66.19992637634277,drone3
1743543376.228344,3.6556124687194824,-0.09680454432964325,1.9840774536132812,-0.000162076446811156,-0.0019094279866090087,0.039378685647547096,-0.9992224999712485,66.39990901947021,drone3
1743543376.4285135,3.6691017150878906,-0.09549222886562347,1.9916141033172607,9.187807180222057e-05,-0.00159363696187669,0.033124093328530446,-0.9994500086595103,66.60007858276367,drone3
1743543376.6284468,3.684413433074951,-0.09817109256982803,1.9985504150390625,0.0007901165969577891,-0.0012646774342085585,0.027415260550881337,-0.9996230214726475,66.80001187324524,drone3
1743543376.8284166,3.7024595737457275,-0.10100322961807251,2.006398916244507,0.0014562045933677187,-0.0013570442026293115,0.022230818862404744,-0.9997509371578781,66.99998164176941,drone3
1743543377.0284257,3.720344305038452,-0.10296037793159485,2.0148024559020996,-2.32665421030968e-05,-0.00444933331427057,0.01871981779405324,-0.9998149160739176,67.19999074935913,drone3
1743543377.2284124,3.740464210510254,-0.10607849806547165,2.0234737396240234,0.0004674186751076849,-0.0031588039745385197,0.018223875827625524,-0.9998288666807746,67.39997744560242,drone3
1743543377.4284246,3.763279438018799,-0.11039514094591141,2.0319862365722656,0.0007624398646027363,-0.0018015142737194036,0.020867494753622817,-0.9997803978049873,67.59998965263367,drone3
1743543377.6284797,3.7862777709960938,-0.11515556275844574,2.04248309135437,0.0014436547209688497,-0.0013978324635304793,0.02569786076775943,-0.9996677814257661,67.80004477500916,drone3
1743543377.8284485,3.8089852333068848,-0.11670554429292679,2.0527548789978027,0.0018045020284136923,-0.0011601474670575806,0.031205189462677974,-0.9995107422682146,68.00001358985901,drone3
1743543378.0284288,3.820702314376831,-0.11729605495929718,2.057795524597168,0.0018823609635708859,-0.0012503020044052566,0.033717815983503374,-0.9994288930884063,68.19999384880066,drone3
1743543378.2283592,3.8476126194000244,-0.11861494928598404,2.0715441703796387,0.0014516378907527166,-0.00044015402697838334,0.03817100985031591,-0.9992701259100658,68.39992427825928,drone3
1743543378.4283512,3.864952802658081,-0.11895472556352615,2.133448839187622,0.0013221495394985427,-0.0018276085853603228,0.03899131396288347,-0.9992370406339848,68.5999162197113,drone3
1743543378.6283576,3.8814852237701416,-0.11998312175273895,2.165360450744629,0.001101964462971465,-0.002197989554184289,0.03795795753109338,-0.9992763214967969,68.79992270469666,drone3
1743543378.8283496,3.9005966186523438,-0.12028362601995468,2.145087480545044,0.001137233390322924,-0.0020320680306270904,0.03596740402277232,-0.9993502892159336,68.99991464614868,drone3
1743543379.0284364,3.9224905967712402,-0.1196008175611496,2.0996296405792236,0.0017795192164251534,0.0021942259311622542,0.033079459815957335,-0.9994487864009035,69.20000147819519,drone3
1743543379.2283857,3.942760705947876,-0.11828988790512085,2.051913261413574,0.00159242993211174,0.002142877651831635,0.02887236139759991,-0.9995796102186812,69.39995074272156,drone3
1743543379.4284015,3.9585516452789307,-0.11776521056890488,2.0169806480407715,0.0015989343350580538,0.0011651419303447882,0.022991611624874952,-0.9997337833905342,69.5999665260315,drone3
1743543379.6283953,3.973562240600586,-0.11962451040744781,1.9956448078155518,0.0012525470443716363,0.0002876598143487537,0.015582364244053848,-0.9998777570250474,69.79996037483215,drone3
1743543379.8283627,3.990447998046875,-0.1214042603969574,1.9790270328521729,0.0010187358176347299,-0.0004509644672467511,0.008092911410516435,-0.9999666447285569,69.99992775917053,drone3
1743543380.028362,4.007299423217773,-0.11980018019676208,1.9605214595794678,0.00039827124452555216,-0.00024700206873714067,0.002742284698361408,-0.9999961475225144,70.19992709159851,drone3
1743543380.22836,4.022686958312988,-0.11635623127222061,1.9404640197753906,-8.948335701688473e-05,-0.00029420278330769467,0.0011149948773557794,-0.9999993506830013,70.39992499351501,drone3
1743543380.4283671,4.041174411773682,-0.11440930515527725,1.9159746170043945,-0.0020837139309162842,0.00015976956539981234,0.004318113217335218,-0.999988518942934,70.5999321937561,drone3
1743543380.6283774,4.058312892913818,-0.11632873117923737,1.891068458557129,-0.001783097418009158,0.0003645917246338668,0.013480121587178928,-0.9999074705532476,70.79994249343872,drone3
1743543380.8283706,4.073447227478027,-0.120584636926651,1.8657703399658203,-7.36967383612826e-05,-0.00018450782071133617,0.02828437071402451,-0.999599882852815,70.99993562698364,drone3
1743543381.0283616,4.085965633392334,-0.12453921139240265,1.8445136547088623,0.004540793621900599,-0.0004991294864823953,0.04368988678172642,-0.999034693614284,71.19992661476135,drone3
1743543381.2283669,4.0962748527526855,-0.12537062168121338,1.8276448249816895,0.0042377125061723465,-0.0009813758674136963,0.053348300733331466,-0.9985664842741764,71.39993190765381,drone3
1743543381.4283605,4.10830020904541,-0.1240803524851799,1.8118093013763428,0.002610835016346789,-0.0014812407011573759,0.05471503873684275,-0.9984975320300127,71.59992551803589,drone3
1743543381.628363,4.121530532836914,-0.12236762791872025,1.796349287033081,0.0011943591217811063,-0.0015444637727378755,0.048267793173282725,-0.9988325573288257,71.7999279499054,drone3
1743543381.8283703,4.133849620819092,-0.12457684427499771,1.7801339626312256,-0.00016331706234613177,-0.0015992489958556557,0.038479651221961175,-0.9992581140582402,71.99993538856506,drone3
1743543382.028455,4.145562648773193,-0.13056007027626038,1.7681472301483154,0.0004800340006567918,-0.0013287032715442893,0.029220747247391043,-0.9995720237859493,72.20002007484436,drone3
1743543382.2283432,4.157916069030762,-0.13584287464618683,1.7602121829986572,0.0012814011411196248,-0.0009642563752534492,0.02306115392491792,-0.9997327718661699,72.39990830421448,drone3
1743543382.4283676,4.171224594116211,-0.13911083340644836,1.7543373107910156,0.002216900277116608,-0.000810904953759224,0.020645970917849588,-0.999784106727656,72.59993267059326,drone3
1743543382.6284266,4.182448863983154,-0.13924305140972137,1.750685453414917,0.002750202132026666,-0.0008899945028066785,0.02035423043245721,-0.9997886585872953,72.79999160766602,drone3
1743543382.8283799,4.195854187011719,-0.1373511254787445,1.7462968826293945,0.002182093277578467,-0.0009902423871920784,0.02005384984312003,-0.9997960342857847,72.99994492530823,drone3
1743543383.0284436,4.204110622406006,-0.13510340452194214,1.7440271377563477,0.0015345970473290788,-0.0009786636518575671,0.019352905605535375,-0.999811080710703,73.20000863075256,drone3
1743543383.228409,4.21784782409668,-0.13118402659893036,1.739445447921753,0.00012255789059077138,-0.0006163242729181566,0.01630442405274246,-0.9998668831381315,73.39997410774231,drone3
1743543383.4284115,4.232340335845947,-0.13032911717891693,1.7389466762542725,0.00016931319240949677,-0.0018747888747613702,0.012988731480390314,-0.9999139190210697,73.59997653961182,drone3
1743543383.628428,4.246541500091553,-0.13054174184799194,1.738107681274414,0.0003893225404505228,-0.0010496368867983247,0.010236331538386434,-0.9999470042971508,73.79999303817749,drone3
1743543383.8284547,4.26129150390625,-0.13027383387088776,1.7445940971374512,0.000634014476212753,-0.0009345782849796038,0.009436805822134797,-0.9999548436109738,74.00001978874207,drone3
1743543384.0283668,4.27659273147583,-0.130025252699852,1.7495958805084229,0.0008975605823975599,-0.00033421259315163785,0.010225415504622082,-0.9999472993250904,74.19993185997009,drone3
1743543384.2283967,4.291029930114746,-0.12952935695648193,1.7514479160308838,0.0010199694978728557,-4.814944054206437e-05,0.011842547935136671,-0.9999293869144732,74.3999617099762,drone3
1743543384.4284096,4.304819583892822,-0.12830395996570587,1.7525932788848877,0.0010095822341894126,-0.00019034529299694736,0.01337960135348043,-0.9999099572173097,74.59997463226318,drone3
1743543384.6283972,4.318435192108154,-0.12597769498825073,1.7539269924163818,0.0008424652311204297,-0.000748848797322474,0.014142922926861201,-0.9998993783583334,74.79996228218079,drone3
1743543384.828391,4.332057952880859,-0.12393905967473984,1.7550885677337646,0.0005515629442647089,-0.0011828258054380123,0.013992795852465378,-0.9999013171133648,74.99995613098145,drone3
1743543385.0283864,4.344903469085693,-0.12527546286582947,1.7567708492279053,0.0010926420245983997,-0.0016190659583489018,0.01293221255653726,-0.9999145512237974,75.19995141029358,drone3
1743543385.228422,4.35567045211792,-0.12853290140628815,1.76011061668396,0.005707097018962253,-0.003427394068615367,0.008977110145426459,-0.9999376055499327,75.39998698234558,drone3
1743543385.428412,4.36588716506958,-0.1283458173274994,1.7634086608886719,0.0054508058197984275,-0.003344001425116626,-0.00039032196405930386,-0.9999794573705041,75.59997701644897,drone3
1743543385.6283672,4.378242492675781,-0.12335476279258728,1.767749309539795,0.0036989078327740736,-0.003091820716715016,-0.015897833405157658,-0.9998620362505528,75.79993224143982,drone3
1743543385.8283703,4.3938398361206055,-0.11652423441410065,1.7738804817199707,0.002227983951617246,-0.002852685939652671,-0.03539075084144616,-0.9993669793679438,75.99993538856506,drone3
1743543386.0283604,4.410602569580078,-0.1117880716919899,1.7827715873718262,0.0014298516538059317,-0.0019645952684389932,-0.05602201250916544,-0.9984265567371202,76.19992542266846,drone3
1743543386.2283528,4.428445816040039,-0.10606193542480469,1.79386568069458,0.0011914066609566688,-0.0012382651484678577,-0.07506046047796089,-0.9971775348815,76.39991784095764,drone3
1743543386.428355,4.4487080574035645,-0.10101735591888428,1.804025411605835,0.0013195753507553938,-0.0004383899508776169,-0.09050681684186995,-0.9958947955470709,76.59992003440857,drone3
1743543386.6283777,4.469789028167725,-0.09560578316450119,1.8130595684051514,0.0022305679567894794,-0.0001566552261033701,-0.10290793696032136,-0.994688384155295,76.7999427318573,drone3
1743543386.8283505,4.489282608032227,-0.08830047398805618,1.8226871490478516,0.002561701092924271,-5.557572348148322e-05,-0.11386476887400138,-0.993492930944132,76.999915599823,drone3
1743543387.0283594,4.506308555603027,-0.07855069637298584,1.8325848579406738,0.0022944936953599978,-5.4818891205683296e-05,-0.1248595750981899,-0.9921718379775581,77.19992446899414,drone3
1743543387.2283735,4.524275302886963,-0.06836500763893127,1.8420240879058838,0.0015295409895509872,8.052937429616413e-05,-0.13642079281951613,-0.9906498309841326,77.39993858337402,drone3
1743543387.4283702,4.544012546539307,-0.06039585918188095,1.8522427082061768,0.0011689799277373213,-0.0001887230097605545,-0.14809783008055044,-0.9889720492386109,77.59993529319763,drone3
1743543387.6283545,4.56434440612793,-0.05315692722797394,1.8644604682922363,0.001254789800011645,0.00013614559826495708,-0.15976310837085017,-0.9871545506902757,77.79991960525513,drone3
1743543387.8283563,4.583154201507568,-0.04601062461733818,1.8786871433258057,0.001566080660848664,0.0001898395308149475,-0.1706090097792496,-0.985337515757274,77.9999213218689,drone3
1743543388.0284333,4.594921112060547,-0.04056425020098686,1.8883743286132812,0.0017178823316102054,0.00020997345901169418,-0.177796691177449,-0.9840658188971547,78.19999837875366,drone3
1743543388.2284348,4.61359167098999,-0.02919340319931507,1.898597240447998,0.002003689989530198,-0.0004166104022734802,-0.18897020003932352,-0.9819807721544724,78.39999985694885,drone3
1743543388.428362,4.626054763793945,-0.022181591019034386,1.972123146057129,0.0010329939030385275,5.130135803449727e-05,-0.19685515889928717,-0.9804320862059397,78.59992694854736,drone3
1743543388.6283507,4.639617443084717,-0.01729138381779194,2.0283589363098145,0.001590983686054159,-0.0007583784559857478,-0.20431565684789754,-0.9789035885978434,78.79991579055786,drone3
1743543388.8283432,4.651242733001709,-0.010728726163506508,2.012943983078003,0.002011687724466427,-0.0010361662354104306,-0.21150106231627724,-0.977375217430293,78.99990820884705,drone3
1743543389.0283477,4.662868976593018,-0.003256651572883129,1.948298454284668,0.0017454892788269305,-0.0011947324959374857,-0.21883170582462563,-0.975760276635901,79.19991278648376,drone3
1743543389.2285137,4.675108432769775,0.007783493492752314,1.8712890148162842,0.0016161194038456462,-0.0012146078219377532,-0.22584068458513878,-0.9741621945809135,79.40007877349854,drone3
1743543389.428352,4.686977863311768,0.01925629749894142,1.8097591400146484,0.0014890334641156256,-0.0009755512470357319,-0.23251320505398948,-0.9725916344180036,79.59991717338562,drone3
1743543389.6283398,4.698410987854004,0.029722820967435837,1.7723586559295654,0.001219119530941606,-0.0009308569014137698,-0.23965781237301065,-0.9708562379305674,79.79990482330322,drone3
1743543389.8284461,4.710787296295166,0.04011552035808563,1.7426927089691162,0.0005376911363739003,-0.0009840619881436776,-0.24699363994372592,-0.9690164436993698,80.00001120567322,drone3
1743543390.0283682,4.721367359161377,0.04687463864684105,1.7174832820892334,-0.0008014182638388495,-0.000769726192685664,-0.2525144977770163,-0.9675925124224294,80.19993329048157,drone3
1743543390.228359,4.732717990875244,0.052829254418611526,1.6858417987823486,-0.001307920440342732,-0.001088574555313983,-0.25651280070785076,-0.9665393469718391,80.3999240398407,drone3
1743543390.4283645,4.744789123535156,0.055932335555553436,1.6565275192260742,7.855295875061873e-05,-0.0008755444310992845,-0.25584873496271315,-0.9667164480292819,80.59992957115173,drone3
1743543390.628372,4.755916118621826,0.05815792456269264,1.6275761127471924,0.0017562621820583465,-0.0011229154802663577,-0.2514215035545833,-0.967875444216483,80.7999370098114,drone3
1743543390.8283632,4.766347885131836,0.06335976719856262,1.5990335941314697,0.0019285426113846262,-0.0016437337185289044,-0.2454106043136567,-0.9694159958232531,80.99992823600769,drone3
1743543391.0283802,4.777597904205322,0.07165610045194626,1.5714294910430908,0.0020997961640278015,-0.001223551988229531,-0.23974151601415333,-0.9708337315134626,81.19994521141052,drone3
1743543391.2283716,4.789830684661865,0.07934733480215073,1.5487744808197021,0.0011605568759465205,-0.0008769212212908025,-0.2357792907856442,-0.9718056378401239,81.39993667602539,drone3
1743543391.4283714,4.802395343780518,0.0853411927819252,1.5326249599456787,0.0007268694061846987,-0.0003600443101699848,-0.2336789868838008,-0.9723135495115287,81.59993648529053,drone3
1743543391.628355,4.814634799957275,0.09032658487558365,1.5208868980407715,0.0005354361667912296,-0.0003461073989806934,-0.23285775554056598,-0.972510586028317,81.79992008209229,drone3
1743543391.828349,4.825395584106445,0.09202977269887924,1.5105364322662354,0.00038413676998387845,-0.0007993134797043728,-0.2320462601193372,-0.9727043772377701,81.99991416931152,drone3
1743543392.0283678,4.837889671325684,0.09050478786230087,1.4992218017578125,0.0016005311820128305,-0.0005222662953174637,-0.230100972326317,-0.9731653373199338,82.19993281364441,drone3
1743543392.2283454,4.849611282348633,0.09048932045698166,1.4901659488677979,0.0027157429674658485,-0.0006032933646254672,-0.22734267182552154,-0.9738109005985752,82.39991044998169,drone3
1743543392.4283595,4.860959053039551,0.09661312401294708,1.4847333431243896,0.0029124491418654613,-0.00028857766075662133,-0.22467561925175206,-0.9744292791599269,82.59992456436157,drone3
1743543392.6283698,4.87160062789917,0.1082657128572464,1.4852783679962158,0.002063626512425549,-0.00037444700783182154,-0.2234221298301896,-0.9747195445056216,82.79993486404419,drone3
1743543392.82848,4.877647876739502,0.12031684815883636,1.4803640842437744,0.000626431140697944,-0.0008956339692802908,-0.2247186933309303,-0.9744230414263473,83.00004506111145,drone3
1743543393.0284324,4.882856369018555,0.1309455931186676,1.4868009090423584,-0.00012287168704869158,-0.0012810882398703784,-0.22775301354262356,-0.9737180932381542,83.19999742507935,drone3
1743543393.22844,4.8904290199279785,0.14274124801158905,1.4948692321777344,-0.0013041555413905962,-0.0014352643237247244,-0.23227330519226547,-0.9726487012508873,83.40000510215759,drone3
1743543393.4284017,4.898409843444824,0.1546279937028885,1.4965765476226807,-0.0008386340404026477,-0.0016692906372717932,-0.23735444495504177,-0.97142138502225,83.59996676445007,drone3
1743543393.6283855,4.9091105461120605,0.16151922941207886,1.511078119277954,0.00010610230390240829,-0.0018105947793038359,-0.24168423284941448,-0.9703533417341355,83.79995059967041,drone3
1743543393.8284278,4.922217845916748,0.1671745777130127,1.5128469467163086,0.0009959950615826634,-0.0013654006642516115,-0.24490319840443403,-0.9695461031446063,83.99999284744263,drone3
1743543394.0283859,4.937910079956055,0.17193616926670074,1.506211519241333,0.002132548381223942,-0.0003197599078457287,-0.24761555884035258,-0.9688559485002404,84.19995093345642,drone3
1743543394.2283938,4.953854084014893,0.17697924375534058,1.496288776397705,0.002474406490897677,0.0004363078800977068,-0.2505765856824854,-0.968093638451224,84.39995884895325,drone3
1743543394.4283898,4.968935966491699,0.1815776377916336,1.4897794723510742,0.0029687152669455696,0.000811562345814452,-0.25416096441409436,-0.9671570090367663,84.59995484352112,drone3
1743543394.6283844,4.982173442840576,0.18514412641525269,1.4896132946014404,0.003140051343447402,0.0004183642709345115,-0.2597200494389843,-0.9656788347657923,84.79994940757751,drone3
1743543394.8285122,4.99641752243042,0.18880563974380493,1.4936926364898682,0.0028427129004648874,-3.776176526828905e-05,-0.2671925170925718,-0.9636389272978649,85.00007724761963,drone3
1743543395.0284145,5.011360168457031,0.19409964978694916,1.5000848770141602,0.0033047551358912786,-4.888705155002146e-05,-0.276386578140708,-0.9610409323353806,85.19997954368591,drone3
1743543395.2284095,5.026632785797119,0.20193782448768616,1.5038986206054688,0.002844988665648349,-3.001612940152239e-05,-0.2866584605458133,-0.9580285917051857,85.39997458457947,drone3
1743543395.4283848,5.04190731048584,0.21050375699996948,1.5054898262023926,0.0024112753685941062,0.00029781868656503853,-0.29689951253123287,-0.9549057209647711,85.59994983673096,drone3
1743543395.6284075,5.058160305023193,0.21900278329849243,1.5044610500335693,0.0025278882074799714,0.00047691472227668583,-0.30719990727935587,-0.9516415739881479,85.79997253417969,drone3
1743543395.828439,5.070415019989014,0.22984422743320465,1.5027906894683838,0.0024196802075133637,0.003766516337448889,-0.31785136420215027,-0.94813004608419,86.00000405311584,drone3
1743543396.0283802,5.0753889083862305,0.24421167373657227,1.500537633895874,0.007576684297609337,0.016214827096797838,-0.3398140026674801,-0.9403224266912439,86.19994521141052,drone3
1743543396.2283955,5.065975666046143,0.25996893644332886,1.493546962738037,0.006251982177859365,0.012439705228990967,-0.384632645272601,-0.9229648161144871,86.3999605178833,drone3
1743543396.4283707,5.0434393882751465,0.27617526054382324,1.480738878250122,0.01165724026067149,0.013466696334203034,-0.4491270804896991,-0.8932903369694521,86.59993577003479,drone3
1743543396.6284032,5.0072197914123535,0.29399609565734863,1.4588429927825928,0.009926497666114312,0.011274946324595697,-0.5263777546340893,-0.8501181715381214,86.79996824264526,drone3
1743543396.8283718,4.962762832641602,0.3092699944972992,1.4283013343811035,-0.0006486393400380651,0.004441815205531459,-0.6038544623270435,-0.7970819155344526,86.99993681907654,drone3
1743543397.0284266,4.921126365661621,0.31609928607940674,1.393951654434204,-0.013698431067208522,-4.0731636363150766e-05,-0.6552168983889507,-0.7553166540532641,87.19999170303345,drone3
1743543397.2283728,4.890714645385742,0.30908629298210144,1.3747713565826416,-0.011186861181046122,-0.0022735251443172914,-0.6564139215702207,-0.7543146864869025,87.39993786811829,drone3
1743543397.4283671,4.872679233551025,0.29473042488098145,1.361647129058838,0.0021251837133550553,-0.0134791706489092,-0.6173660465366357,-0.7865576999473126,87.5999321937561,drone3
1743543397.6283755,4.862790107727051,0.28716063499450684,1.3424253463745117,0.012320983977544735,-0.008897422802601725,-0.5759494027129051,-0.8173440656396256,87.79994058609009,drone3
1743543397.8283646,4.85345458984375,0.2913884222507477,1.3233911991119385,0.013832343129456694,-0.005749627963557282,-0.5599320303086582,-0.8284031984913538,87.99992966651917,drone3
1743543398.0284472,4.842631816864014,0.30446064472198486,1.3096566200256348,0.009685043351238242,-0.00546851227062054,-0.5691064719988127,-0.8221886456784224,88.20001220703125,drone3
1743543398.2283618,4.829380512237549,0.3259938359260559,1.2944345474243164,0.0024401533684497907,-0.00648809145739526,-0.5962744885996168,-0.8027507825630014,88.39992690086365,drone3
1743543398.4283056,4.819650173187256,0.3526745140552521,1.2950670719146729,-0.004105891898963493,-0.005785949080396369,-0.6349304506256113,-0.7725367500000421,88.5998706817627,drone3
1743543398.628413,4.8147125244140625,0.3834908604621887,1.2968573570251465,-0.0072972464114426415,-0.0014377735532260108,-0.666947314633624,-0.7450677838274459,88.799978017807,drone3
1743543398.828487,4.815987586975098,0.411170095205307,1.2733232975006104,-0.007763283130900265,0.005787813749170896,-0.688354026947472,-0.725310361989526,89.00005197525024,drone3
1743543399.0284028,4.820745468139648,0.4267721176147461,1.2453649044036865,-0.003059178291236042,0.0045176212516621125,-0.6951414845063899,-0.7188523241985693,89.19996786117554,drone3
1743543399.228587,4.8248748779296875,0.4375973641872406,1.2209367752075195,0.002763591000418489,-0.00012142663460300595,-0.6948390874537694,-0.7191599474604051,89.40015196800232,drone3
1743543399.4284112,4.829056739807129,0.4502457082271576,1.1937508583068848,0.00503267203944181,0.00011536432081687963,-0.6921166473356116,-0.7217682539127954,89.59997630119324,drone3
1743543399.628389,4.829143047332764,0.4673234820365906,1.1651630401611328,0.01613326306676165,0.0022948195102553406,-0.6923458866788403,-0.7213818068246209,89.79995393753052,drone3
1743543399.8284101,4.814285755157471,0.4898774325847626,1.1339030265808105,0.015337698495725506,0.004730332444829546,-0.7011824351088495,-0.7128012583524672,89.99997520446777,drone3
1743543400.028407,4.786535263061523,0.5152497291564941,1.1030709743499756,0.009217454853965624,0.0021006980407314957,-0.719351333665315,-0.6945820364588796,90.19997215270996,drone3
1743543400.228374,4.75286340713501,0.5383821129798889,1.069826364517212,0.005292630672970591,0.0012617317646244973,-0.7442280947987411,-0.6679034975516127,90.39993906021118,drone3
1743543400.4283538,4.717208385467529,0.556666374206543,1.0345056056976318,0.0013888229006822764,-0.0015410831036368443,-0.7701353226706564,-0.6378771738810308,90.59991884231567,drone3
1743543400.6283574,4.682610034942627,0.5725631713867188,0.9983384013175964,0.0003408842869826414,0.002780889318281924,-0.7944752277844629,-0.6072901785872425,90.79992246627808,drone3
1743543400.8283634,4.648310661315918,0.5861552357673645,0.9642611145973206,0.0022044279792028535,0.00132636860778654,-0.8175625759757302,-0.575834152155652,90.99992847442627,drone3
1743543401.0283806,4.615298748016357,0.5993661284446716,0.9344729781150818,0.0019146312290847876,0.0007312050162710771,-0.8389941009295501,-0.5441365821352457,91.19994568824768,drone3
1743543401.2284079,4.58289098739624,0.6126570105552673,0.9135116934776306,0.0008166735566951063,0.005202385709230161,-0.8590350327636014,-0.5118898386787424,91.39997291564941,drone3
1743543401.4283764,4.551583290100098,0.6213579177856445,0.8982841372489929,0.0012258531073767072,0.004192833521133985,-0.877321781152493,-0.47988285810670545,91.59994149208069,drone3
1743543401.6283836,4.520638942718506,0.6235090494155884,0.8826095461845398,-0.0007965649001436866,0.004758165828459432,-0.894716860277576,-0.4466078579870818,91.79994869232178,drone3
1743543401.8283596,4.494555473327637,0.6212266087532043,0.8660208582878113,-0.01092766419539986,-0.00961591358817032,-0.90977093484897,-0.41485545491676284,91.999924659729,drone3
1743543402.0283372,4.483996391296387,0.6230370402336121,0.8476175665855408,-0.007944174235463584,-0.008371887615823661,-0.9200097951982671,-0.39172539089452973,92.19990229606628,drone3
1743543402.228359,4.482363224029541,0.6305381655693054,0.828900158405304,-0.00374191624271691,-0.0013307032712150126,-0.9259533437752732,-0.37761707053029603,92.3999240398407,drone3
1743543402.4283392,4.480522632598877,0.6381326913833618,0.8127194046974182,-0.000679539832975343,0.00032687282649708835,-0.9286676008193748,-0.37091226557548596,92.59990429878235,drone3
1743543402.6283636,4.477339744567871,0.6463161110877991,0.7977647185325623,0.001281047801121838,-0.0014610067359339424,-0.9295238772671465,-0.3687570232566086,92.79992866516113,drone3
1743543402.8283756,4.473749160766602,0.6557653546333313,0.7827450633049011,0.0016926748942059052,2.9559593421518812e-05,-0.9296087610200474,-0.36854409737793153,92.9999406337738,drone3
1743543403.0285542,4.468934535980225,0.6664891242980957,0.7671919465065002,0.0008716433369112443,0.000676728979799789,-0.9295739898700258,-0.36863408089950234,93.20011925697327,drone3
1743543403.2284431,4.464299201965332,0.6741214990615845,0.7545984983444214,-9.08921895146001e-05,0.0007368878849436771,-0.9296229855814198,-0.36851107532212335,93.40000820159912,drone3
1743543403.428401,4.458250522613525,0.6813363432884216,0.7491844892501831,-0.00043810785201887556,0.0005444799019256935,-0.929765315488841,-0.36815202631965904,93.59996604919434,drone3
1743543403.628428,4.454455375671387,0.6886065602302551,0.7479785680770874,-0.0005535631600202294,0.0002689258385886608,-0.9299734998470607,-0.3676263076047584,93.79999303817749,drone3
1743543403.8284502,4.453073978424072,0.6946168541908264,0.7349013686180115,-0.0002494877057528008,0.0002339218294157241,-0.930212851799754,-0.3670204466574143,94.00001525878906,drone3
1743543404.0284197,4.451033592224121,0.6974270939826965,0.7126981616020203,0.0002467344630026075,-2.136355427016574e-05,-0.9304643420448184,-0.36638238551780783,94.19998478889465,drone3
1743543404.2284057,4.448139190673828,0.6995666027069092,0.6854207515716553,0.00034954339611027805,-0.0005361566556418414,-0.9307161273178226,-0.3657417534204423,94.3999707698822,drone3
1743543404.4284115,4.444635391235352,0.7020249366760254,0.6593407392501831,0.00045211765070867426,-0.0007400452251382518,-0.9309628971158539,-0.3651127117064172,94.59997653961182,drone3
1743543404.6283686,4.440307140350342,0.7050186991691589,0.6404357552528381,0.00011075327449004152,-0.0009933777587535961,-0.9311743900016816,-0.3645728948706896,94.7999336719513,drone3
1743543404.828374,4.43682336807251,0.7088391780853271,0.6280162930488586,-0.00038404027263379026,-0.0012558827369405562,-0.9313674857881342,-0.3640783648236871,94.99993896484375,drone3
1743543405.0283735,4.434970855712891,0.712352454662323,0.6210811138153076,-0.0005521669324759691,-0.0009860570487306062,-0.9315095628144644,-0.36371501684267465,95.19993853569031,drone3
1743543405.2284062,4.435451507568359,0.7155886292457581,0.6190423965454102,-0.00043562811810870394,-0.0008931285778586963,-0.931580053418599,-0.3635351130198059,95.39997124671936,drone3
1743543405.428371,4.4373297691345215,0.7181654572486877,0.618584930896759,3.297175947156756e-05,-0.0007438469305545306,-0.9315940672457288,-0.36349960429993544,95.59993600845337,drone3
1743543405.6284165,4.438794136047363,0.7206102609634399,0.6176424622535706,0.0003611511176928981,-0.0007345635521025934,-0.931576428789627,-0.3635448067949634,95.7999815940857,drone3
1743543405.8283815,4.439702987670898,0.7201501131057739,0.6170178055763245,0.000578993154599121,-0.0009943338830611236,-0.9315507192120352,-0.36360962864797314,95.99994659423828,drone3
1743543406.0283651,4.441206932067871,0.7215244770050049,0.6140763759613037,0.0007353918158781511,-0.0014223062154694488,-0.9315325117734786,-0.3636547257758798,96.19993019104004,drone3
1743543406.2283542,4.441484451293945,0.7245919108390808,0.6103472709655762,0.0005187424648144327,-0.0012578864820831889,-0.9315392131223919,-0.3636384149455061,96.39991927146912,drone3
1743543406.4283657,4.442206382751465,0.7275956273078918,0.6055191159248352,0.00028695393695427887,-0.001121231540800409,-0.931561003043072,-0.36358332901450235,96.59993076324463,drone3
1743543406.628376,4.443863868713379,0.7325949668884277,0.6022776365280151,8.56523978189309e-05,-0.0010638102874942687,-0.9315898525608777,-0.36350946666248696,96.79994106292725,drone3
1743543406.8283715,4.4476637840271,0.7399334907531738,0.6005844473838806,8.512655003002023e-06,-0.0004031857049445384,-0.9316083128805254,-0.36346369518500415,96.99993658065796,drone3
1743543407.0282876,4.452016353607178,0.7501758933067322,0.5997631549835205,0.0021971927153297682,-0.0013877405107549361,-0.9315762391288087,-0.36353673567347355,97.19985270500183,drone3
1743543407.2284687,4.455970287322998,0.7621750831604004,0.6010743975639343,0.0068866778257577425,-0.00582538198467181,-0.9303148471731504,-0.36665115597076187,97.40003371238708,drone3
1743543407.4284136,4.458131790161133,0.7828716039657593,0.6039456129074097,0.005349405029774728,-0.004541631208196553,-0.9257323257016821,-0.37811448763642164,97.59997868537903,drone3
1743543407.6284356,4.458670139312744,0.8092405796051025,0.6077876687049866,0.004941630977709288,-0.002472037212393927,-0.9169560452894101,-0.39895024581311567,97.80000066757202,drone3
1743543407.8284311,4.456646919250488,0.838022768497467,0.6105985641479492,0.003954525773076085,-0.0022523833137510834,-0.9043774237184551,-0.4267092349870275,97.99999618530273,drone3
1743543408.0284889,4.449730396270752,0.866820752620697,0.6112381815910339,0.0026391412555129504,-0.0020552300493690977,-0.8897879338581968,-0.45636192421138233,98.20005393028259,drone3
1743543408.2283418,4.441014766693115,0.8951016664505005,0.6094096302986145,-0.00039890049409254394,-0.006724245517957864,-0.8717883846317706,-0.48983653180555353,98.399906873703,drone3
1743543408.4284842,4.432261943817139,0.9243524074554443,0.6258204579353333,0.00034770985385368944,-0.005668266106685034,-0.8557755008668902,-0.5173162243510957,98.60004925727844,drone3
1743543408.6284251,4.427588939666748,0.9564293622970581,0.6505529880523682,0.00885447252979126,-0.0038469926165938667,-0.8417055552082257,-0.5398505215962031,98.79999017715454,drone3
1743543408.8285623,4.4196696281433105,0.9921956062316895,0.6539552211761475,0.009317702450237799,-0.0013026257322087834,-0.8316096042855169,-0.5552811677223297,99.00012731552124,drone3
1743543409.028424,4.406566143035889,1.0301978588104248,0.6380875706672668,0.008230638421099168,0.0010418546193934478,-0.8265453443355691,-0.5628090795551333,99.19998908042908,drone3
1743543409.2284176,4.388061046600342,1.0693036317825317,0.6160475611686707,0.00923647234342618,0.008658211572638075,-0.8271080574467503,-0.5619004251113748,99.39998269081116,drone3
1743543409.428439,4.361377716064453,1.1053905487060547,0.5969820618629456,0.004576771719369119,0.0058222255808452125,-0.8329294328466357,-0.5533296421957299,99.60000395774841,drone3
1743543409.6284297,4.331916332244873,1.1374502182006836,0.5825663805007935,-0.017261692252080026,-0.003546141003297388,-0.8398463312798646,-0.5425381839788943,99.79999470710754,drone3
1743543409.8284473,4.316349983215332,1.163460612297058,0.569930911064148,-0.016882302126853148,-0.00363024372241186,-0.840597082555677,-0.5413856046493791,100.00001239776611,drone3
1743543410.0284426,4.320227146148682,1.182744026184082,0.5599361658096313,-0.011569820288234013,0.00033254851291865904,-0.8337157771360155,-0.5520726019021803,100.20000767707825,drone3
1743543410.2284157,4.3335442543029785,1.1945457458496094,0.5542004108428955,-0.006926036232185547,0.002819702696811473,-0.8236180665823815,-0.5670956774664944,100.39998078346252,drone3
1743543410.4284623,4.348211288452148,1.2023869752883911,0.5503807067871094,-0.003716125815924707,0.0036400586826212046,-0.8150170116927935,-0.5794136629262582,100.60002732276917,drone3
1743543410.6284525,4.362565517425537,1.2071577310562134,0.546870231628418,-0.0018608981131364017,0.003646668974894011,-0.810486278161433,-0.5857433925394576,100.80001759529114,drone3
1743543410.8284168,4.3759765625,1.2086853981018066,0.5135875344276428,-0.00017380619463312652,0.0016705097677923559,-0.8097893378744568,-0.5867184177329086,100.99998188018799,drone3
1743543411.0284417,4.3884477615356445,1.208128809928894,0.38255739212036133,-2.3390672597946747e-05,-0.0001544270047464394,-0.8101443407794642,-0.586230483667698,101.20000672340393,drone3
1743543411.2284622,4.400123119354248,1.2072173357009888,0.2261955440044403,-0.00014519312517505934,-0.00031580379432183294,-0.8105998217713214,-0.5856005147230057,101.40002727508545,drone3
1743543411.4285321,4.411722183227539,1.2055590152740479,0.07373359799385071,-0.00011174107710343368,-0.00014367715957634233,-0.8109429392650486,-0.5851251404186513,101.60009717941284,drone3
