timestamp,x,y,z,qx,qy,qz,qw,relative_time,drone_id
1753815293.954805,0.028771061450242996,0.038917530328035355,-0.024816691875457764,-0.0020908355135436764,-1.924085952580071e-05,0.06571013998897074,-0.9978366694453618,0.0,drone1
1753815294.1548092,0.02633088454604149,0.0340692475438118,-0.02482493221759796,-0.002150032655592688,9.332621117527302e-05,0.06567224997215937,-0.9978389032283329,0.20000433921813965,drone1
1753815294.3548028,0.024981601163744926,0.026903193444013596,-0.023848548531532288,-0.0022522087994564922,0.00012688316976016735,0.0656486477369933,-0.9978403362211823,0.3999979496002197,drone1
1753815294.5548065,0.024642392992973328,0.018121466040611267,-0.023006990551948547,-0.002360361975592812,0.00014968156903621174,0.06562567770455491,-0.9978415584797891,0.6000015735626221,drone1
1753815294.7548237,0.022055741399526596,0.011853125877678394,-0.021189242601394653,-0.002363729772206635,0.00028471447403679814,0.06564350582147493,-0.9978403362211823,0.8000187873840332,drone1
1753815294.954931,0.017372803762555122,0.009806027635931969,-0.02080032229423523,-0.002227010581675296,0.000490758480287352,0.06571966517673411,-0.9978355736273006,1.0001261234283447,drone1
1753815295.1548831,0.014555886387825012,0.010644125752151012,-0.02157863974571228,-0.002064071935467005,0.0005627203551707192,0.06576488874518632,-0.9978329183758443,1.2000782489776611,drone1
1753815295.3548827,0.012035807594656944,0.011905408464372158,-0.019370928406715393,-0.001931870236783331,0.0005726789063794655,0.06578166319089362,-0.9978320754388741,1.4000778198242188,drone1
1753815295.554857,0.010441184975206852,0.013207889162003994,-0.016688942909240723,-0.0018822232660300536,0.0005471495641878487,0.06579864837084354,-0.9978310217676614,1.6000521183013916,drone1
1753815295.7548723,0.009205508045852184,0.016864517703652382,-0.01402100920677185,-0.0017521319966993056,0.0005882989647233392,0.06585719034342524,-0.9978273549918408,1.80006742477417,drone1
1753815295.9548645,0.009034113958477974,0.021026071161031723,-0.012630552053451538,-0.0015735933777546347,0.0006047284565855875,0.06590346758309018,-0.9978246575935361,2.0000596046447754,drone1
1753815296.1548495,0.010043911635875702,0.023518411442637444,-0.011895939707756042,-0.001537153434790887,0.0005925712722188773,0.06591177051224689,-0.9978241096845055,2.200044631958008,drone1
1753815296.3548534,0.009494297206401825,0.02386394701898098,-0.013653397560119629,-0.001621011957369994,0.0006019657800565365,0.06587350117379898,-0.9978264699080222,2.4000484943389893,drone1
1753815296.55486,0.008475054986774921,0.023446597158908844,-0.015209421515464783,-0.0016995310422374082,0.0006050480976261495,0.06582869907383188,-0.9978293780405694,2.60005521774292,drone1
1753815296.7548718,0.00781924370676279,0.022821057587862015,-0.01728101074695587,-0.0017082629719819735,0.0005992088246328986,0.06583059568201488,-0.9978291673063269,2.8000669479370117,drone1
1753815296.9549072,0.008803016506135464,0.022153887897729874,-0.018415719270706177,-0.0016942774622659444,0.000530099682240049,0.06588049755065173,-0.99782596414584,3.0001022815704346,drone1
1753815297.1548483,0.008901257067918777,0.021077057346701622,-0.018734782934188843,-0.0017357069911715182,0.000510700278123894,0.0658860187878067,-0.9978255005305063,3.2000434398651123,drone1
1753815297.3548422,0.006328931078314781,0.021016879007220268,-0.019435256719589233,-0.0017485021405303368,0.0005694778861622884,0.06583691770929151,-0.9978287458378418,3.4000372886657715,drone1
1753815297.554844,0.00024259492056444287,0.022442655637860298,-0.01870906352996826,-0.0017328140051479503,0.0007543070868833376,0.06572227828134186,-0.9978362479768766,3.600039005279541,drone1
1753815297.754846,-0.006147272419184446,0.025435451418161392,-0.015608683228492737,-0.0016249413689720315,0.0009160285782047495,0.06563511859862137,-0.9978419799482742,3.8000411987304688,drone1
1753815297.954898,-0.010335566475987434,0.0279169213026762,-0.012314096093177795,-0.0015439278204059576,0.0009591022252130498,0.06561471952394199,-0.9978433286474265,4.000093221664429,drone1
1753815298.154861,-0.010897938162088394,0.03301403671503067,-0.011845529079437256,-0.001399386788060569,0.0008921669999795988,0.06571675704418684,-0.9978369644733014,4.200056076049805,drone1
1753815298.3548768,-0.010658442974090576,0.03726229816675186,-0.012508928775787354,-0.0012742518070149626,0.000798793785190126,0.06588462794180577,-0.9978261327332341,4.400071859359741,drone1
1753815298.5548923,-0.012408974580466747,0.03882058337330818,-0.013380959630012512,-0.001298875033122627,0.000770426239646199,0.06593629997808015,-0.9978227609853532,4.600087404251099,drone1
1753815298.7548716,-0.014809555374085903,0.03773917257785797,-0.010310381650924683,-0.0014197105211322253,0.0007626088430075789,0.06591088542842816,-0.9978243204187481,4.800066709518433,drone1
1753815298.9548426,-0.018223466351628304,0.034243274480104446,-0.005683183670043945,-0.001552775633404412,0.0007885776196016632,0.06584210177165833,-0.9978285351035991,5.000037670135498,drone1
1753815299.154839,-0.0221258495002985,0.030924079939723015,-0.0014446526765823364,-0.0016223679005119302,0.0007896445440226588,0.06581761445267353,-0.9978300945369941,5.200034141540527,drone1
1753815299.3548512,-0.023952381685376167,0.025643860921263695,0.0013822466135025024,-0.0016919852334697837,0.0007398181198909559,0.0658639759860355,-0.9978269756702043,5.400046348571777,drone1
1753815299.5548487,-0.024073148146271706,0.019484512507915497,0.0033341795206069946,-0.0017942362867713715,0.0006378230757668464,0.0659973286147239,-0.9978180405383199,5.600043773651123,drone1
1753815299.754883,-0.02418753132224083,0.016004370525479317,0.0041608065366744995,-0.0017932852661837811,0.0005511231394309529,0.06606813532022227,-0.9978133200912868,5.8000781536102295,drone1
1753815299.954859,-0.023557625710964203,0.015023830346763134,0.00492250919342041,-0.0017295637998878332,0.000501455918434055,0.06609852319799853,-0.9978115077768008,6.000054121017456,drone1
1753815300.15485,-0.022244475781917572,0.01379508338868618,0.00856006145477295,-0.0016706679007921924,0.0004510131789609439,0.06614071219335799,-0.9978087682316475,6.200045108795166,drone1
1753815300.3548374,-0.022358950227499008,0.014106986112892628,0.013371080160140991,-0.0016044168827230197,0.000431346364615516,0.06613523310305158,-0.9978093582875267,6.4000325202941895,drone1
1753815300.5548563,-0.021519217640161514,0.014047476463019848,0.016830354928970337,-0.0015706664355298735,0.00042271338118327544,0.06615348268845672,-0.9978081360289199,6.600051403045654,drone1
1753815300.7548385,-0.020850015804171562,0.016052722930908203,0.016026154160499573,-0.0015450000749215648,0.0004153746435043793,0.06612558147474257,-0.9978101590776485,6.8000335693359375,drone1
1753815300.9548578,-0.020217085257172585,0.020701318979263306,0.011791273951530457,-0.001460958147696985,0.0004533563214793779,0.06604225715523654,-0.9978156803148033,7.0000529289245605,drone1
1753815301.1548536,-0.018526315689086914,0.025744907557964325,0.006382554769515991,-0.0013770513867326683,0.000448070802099277,0.06594793250826919,-0.997822086635777,7.2000486850738525,drone1
1753815301.3548532,-0.015320131555199623,0.028754454106092453,-0.002549588680267334,-0.0013112267350733828,0.00043160735403583594,0.06591522655382465,-0.9978243625655967,7.40004825592041,drone1
1753815301.5548527,-0.009067025035619736,0.03024946339428425,-0.012854710221290588,-0.001208716297553713,0.00037418647116098125,0.06587261608998018,-0.9978272706981439,7.600047826766968,drone1
1753815301.75486,-0.0015135136200115085,0.029494507238268852,-0.022323593497276306,-0.0011699722308336294,0.0002655879543011384,0.06591973626661535,-0.997824236125051,7.800055027008057,drone1
1753815301.954843,0.006740501616150141,0.026117080822587013,-0.028814151883125305,-0.0012140686592013745,0.0001782570911675658,0.06609097891211518,-0.9978128143291046,8.000038146972656,drone1
1753815302.1548386,0.013175060972571373,0.022075440734624863,-0.029444441199302673,-0.001276510326564121,0.00011760682950265892,0.06632493606819906,-0.9977972621420041,8.20003366470337,drone1
1753815302.3548331,0.01774059236049652,0.01935320533812046,-0.02636149525642395,-0.0013047181750648626,9.244425544295689e-05,0.06644109278269511,-0.9977895071218781,8.400028228759766,drone1
1753815302.554833,0.021543625742197037,0.01861829310655594,-0.02324768900871277,-0.0013262545561094213,9.23382297771716e-05,0.06648235454738732,-0.9977867675767249,8.600028038024902,drone1
1753815302.7548366,0.025473376736044884,0.01821133680641651,-0.02121812105178833,-0.001321634495954637,6.452447900542623e-05,0.06655716520349414,-0.997781752101752,8.800031661987305,drone1
1753815302.9548385,0.028459101915359497,0.01760241948068142,-0.019435957074165344,-0.0013528307371145402,4.206679419419959e-05,0.06673519349160412,-0.9977697823967749,9.000033617019653,drone1
1753815303.1548336,0.029287682846188545,0.018553974106907845,-0.01687633991241455,-0.0013631232527068974,7.753571328092653e-05,0.06677898406720695,-0.9977668742642276,9.200028657913208,drone1
1753815303.3548343,0.026624776422977448,0.020729217678308487,-0.01416635513305664,-0.0013263564658720318,0.00015068626100120258,0.06663791856524098,-0.9977763573051428,9.400029420852661,drone1
1753815303.5548325,0.021279120817780495,0.023807579651474953,-0.01070067286491394,-0.0012986691144867874,0.0002600861442091968,0.06640994626164554,-0.9977914880237582,9.600027561187744,drone1
1753815303.7548072,0.01773088052868843,0.025659266859292984,-0.0050100237131118774,-0.001265499133118396,0.00032745812850805135,0.06625585738348977,-0.9978018561484918,9.800002336502075,drone1
1753815303.9548337,0.017687726765871048,0.023793747648596764,0.0024454742670059204,-0.0013003564289933343,0.00025847999531325867,0.06637197195113731,-0.9977940589815173,10.000028848648071,drone1
1753815304.154834,0.01763453520834446,0.01977224089205265,0.0069361478090286255,-0.0013579434708793593,0.00019776206820015682,0.06656989355174447,-0.9977808248710849,10.200029134750366,drone1
1753815304.354849,0.017185421660542488,0.015509304590523243,0.007370740175247192,-0.0014069039913011284,0.0002026337746750542,0.06667087740077648,-0.9977740813753231,10.400044202804565,drone1
1753815304.5548468,0.016687242314219475,0.00904261227697134,0.006772264838218689,-0.001467580512428291,0.00022216929170920275,0.06675622476901116,-0.9977683072570771,10.60004186630249,drone1
1753815304.7548451,0.015330389142036438,0.002496281871572137,0.006378993391990662,-0.001510468964373237,0.0002658498080611251,0.06679504201648961,-0.9977655677119239,10.800040245056152,drone1
1753815304.954857,0.013540111482143402,-0.0033532625529915094,0.0068219006061553955,-0.0015529586676185994,0.00029296134459220216,0.06681641046868464,-0.997764008278529,11.000052213668823,drone1
1753815305.1548188,0.011219864711165428,-0.010052436031401157,0.007193967700004578,-0.0016157512157270056,0.0003241942996084256,0.06690373873879918,-0.9977581077197375,11.200013875961304,drone1
1753815305.3548422,0.007274323143064976,-0.016917072236537933,0.008107990026473999,-0.0017193078335156695,0.0003657869829158519,0.06700392179770964,-0.9977511534897332,11.400037288665771,drone1
1753815305.5548275,0.0035348671954125166,-0.02274300530552864,0.008058145642280579,-0.0017685798454897144,0.000430395426345989,0.06707215754544882,-0.9977464751895485,11.600022554397583,drone1
1753815305.7548165,0.0007351863314397633,-0.026470324024558067,0.00831332802772522,-0.001773386891125734,0.0004348743521809063,0.06707810025108873,-0.9977460958679119,11.80001163482666,drone1
1753815305.954818,-0.0005226221401244402,-0.027156436815857887,0.008371606469154358,-0.001730200612427053,0.00044338085390858257,0.06701993760014374,-0.9977501419653689,12.00001311302185,drone1
1753815306.1548264,-0.00024880599812604487,-0.024609552696347237,0.008665382862091064,-0.001655021253713809,0.00042344860496740624,0.06696851844496049,-0.9977536823006439,12.200021505355835,drone1
1753815306.3548236,-0.0011659589363262057,-0.019660720601677895,0.010563373565673828,-0.0015876564310864788,0.0004433267709408645,0.06693345226699943,-0.9977561268178574,12.400018692016602,drone1
1753815306.554809,0.001029889564961195,-0.012623905204236507,0.012987330555915833,-0.0015009973245100803,0.00041154203794501517,0.06689851252958384,-0.9977586134819196,12.600004196166992,drone1
1753815306.7548108,0.005930562503635883,-0.0051190233789384365,0.01627989113330841,-0.0014226781079008384,0.0003348313162965211,0.06683786321457669,-0.9977627860199223,12.800005912780762,drone1
1753815306.9548106,0.011122678406536579,0.0018393625505268574,0.017322689294815063,-0.00139136925563007,0.00026608997101138003,0.06679470484170152,-0.997765736299318,13.000005722045898,drone1
1753815307.1548123,0.013393353670835495,0.006161299534142017,0.018693983554840088,-0.0014000039265826124,0.00025357153382300947,0.06679828732382498,-0.9977655255650754,13.200007438659668,drone1
1753815307.3550196,0.012852457351982594,0.009256246499717236,0.02131529152393341,-0.0014132499731342404,0.0002736051986184153,0.06677767751490316,-0.9977669164110763,13.400214672088623,drone1
1753815307.554891,0.009875796735286713,0.009404949843883514,0.023003339767456055,-0.0014320557816945123,0.00031898113780613914,0.06678362022054318,-0.9977664527957426,13.600086212158203,drone1
1753815307.7548501,0.006973013747483492,0.007422523107379675,0.02321915328502655,-0.0014511099850113892,0.0003611654821949564,0.06675306375537282,-0.9977684336976227,13.800045251846313,drone1
1753815307.954875,0.007072839420288801,0.003818341763690114,0.023753076791763306,-0.0014758806016117463,0.0003185614803184271,0.06677982700417717,-0.9977667056768336,14.000070095062256,drone1
1753815308.154848,0.00839989259839058,0.0007017384050413966,0.022220730781555176,-0.001467966872259318,0.0002796268472813458,0.06681944504177745,-0.997764008278529,14.200043201446533,drone1
1753815308.354873,0.009410444647073746,0.0007571918540634215,0.020620912313461304,-0.0014661993387998923,0.00025795793415455537,0.06681712696510933,-0.9977641347190744,14.400068044662476,drone1
1753815308.5548458,0.0092706810683012,0.003225083462893963,0.022137820720672607,-0.0013907945520697598,0.00030277991393397053,0.06676920599835245,-0.9977674643201069,14.600040912628174,drone1
1753815308.754849,0.008009862154722214,0.007035235408693552,0.024810820817947388,-0.001338115477765603,0.00034453455803132906,0.06672828140844839,-0.99777020386526,14.800044059753418,drone1
1753815308.9548857,0.006825348362326622,0.011341392993927002,0.02652283012866974,-0.0013062899150102585,0.00039179640405378834,0.06672044209462535,-0.9977708782148362,15.000080823898315,drone1
1753815309.1548514,0.005690759047865868,0.01479762140661478,0.027677446603775024,-0.0013033609148339102,0.0003879494751513755,0.06669966369830943,-0.9977722690608372,15.20004653930664,drone1
1753815309.354893,0.004387498367577791,0.016747165471315384,0.030305802822113037,-0.0013247789636621908,0.0004208748483940828,0.06669254088091114,-0.9977725640887767,15.40008807182312,drone1
1753815309.5548646,0.004047216381877661,0.015373933129012585,0.03309236466884613,-0.001372910500025505,0.0004165404730786675,0.06669549116030687,-0.9977723112076856,15.600059747695923,drone1
1753815309.754876,0.0051612877286970615,0.015076573938131332,0.03421813249588013,-0.0013843311846780998,0.0004118129055329548,0.06673148456893524,-0.997770035277866,15.800071001052856,drone1
1753815309.9548523,0.006022397894412279,0.014311349019408226,0.03410439193248749,-0.0013691912464395771,0.0004024670065117911,0.06674214772160847,-0.9977692344877443,16.00004744529724,drone1
1753815310.1548483,0.005033575929701328,0.013691850006580353,0.033230140805244446,-0.00138211287750296,0.0003940957533624417,0.06672351881456667,-0.9977704988931997,16.200043439865112,drone1
1753815310.3548474,0.002691867994144559,0.015350517816841602,0.031505122780799866,-0.001357675360946547,0.0004321857207499717,0.06671820831165431,-0.9977709203616848,16.40004253387451,drone1
1753815310.554848,0.001251835492439568,0.01869153045117855,0.029987618327140808,-0.0013289796956015175,0.0004340883381515973,0.06671744966838111,-0.9977710046553818,16.600043058395386,drone1
1753815310.754841,-0.0009673197637312114,0.021117093041539192,0.02953602373600006,-0.001303207638599677,0.00042309747726755614,0.06673818591784847,-0.9977695716625324,16.800036191940308,drone1
1753815310.9548779,-0.004658885300159454,0.02044903114438057,0.029522091150283813,-0.001375620204880695,0.0004654412305863371,0.06671306639613594,-0.9977711732427759,17.000072956085205,drone1
1753815311.1548574,-0.006830667611211538,0.018448641523718834,0.027901679277420044,-0.0014478115413660625,0.0004744316390502854,0.06668752540593831,-0.9977726905293223,17.200052499771118,drone1
1753815311.3548574,-0.004730476066470146,0.015428618527948856,0.026077643036842346,-0.0015110301266121019,0.0004202375831055143,0.06674033540712249,-0.9977691923408958,17.400052547454834,drone1
1753815311.5548615,-0.0002625226916279644,0.012134503573179245,0.024297982454299927,-0.0015545040657836762,0.0003331385276387516,0.06682564062850849,-0.9977634603694983,17.600056648254395,drone1
1753815311.7548466,0.004142016638070345,0.010582957416772842,0.02167898416519165,-0.0015561206279146467,0.0002666675145448808,0.06688489909751488,-0.9977594142720413,17.800041675567627,drone1
1753815311.9548535,0.0069320616312325,0.008074963465332985,0.01988796889781952,-0.0015398399259521712,0.000231488725472952,0.0668938342293991,-0.9977589085098593,18.000048637390137,drone1
1753815312.1548426,0.007997749373316765,0.0025122298393398523,0.02052752673625946,-0.0015923539525390146,0.00021799757688725928,0.066895140781703,-0.9977586977756165,18.200037717819214,drone1
1753815312.354845,0.008290320634841919,-0.002881243359297514,0.023025020956993103,-0.001678454448736517,0.00021741040214032922,0.06690748980831673,-0.9977578126917979,18.40004014968872,drone1
1753815312.5548623,0.005895286798477173,-0.006385352462530136,0.025758862495422363,-0.0016697825700192734,0.00024361076002654857,0.06692603442166145,-0.9977565482863426,18.600057363510132,drone1
1753815312.754844,0.00033414215431548655,-0.008793313056230545,0.028516292572021484,-0.0016539450273516383,0.0003000744073000186,0.06692249408638662,-0.9977567168737367,18.800039052963257,drone1
1753815312.9548767,-0.00657985545694828,-0.012172029353678226,0.03026627004146576,-0.0016738288321124465,0.000356275871541248,0.06695052174064636,-0.9977548202655536,19.00007176399231,drone1
1753815313.154842,-0.012223536148667336,-0.015317045152187347,0.03176520764827728,-0.0016793741061419149,0.0003615108064713297,0.06692932187584538,-0.9977562111115545,19.200037002563477,drone1
1753815313.3548424,-0.014478106051683426,-0.01749829202890396,0.033625528216362,-0.001700861260984502,0.00031504028399327523,0.06691747861141373,-0.9977570961953732,19.40003752708435,drone1
1753815313.5548553,-0.01445865910500288,-0.020124999806284904,0.03517131507396698,-0.0017250417805466751,0.00024605618273887886,0.0668716228402339,-0.9977600464747689,19.600050449371338,drone1
1753815313.754864,-0.012538854964077473,-0.020591827109456062,0.0353454053401947,-0.0017247968019897053,0.0001849705819951639,0.06684098208136652,-0.997762111670346,19.8000590801239,drone1
1753815313.9548395,-0.009897187352180481,-0.018447941169142723,0.034915223717689514,-0.001713342243453981,0.0001710413778345674,0.06680296562400967,-0.9977647247749537,20.00003457069397,drone1
1753815314.1548471,-0.008463156409561634,-0.01431406382471323,0.035225093364715576,-0.0016808464470256372,0.00016570412155155793,0.0667901108352138,-0.9977656098587724,20.200042247772217,drone1
1753815314.3548472,-0.009644370526075363,-0.007272569928318262,0.03740584850311279,-0.001613708163709053,0.0002123124444679079,0.06678741343690908,-0.9977659470335605,20.400042295455933,drone1
1753815314.554841,-0.01196981780230999,-0.0001654467632761225,0.03928670287132263,-0.0015574927877150923,0.0002544400717109752,0.06674779539930892,-0.9977686444318652,20.600036144256592,drone1
1753815314.754841,-0.014025368727743626,0.00667033763602376,0.040404707193374634,-0.0015006141339244977,0.000261346557238444,0.0667309788067531,-0.997769866690472,20.800036191940308,drone1
1753815314.9548726,-0.01446513645350933,0.011979278177022934,0.04256477952003479,-0.001458585411834723,0.0002422914895819005,0.06669683985945918,-0.9977722269139886,21.000067710876465,drone1
1753815315.1548433,-0.01500350795686245,0.01653553545475006,0.04598107933998108,-0.0014086282666181857,0.00023121818715726632,0.06666236373737733,-0.9977745871375052,21.20003843307495,drone1
1753815315.3548636,-0.017200877889990807,0.019549891352653503,0.049801141023635864,-0.0013979955304693921,0.0002443318251037579,0.06665191131894665,-0.9977753457807784,21.40005874633789,drone1
1753815315.5548608,-0.020979713648557663,0.021448271349072456,0.05317729711532593,-0.0013920208854207188,0.0002829271430831012,0.06666185797519525,-0.9977746714312022,21.600055932998657,drone1
1753815315.7548738,-0.024144986644387245,0.022290660068392754,0.0575011670589447,-0.0013866984875481707,0.000317033698218939,0.06662978422347837,-0.9977768209204763,21.800068855285645,drone1
1753815315.9548433,-0.026851395145058632,0.020709887146949768,0.06073278188705444,-0.0014099045258746563,0.00029527612853776146,0.06664702228451941,-0.9977755986618695,22.000038385391235,drone1
1753815316.1548445,-0.031435489654541016,0.017056411132216454,0.06054431200027466,-0.0014600633091877316,0.00032947327470247853,0.06662788761529542,-0.9977767787736278,22.200039625167847,drone1
1753815316.3548393,-0.0355028361082077,0.011700990609824657,0.058189600706100464,-0.0015158145759396914,0.0003457934481764016,0.06664129031312183,-0.9977758515429607,22.400034427642822,drone1
1753815316.5548384,-0.03584238886833191,0.006573230028152466,0.05432364344596863,-0.001557376431132338,0.0003284587868879312,0.0666656511915612,-0.9977741656690201,22.60003352165222,drone1
1753815316.7548387,-0.034071460366249084,0.003055717796087265,0.048070311546325684,-0.0015740415996103804,0.00026520834455131815,0.06672301305238454,-0.9977703303058056,22.800033807754517,drone1
1753815316.954858,-0.03126360848546028,0.0018443686421960592,0.041921794414520264,-0.0015596236319477656,0.00021289731430906012,0.06676322114586392,-0.9977676329075009,23.00005316734314,drone1
1753815317.1548517,-0.028999386355280876,0.0019102253718301654,0.0369032621383667,-0.0015357152147444848,0.00019354775378035313,0.06677392644538566,-0.9977669585579247,23.20004677772522,drone1
1753815317.3548477,-0.02863648533821106,0.004191878717392683,0.03333723545074463,-0.001510150928534913,0.00019938319898365144,0.06675689911858729,-0.997768054375986,23.40004277229309,drone1
1753815317.5548306,-0.03020620346069336,0.006417831871658564,0.02950538694858551,-0.0014823068847158005,0.00022404630819308056,0.06669612336303454,-0.9977721847671401,23.60002565383911,drone1
1753815317.7548442,-0.033119942992925644,0.007847624830901623,0.026424750685691833,-0.0014755556098970568,0.0003009370182874126,0.0666789695956907,-0.99777332273205,23.800039291381836,drone1
1753815317.9548283,-0.0342085063457489,0.01137780025601387,0.024097532033920288,-0.0014499313961372586,0.00032254509836527804,0.06668971704206089,-0.9977726905293223,24.000023365020752,drone1
1753815318.1548297,-0.03244428709149361,0.015547094866633415,0.02281801402568817,-0.001431986017135698,0.0003042161995058808,0.06669346811157839,-0.9977723955013826,24.200024843215942,drone1
1753815318.3548236,-0.02841906249523163,0.019500741735100746,0.021482229232788086,-0.0013999711228343086,0.0002630289326611811,0.06672819711475131,-0.99777020386526,24.4000186920166,drone1
1753815318.5548482,-0.02419179305434227,0.021008294075727463,0.020687967538833618,-0.001395999235111506,0.000233260127881362,0.06678096496908703,-0.9977666635299851,24.600043296813965,drone1
1753815318.7548535,-0.01976204104721546,0.020467247813940048,0.020505934953689575,-0.0014408892507704022,0.00018652503514722532,0.0668645000228355,-0.9977611001459818,24.80004858970642,drone1
1753815318.9548237,-0.01643962413072586,0.01820654422044754,0.021476805210113525,-0.0015170416501532218,0.00014340605146545356,0.06693998502851856,-0.997755831789918,25.00001883506775,drone1
1753815319.154811,-0.01486386638134718,0.014439047314226627,0.023864954710006714,-0.0015889968572734459,0.00014696400280595718,0.06698128894005928,-0.9977529658042191,25.200006008148193,drone1
1753815319.3548095,-0.012674719095230103,0.009255632758140564,0.026647642254829407,-0.0016604706683583342,0.0001226586067414581,0.06703047431227149,-0.9977495519094897,25.400004625320435,drone1
1753815319.554809,-0.011828284710645676,0.0038908880669623613,0.02927820384502411,-0.0017093703968902101,0.00011110822997982205,0.06707097743369045,-0.9977467280706396,25.600004196166992,drone1
1753815319.7548084,-0.014266354031860828,-0.0023414292372763157,0.029742270708084106,-0.0017478371340543697,0.00016038365815350202,0.06706646772089975,-0.997747023098579,25.80000352859497,drone1
1753815319.954807,-0.01687600649893284,-0.008879285305738449,0.029860109090805054,-0.0017847309376612126,0.00022307577822444093,0.06707687799248191,-0.9977461380147604,26.000002145767212,drone1
1753815320.154798,-0.020327651873230934,-0.014453706331551075,0.02893681824207306,-0.0018215187156022704,0.0002719778116620947,0.06711754970129497,-0.9977433984696071,26.199993133544922,drone1
1753815320.3548853,-0.02359743043780327,-0.017813635990023613,0.02633953094482422,-0.0018248395909199002,0.00029289581941365763,0.06713482990918446,-0.9977422183578488,26.40008044242859,drone1
1753815320.5548975,-0.027063146233558655,-0.019060052931308746,0.023917779326438904,-0.0017922336529225963,0.0003137222071605477,0.0671095839469264,-0.9977439463786378,26.60009264945984,drone1
1753815320.7548807,-0.029454652220010757,-0.016849499195814133,0.02210897207260132,-0.001740646074981389,0.0003352350452389462,0.06709643413019101,-0.9977448736093051,26.80007576942444,drone1
1753815320.9548917,-0.030551521107554436,-0.01395506039261818,0.0179423987865448,-0.0017055350336757189,0.0003284126064543087,0.06709028069030837,-0.9977454636651842,27.000086784362793,drone1
1753815321.1548765,-0.030812721699476242,-0.010281013324856758,0.013366565108299255,-0.0016804626802136105,0.00032627505329946033,0.06708665606133657,-0.9977457165462753,27.200071573257446,drone1
1753815321.3548915,-0.03267727792263031,-0.006419007200747728,0.009448334574699402,-0.0016329226814545917,0.0003394052783357468,0.06706735280471854,-0.9977470652454277,27.400086641311646,drone1
1753815321.554875,-0.03242248296737671,-0.00392109202221036,0.006238341331481934,-0.0016309054361495455,0.0003071545016234044,0.06705803835119767,-0.9977476974481554,27.600069999694824,drone1
1753815321.7548826,-0.030464326962828636,-0.0026215745601803064,0.0043326616287231445,-0.0016168141888809533,0.0002449100683407985,0.06705137914913284,-0.9977482032103373,27.80007767677307,drone1
1753815321.9548812,-0.028058113530278206,-0.001446487382054329,0.0035476237535476685,-0.001626012409296202,0.00019123045913385718,0.06702550098414717,-0.9977499733779749,28.000076293945312,drone1
1753815322.154884,-0.024778621271252632,-0.00021559030574280769,0.0034432709217071533,-0.0016394527264776849,0.00017294193728460545,0.0670391565630647,-0.9977490461473075,28.200079202651978,drone1
1753815322.3548853,-0.022327953949570656,0.0008112111827358603,0.004766866564750671,-0.0016460099364617323,0.00018061307530390576,0.06701951613165869,-0.997750310552763,28.40008044242859,drone1
1753815322.5548856,-0.01922915130853653,0.0013787106145173311,0.00525355339050293,-0.0016526512755066745,0.00014747569188865988,0.06701155037729012,-0.9977507741680967,28.600080728530884,drone1
1753815322.7548852,-0.015065000392496586,0.0026988389436155558,0.004713132977485657,-0.0016363592959694996,0.0001292793662705258,0.06701736664238456,-0.9977505212870055,28.80008029937744,drone1
1753815322.954893,-0.011835187673568726,0.0040643298998475075,0.005278334021568298,-0.0016172731944030174,0.00011344351112319236,0.06698415492575793,-0.9977527129231281,29.000088214874268,drone1
1753815323.1549065,-0.012710962444543839,0.005884511861950159,0.006845191121101379,-0.0016005227032521593,0.00016526215586863812,0.06698546147806184,-0.9977526707762796,29.200101613998413,drone1
1753815323.3549275,-0.01636139303445816,0.006102497689425945,0.01032276451587677,-0.001629450958285602,0.0002516173853136343,0.06696396658532133,-0.9977541037691289,29.40012264251709,drone1
1753815323.554898,-0.020362311974167824,0.003719944041222334,0.011863306164741516,-0.001665322206907675,0.00029681263635198026,0.06694685496482589,-0.9977551152934931,29.600093126296997,drone1
1753815323.7548766,-0.02344280481338501,0.0008660036255605519,0.015708059072494507,-0.0002160857077069142,-0.00024517014325876755,0.06694537982512799,-0.9977565904331911,29.800071716308594,drone1
1753815323.9549139,-0.024876365438103676,-0.0002319209888810292,0.0446799099445343,9.21462228940627e-05,-0.0005109303159522245,0.06691381183559336,-0.9977586556287681,30.00010895729065,drone1
1753815324.154879,-0.025988783687353134,0.0009969701059162617,0.11200743913650513,-0.0008481085819775597,-0.0004112692153029533,0.06685847302349857,-0.9977620695234974,30.200074195861816,drone1
1753815324.3549285,-0.027838055044412613,0.0034133035223931074,0.21733024716377258,-0.0013935527422643504,-0.0005411687041252668,0.06671698605304743,-0.9977708782148363,30.400123596191406,drone1
1753815324.5548787,-0.027791669592261314,0.007217615842819214,0.36007755994796753,-0.0018118692687219581,-0.0005693870070200725,0.06663442037681461,-0.997775725102415,30.60007381439209,drone1
1753815324.7548745,-0.02605878934264183,0.00953548401594162,0.5374928116798401,-0.0021493320465542577,-0.00038635489194324446,0.06664099528518225,-0.9977746292843538,30.800069570541382,drone1
1753815324.954884,-0.022912390530109406,0.011407828889787197,0.7465608716011047,-0.002104645109558011,-9.241602034655059e-06,0.06671323498352999,-0.9977699931310176,31.00007915496826,drone1
1753815325.1548865,-0.019901536405086517,0.015952633693814278,0.9691272377967834,-0.0023293383554120637,0.0002700461359840543,0.06671159125643811,-0.9977695295156839,31.20008158683777,drone1
1753815325.3549216,-0.018670450896024704,0.021662579849362373,1.1942689418792725,-0.002777803790307692,0.00029464417276428833,0.06663189156590399,-0.9977737863473835,31.400116682052612,drone1
1753815325.5549226,-0.01886463351547718,0.024251602590084076,1.4242193698883057,-0.00305421681691293,0.00014128018747562178,0.06663543190117893,-0.9977727748230193,31.600117683410645,drone1
1753815325.7548819,-0.02035345509648323,0.025241848081350327,1.658461093902588,-0.002773070254702376,-0.00011722034619442262,0.06674825901464249,-0.9977660734741061,31.800076961517334,drone1
1753815325.954871,-0.02059064619243145,0.024556297808885574,1.8963122367858887,-0.002525351987943469,-0.00033006209581056445,0.06752527831378935,-0.9977144014378316,32.00006604194641,drone1
1753815326.1548731,-0.017654266208410263,0.02195758745074272,2.1400599479675293,-0.00209726718848089,-0.00013627722484836302,0.06776897139187943,-0.9976988913975797,32.20006823539734,drone1
1753815326.354887,-0.010678795166313648,0.01859280653297901,2.3880343437194824,-0.0016037121989404468,0.0005997047909654728,0.06772863685785441,-0.9977023895860061,32.40008211135864,drone1
1753815326.5548854,-0.0036353417672216892,0.01591969095170498,2.6412293910980225,-0.001381900949648485,0.0014580603872258481,0.06750728160947522,-0.9977168038081967,32.600080490112305,drone1
1753815326.7548897,0.002640414284542203,0.014460446313023567,2.90149188041687,-0.0012812662938417405,0.001725465842050898,0.06714625170513089,-0.997740827511848,32.800084829330444,drone1
1753815326.954901,0.008043567650020123,0.013087715953588486,3.1672203540802,-0.0014670049239487982,0.0019217646860928076,0.06674842760203659,-0.9977670007047732,33.00009608268738,drone1
1753815327.1548624,0.010539106093347073,0.01208212599158287,3.4369473457336426,-0.0015391100734216832,0.001965498832663099,0.06648168019781109,-0.9977844916469052,33.20005750656128,drone1
1753815327.3548532,0.008794284425675869,0.012446271255612373,3.710768461227417,-0.001501898820492719,0.001434862632154502,0.06644012340517946,-0.9977882848632713,33.40004825592041,drone1
1753815327.554846,0.007230589631944895,0.014691713266074657,3.987518310546875,-0.0016460854632849916,0.0007883642511810765,0.06672115859105004,-0.9977699931310176,33.60004115104675,drone1
1753815327.754891,0.008233955129981041,0.016930406913161278,4.266765594482422,-0.002079916845601323,0.000693389250353031,0.06708674035503359,-0.9977447893156081,33.80008602142334,drone1
1753815327.9548483,0.011445723474025726,0.018166927620768547,4.5465803146362305,-0.0022204643611527255,0.0011028765471150193,0.06734665996980027,-0.9977265397302029,34.0000433921814,drone1
1753815328.154844,0.016226420179009438,0.017090003937482834,4.827581882476807,-0.0021090228459133735,0.001625211310481871,0.06738454998661147,-0.9977235473039585,34.20003914833069,drone1
1753815328.354862,0.018277306109666824,0.013769365847110748,5.111605167388916,-0.001699731630778637,0.0018316905734931696,0.06709622339594845,-0.9977433984696072,34.40005707740784,drone1
1753815328.5548465,0.018288414925336838,0.009590603411197662,5.398219585418701,-0.0012654221863085415,0.001676874332928274,0.06674412862348844,-0.9977680122291376,34.60004162788391,drone1
1753815328.7548473,0.017263827845454216,0.0059462557546794415,5.687254428863525,-0.0008373483763074393,0.0013552393430730852,0.06646558010168002,-0.9977874419263011,34.800042390823364,drone1
1753815328.9548447,0.015239166095852852,0.0032239186111837626,5.978333950042725,-0.0007516754401317449,0.0011212750253175882,0.06631675957958805,-0.9977976836104892,35.00003981590271,drone1
1753815329.1548393,0.01208704337477684,0.0018690202850848436,6.271265029907227,-0.0007211066581210958,0.0008769954824739665,0.06640075824867026,-0.9977924152544253,35.200034379959106,drone1
1753815329.3548398,0.007680901791900396,0.0029153807554394007,6.565090179443359,-0.0009693363978777884,0.00045946168761288567,0.06678340948630063,-0.9977670007047732,35.40003490447998,drone1
1753815329.5548463,0.002792820567265153,0.0032605635933578014,6.859345436096191,-0.001262936489483645,7.94507607101403e-05,0.06699313220449082,-0.9977526707762796,35.60004138946533,drone1
1753815329.7548387,-0.0029783714562654495,-0.0007330753142014146,7.151003837585449,-0.009672076280603669,0.0070551293949965245,0.06911147495749687,-0.9975370896461463,35.80003380775452,drone1
1753815329.9548864,-0.01589001715183258,-0.014528064988553524,7.412475109100342,-0.05541088057157941,0.017637705361070108,0.09655901999433747,-0.9936272108034877,36.00008153915405,drone1
1753815330.1548574,-0.04708973690867424,-0.07134119421243668,7.622621536254883,-0.10002844319663284,0.012298766496842774,0.16808609942738767,-0.9806071220678053,36.20005249977112,drone1
1753815330.3548446,-0.0986328274011612,-0.21032781898975372,7.782145023345947,-0.13587480673883792,-0.007750431387872822,0.26521336430677317,-0.9545364934983914,36.40003967285156,drone1
1753815330.5548363,-0.16056875884532928,-0.4571854770183563,7.887800693511963,-0.15665555800986924,-0.03245385307008581,0.36177613537062797,-0.9184355682595365,36.60003137588501,drone1
1753815330.7548392,-0.22583888471126556,-0.8215324282646179,7.932083606719971,-0.15319412690372258,-0.04924614269940994,0.47030599830696906,-0.8677089279441283,36.800034284591675,drone1
1753815330.954848,-0.30793699622154236,-1.2871708869934082,7.909519672393799,-0.1382624019993778,-0.06054748558699614,0.5880895495453772,-0.7945867904924713,37.00004315376282,drone1
1753815331.1548421,-0.4158423840999603,-1.836828589439392,7.823509693145752,-0.10265061596218326,-0.06339195136830508,0.6812991028537261,-0.7219943796575904,37.200037240982056,drone1
1753815331.3548594,-0.5348846912384033,-2.451976776123047,7.691582679748535,-0.060539230217100705,-0.060071141761069424,0.7379861412659218,-0.6694050264450178,37.40005445480347,drone1
1753815331.55485,-0.6426275372505188,-3.109450340270996,7.554616451263428,-0.024257745759535113,-0.03645840361266757,0.7727821816356331,-0.6331587973117436,37.6000452041626,drone1
1753815331.7548552,-0.7311325073242188,-3.7711777687072754,7.441872596740723,0.0007948302527506986,-0.00016829257189917126,0.8020870118458032,-0.5972068190355263,37.800050258636475,drone1
1753815331.9548633,-0.810234010219574,-4.394201278686523,7.348227024078369,0.02532214828433727,0.029266054780267857,0.8268812125713526,-0.5610435059241634,38.00005841255188,drone1
1753815332.1548486,-0.8828939199447632,-4.9494709968566895,7.264887809753418,0.04533041400588694,0.05883807197312254,0.8350763722363563,-0.545097035055824,38.20004367828369,drone1
1753815332.3548472,-0.9519450068473816,-5.412759304046631,7.188211917877197,0.055833992783780324,0.09007828085710137,0.8264745692402073,-0.5529090061108788,38.40004229545593,drone1
1753815332.5548303,-1.032447099685669,-5.756814956665039,7.135108470916748,0.02919118123316053,0.11667440423628324,0.8199655258600183,-0.5596351900545959,38.60002541542053,drone1
1753815332.7548258,-1.16176438331604,-5.9788923263549805,7.10882568359375,-0.009655985239459564,0.13561520322543508,0.8355772559207719,-0.5322837082222238,38.800020933151245,drone1
1753815332.954838,-1.3819469213485718,-6.098663330078125,7.098327159881592,-0.05001661079779143,0.11046594427713978,0.8758867863278185,-0.4670309142231571,39.000033140182495,drone1
1753815333.1548295,-1.7025251388549805,-6.16192102432251,7.096490859985352,-0.05006571393425822,0.05106182424112965,0.9271558987304103,-0.3677880672093431,39.20002460479736,drone1
1753815333.354832,-2.0879573822021484,-6.219304084777832,7.1137776374816895,-0.07915272453919446,0.012085919643506592,0.9648304187052679,-0.25038174080181963,39.40002703666687,drone1
1753815333.5548358,-2.5322186946868896,-6.3069024085998535,7.163012504577637,-0.1239071722256772,-0.01593465921404418,0.9829703801575083,-0.13476775127407042,39.60003089904785,drone1
1753815333.7548203,-3.062678337097168,-6.447541236877441,7.230492115020752,-0.14435622516474975,-0.058918952433959525,0.9865717862159156,-0.04864129854478617,39.800015449523926,drone1
1753815333.9548056,-3.6947853565216064,-6.66277551651001,7.288974285125732,-0.14114276504181694,-0.07128687664085254,0.9872299514022618,-0.019338449236495976,40.00000071525574,drone1
1753815334.1548185,-4.423086643218994,-6.953252792358398,7.333065986633301,-0.11617442670911071,-0.04955115417372731,0.9908903209017359,-0.04673929556518653,40.200013637542725,drone1
1753815334.3548064,-5.219996929168701,-7.288161754608154,7.361999034881592,-0.08488836798085259,-0.02279940092224094,0.9907662827265683,-0.10323019176403564,40.400001525878906,drone1
1753815334.5548098,-6.051409721374512,-7.632898807525635,7.384095191955566,-0.046312677262025266,0.022056712865384156,0.98669788958666,-0.15425953074544918,40.60000491142273,drone1
1753815334.7548053,-6.886127948760986,-7.944272994995117,7.40882682800293,-0.006765911299705807,0.035597419230208364,0.9825640845378631,-0.18235912967560175,40.80000042915344,drone1
1753815334.954931,-7.565485954284668,-8.161534309387207,7.4342522621154785,0.024405156667107682,0.034179194570701725,0.982242419790028,-0.182855366669969,41.000126123428345,drone1
1753815335.1548953,-8.324112892150879,-8.366935729980469,7.47139310836792,0.0427830940432919,0.06479875982949354,0.9869432263918421,-0.14111683682744847,41.200090408325195,drone1
1753815335.3548863,-9.021444320678711,-8.496861457824707,7.509091854095459,0.041204587223804115,0.09943594806862274,0.9931092681821374,-0.04635415766349393,41.400081396102905,drone1
1753815335.5548928,-9.660319328308105,-8.530489921569824,7.539177417755127,0.028759255061264772,0.12874526691815932,0.9878243062599623,0.08246667328568935,41.60008788108826,drone1
1753815335.7548585,-10.242424011230469,-8.450849533081055,7.55982780456543,0.008507641668219532,0.14160586144236437,0.9659730619152467,0.2162673651206774,41.80005359649658,drone1
1753815335.9548767,-10.771833419799805,-8.256784439086914,7.572467803955078,-0.010653701242477685,0.13571446432203424,0.9330626109618181,0.33296001894236593,42.00007176399231,drone1
1753815336.154855,-11.255186080932617,-7.962994575500488,7.581517219543457,-0.023762693486737766,0.1338985199387378,0.8953467027817228,0.42410009218311207,42.20005011558533,drone1
1753815336.354856,-11.696199417114258,-7.580808162689209,7.584641456604004,-0.023123994876047615,0.12259260148391016,0.8597831077145335,0.4951861469933443,42.40005111694336,drone1
1753815336.5548851,-12.09290599822998,-7.127021312713623,7.5782856941223145,-0.014080100414977688,0.09732158555862293,0.8284523206432931,0.5513592981012698,42.600080251693726,drone1
1753815336.7548563,-12.449613571166992,-6.624619960784912,7.569634914398193,-0.03665659587506758,0.0778044350015297,0.8122713447098392,0.576903870780995,42.80005145072937,drone1
1753815336.9548857,-12.789807319641113,-6.0805277824401855,7.560215473175049,-0.06619050021611307,0.06390982476016399,0.8192409056302825,0.5660201320393449,43.000080823898315,drone1
1753815337.1548529,-13.147961616516113,-5.490764141082764,7.545696258544922,-0.0838055798812043,0.04832942635378469,0.8428650887677452,0.529357568433946,43.200047969818115,drone1
1753815337.354851,-13.552034378051758,-4.855685710906982,7.525468349456787,-0.0752937222110446,0.02034545335125465,0.87137403896406,0.48438041153157574,43.4000461101532,drone1
1753815337.5548468,-14.003854751586914,-4.198667526245117,7.504032611846924,-0.04404784655157456,0.0027242656035338176,0.892755177360485,0.4483755811073258,43.60004186630249,drone1
1753815337.754855,-14.480073928833008,-3.5471086502075195,7.4908127784729,0.0014650593570975183,0.022524558030378727,0.8957055199765204,0.4440744319965163,43.800050020217896,drone1
1753815337.954881,-14.92995834350586,-2.9055378437042236,7.491696834564209,0.04332668549150303,0.04758893470749824,0.8665928583221356,0.49484846644307495,44.00007605552673,drone1
1753815338.154843,-15.307568550109863,-2.2685418128967285,7.4942779541015625,0.07025137409482886,0.0675189818874303,0.8017115571825559,0.5897157330116093,44.20003819465637,drone1
1753815338.354842,-15.583130836486816,-1.6400887966156006,7.49006462097168,0.08579535762409475,0.09528231819595741,0.7075550873359903,0.694929007096523,44.40003705024719,drone1
1753815338.5548415,-15.73337173461914,-1.0227742195129395,7.481757164001465,0.08442038386296664,0.11934279102122572,0.603325782796035,0.7839824958931606,44.60003662109375,drone1
1753815338.754856,-15.74876880645752,-0.4182196259498596,7.472002029418945,0.06698813780294213,0.1234259500460918,0.508833328151308,0.8493334393656972,44.80005121231079,drone1
1753815338.9548533,-15.642066955566406,0.17202411592006683,7.4635186195373535,0.05451812339224359,0.12346502544301746,0.430578779295661,0.8924047263151169,45.00004839897156,drone1
1753815339.1548624,-15.425691604614258,0.747474730014801,7.4585347175598145,0.046139253517114946,0.12345729413049375,0.36680172558706686,0.9209158260007058,45.20005750656128,drone1
1753815339.3548422,-15.110516548156738,1.312124252319336,7.45562744140625,0.02580078600600089,0.10534183053395044,0.32524663990269004,0.9393891900980915,45.40003728866577,drone1
1753815339.5548434,-14.722204208374023,1.8735064268112183,7.456218719482422,0.013996093843361241,0.08199876951023342,0.32070628635315696,0.9435188647557343,45.60003852844238,drone1
1753815339.7548742,-14.291296005249023,2.433051824569702,7.458800792694092,0.01105285692256702,0.05294641604480072,0.34916742094983605,0.9354981087498687,45.8000693321228,drone1
1753815339.9548788,-13.845256805419922,2.9866209030151367,7.460787773132324,0.008275683194717276,0.02063734200916135,0.39226208886346725,0.9195847863778832,46.00007390975952,drone1
1753815340.154822,-13.410364151000977,3.5250346660614014,7.462569713592529,0.010182105501873841,-0.01497683141651078,0.4308898862579442,0.902222771455457,46.20001721382141,drone1
1753815340.3548398,-13.011750221252441,4.035107135772705,7.464798450469971,0.00965097503284273,-0.052454002559846974,0.4540093503477769,0.8893991924009567,46.40003490447998,drone1
1753815340.554881,-12.674636840820312,4.5008440017700195,7.4698333740234375,0.013175700168740605,-0.08969710739334699,0.45935902875584034,0.88361202970535,46.60007619857788,drone1
1753815340.7548418,-12.41612720489502,4.910562992095947,7.477761745452881,0.03721534586539944,-0.07291882632279668,0.4453252661666225,0.891618371489025,46.800036907196045,drone1
1753815340.954843,-12.2070894241333,5.258972644805908,7.4891133308410645,0.07021115867504181,-0.032415311094211745,0.3891046155604252,0.9179419022229286,47.000038146972656,drone1
1753815341.154842,-12.001843452453613,5.5393266677856445,7.499805927276611,0.09194085545991902,0.0071364914165047665,0.28704151217850454,0.953469040266156,47.20003700256348,drone1
1753815341.3548584,-11.765286445617676,5.742751121520996,7.503885746002197,0.0988079573916324,0.0499129190137424,0.15882298076796614,0.9810816112883409,47.40005350112915,drone1
1753815341.5548546,-11.46861743927002,5.865938186645508,7.504204750061035,0.09584109600979496,0.09183721882897264,0.02954582588995542,0.9907106067396854,47.6000497341156,drone1
1753815341.7548478,-11.08558464050293,5.911543369293213,7.502443313598633,0.06245779412993042,0.1124055606848573,-0.07936285292080164,0.9885168211278448,47.80004286766052,drone1
1753815341.954839,-10.605746269226074,5.903080463409424,7.504535675048828,0.0071709069524919745,0.13498591389867495,-0.13712974495831814,0.9812862763847099,48.00003409385681,drone1
1753815342.1548536,-10.013439178466797,5.882962703704834,7.513572692871094,-0.029464171639321694,0.14806250575314228,-0.13226713660507072,0.9796504307534566,48.20004868507385,drone1
1753815342.3548315,-9.30436897277832,5.88420295715332,7.515027046203613,-0.03528513610743404,0.14400553440918062,-0.08338214498219453,0.985426277020238,48.40002655982971,drone1
1753815342.554837,-8.49093246459961,5.914907455444336,7.506520748138428,-0.014558180020170832,0.1399682561801857,-0.021595370827405973,0.9898134267754339,48.60003209114075,drone1
1753815342.7548418,-7.586716175079346,5.956654071807861,7.493686199188232,-3.127296159514101e-05,0.11222672106991344,0.029180665594456985,0.9932540847536209,48.800036907196045,drone1
1753815342.9548512,-6.618096351623535,6.001505374908447,7.481388092041016,0.0007019768353731402,0.07759753743927875,0.055279932947434114,0.9954507784980086,49.000046253204346,drone1
1753815343.1548595,-5.624675750732422,6.045891761779785,7.471057891845703,-0.002221682874287772,0.04166183179785372,0.056474206046838726,0.9975319898774766,49.20005464553833,drone1
1753815343.3548546,-4.642056465148926,6.086892127990723,7.463393688201904,0.0005597638196020104,0.005431221693947659,0.04145597737010337,0.9991254357791279,49.400049686431885,drone1
1753815343.5548537,-3.6985373497009277,6.12475061416626,7.45680046081543,-0.0007170377482708227,-0.030673963998601526,0.02184892626804735,0.9992903985441995,49.600048780441284,drone1
1753815343.7548382,-2.8205950260162354,6.161989212036133,7.45072603225708,2.749818447526361e-05,-0.0670545744070856,0.006242664760887968,0.9977298271843866,49.80003333091736,drone1
1753815343.954827,-2.037137031555176,6.19785737991333,7.444700241088867,0.0026926462475275483,-0.09374545443843207,-0.0017598838064209533,0.9955910853567014,50.000022172927856,drone1
1753815344.15484,-1.3603742122650146,6.231631278991699,7.43696928024292,0.004881961659247905,-0.082930106861025,-0.0032375944620614047,0.9965381671895897,50.200035095214844,drone1
1753815344.3548272,-0.7734366059303284,6.259978294372559,7.43172025680542,0.005821775794946112,-0.06670255075743245,-0.0016242973947613911,0.997754609531311,50.40002226829529,drone1
1753815344.5548453,-0.2525048553943634,6.281839370727539,7.428336143493652,0.005674656951862771,-0.05446627750021927,-0.00032857683099102644,0.9984994707850441,50.600040435791016,drone1
1753815344.7548392,0.22035546600818634,6.303433418273926,7.4254255294799805,0.005528211141266588,-0.04587532336629478,-0.0012170745444491954,0.9989311809543412,50.800034284591675,drone1
1753815344.954832,0.6520265936851501,6.322323799133301,7.424710273742676,0.005853625641530185,-0.0394945446999255,-0.004308840910662806,0.9991933764989276,51.00002717971802,drone1
1753815345.154841,1.0454744100570679,6.33637809753418,7.4270710945129395,0.006078564689121845,-0.03472954976491837,-0.008812695289385499,0.9993394153290177,51.20003604888916,drone1
1753815345.3548377,1.4066954851150513,6.3473381996154785,7.430886745452881,0.005980485021369949,-0.03163444984640531,-0.013958825492565665,0.9993841752821363,51.40003275871277,drone1
1753815345.5548346,1.7386499643325806,6.353506088256836,7.4348249435424805,0.00598275963410052,-0.029422281623168935,-0.019065674832933647,0.9993673165427319,51.600029706954956,drone1
1753815345.7548249,2.043002128601074,6.354427814483643,7.437875270843506,0.006684355830748103,-0.03270827778947799,-0.024566976528515142,0.9991406086445918,51.80001997947693,drone1
1753815345.9548278,2.3117516040802,6.345005035400391,7.445613384246826,0.035583036618154006,-0.07079925472573873,-0.04834273026993514,0.9956828390459096,52.000022888183594,drone1
1753815346.1548288,2.5092692375183105,6.306284427642822,7.461277484893799,0.04550588911693946,-0.11567201520143659,-0.11585679752202051,0.985457549981833,52.200023889541626,drone1
1753815346.3548286,2.5903632640838623,6.237961769104004,7.477427959442139,0.053058367294068785,-0.14080809535703817,-0.2178604738475407,0.9643105794757345,52.40002369880676,drone1
1753815346.5548186,2.5366458892822266,6.15521764755249,7.482424259185791,0.06379878304317957,-0.1172975216839146,-0.3309277400540191,0.9341616743304366,52.600013732910156,drone1
1753815346.7548122,2.371840238571167,6.060201644897461,7.478554725646973,0.08820981145775661,-0.09276266582841254,-0.43555478374482715,0.8910140699750757,52.800007343292236,drone1
1753815346.9548066,2.1082262992858887,5.93402099609375,7.480997085571289,0.13535665601742303,-0.08261930019503747,-0.5210138727380778,0.8386877987079971,53.000001668930054,drone1
1753815347.1548054,1.7372428178787231,5.7519073486328125,7.484023094177246,0.1473411492699882,-0.06538293029637827,-0.5936186365508395,0.7884367961147465,53.200000524520874,drone1
1753815347.3548055,1.260003685951233,5.508785724639893,7.485170364379883,0.15209896738694734,-0.050238906447728035,-0.6543242228691339,0.7390547192921767,53.40000057220459,drone1
1753815347.5548112,0.6821878552436829,5.205052852630615,7.486339569091797,0.1582619956775741,-0.03793718967148957,-0.7071203913258941,0.6881094718346211,53.600006341934204,drone1
1753815347.7548242,0.1217435896396637,4.903042793273926,7.487441539764404,0.15615344153013475,-0.021738354010979146,-0.7466004961203929,0.6463214056156656,53.80001926422119,drone1
1753815347.9548905,-0.619256317615509,4.484708786010742,7.483353137969971,0.1343335649774234,0.013520087336279275,-0.7936893365737046,0.5931518707402932,54.0000855922699,drone1
1753815348.1548774,-1.4080994129180908,4.004288673400879,7.474904537200928,0.09494881018369082,0.029491625042770444,-0.8391252408486918,0.534774523748945,54.20007252693176,drone1
1753815348.354885,-2.2124738693237305,3.4798829555511475,7.462744235992432,0.04658328900542353,0.019801153144516873,-0.8808488612435516,0.4706838237304448,54.40008020401001,drone1
1753815348.5548615,-3.0056312084198,2.9433093070983887,7.451152801513672,-0.0011639215341840675,0.0010918266950486989,-0.9158721547862556,0.4014670448719436,54.600056648254395,drone1
1753815348.7548802,-3.763493299484253,2.4279983043670654,7.442202091217041,-0.037795889727678715,-0.0056013951924387346,-0.9440662680241939,0.327534918748892,54.80007529258728,drone1
1753815348.9548984,-4.45703649520874,1.9495055675506592,7.438593864440918,-0.07038077734978494,-0.004359103661689966,-0.9655472523047411,0.25049199695752405,55.00009346008301,drone1
1753815349.1548955,-5.059702396392822,1.506173849105835,7.442302703857422,-0.09663996565108053,-0.010137557764722993,-0.9781824981666707,0.18362210213807917,55.200090646743774,drone1
1753815349.3548582,-5.558420181274414,1.1000632047653198,7.455205917358398,-0.10816189987541666,-0.02056699826045218,-0.9800244840339907,0.16562025590840918,55.40005326271057,drone1
1753815349.5548635,-5.950607776641846,0.735478401184082,7.479533672332764,-0.11707427772988639,-0.01568072972012201,-0.9666291619060159,0.22732303139411536,55.60005855560303,drone1
1753815349.7548616,-6.242823600769043,0.40950414538383484,7.49330472946167,-0.1165539327381709,-0.010292223527867827,-0.9270907818494611,0.3561066888229122,55.80005669593811,drone1
1753815349.9548635,-6.450135231018066,0.1248801201581955,7.484825611114502,-0.11724299156447551,0.004714846770724281,-0.8550365085618123,0.5051183257994516,56.00005865097046,drone1
1753815350.1548605,-6.575058460235596,-0.11334262788295746,7.468252182006836,-0.1189716656295741,0.02893671436691995,-0.7646507532739338,0.6327066827994112,56.20005559921265,drone1
1753815350.354861,-6.609074115753174,-0.3097674548625946,7.459853172302246,-0.10874667949597128,0.06795992559159199,-0.6804845873473837,0.7214542954527926,56.40005612373352,drone1
1753815350.5548549,-6.541853427886963,-0.4849832057952881,7.46010684967041,-0.09542341530805984,0.10407890285249961,-0.6120860632109412,0.7780827220866888,56.60004997253418,drone1
1753815350.7548382,-6.361198425292969,-0.6597224473953247,7.464090347290039,-0.08942976598197529,0.12326363067867527,-0.5559384162147207,0.8171541519402353,56.80003333091736,drone1
1753815350.9548466,-6.061360836029053,-0.8380904793739319,7.467379570007324,-0.08311115918551565,0.13842732261760093,-0.5047253801940726,0.8480464221261441,57.00004172325134,drone1
1753815351.1548574,-5.636769771575928,-1.0223842859268188,7.470737934112549,-0.05933106168452097,0.15634599467591279,-0.45123172551693924,0.8765990048473797,57.20005249977112,drone1
1753815351.3549023,-5.090806484222412,-1.2263778448104858,7.472246170043945,-0.04658054419191425,0.15839913625427246,-0.3862783954132545,0.9074849530060118,57.400097370147705,drone1
1753815351.5548391,-4.433212757110596,-1.4502897262573242,7.473399639129639,-0.031487230904556705,0.1488330871211791,-0.3132807492153865,0.9373967189081631,57.60003423690796,drone1
1753815351.7548757,-3.682518720626831,-1.6871578693389893,7.4707770347595215,-0.010431671644522276,0.11787733851305689,-0.23710497775870598,0.9642496351327878,57.80007076263428,drone1
1753815351.9548485,-2.871941089630127,-1.9319143295288086,7.464725971221924,-0.014029287120741715,0.08022600720741445,-0.15763216371013955,0.9841336331764088,58.000043630599976,drone1
1753815352.1548412,-2.0371456146240234,-2.1686058044433594,7.460351467132568,-0.009155370241203263,0.04580217092525892,-0.07992256306902629,0.995706146253136,58.20003628730774,drone1
1753815352.3548558,-1.2118821144104004,-2.387350559234619,7.457657814025879,-0.026855512865619675,0.009804527197224577,-0.008333822796604662,0.9995565558925459,58.40005087852478,drone1
1753815352.5548503,-0.42515766620635986,-2.5668675899505615,7.457261562347412,-0.07008287025361987,-0.021923489311419356,0.05912153389550501,0.9955462832567343,58.60004544258118,drone1
1753815352.7548487,0.29954254627227783,-2.672076940536499,7.460752010345459,-0.10893931430126841,-0.02518682496120874,0.12689678516781244,0.9855937264493717,58.80004382133484,drone1
1753815352.9548516,0.9570713639259338,-2.6701385974884033,7.465548992156982,-0.13949954634625225,-0.013344440345110188,0.1992460653216131,0.9698777566955386,59.000046730041504,drone1
1753815353.1548522,1.55280339717865,-2.541095018386841,7.468836784362793,-0.144322752664498,-0.001410892095682559,0.2779830796888764,0.9496811976233607,59.20004725456238,drone1
1753815353.3548486,2.0964934825897217,-2.287992238998413,7.468688011169434,-0.13765285056861104,0.008893954413314328,0.35858231041074506,0.9232505296005424,59.40004372596741,drone1
1753815353.554854,2.5911941528320312,-1.9272187948226929,7.466123580932617,-0.13604903127386994,0.01420311389489068,0.43597633652363293,0.8895018410505049,59.60004901885986,drone1
1753815353.75485,3.031557321548462,-1.4700546264648438,7.464291095733643,-0.1425998579860015,0.005284392939720075,0.5089300657053526,0.8488978411496249,59.800045013427734,drone1
1753815353.9548507,3.404705762863159,-0.9242520332336426,7.460362434387207,-0.12953284927121433,-0.008648122382662549,0.5772168638147489,0.8062054754417423,60.00004577636719,drone1
1753815354.1548638,3.7038233280181885,-0.3147323727607727,7.456199645996094,-0.0967652972076619,-0.0077808350707175055,0.6334396006899474,0.7676784300886306,60.200058937072754,drone1
1753815354.354863,3.9495487213134766,0.3253978192806244,7.455943584442139,-0.05641627256938267,-0.003823596341222804,0.6591196438774989,0.749909350366574,60.40005803108215,drone1
1753815354.5548337,4.168202877044678,0.9646346569061279,7.455727577209473,-0.0209421602006657,-0.014288377298700632,0.6491912003358407,0.7602026170289425,60.60002875328064,drone1
1753815354.7548432,4.374581336975098,1.5742988586425781,7.451353549957275,0.011707425138810523,-0.029137707419112414,0.6135425213182198,0.789037162166716,60.80003833770752,drone1
1753815354.9548452,4.5721306800842285,2.131122589111328,7.44708776473999,0.04443349639444871,-0.044261416893225845,0.5684922765121756,0.8202946822101763,61.00004029273987,drone1
1753815355.154841,4.760392665863037,2.610534429550171,7.446304798126221,0.07496542789564742,-0.06362009028366113,0.5294868749651773,0.842600912321279,61.20003604888916,drone1
1753815355.3548384,4.9337334632873535,2.984372138977051,7.447286605834961,0.08429718138077971,-0.06883461560235137,0.508189524503592,0.8543414648830192,61.400033473968506,drone1
1753815355.5548368,5.084197998046875,3.2497832775115967,7.452515602111816,0.059872182438374215,-0.09360443898584875,0.5162315435945315,0.8492106129124243,61.60003185272217,drone1
1753815355.7548535,5.182992935180664,3.4236767292022705,7.4677839279174805,0.028348312751571375,-0.13576003033363074,0.5699763302685169,0.8098719562342505,61.80004858970642,drone1
1753815355.9548914,5.190338134765625,3.5143725872039795,7.482833385467529,-0.007336665239329399,-0.1648608803337203,0.6570887769085771,0.7355279816442626,62.000086545944214,drone1
1753815356.154835,5.0830512046813965,3.525665283203125,7.485407829284668,-0.04512685197156902,-0.140665033148124,0.7525617147636373,0.6417381360376364,62.20003008842468,drone1
1753815356.354864,4.872824668884277,3.486123561859131,7.478100299835205,-0.06301498732104571,-0.09608668948269898,0.8342162920355066,0.5393327264888226,62.40005898475647,drone1
1753815356.5548463,4.577598571777344,3.42010235786438,7.480279445648193,-0.09844220127799057,-0.10049408470706775,0.8872610406291503,0.43929264022528847,62.60004138946533,drone1
1753815356.7548714,4.178703784942627,3.331885814666748,7.4876813888549805,-0.1277554876935516,-0.08315412789757255,0.9219516269497094,0.35604669278405704,62.80006647109985,drone1
1753815356.9548385,3.6649935245513916,3.236072540283203,7.491118907928467,-0.14276189154510163,-0.04273110919837636,0.9460768623589817,0.28763152591080876,63.00003361701965,drone1
1753815357.1548412,3.041419744491577,3.157413959503174,7.4929327964782715,-0.14616505463318194,-0.02678321060554374,0.9636918215927461,0.2218479450383079,63.20003628730774,drone1
1753815357.354829,2.315073251724243,3.09421706199646,7.493999481201172,-0.14761982159816428,-0.02531643178873579,0.976539192543231,0.15472150235197712,63.40002417564392,drone1
1753815357.5548334,1.4911824464797974,3.0344269275665283,7.493862628936768,-0.13298677823832603,-0.017490799886407355,0.9872563353294295,0.08563729640546695,63.60002851486206,drone1
1753815357.7548523,0.5902150273323059,2.97212290763855,7.487963676452637,-0.1021683335259402,-0.0058602769410609264,0.9946581648649127,0.013505831164770547,63.800047397613525,drone1
1753815357.954857,-0.35641664266586304,2.9076812267303467,7.478799819946289,-0.06933373372894103,0.0014269948259916386,0.9956468456372812,-0.06227538256957527,64.00005221366882,drone1
1753815358.1548333,-1.318497657775879,2.8439440727233887,7.469954490661621,-0.03672359882748775,-0.008216879779966104,0.9898211396487114,-0.1372513386162718,64.20002841949463,drone1
1753815358.354836,-2.2674927711486816,2.764453172683716,7.463227272033691,-0.007743735307315762,-0.055512299059986885,0.9763535356755404,-0.20878785894338847,64.40003108978271,drone1
1753815358.5548363,-3.17155122756958,2.6296639442443848,7.460909843444824,0.014449209343345818,-0.10379421669587674,0.9543282248464748,-0.2797780296732584,64.60003137588501,drone1
1753815358.7548246,-3.9981980323791504,2.404186248779297,7.461518287658691,0.01596958314639143,-0.1448449310441237,0.9252333070153131,-0.3502973990318374,64.80001974105835,drone1
1753815358.9548364,-4.73384952545166,2.0587241649627686,7.464148998260498,-0.0028110420133508358,-0.16730306893397187,0.8912967699614627,-0.4214165601915748,65.00003147125244,drone1
1753815359.1548288,-5.383807182312012,1.5825146436691284,7.464895725250244,-0.01644804470739931,-0.16503582136517686,0.8528383818245753,-0.4951356761422524,65.20002388954163,drone1
1753815359.3548164,-5.954535484313965,0.9839056134223938,7.4647111892700195,-0.024747744361778283,-0.16282391787683267,0.8075058110854246,-0.566401202770156,65.40001153945923,drone1
1753815359.5548277,-6.447023868560791,0.2709960639476776,7.465545654296875,-0.027956584136443047,-0.16604023871710813,0.7580455623955793,-0.6300921662723107,65.60002279281616,drone1
1753815359.7548199,-6.8587141036987305,-0.5432972311973572,7.467780590057373,-0.031075904004870702,-0.1467688135064565,0.7264388056628237,-0.6706563927190866,65.80001497268677,drone1
1753815359.9548066,-7.203987121582031,-1.4316102266311646,7.465880393981934,-0.028494122408172957,-0.10330678575867018,0.7276144893678571,-0.6775640530899575,66.00000166893005,drone1
1753815360.1548073,-7.507819175720215,-2.3594930171966553,7.460169792175293,-0.01319949469890313,-0.06906260832082645,0.7519797668844671,-0.6554254778738751,66.2000024318695,drone1
1753815360.354806,-7.784235954284668,-3.295091152191162,7.451687335968018,0.0015968966748731923,-0.03635250768015043,0.7846857634757695,-0.6188249438927722,66.40000104904175,drone1
1753815360.554805,-8.041719436645508,-4.206759929656982,7.444547653198242,0.013837642766384587,-0.0015768439946051412,0.812029938098281,-0.5834496872865097,66.60000014305115,drone1
1753815360.7548072,-8.288979530334473,-5.065065383911133,7.443609714508057,0.027854017804958237,0.031443347474178235,0.8276663346021256,-0.559646411653012,66.80000233650208,drone1
1753815360.9550261,-8.532540321350098,-5.845698833465576,7.448702812194824,0.04786611921899465,0.0605512116318223,0.8317327152300173,-0.5497847550611754,67.0002212524414,drone1
1753815361.1549027,-8.725184440612793,-6.397982597351074,7.455306529998779,0.06686197977300343,0.08178648834662976,0.8281837398511576,-0.5504108464958047,67.20009779930115,drone1
1753815361.3549113,-8.959338188171387,-6.9881696701049805,7.459051132202148,0.06715915292131446,0.07161251735115455,0.8234553165268567,-0.5588227357925637,67.40010643005371,drone1
1753815361.5549128,-9.180862426757812,-7.479734897613525,7.456933498382568,0.060344599219343306,0.05172839122062669,0.8180736170506371,-0.5695948486059327,67.6001079082489,drone1
1753815361.7548926,-9.384366035461426,-7.900183200836182,7.453484058380127,0.053630952645969086,0.03632194923934647,0.8123506545420247,-0.5795609029415308,67.8000876903534,drone1
1753815361.9549034,-9.567498207092285,-8.269068717956543,7.45150089263916,0.04831264927389939,0.02299782696794115,0.806793655786136,-0.5884054401749661,68.00009846687317,drone1
1753815362.154908,-9.72598934173584,-8.598617553710938,7.452700138092041,0.04287330212853992,0.012992050544710516,0.8006503522206124,-0.5974546846516189,68.20010304450989,drone1
1753815362.3548968,-9.858871459960938,-8.89867115020752,7.455765247344971,0.03767064509897255,0.006427489228320475,0.7935094538242601,-0.607357044562405,68.40009188652039,drone1
1753815362.5548916,-9.968066215515137,-9.177749633789062,7.459407806396484,0.033700400115445193,0.003291319840111579,0.7856017145926765,-0.6178053958222254,68.60008668899536,drone1
1753815362.7548923,-10.054363250732422,-9.437332153320312,7.462132930755615,0.03089492807154293,0.003053686688584048,0.7783452653427755,-0.62706845652973,68.80008745193481,drone1
1753815362.9548934,-10.12057113647461,-9.676196098327637,7.462341785430908,0.02554382852443118,0.007448932589961168,0.7745462590534807,-0.6319573803215164,69.00008845329285,drone1
1753815363.154909,-10.172420501708984,-9.892776489257812,7.46181058883667,0.022874229359049435,0.010418825416805002,0.7752624393768022,-0.6311390360374046,69.2001039981842,drone1
1753815363.3548748,-10.21473217010498,-10.089909553527832,7.464357376098633,0.0224730960698025,0.011369601025838578,0.7790372375699833,-0.6264716518864597,69.40006995201111,drone1
1753815363.5548844,-10.249262809753418,-10.266386032104492,7.470821857452393,0.021889857443396613,0.012302877131661522,0.783446140367367,-0.620952179630814,69.60007953643799,drone1
1753815363.7548864,-10.276232719421387,-10.423880577087402,7.476735591888428,0.020889249442171735,0.01293149177957319,0.7867270828631219,-0.616811862893922,69.80008149147034,drone1
1753815363.9549046,-10.294103622436523,-10.56138801574707,7.479700565338135,0.01877965989812967,0.01397306174310298,0.7881719453187042,-0.6150099323377555,70.00009965896606,drone1
1753815364.154892,-10.303511619567871,-10.677203178405762,7.481033802032471,0.014612847075708401,0.015659788045927228,0.7880218077075962,-0.6152746250831159,70.20008707046509,drone1
1753815364.354871,-10.309985160827637,-10.774931907653809,7.480490207672119,0.01250334515924493,0.01487012942551577,0.7869759125883742,-0.6166779254777105,70.40006613731384,drone1
1753815364.554898,-10.315008163452148,-10.855186462402344,7.480306625366211,0.009154480547572917,0.014983322525089746,0.7856801551461112,-0.6183837717559842,70.600093126297,drone1
1753815364.754871,-10.322211265563965,-10.918635368347168,7.481241226196289,0.008307346343933408,0.012638977504383905,0.784766327176698,-0.6196072947682555,70.8000659942627,drone1
1753815364.9548779,-10.331768035888672,-10.966211318969727,7.481811046600342,0.006579295920483895,0.0104816337699816,0.7843643463406693,-0.6201769357676606,71.0000729560852,drone1
1753815365.1548643,-10.342909812927246,-11.00313663482666,7.483421325683594,0.004976529144502663,0.00850839454922834,0.7844387618700713,-0.6201279769347592,71.20005941390991,drone1
1753815365.3548229,-10.354583740234375,-11.030364036560059,7.48453426361084,0.00433915593695289,0.006104553901175248,0.7847827855210415,-0.6197257906328439,71.40001797676086,drone1
1753815365.5548608,-10.366167068481445,-11.049016952514648,7.484514236450195,0.0029354748213147397,0.004479098208942424,0.7851789448236197,-0.6192457591017292,71.60005593299866,drone1
1753815365.7548785,-10.37646484375,-11.062333106994629,7.485825061798096,0.0024663460013001444,0.0025082066864979247,0.7854907419405472,-0.6188634081603944,71.80007362365723,drone1
1753815365.954858,-10.384450912475586,-11.070959091186523,7.490161418914795,0.0012778362544822019,0.0015911198092618281,0.7856065351384749,-0.6187231697903305,72.00005316734314,drone1
1753815366.1548462,-10.391321182250977,-11.074740409851074,7.493894100189209,0.0007673992192356729,0.00014967990209535813,0.7855791449552988,-0.6187606752171491,72.2000412940979,drone1
1753815366.3548458,-10.394383430480957,-11.0743989944458,7.476168632507324,-8.356090162054054e-05,-0.0007644131109027934,0.7854864587670672,-0.6188784809270931,72.40004086494446,drone1
1753815366.5548646,-10.394122123718262,-11.070578575134277,7.392199993133545,-0.002485963947012709,-0.0004206285939070818,0.7853549974782057,-0.6190406251216705,72.60005974769592,drone1
1753815366.7548478,-10.391645431518555,-11.06469440460205,7.230714797973633,-0.003800998386431305,-0.0007911105052564125,0.7852851601502232,-0.6191221792735391,72.80004286766052,drone1
1753815366.9548488,-10.387146949768066,-11.057411193847656,7.048647880554199,-0.004407404773264143,-0.001292111575230553,0.7852508842256717,-0.6191608384703358,73.00004386901855,drone1
1753815367.1548414,-10.382936477661133,-11.049949645996094,6.893008232116699,-0.004812475335488187,-0.0013408104476874939,0.7852556520879095,-0.6191515187484588,73.20003652572632,drone1
1753815367.3548353,-10.381056785583496,-11.041293144226074,6.792769432067871,-0.00474341640711407,-0.0015156349167661741,0.7852973247843746,-0.6190988878713808,73.40003037452698,drone1
1753815367.5548573,-10.383316993713379,-11.029407501220703,6.7344160079956055,-0.0059025984685025235,-0.003785316959971093,0.7853541176627431,-0.6190071974024454,73.60005235671997,drone1
1753815367.7548492,-10.389227867126465,-11.014917373657227,6.677153587341309,-0.005511573055431514,-0.004756159860729012,0.7854618081290445,-0.6188673910375787,73.800044298172,drone1
1753815367.9548872,-10.396728515625,-11.001381874084473,6.614463806152344,-0.005978970945228106,-0.005061873466968893,0.7855521973140323,-0.6187458131846929,74.00008225440979,drone1
1753815368.1548522,-10.404093742370605,-10.991714477539062,6.5524516105651855,-0.005922244271162245,-0.006389321696737637,0.7855568545407927,-0.6187282590222881,74.20004725456238,drone1
1753815368.354841,-10.409575462341309,-10.98551082611084,6.496011257171631,-0.005297834779785817,-0.006300090212415479,0.7854967215246796,-0.6188110670428999,74.40003609657288,drone1
1753815368.5548434,-10.414401054382324,-10.98315715789795,6.446427345275879,-0.005062691008816523,-0.005763270330425714,0.7854481472817709,-0.618880040360488,74.60003852844238,drone1
1753815368.7548404,-10.419907569885254,-10.98210620880127,6.404579162597656,-0.004688007501188199,-0.0058284576756374,0.7854317732311245,-0.6189030736131992,74.80003547668457,drone1
1753815368.9548497,-10.423480987548828,-10.982962608337402,6.367204189300537,-0.004176707412494685,-0.0054347779989269655,0.7854031607893416,-0.6189466060393549,75.00004482269287,drone1
1753815369.154861,-10.427451133728027,-10.984301567077637,6.332545757293701,-0.004102682153031682,-0.004899005531977147,0.7854065114637983,-0.6189474700497494,75.2000560760498,drone1
1753815369.354836,-10.431862831115723,-10.985857009887695,6.302069187164307,-0.003716874099984196,-0.005060090540031593,0.7854356612778995,-0.6189114924461891,75.40003108978271,drone1
1753815369.5548623,-10.433845520019531,-10.984891891479492,6.277105331420898,0.022728696291141316,-0.002969340966546154,0.7807502488125041,-0.6244226459676101,75.60005736351013,drone1
1753815369.7548387,-10.41619873046875,-10.964164733886719,6.263051509857178,0.0693957159380323,-0.019422202927021313,0.7512585763545291,-0.6560621218257003,75.80003380775452,drone1
1753815369.9548502,-10.338663101196289,-10.906915664672852,6.256946563720703,0.0952913349873608,-0.04847145991617746,0.6871019481282458,-0.7186522359865306,76.00004529953003,drone1
1753815370.1548424,-10.164945602416992,-10.814725875854492,6.25344705581665,0.1078382239326542,-0.08490548882097106,0.5926237496550276,-0.7936997257718625,76.20003747940063,drone1
1753815370.354837,-9.872990608215332,-10.691591262817383,6.250457763671875,0.1006234295985167,-0.11124888323286887,0.48396338953898466,-0.8621358080186843,76.40003204345703,drone1
1753815370.554873,-9.456759452819824,-10.542708396911621,6.246490955352783,0.08034637202131656,-0.12237276220498838,0.3791737433066216,-0.9136721525142596,76.60006809234619,drone1
1753815370.7548413,-8.923995018005371,-10.37444019317627,6.2451252937316895,0.06683459946799508,-0.13147911434428441,0.2876494383214258,-0.9463109038087627,76.80003643035889,drone1
1753815370.9548385,-8.281339645385742,-10.188005447387695,6.249087333679199,0.05979305699865121,-0.13966797832379182,0.210963732144612,-0.9656148558497526,77.00003361701965,drone1
1753815371.1548364,-7.532960891723633,-9.9808988571167,6.2548089027404785,0.04991275306052652,-0.12461810526635887,0.1445785260830424,-0.9803449686700676,77.20003151893616,drone1
1753815371.3548508,-6.700485706329346,-9.752528190612793,6.258633613586426,0.0344656222482761,-0.09331784831850862,0.0821882090575779,-0.9916396497214109,77.40004587173462,drone1
1753815371.554832,-5.821596145629883,-9.513364791870117,6.266207695007324,-0.0026458974899948736,-0.06184478138922961,0.019788198256955877,-0.9978861498455136,77.60002708435059,drone1
1753815371.7548368,-4.9340972900390625,-9.287707328796387,6.276691436767578,-0.014215577508248773,-0.02550576465186972,-0.048859534926375514,-0.9983788043577575,77.80003190040588,drone1
1753815371.9548302,-4.066015243530273,-9.084735870361328,6.285237789154053,-0.010195165921192297,0.013181428188871193,-0.12386545738236343,-0.9921591517761562,78.00002527236938,drone1
1753815372.154837,-3.2460100650787354,-8.8987455368042,6.295050621032715,-0.0033103978745077775,0.051042357089247335,-0.20089860110487678,-0.9782758112892738,78.20003199577332,drone1
1753815372.3548298,-2.5042333602905273,-8.72647762298584,6.31219482421875,0.006056499496837526,0.08594542411239597,-0.2541718383010103,-0.9633138065084519,78.40002489089966,drone1
1753815372.5548341,-1.8702139854431152,-8.56929874420166,6.338103294372559,0.01830018269685452,0.11412172767266039,-0.26266602985619875,-0.9579394089737368,78.6000292301178,drone1
1753815372.754826,-1.3597239255905151,-8.420827865600586,6.358203411102295,0.016741149697012302,0.10443789917140334,-0.2368688711133478,-0.96576692167918,78.80002117156982,drone1
1753815372.9548233,-0.9553763270378113,-8.273836135864258,6.366996765136719,0.0058254847176152135,0.08490487900875673,-0.1970221025662388,-0.976698254749511,79.00001835823059,drone1
1753815373.154838,-0.6308203339576721,-8.132245063781738,6.3703413009643555,-0.006150832046338836,0.0655375907911671,-0.16019414419057104,-0.9848882724989965,79.20003318786621,drone1
1753815373.3548284,-0.36084428429603577,-8.001961708068848,6.3761467933654785,-0.005044076877867022,0.06097675387325772,-0.1379068064043133,-0.9885535310328979,79.40002346038818,drone1
1753815373.554827,-0.14136195182800293,-7.877708435058594,6.395952224731445,0.030798875403786678,0.09804864503721634,-0.1580050368789152,-0.9820754761230763,79.60002207756042,drone1
1753815373.7548277,-0.007566717453300953,-7.7372283935546875,6.422580242156982,0.04007423245434435,0.1251999451442299,-0.23880147270496638,-0.9621293957715987,79.80002284049988,drone1
1753815373.95483,0.016138333827257156,-7.58378791809082,6.43673038482666,0.043844989818424586,0.11999730128555271,-0.357202801912135,-0.9252484166605044,80.0000250339508,drone1
1753815374.1548142,-0.06242380663752556,-7.430997371673584,6.435713291168213,0.04794051894332861,0.08708614042114449,-0.48100107721797214,-0.8710658612077484,80.2000093460083,drone1
1753815374.354812,-0.21444498002529144,-7.280258655548096,6.429925441741943,0.06877087721969337,0.06392439760926323,-0.5859222743012498,-0.8049095652171535,80.40000700950623,drone1
1753815374.5548227,-0.43209075927734375,-7.1131110191345215,6.434799671173096,0.1386724882012109,0.06723210483554759,-0.6606504859040434,-0.7347045533965492,80.600017786026,drone1
1753815374.754819,-0.7558574676513672,-6.892029285430908,6.445026874542236,0.1772856922493909,0.052520083549955986,-0.7168585082607556,-0.6722539927194944,80.80001401901245,drone1
1753815374.9548068,-1.2090895175933838,-6.595473766326904,6.44983434677124,0.18120944267356565,0.03603701481144416,-0.7652438173843987,-0.6166575264030313,81.00000190734863,drone1
1753815375.154817,-1.7880648374557495,-6.2234296798706055,6.447296619415283,0.17836995153747004,0.01952164051354873,-0.8072869951846681,-0.5622196348052841,81.20001220703125,drone1
1753815375.3549,-2.362778425216675,-5.856935024261475,6.44069242477417,0.15895293003863756,-0.005199899045167868,-0.8392656846846421,-0.5199422785779761,81.40009498596191,drone1
1753815375.5548587,-3.1219210624694824,-5.3622331619262695,6.4295830726623535,0.12114178578597587,-0.031909226225271946,-0.8770598595624222,-0.4637590122264081,81.60005378723145,drone1
1753815375.7548728,-3.9220638275146484,-4.8149733543396,6.415377140045166,0.07093704199314396,-0.0267595003690782,-0.9131543363334547,-0.4005011444711953,81.80006790161133,drone1
1753815375.9548965,-4.725903511047363,-4.248386859893799,6.401036739349365,0.0215201999474533,-0.00896802157267164,-0.9435315931039847,-0.33046117444100354,82.00009155273438,drone1
1753815376.154861,-5.504785537719727,-3.697751760482788,6.388703346252441,-0.024179604843851316,0.014054161663897268,-0.9665220246171011,-0.2550548147773137,82.2000560760498,drone1
1753815376.3548777,-6.229708194732666,-3.1901683807373047,6.381325721740723,-0.05944274819889672,0.019454966833382537,-0.9797595067974028,-0.1901563387969658,82.40007281303406,drone1
1753815376.5548496,-6.8730974197387695,-2.732252359390259,6.382359981536865,-0.08840131570676955,0.01911457834809643,-0.9818222578572229,-0.16686835053336235,82.60004472732544,drone1
1753815376.754854,-7.420971393585205,-2.323664903640747,6.383258819580078,-0.08041300750590119,0.03200272110615942,-0.9780295472534245,-0.1896523467824725,82.80004906654358,drone1
1753815376.9548888,-7.889261722564697,-1.970566749572754,6.376943588256836,-0.06306130670755902,0.041616460715431874,-0.9692270515013788,-0.23428682873302503,83.00008392333984,drone1
1753815377.154875,-8.30459976196289,-1.6751798391342163,6.365915298461914,-0.05032439606157624,0.04088872820435147,-0.9591613514791888,-0.2753272592502353,83.20007014274597,drone1
1753815377.354869,-8.684111595153809,-1.4329333305358887,6.353844165802002,-0.03944845382835615,0.03334649763831086,-0.9528343719478547,-0.29906291026529724,83.40006399154663,drone1
1753815377.5548496,-9.04024887084961,-1.2302323579788208,6.34282112121582,-0.029374699806833517,0.016073880132843315,-0.9521425525029725,-0.30381456703983967,83.60004472732544,drone1
1753815377.754865,-9.374987602233887,-1.048048973083496,6.33650016784668,-0.02674710886634374,0.020958498031364237,-0.9557660856568482,-0.29215826602827283,83.80006003379822,drone1
1753815377.954859,-9.695965766906738,-0.8917765617370605,6.340194225311279,-0.017286045227985238,0.07073488726843949,-0.9667489432494838,-0.24514162312646026,84.00005412101746,drone1
1753815378.1548462,-10.017748832702637,-0.8026606440544128,6.35028076171875,-0.011846499202184368,0.11432315799840606,-0.9818278633880748,-0.1510100508721079,84.2000412940979,drone1
1753815378.3548434,-10.341020584106445,-0.8170723915100098,6.35732364654541,-0.0029681022443265575,0.13549821411068105,-0.9904098046818631,-0.026830262293550067,84.40003848075867,drone1
1753815378.5548413,-10.661280632019043,-0.9445288777351379,6.3534836769104,0.01330409000601706,0.11241973783102527,-0.9884139406706297,0.10110780291357252,84.60003638267517,drone1
1753815378.754845,-10.977200508117676,-1.162764072418213,6.344265460968018,0.032987437440589885,0.07924347724075055,-0.973199518414076,0.21334275315565787,84.80004000663757,drone1
1753815378.9549074,-11.301905632019043,-1.4436097145080566,6.340019226074219,0.07570349498685076,0.07527598888337456,-0.9473119336077451,0.30199770069423193,85.00010251998901,drone1
1753815379.1548603,-11.66591739654541,-1.7889498472213745,6.340849876403809,0.1193432085384439,0.06454816981477152,-0.918365393756766,0.3717470260570926,85.20005536079407,drone1
1753815379.3548481,-12.103638648986816,-2.208585500717163,6.3476080894470215,0.15999521106559977,0.04232614120445939,-0.8889827183173963,0.42698932186880656,85.40004324913025,drone1
1753815379.554848,-12.646002769470215,-2.7029643058776855,6.357215881347656,0.16164149331021563,0.022312304525644446,-0.8728502323331542,0.45989861378390107,85.60004305839539,drone1
1753815379.754849,-13.290507316589355,-3.2555131912231445,6.357575416564941,0.1126226169546885,0.015595282253122301,-0.8808327190005719,0.45957235502957827,85.80004405975342,drone1
1753815379.9548454,-13.987529754638672,-3.841848850250244,6.348808765411377,0.0551131525995205,0.010775078897832958,-0.901031280048054,0.430103678945822,86.00004053115845,drone1
1753815380.1548529,-14.6870756149292,-4.435157775878906,6.337853908538818,-4.9016867136201066e-05,-0.002238867181633168,-0.920420621604127,0.39092318885339744,86.20004796981812,drone1
1753815380.3548746,-15.350996971130371,-5.003162860870361,6.331528663635254,-0.046385812580903706,-0.017238843391831106,-0.9315461252055477,0.36024011455007254,86.40006971359253,drone1
1753815380.5548532,-15.949914932250977,-5.519062042236328,6.329259395599365,-0.08368060525574628,-0.015298381412965285,-0.9342074879547682,0.3464390025646348,86.60004830360413,drone1
1753815380.7548373,-16.45635223388672,-5.9743852615356445,6.3314690589904785,-0.11742048248026701,-0.01231590445911841,-0.9293635085085625,0.34977758087572824,86.80003237724304,drone1
1753815380.9548619,-16.846025466918945,-6.3656206130981445,6.340142726898193,-0.14183257987721662,-0.0016628248826563298,-0.9142489321361311,0.37951239323440655,87.0000569820404,drone1
1753815381.1548455,-17.107282638549805,-6.691669940948486,6.351379871368408,-0.14253072134937533,0.009000095982933052,-0.8813124344303228,0.45043584550308363,87.20004057884216,drone1
1753815381.3548436,-17.247426986694336,-6.954441547393799,6.3582844734191895,-0.1361087059430052,0.02287015494417859,-0.8247013775663692,0.5484698366079083,87.40003871917725,drone1
1753815381.5548506,-17.282835006713867,-7.156431674957275,6.358885288238525,-0.1283783838702281,0.04112980290947767,-0.749162676798355,0.6485235046933749,87.60004568099976,drone1
1753815381.7548501,-17.220129013061523,-7.304482460021973,6.358249187469482,-0.12062916420424992,0.060018634834415566,-0.6667724737009328,0.7329808421228627,87.80004525184631,drone1
1753815381.9548614,-17.061023712158203,-7.405948638916016,6.359541893005371,-0.11399949127526662,0.07683496924081516,-0.5885832261186974,0.79666196433589,88.00005650520325,drone1
1753815382.1548645,-16.805883407592773,-7.465733528137207,6.362891674041748,-0.1086685477999107,0.08978125818621045,-0.5187397763063998,0.8432316715193808,88.20005965232849,drone1
1753815382.354842,-16.45648956298828,-7.486928939819336,6.361934185028076,-0.09343989966489567,0.0811252767333897,-0.4557715943777144,0.8814533313448947,88.40003705024719,drone1
1753815382.5548406,-16.030033111572266,-7.4701151847839355,6.3583598136901855,-0.08268991699276325,0.08020298473836959,-0.39442557089122865,0.9116788805342095,88.60003566741943,drone1
1753815382.7548444,-15.533024787902832,-7.416825771331787,6.363570213317871,-0.09627905560183675,0.11553918282290936,-0.3277353902338342,0.9327221697929713,88.80003952980042,drone1
1753815382.9548526,-14.941990852355957,-7.322739124298096,6.371226787567139,-0.08767655849977635,0.13525171563298696,-0.2555086731155032,0.9532759234062791,89.00004768371582,drone1
1753815383.1548395,-14.24229907989502,-7.193369388580322,6.3748579025268555,-0.04364677055569978,0.15017975795644312,-0.18175596612656247,0.9708273251924889,89.20003461837769,drone1
1753815383.3548417,-13.433843612670898,-7.058958053588867,6.3729400634765625,0.0005171312945164937,0.13377905996498976,-0.10519275976494562,0.985412326413381,89.40003681182861,drone1
1753815383.5548499,-12.541308403015137,-6.944388389587402,6.364963054656982,0.01244335652901535,0.10018064073496175,-0.026189925224124104,0.9945467285974499,89.60004496574402,drone1
1753815383.7548473,-11.600607872009277,-6.852347373962402,6.354194641113281,0.012959613276425279,0.06352185454086069,0.05179438857558317,0.996551232712628,89.80004239082336,drone1
1753815383.9548821,-10.649109840393066,-6.775060176849365,6.344028949737549,0.00996767567217672,0.030585884987747725,0.12676642496536822,0.9914108766276939,90.00007724761963,drone1
1753815384.1548505,-9.711221694946289,-6.704960823059082,6.340085983276367,0.007097086747325122,0.028104100740409126,0.17619502664033798,0.9839284201710093,90.20004558563232,drone1
1753815384.3548305,-8.783074378967285,-6.63652229309082,6.342653274536133,0.0020301135940044832,0.034276651584621315,0.18034215009326438,0.983004434811105,90.4000256061554,drone1
1753815384.554845,-7.854961395263672,-6.563431739807129,6.343908309936523,-0.006391208694286771,0.03869384414027147,0.14801362067722568,0.9882075054066234,90.60004019737244,drone1
1753815384.7548368,-6.923062801361084,-6.4795756340026855,6.338782787322998,-0.01291950001335516,0.04061219219455923,0.10163586077856557,0.9939084145767525,90.80003190040588,drone1
1753815384.954837,-5.9850239753723145,-6.382317543029785,6.331229209899902,-0.015091215164555166,0.0403711767584387,0.06229784683983153,0.9971265793416503,91.00003218650818,drone1
1753815385.1548584,-5.040191650390625,-6.271771430969238,6.325021266937256,-0.013302609597963115,0.03935727504850343,0.0411279484481431,0.9982897902137025,91.20005345344543,drone1
1753815385.354832,-4.0867486000061035,-6.150742053985596,6.320557594299316,-0.00935849829469054,0.0379562387299274,0.038570224799411024,0.9984909992684934,91.40002703666687,drone1
1753815385.554824,-3.1256213188171387,-6.024503707885742,6.317217826843262,-0.005561912815007239,0.03494413254157737,0.048137812292475046,0.9982137572989886,91.60001921653748,drone1
1753815385.754841,-2.1614298820495605,-5.894382476806641,6.314260482788086,-0.0009260925376938123,0.004335334320854948,0.06176001090598404,0.9980812476072705,91.80003619194031,drone1
1753815385.9548304,-1.2215207815170288,-5.765527725219727,6.311591625213623,-0.00024494958101128753,-0.0372859049581629,0.07276581745763372,0.9966518793868719,92.00002551078796,drone1
1753815386.1548362,-0.34329718351364136,-5.6427741050720215,6.311893463134766,5.183272113423533e-05,-0.0507624783075327,0.07836915667346012,0.9956311670096352,92.20003128051758,drone1
1753815386.3548534,0.46403467655181885,-5.530086040496826,6.313042163848877,0.001158977747954785,-0.048681609371208905,0.07893236501011125,0.9956899618633079,92.40004849433899,drone1
1753815386.5548446,1.2063149213790894,-5.426366329193115,6.315511226654053,0.001548938829623798,-0.046374309125438364,0.07636494758622159,0.995999656906166,92.60003972053528,drone1
1753815386.7548313,1.8909274339675903,-5.329380989074707,6.3187103271484375,0.002039570293139116,-0.044529594249677174,0.0730772826681293,0.9963296245831579,92.80002641677856,drone1
1753815386.9548316,2.522714376449585,-5.239111423492432,6.323058128356934,0.0025621912146742017,-0.04287170054829658,0.07068110788973947,0.9965740341576725,93.00002670288086,drone1
1753815387.1548173,3.105536460876465,-5.157252311706543,6.326816558837891,0.003170529606457332,-0.04146767707183235,0.06984487226843472,0.996690570193805,93.20001244544983,drone1
1753815387.3548117,3.643272638320923,-5.08753776550293,6.328803062438965,0.0032749023255275156,-0.04041010332430569,0.07054927254759741,0.9966841217259829,93.40000677108765,drone1
1753815387.5548215,4.139677047729492,-5.0280842781066895,6.331496238708496,0.0027906719146297914,-0.03977789532828621,0.07241755804838823,0.9965769844370682,93.6000165939331,drone1
1753815387.7548053,4.595953464508057,-4.977664470672607,6.33320426940918,0.0021926515981977326,-0.03945533627700923,0.0751723182139088,0.9963871971782237,93.80000042915344,drone1
1753815387.9548073,5.0127644538879395,-4.93544864654541,6.333835124969482,0.0018002367796919724,-0.039004026506065555,0.07884153855157017,0.9961221777947871,94.00000238418579,drone1
1753815388.154807,5.392439365386963,-4.8999457359313965,6.334890842437744,-0.0024050493241795042,-0.037959640770855764,0.08340115321087277,0.9957898920411272,94.20000219345093,drone1
1753815388.3548214,5.735128879547119,-4.866401195526123,6.33815336227417,-0.0059881676016002045,-0.036942525363721536,0.08933424936944834,0.9952982912000963,94.40001654624939,drone1
1753815388.5548122,6.040563106536865,-4.831714630126953,6.3410491943359375,-0.005174921769069234,-0.035418025120788905,0.09682399723092533,0.9946577433964277,94.60000729560852,drone1
1753815388.7548888,6.270375728607178,-4.802454471588135,6.342065811157227,-0.004411496145656172,-0.03380516137577516,0.10309254015679908,0.9940873700955297,94.80008387565613,drone1
1753815388.9548965,6.5129523277282715,-4.769944667816162,6.340036869049072,-0.003555472578975658,-0.03156330201485188,0.10845492583968869,0.9935938726463156,95.00009155273438,drone1
1753815389.1548839,6.722433090209961,-4.739203453063965,6.336398601531982,-0.0029517795601518362,-0.02893997152805649,0.10933149599501824,0.9935796270115189,95.2000789642334,drone1
1753815389.3548625,6.900376796722412,-4.711297512054443,6.336944103240967,0.01854498212971777,-0.052469001569560775,0.09837694001115777,0.9935920181849811,95.400057554245,drone1
1753815389.5548701,7.027976989746094,-4.708929061889648,6.348473072052002,0.05376815051603961,-0.09776380478117855,0.047477581910551785,0.9926213341169268,95.60006523132324,drone1
1753815389.754857,7.066999912261963,-4.758971214294434,6.360299587249756,0.05918095831772737,-0.11460449084639433,-0.04936116671735231,0.9904176018488376,95.80005216598511,drone1
1753815389.9548624,7.006777286529541,-4.856400489807129,6.358555316925049,0.06642299565034339,-0.07425959166018534,-0.16841707862874372,0.9806677713828125,96.00005745887756,drone1
1753815390.1548507,6.876451015472412,-5.000531196594238,6.354286193847656,0.09421474642571062,-0.04351643406085786,-0.28805411128740316,0.9519741126228988,96.2000458240509,drone1
1753815390.3548713,6.6960554122924805,-5.209308624267578,6.357192516326904,0.13003969673469412,-0.0176479602161484,-0.3922318906465094,0.9104572330566971,96.40006637573242,drone1
1753815390.5548546,6.4717535972595215,-5.508519649505615,6.359925746917725,0.12201722851310767,-0.007270884545515962,-0.48030371546251105,0.8685432880306743,96.6000497341156,drone1
1753815390.7548563,6.211816787719727,-5.888453960418701,6.354763984680176,0.07852629592977697,0.006272578486618676,-0.5508366561063104,0.8308869965677976,96.80005145072937,drone1
1753815390.9548721,5.940320014953613,-6.311500549316406,6.346872329711914,0.02697054873736304,0.02174081367471644,-0.6072911374280462,0.7937238021590742,97.0000672340393,drone1
1753815391.15486,5.689454078674316,-6.741679668426514,6.341349124908447,-0.018656961778717798,0.018913239477719206,-0.6570075177846483,0.7534158627955592,97.20005512237549,drone1
1753815391.354846,5.476294040679932,-7.144922733306885,6.340524673461914,-0.048462249512688814,-0.010318021350423584,-0.7052401662485372,0.7072350072108774,97.40004110336304,drone1
1753815391.5548484,5.298338413238525,-7.4836506843566895,6.344635486602783,-0.07403015705850989,-0.04244245860381533,-0.7532127518642291,0.6522184188035598,97.60004353523254,drone1
1753815391.7548838,5.150106906890869,-7.732612609863281,6.349310874938965,-0.06970874585027877,-0.045265791691863094,-0.802447831015905,0.5909054015678141,97.80007886886597,drone1
1753815391.954893,5.027546405792236,-7.900135040283203,6.35121488571167,-0.053578782091502186,-0.02769183739043282,-0.8400344010546325,0.5391703873650706,98.00008821487427,drone1
1753815392.1548493,4.927349090576172,-8.015666007995605,6.35299825668335,-0.040953297176270075,-0.0148618111851993,-0.8513551499317799,0.5227775181507281,98.20004439353943,drone1
1753815392.354878,4.83981990814209,-8.09886360168457,6.354836940765381,-0.02608053834717004,-0.05752839882686149,-0.8471671440357977,0.5275586987926524,98.40007305145264,drone1
1753815392.5548487,4.733603000640869,-8.12912368774414,6.35813570022583,-0.010692170778455922,-0.10584209518652857,-0.8527174835896216,0.5114254541651371,98.60004377365112,drone1
1753815392.7548752,4.580286979675293,-8.081402778625488,6.358484268188477,0.007177689960924265,-0.08195159928421569,-0.8839600151600803,0.4602687052606753,98.80007028579712,drone1
1753815392.9548757,4.378808498382568,-7.979634761810303,6.355637550354004,0.032354931123908276,-0.054122889344699214,-0.9255617995526071,0.37330848250072424,99.000070810318,drone1
1753815393.154851,4.123016357421875,-7.854846954345703,6.3511128425598145,0.06921720888806501,-0.06277255930695542,-0.9603415053843425,0.26270305586261566,99.20004606246948,drone1
1753815393.3548646,3.788656234741211,-7.705862045288086,6.348353862762451,0.10816305101121672,-0.06631410169395366,-0.9806359083653383,0.14918597741540468,99.4000597000122,drone1
1753815393.5548646,3.3474411964416504,-7.527639865875244,6.349388122558594,0.13798216233527288,-0.061505678382823094,-0.9874103399138883,0.04689321585594831,99.60005974769592,drone1
1753815393.7548854,2.7873566150665283,-7.315713405609131,6.349548816680908,0.14608639280879243,-0.05445787974065336,-0.9869719705425266,-0.0397424550970446,99.80008053779602,drone1
1753815393.954903,2.112997531890869,-7.061192035675049,6.348569393157959,0.15208903653576702,-0.05051651193380104,-0.980650744056014,-0.11243316687063203,100.00009799003601,drone1
1753815394.1548984,1.3299400806427002,-6.755063056945801,6.345856666564941,0.14275802457175074,-0.04568289534397308,-0.9725851438033328,-0.17779631185581252,100.20009350776672,drone1
1753815394.3548744,0.45792996883392334,-6.401101589202881,6.337401390075684,0.10708476867309207,-0.01381891376057751,-0.9650592339458335,-0.23875203445166326,100.40006947517395,drone1
1753815394.554852,-0.46684589982032776,-6.031382083892822,6.327651500701904,0.06769649725168685,0.022550863590750255,-0.9565140868507953,-0.28282419314938334,100.60004711151123,drone1
1753815394.7548459,-1.4147155284881592,-5.681481838226318,6.320866584777832,0.029312996820613724,0.009423578955691946,-0.9558888804999848,-0.2921104082817887,100.80004096031189,drone1
1753815394.954844,-2.3495595455169678,-5.348217487335205,6.316708087921143,0.01753611960235773,-0.010648747670688501,-0.9632772019705202,-0.26772409421941556,101.00003910064697,drone1
1753815395.1548772,-3.259620189666748,-5.01678991317749,6.313499450683594,0.023039548067427723,-0.016581908695898113,-0.9733156329817236,-0.22770804285526264,101.20007228851318,drone1
1753815395.3548748,-4.151504993438721,-4.675053119659424,6.312215328216553,0.028194096115781168,-0.01876571176081441,-0.980969416377605,-0.19118526980966222,101.40006995201111,drone1
1753815395.5548728,-5.035106182098389,-4.319032669067383,6.312010765075684,0.03116245124119886,-0.017264888827121794,-0.9848835520519632,-0.16951508832614953,101.60006785392761,drone1
1753815395.754849,-5.916952610015869,-3.951998472213745,6.31277322769165,0.03343692897014703,-0.013156396253578123,-0.9857478153275276,-0.16434780040501684,101.80004405975342,drone1
1753815395.9548535,-6.802238464355469,-3.5786492824554443,6.313350677490234,0.034934010712489805,-0.008922574757631252,-0.9846517865320018,-0.17076545888092215,102.00004863739014,drone1
1753815396.154851,-7.69309663772583,-3.2016994953155518,6.314503192901611,0.035607060321805356,-0.005817119885274671,-0.9827101655148018,-0.18160149792677005,102.20004606246948,drone1
1753815396.3548489,-8.590035438537598,-2.8235905170440674,6.316242218017578,0.023131385062516194,-0.0011993188674247867,-0.9812981617959899,-0.19109541272863706,102.40004396438599,drone1
1753815396.5548775,-9.477628707885742,-2.4514975547790527,6.317018985748291,-0.018174525819286188,0.002610922191176048,-0.9804162389908995,-0.19607889824341362,102.6000726222992,drone1
1753815396.754861,-10.320488929748535,-2.0942342281341553,6.317643642425537,-0.04595718703408197,0.00358334613382054,-0.9794305506447751,-0.1964461237344891,102.80005621910095,drone1
1753815396.9548633,-11.097065925598145,-1.7581089735031128,6.318236351013184,-0.04755789536456738,0.008822054523932912,-0.9797380119046621,-0.19435492355192407,103.00005841255188,drone1
1753815397.1548595,-11.807825088500977,-1.4494990110397339,6.319008827209473,-0.045560050451453976,0.01181137243812871,-0.9804905438848242,-0.19084893795854535,103.20005464553833,drone1
1753815397.3548472,-12.460342407226562,-1.1677865982055664,6.320281505584717,-0.0433632263152536,0.012486995639381455,-0.9812917554750162,-0.18716395469954084,103.40004229545593,drone1
1753815397.5548608,-13.060805320739746,-0.9088413119316101,6.3233232498168945,-0.04107509761719945,0.012848539208441997,-0.9819559476606995,-0.1841474626047676,103.60005593299866,drone1
1753815397.754844,-13.615357398986816,-0.6710307002067566,6.327699661254883,-0.03913365177283871,0.013983689499009019,-0.9824223025394725,-0.18198739447173579,103.80003905296326,drone1
1753815397.9548554,-14.12995719909668,-0.45547547936439514,6.3292131423950195,-0.03809598977705542,0.01518563464193171,-0.9827264763451756,-0.18046273222685422,104.00005054473877,drone1
1753815398.154854,-14.606973648071289,-0.26224273443222046,6.329099178314209,-0.03770748144457101,0.01612784192837192,-0.9829426053843395,-0.17928186182527606,104.20004916191101,drone1
1753815398.3548436,-15.047017097473145,-0.09045171737670898,6.328424453735352,-0.037695556520620455,0.01708239165598074,-0.9831009510941949,-0.1783253390983212,104.40003871917725,drone1
1753815398.5548449,-15.450878143310547,0.058387357741594315,6.326628684997559,-0.03609500360663894,0.011303210519810893,-0.9833891933911609,-0.17752467541715977,104.60003995895386,drone1
1753815398.7548473,-15.818276405334473,0.19014553725719452,6.325045585632324,-0.03498284573902363,0.004864212567668897,-0.9834830122759461,-0.17752105078818786,104.80004239082336,drone1
1753815398.9548547,-16.147790908813477,0.31264716386795044,6.3252716064453125,-0.03343760661244561,0.004643256397261518,-0.9832998420723178,-0.17883485234996943,105.00004982948303,drone1
1753815399.1548307,-16.44302749633789,0.42692628502845764,6.326447010040283,-0.031649953301212105,0.004451277502294396,-0.9829877025122462,-0.1808695336086814,105.20002579689026,drone1
1753815399.3548298,-16.70832061767578,0.5305426120758057,6.327928066253662,-0.029994211723283603,0.006049156725573505,-0.9826913258735176,-0.182706040385695,105.40002489089966,drone1
1753815399.554834,-16.946523666381836,0.6210461854934692,6.330514907836914,-0.02842199861365861,0.00680614705205456,-0.9825727246418079,-0.1835665947385905,105.60002899169922,drone1
1753815399.7548378,-17.15839195251465,0.6999380588531494,6.334291934967041,-0.026577462862003586,0.006209271285977377,-0.9826568918982841,-0.18341355953164745,105.8000328540802,drone1
1753815399.9548645,-17.345996856689453,0.7710751295089722,6.336232662200928,-0.024525085195273154,0.003919859743221677,-0.9828609669387739,-0.18266806607518676,106.00005960464478,drone1
1753815400.1548429,-17.511775970458984,0.8397007584571838,6.336012363433838,-0.02264011876209504,0.004061664132125596,-0.9830516392814372,-0.1818803414765181,106.2000379562378,drone1
1753815400.3548582,-17.657272338867188,0.9040049910545349,6.335397243499756,-0.0207164180580464,0.0030867522083299465,-0.9832080462362611,-0.18128265701778518,106.40005326271057,drone1
1753815400.5548553,-17.783382415771484,0.9651679396629333,6.336264133453369,-0.01913167548061253,0.005130892800354531,-0.9832643544258717,-0.1811047973170692,106.60005044937134,drone1
1753815400.7548392,-17.890464782714844,1.0200788974761963,6.3399176597595215,-0.01734888025221441,0.007247838780459144,-0.9832676418800554,-0.18119389575482125,106.80003428459167,drone1
1753815400.9548259,-17.9813175201416,1.0622586011886597,6.3435773849487305,-0.015321837451250582,0.00785612383013713,-0.9832400356942809,-0.18150101983992012,107.00002098083496,drone1
1753815401.1548257,-18.0582218170166,1.0908232927322388,6.3462395668029785,-0.012615923836792893,0.004609994960524581,-0.9832408364844025,-0.18181615182623612,107.2000207901001,drone1
1753815401.3548176,-18.12287139892578,1.1088879108428955,6.3478569984436035,-0.010478409536070456,0.003352190755345778,-0.9832325757020945,-0.18202368290830362,107.40001273155212,drone1
1753815401.5548224,-18.177839279174805,1.1224044561386108,6.34793758392334,-0.00855101077533724,0.0027494088328487492,-0.9832465684558,-0.18205942343584097,107.60001754760742,drone1
1753815401.7548075,-18.22416114807129,1.1328686475753784,6.34868049621582,-0.006657854353385599,0.0010106791223855323,-0.9832766613056368,-0.18199409582064907,107.80000257492065,drone1
1753815401.9548285,-18.26300811767578,1.1393252611160278,6.347752094268799,-0.005293289876022925,0.0003499209170392293,-0.9833153521125698,-0.18183191474757915,108.00002360343933,drone1
1753815402.1548083,-18.295547485351562,1.1418004035949707,6.3455023765563965,-0.0038805140137753427,-0.00028995220778090994,-0.983354885856473,-0.18165354928468097,108.20000338554382,drone1
1753815402.3548098,-18.32004737854004,1.1432335376739502,6.345076560974121,-0.0026557303826796833,-0.001268352935743725,-0.9833719131832714,-0.18157920224390778,108.40000486373901,drone1
1753815402.554807,-18.33776092529297,1.1485943794250488,6.3453593254089355,-0.0011711185921858861,-0.0013485555073277338,-0.9833630623450842,-0.1816423382229771,108.60000205039978,drone1
1753815402.7548063,-18.348655700683594,1.1560217142105103,6.346864700317383,0.0001320111735257792,-0.0006660005489020282,-0.9833476365985292,-0.18173396547163984,108.80000138282776,drone1
1753815402.9548056,-18.35593032836914,1.1630154848098755,6.347512722015381,0.0016559937181570689,-0.00020413192227155475,-0.9833413988649495,-0.18176051798620163,109.00000071525574,drone1
1753815403.1549034,-18.3608341217041,1.1674803495407104,6.346678733825684,0.002553227518421998,5.673550267824296e-05,-0.9833404716342824,-0.18175554465807742,109.20009851455688,drone1
1753815403.354902,-18.36617660522461,1.1703888177871704,6.346031665802002,0.0032437495483052785,3.2314779007421552e-06,-0.9833508819058645,-0.18168865760949066,109.40009713172913,drone1
1753815403.5548835,-18.370685577392578,1.1704539060592651,6.347648620605469,0.0037027061734395163,-0.000496478844837752,-0.9833630201982356,-0.181612793282171,109.60007858276367,drone1
1753815403.7548792,-18.371885299682617,1.169837474822998,6.349465847015381,0.004172718114501514,-0.0008931447327786662,-0.9833588476602331,-0.18162379360963232,109.80007433891296,drone1
1753815403.9549134,-18.369707107543945,1.1689491271972656,6.350082874298096,0.004966408632504066,-0.0010885399920170758,-0.983348858857136,-0.1816567102983193,110.00010848045349,drone1
1753815404.1548576,-18.36481285095215,1.168150544166565,6.348874092102051,0.005887588757440517,-0.0011199767665585202,-0.9833323372925197,-0.18171866616563032,110.2000527381897,drone1
1753815404.3548577,-18.360244750976562,1.167859435081482,6.347054481506348,0.006528802843515035,-0.0011478024122904412,-0.9833153099657214,-0.1817882927593703,110.40005278587341,drone1
1753815404.5548544,-18.359039306640625,1.1672745943069458,6.346510887145996,0.006666995938973304,-0.0010079682239182795,-0.9833193560631783,-0.1817623303006876,110.60004949569702,drone1
1753815404.7548788,-18.36090087890625,1.165409803390503,6.347416877746582,0.0063988476459432495,-0.0011592894041431837,-0.9833341917538543,-0.18169110212670425,110.8000738620758,drone1
1753815404.9548862,-18.36388397216797,1.162959337234497,6.348441123962402,0.006082133177174613,-0.0014708882991738108,-0.9833464986336193,-0.18163293947575915,111.00008130073547,drone1
1753815405.1548786,-18.366315841674805,1.1610708236694336,6.3489532470703125,0.005822070822885823,-0.0017528354045518815,-0.9833477630390748,-0.18163192795139493,111.20007371902466,drone1
1753815405.354843,-18.36859703063965,1.1612577438354492,6.346363067626953,0.0057728744200531016,-0.0016973838167100856,-0.9833443069974968,-0.18165291708195336,111.40003800392151,drone1
1753815405.5548644,-18.36934471130371,1.164242148399353,6.344120979309082,0.005640220013179221,-0.0015188357723471438,-0.9833352032782186,-0.18170804515980554,111.60005950927734,drone1
1753815405.7548444,-18.367616653442383,1.168953776359558,6.342617511749268,0.00565523960240891,-0.0008313757274717922,-0.983321884874089,-0.18178424666191328,111.80003952980042,drone1
1753815405.9548717,-18.364484786987305,1.173832893371582,6.342849254608154,0.005909717828542259,-0.00019544020490100929,-0.983317754482935,-0.1817999252895593,112.00006675720215,drone1
1753815406.154861,-18.361961364746094,1.1777199506759644,6.343447685241699,0.0061087787111482285,0.0001389733060641719,-0.9833209154965733,-0.18177661808233286,112.2000560760498,drone1
1753815406.3548605,-18.3577938079834,1.1777012348175049,6.344931602478027,0.006274331861371274,3.4649319288217e-06,-0.9833284176356083,-0.1817302565489708,112.40005564689636,drone1
1753815406.5548487,-18.354129791259766,1.1749310493469238,6.347618103027344,0.00682247467531323,-0.0004748135537057559,-0.9833302720969428,-0.18169957364325484,112.60004377365112,drone1
1753815406.75486,-18.352998733520508,1.1715164184570312,6.350081443786621,0.006961540177608448,-0.0009411348467088912,-0.9833355404530066,-0.1816641281436573,112.80005502700806,drone1
1753815406.9548867,-18.35344123840332,1.169879674911499,6.352560520172119,0.006757656444298268,-0.0011769698424573768,-0.983325678090455,-0.1817238923748457,113.00008177757263,drone1
1753815407.1548586,-18.354097366333008,1.1679600477218628,6.354104995727539,0.006472124716527122,-0.0011350172645763373,-0.983322053461483,-0.1817545752805616,113.20005369186401,drone1
1753815407.3548422,-18.35698127746582,1.1636444330215454,6.353053092956543,0.0063205954362376944,-0.001370278503422243,-0.9833217584335435,-0.1817598436366255,113.40003728866577,drone1
1753815407.5548365,-18.360889434814453,1.1580525636672974,6.349941253662109,0.005930207782363634,-0.0020804342969484566,-0.9833341496070057,-0.18169932076216389,113.60003161430359,drone1
1753815407.7548382,-18.364973068237305,1.1543431282043457,6.346676826477051,0.005583211132212173,-0.0025307855563607576,-0.9833423260956169,-0.18166054566153378,113.80003333091736,drone1
1753815407.9548962,-18.36797332763672,1.1548508405685425,6.342385768890381,0.005369954664192129,-0.002230998315625308,-0.9833404294874338,-0.18168031253348543,114.0000913143158,drone1
1753815408.1548908,-18.37023162841797,1.156849980354309,6.339128017425537,0.0052647765451886855,-0.001469198638602454,-0.9833337702853691,-0.18172785417860576,114.20008587837219,drone1
1753815408.3549037,-18.370283126831055,1.1575498580932617,6.338003635406494,0.005378885186264883,-0.0010232770788230995,-0.9833264788805767,-0.18176709289456933,114.40009880065918,drone1
1753815408.55486,-18.370655059814453,1.1550031900405884,6.337320327758789,0.00572963965601502,-0.001188164934456956,-0.9833245822723937,-0.18176561775487143,114.60005521774292,drone1
1753815408.7548587,-18.371870040893555,1.1513783931732178,6.336965084075928,0.005874512368417757,-0.0016026902201821073,-0.9833324215862167,-0.18171495724296138,114.80005383491516,drone1
1753815408.9548495,-18.376262664794922,1.146662950515747,6.3375444412231445,0.005698694484948785,-0.0021057889190502993,-0.9833429582983445,-0.1816587333470478,115.00004458427429,drone1
1753815409.1548774,-18.38300323486328,1.1416524648666382,6.337462425231934,0.005186881925150965,-0.0026002508066962984,-0.983346709367862,-0.18164705867001035,115.20007252693176,drone1
1753815409.3548715,-18.391796112060547,1.135686993598938,6.338279724121094,0.004609772537117008,-0.003109469524313301,-0.9833515562554407,-0.18162813473502898,115.400066614151,drone1
1753815409.554859,-18.400785446166992,1.1303811073303223,6.340823650360107,0.003956137663656943,-0.0036242937522027365,-0.9833529471014415,-0.1816270810638162,115.60005402565002,drone1
1753815409.7548606,-18.40879249572754,1.1268799304962158,6.345356464385986,0.003725610531497919,-0.003850853153701164,-0.9833516405491378,-0.18163411958751752,115.8000557422638,drone1
1753815409.954852,-18.413969039916992,1.1252349615097046,6.351032733917236,0.0035702617908148927,-0.0038505693879016503,-0.9833530313951385,-0.18162927269993873,116.00004720687866,drone1
1753815410.154873,-18.4173526763916,1.1255460977554321,6.356239318847656,0.003736889412152299,-0.003737931879506699,-0.9833550544438672,-0.18161797734453777,116.20006799697876,drone1
1753815410.354842,-18.418832778930664,1.130228042602539,6.35948371887207,0.0038326761882627315,-0.0032223499798821106,-0.983350502584228,-0.18165000894940614,116.40003705024719,drone1
1753815410.5548363,-18.419248580932617,1.1378717422485352,6.359728813171387,0.003949809853536348,-0.002355785420534572,-0.9833477630390748,-0.18167601355493734,116.60003137588501,drone1
1753815410.7548482,-18.418437957763672,1.1482021808624268,6.357739448547363,0.004027700193034766,-0.0012520779960456942,-0.983338785760342,-0.1817336282968517,116.80004334449768,drone1
1753815410.9548361,-18.41489028930664,1.1581060886383057,6.354386806488037,0.0043471267127234035,-0.00046307104658391583,-0.9833365519773708,-0.1817415097575233,117.00003123283386,drone1
1753815411.1548352,-18.4089412689209,1.1667585372924805,6.351120948791504,0.004900330441209207,0.00012592852717779654,-0.9833358776277947,-0.18173181598236576,117.20003032684326,drone1
1753815411.3548398,-18.40047836303711,1.1744580268859863,6.347865581512451,0.005522641830362717,0.0005284556258758833,-0.9833277854328806,-0.18175752555995744,117.40003490447998,drone1
1753815411.5548415,-18.391141891479492,1.1801635026931763,6.34611177444458,0.005526596225497026,-0.0001742852857626989,-0.9832810024310334,-0.18201082811950786,117.60003662109375,drone1
1753815411.7548418,-18.380640029907227,1.1850404739379883,6.348381042480469,-0.021786692906544333,-0.023135077768526503,-0.9799265347580514,-0.19681010391822912,117.80003690719604,drone1
1753815411.9548466,-18.342350006103516,1.2015541791915894,6.357327938079834,-0.06494878351240158,-0.03716296786941253,-0.9644691359198325,-0.25337703303179193,118.00004172325134,drone1
1753815412.154828,-18.236042022705078,1.2315917015075684,6.367948532104492,-0.10030423636821993,-0.048347434911899974,-0.930416695032577,-0.3491796646093286,118.20002317428589,drone1
1753815412.354836,-18.028499603271484,1.26743745803833,6.377240180969238,-0.12469127482955178,-0.07165338036714707,-0.8766374849200702,-0.4591565552955942,118.40003108978271,drone1
1753815412.554832,-17.696746826171875,1.304275631904602,6.383983612060547,-0.11889157608069122,-0.09256750797446914,-0.8138498495536934,-0.5611991753091384,118.60002708435059,drone1
1753815412.7548373,-17.237380981445312,1.3469290733337402,6.386257648468018,-0.10415896210833499,-0.10833305691013034,-0.7498537797468123,-0.644309178090498,118.80003237724304,drone1
1753815412.954851,-16.659616470336914,1.3993624448776245,6.387108325958252,-0.09085786452856226,-0.12079922542090227,-0.6895127234969219,-0.7083251866494473,119.00004601478577,drone1
1753815413.1548395,-15.97297477722168,1.4647892713546753,6.383162021636963,-0.06263350960972837,-0.11288742033552626,-0.6358242008900651,-0.760960712393108,119.20003461837769,drone1
1753815413.354829,-15.201642036437988,1.5440638065338135,6.372061252593994,-0.029429076485402158,-0.08743928754772808,-0.5835775186780432,-0.8067997249323215,119.40002417564392,drone1
1753815413.554828,-14.386980056762695,1.6381373405456543,6.359342098236084,-0.012807424957719464,-0.051926609824806874,-0.5270493541283984,-0.8481502192773145,119.60002303123474,drone1
1753815413.7548304,-13.567354202270508,1.7429622411727905,6.3510894775390625,0.00607133716314688,-0.02023212376833139,-0.465415383372886,-0.8848402520912302,119.80002546310425,drone1
1753815413.9548333,-12.772541046142578,1.8559150695800781,6.347089767456055,0.020248756956241926,0.014197875502602087,-0.3977216862524472,-0.917172827604726,120.00002837181091,drone1
1753815414.1548223,-12.031991958618164,1.9760369062423706,6.346641540527344,0.02775471258587708,0.0511263597095966,-0.324365496814297,-0.944141352634816,120.20001745223999,drone1
1753815414.3548193,-11.377493858337402,2.1009626388549805,6.351078510284424,0.028476789516722924,0.0889387038303518,-0.2465779455768629,-0.9646130674074973,120.40001440048218,drone1
1753815414.554813,-10.834311485290527,2.223944902420044,6.357493877410889,0.021214584587822206,0.11540359245998287,-0.16637164992366132,-0.9790568766858776,120.60000801086426,drone1
1753815414.7548106,-10.410164833068848,2.340555429458618,6.3597412109375,0.0013911779072916016,0.10040219618087151,-0.08717810089332806,-0.991119346876544,120.80000567436218,drone1
1753815414.9548128,-10.08338737487793,2.444746732711792,6.359879493713379,-0.015332770607172122,0.07705229946516164,-0.010753599810160492,-0.9968511918334801,121.00000786781311,drone1
1753815415.154807,-9.82403564453125,2.530667304992676,6.3640594482421875,-0.02171617423195021,0.05396866546491933,0.04431446092980934,-0.9973224778935289,121.20000219345093,drone1
1753815415.354806,-9.607985496520996,2.594341278076172,6.371702194213867,-0.021677383326252003,0.03499007128936534,0.0591139053159247,-0.9974023040246085,121.40000104904175,drone1
1753815415.5548189,-9.413738250732422,2.6380228996276855,6.376051425933838,-0.02108288548207508,0.021761804204682014,0.036106067154373145,-0.9988885283436482,121.60001397132874,drone1
1753815415.7548156,-9.229437828063965,2.662574529647827,6.375267505645752,-0.020670011085113373,0.014179476756865794,-0.0071894937126852345,-0.9996599421119431,121.80001068115234,drone1
1753815415.9549105,-9.076088905334473,2.6695430278778076,6.372406959533691,-0.013709220001882827,0.011367788711352684,-0.04205977312187048,-0.9989564269165991,122.00010561943054,drone1
1753815416.154882,-8.894224166870117,2.668973922729492,6.37270450592041,-0.01076774929745902,0.005839956891722629,-0.07104403440226675,-0.9973979628992118,122.20007705688477,drone1
1753815416.3548532,-8.70993423461914,2.6599788665771484,6.383022785186768,-0.0486469304174184,-0.0067930920657281735,-0.05456444804711308,-0.997301362322425,122.40004825592041,drone1
1753815416.5548573,-8.511165618896484,2.612083911895752,6.3972625732421875,-0.05425254622160885,-0.037303937882424865,0.018807314651561876,-0.9976529513327028,122.60005235671997,drone1
1753815416.7548528,-8.277524948120117,2.5191266536712646,6.400258541107178,-0.031674434034751876,-0.08421643921428949,0.10484104431412217,-0.9904103947377422,122.80004787445068,drone1
1753815416.954863,-7.971155643463135,2.3909008502960205,6.402503967285156,-0.016320856055305488,-0.1258537718393573,0.15862160312578133,-0.9791495154589046,123.0000581741333,drone1
1753815417.1548495,-7.555802345275879,2.2335968017578125,6.4086594581604,-0.0037076055799426756,-0.1526030120850012,0.16608108955002737,-0.9742256677347708,123.20004463195801,drone1
1753815417.3548467,-7.0138468742370605,2.0574700832366943,6.410539150238037,0.022267686818139624,-0.1509179916182478,0.1369307696864982,-0.9787634924733932,123.40004181861877,drone1
1753815417.554858,-6.3507466316223145,1.887711524963379,6.406999111175537,0.018887852010710072,-0.15038953862655002,0.0968427104316643,-0.983690880532802,123.60005307197571,drone1
1753815417.7548885,-5.5751118659973145,1.7280430793762207,6.400655269622803,0.00946926943220027,-0.15042456792601863,0.061477079111930504,-0.9866627812618506,123.80008363723755,drone1
1753815417.9549186,-4.699093818664551,1.5743467807769775,6.391279697418213,0.005585179192474253,-0.12454386886106297,0.04047184845737411,-0.9913726915829429,124.00011372566223,drone1
1753815418.1548579,-3.7518258094787598,1.4243416786193848,6.378330230712891,0.004800834244220611,-0.08784531448121385,0.03618610401969546,-0.9954651505733508,124.20005297660828,drone1
1753815418.3548558,-2.772198438644409,1.2767647504806519,6.365134239196777,0.006719340349190294,-0.05069587838435127,0.04412387288084313,-0.9977163823397117,124.40005087852478,drone1
1753815418.5548503,-1.7950308322906494,1.1331971883773804,6.354990482330322,0.00828336412858627,-0.013843662851004267,0.056813614617897135,-0.9982544290078017,124.60004544258118,drone1
1753815418.7548728,-0.851675271987915,0.9990630745887756,6.351603031158447,0.007331669520691805,0.02284096166613974,0.06762457628888102,-0.9974224080713482,124.80006790161133,drone1
1753815418.9548838,0.028016773983836174,0.8761756420135498,6.351794719696045,0.004653083198409623,0.05917418848018543,0.07323731425192531,-0.9955465782846737,125.00007891654968,drone1
1753815419.1548574,0.8174523115158081,0.7658789157867432,6.354394435882568,0.001757086309351041,0.09549996979002388,0.07357495265534614,-0.9927051641986149,125.20005249977112,drone1
1753815419.3548412,1.491627812385559,0.6682838201522827,6.356932640075684,0.0006140005574628345,0.11054974538286969,0.07078327185053002,-0.9913466448305632,125.40003633499146,drone1
1753815419.5548644,2.0476865768432617,0.5828213095664978,6.353119850158691,0.0032693468440583,0.09229697789058999,0.06748056050751933,-0.9934369599293096,125.60005950927734,drone1
1753815419.7548444,2.5089077949523926,0.5103495121002197,6.348300457000732,0.005442451524170158,0.07250096402741343,0.0643236351135078,-0.9952771334821437,125.80003952980042,drone1
1753815419.9548533,2.9013054370880127,0.4492822587490082,6.345569133758545,0.006815782875295351,0.05581848010935034,0.061781590092421734,-0.9965043654170839,126.00004839897156,drone1
1753815420.154847,3.245319366455078,0.4000263512134552,6.3445234298706055,0.007765597667891777,0.042480036470529906,0.05993383010685566,-0.9972678555778587,126.20004200935364,drone1
1753815420.354843,3.5539121627807617,0.3613376319408417,6.34559440612793,0.008275893270415462,0.0378301090174026,0.059031086758600804,-0.9975047630133385,126.40003800392151,drone1
1753815420.5548868,3.8293814659118652,0.3299705386161804,6.3503193855285645,0.005866662188610336,0.07354644031232845,0.06089663271423857,-0.9954135628307734,126.60008192062378,drone1
1753815420.7549212,4.041053295135498,0.306472510099411,6.35907506942749,0.0016853734466097583,0.11926877983815173,0.06435773191395318,-0.9907725204601479,126.80011630058289,drone1
1753815420.9549043,4.144107341766357,0.28941041231155396,6.3675217628479,-0.012510438506776475,0.14002905827751885,0.06583721273723099,-0.987876989820601,127.00009942054749,drone1
1753815421.1548579,4.1212382316589355,0.2745994031429291,6.371768474578857,-0.01585623973403349,0.14463199462873455,0.06678058564745039,-0.9871021200107282,127.20005297660828,drone1
1753815421.3548493,3.9701218605041504,0.2584584653377533,6.376102447509766,-0.015526735672375317,0.14554661285155734,0.06642621494517083,-0.9869968371831479,127.40004444122314,drone1
1753815421.5548482,3.7013933658599854,0.2407158613204956,6.375051975250244,-0.013014051199633158,0.12236785341422596,0.06535859312554133,-0.9902449683573371,127.60004329681396,drone1
1753815421.7548618,3.345827579498291,0.22267182171344757,6.368058204650879,-0.009223621794010478,0.08509609399209458,0.06464572132982804,-0.9942306272336181,127.80005693435669,drone1
1753815421.9549007,2.9415087699890137,0.2051878124475479,6.361795902252197,-0.006663286357759703,0.047643860447550555,0.064676404235544,-0.9967460354464454,128.0000958442688,drone1
1753815422.154885,2.5230627059936523,0.18497268855571747,6.357274055480957,-0.003674639829689798,0.01107748286517091,0.06542649169849235,-0.9977892120939386,128.2000801563263,drone1
1753815422.3548396,2.1234915256500244,0.1619904339313507,6.355438232421875,-3.770562434900341e-05,-0.024317883385459517,0.06649158470721123,-0.9974906016722389,128.4000346660614,drone1
1753815422.5548546,1.7729895114898682,0.14037483930587769,6.356144428253174,0.0035623043197014538,-0.058607410832300984,0.0674582226778086,-0.9959929134104042,128.6000497341156,drone1
1753815422.7548587,1.4959288835525513,0.12216832488775253,6.347789287567139,0.005194346197876674,-0.07195999078752977,0.0680236226505822,-0.9950717097425016,128.80005383491516,drone1
1753815422.9548786,1.2901161909103394,0.10528354346752167,6.28789758682251,0.0047086538181712306,-0.069177411067814,0.06825791698145428,-0.9952553435614635,129.00007367134094,drone1
1753815423.1548753,1.1399017572402954,0.08705001324415207,6.146401882171631,0.005234145993761119,-0.06547876696153591,0.06802261112621788,-0.9955190563925962,129.20007038116455,drone1
1753815423.3548594,1.0366243124008179,0.06558793783187866,5.954550266265869,0.004961972182789898,-0.04287434789721855,0.06767629047200391,-0.996773388751129,129.40005445480347,drone1
1753815423.5548453,0.9634225964546204,0.04349665343761444,5.767867088317871,0.004236003253901874,-0.018549262669019673,0.06745375511186635,-0.9975410514499063,129.60004043579102,drone1
1753815423.7548344,0.897343635559082,0.022708557546138763,5.6189374923706055,0.004089310242161011,-0.0017019657224424526,0.06745257500010804,-0.9977126734170427,129.8000295162201,drone1
1753815423.9548552,0.8224231004714966,0.0035897644702345133,5.506042957305908,0.0047806166808713624,0.004060185946659348,0.0675830616430978,-0.997693960216304,130.0000503063202,drone1
1753815424.154846,0.7335060834884644,-0.012721036560833454,5.390392303466797,0.0032661970256766173,0.0017382499607892074,0.0677406487096801,-0.997696193999275,130.20004105567932,drone1
1753815424.3548536,0.6363838911056519,-0.025920141488313675,5.267951965332031,0.0035475647765237897,-0.0026648266933323363,0.06785596248720588,-0.9976852358186621,130.40004873275757,drone1
1753815424.5548642,0.5370574593544006,-0.036103323101997375,5.142755508422852,0.004212434522187619,-0.006798735215935151,0.06790894107578399,-0.997659484094222,130.60005927085876,drone1
1753815424.7548535,0.4399876594543457,-0.04105687886476517,5.019034385681152,0.00400164076367324,-0.010253866932272619,0.06787349557618638,-0.9976333109012967,130.80004858970642,drone1
1753815424.9548383,0.3492351472377777,-0.04103166237473488,4.897268295288086,0.003297902980285697,-0.013091338970906776,0.06775110112811072,-0.997610888777889,131.00003337860107,drone1
1753815425.154832,0.2698763906955719,-0.03900628164410591,4.772354602813721,0.0026917756516881158,-0.014612372964821638,0.06766128619393402,-0.997597696814305,131.20002698898315,drone1
1753815425.3548317,0.2033315747976303,-0.03527827188372612,4.644410610198975,0.0019587754430883636,-0.01496440122428634,0.06760704319990046,-0.9975979075485476,131.4000267982483,drone1
1753815425.55485,0.14721298217773438,-0.030829764902591705,4.514258861541748,0.0013402908560707408,-0.014525902119656459,0.0676583780613868,-0.9976019536460046,131.6000452041626,drone1
1753815425.7548554,0.0979827344417572,-0.026580337435007095,4.379961967468262,0.0008877943879236873,-0.013971545938281685,0.06775759174278145,-0.997603639519945,131.80005049705505,drone1
1753815425.9548507,0.05524352937936783,-0.025660621002316475,4.243950366973877,0.0006621961372795391,-0.013471110722676028,0.0678477438517463,-0.9976045246037638,132.0000457763672,drone1
1753815426.15485,0.01904378831386566,-0.024448301643133163,4.107667446136475,0.0009822454754366008,-0.012946491118559215,0.06788129274316085,-0.9976089078760089,132.20004510879517,drone1
1753815426.354839,-0.010731568560004234,-0.021731218323111534,3.971205711364746,0.0006519564287249157,-0.012371918937878389,0.06780340536711277,-0.9976218048116532,132.40003418922424,drone1
1753815426.5548296,-0.03404645994305611,-0.019130051136016846,3.8344879150390625,0.00033130386379854156,-0.011650032326395351,0.06775025819114056,-0.997634238131964,132.6000247001648,drone1
1753815426.754824,-0.052646536380052567,-0.016041196882724762,3.696017265319824,0.0002238182048391267,-0.010793250774986149,0.06774052226913452,-0.9976446484035462,132.8000190258026,drone1
1753815426.954832,-0.06625816226005554,-0.009698070585727692,3.555529832839966,-0.0001615422848971209,-0.009940832080942333,0.06769399214837846,-0.9976566181085231,133.00002717971802,drone1
1753815427.1548245,-0.0758185163140297,-0.002049841685220599,3.414607524871826,-0.0010091796165407284,-0.009100791718742816,0.06768332899570523,-0.9976648367439829,133.2000195980072,drone1
1753815427.354839,-0.08177287876605988,0.006089210510253906,3.2754769325256348,-0.0015138265535471884,-0.008308800080934733,0.06766621737520978,-0.9976723388830178,133.40003418922424,drone1
1753815427.554826,-0.08437946438789368,0.014484861865639687,3.1367740631103516,-0.0019346373173287803,-0.007408861309103266,0.06765197174041315,-0.9976795881409617,133.6000211238861,drone1
1753815427.7548234,-0.0876847580075264,0.02252139523625374,2.9969589710235596,-0.0023754989503810492,-0.006747242386085028,0.06765833591453829,-0.997682917741994,133.80001854896545,drone1
1753815427.9548244,-0.09029338508844376,0.031392235308885574,2.8551840782165527,-0.00281041968879068,-0.00646751292933759,0.06768885023286014,-0.9976815690428417,134.0000195503235,drone1
1753815428.1548057,-0.09216638654470444,0.03764835372567177,2.7143137454986572,-0.0030966840473269585,-0.006207658839749451,0.06774802440816946,-0.9976783658823548,134.20000076293945,drone1
1753815428.3548064,-0.09205395728349686,0.042255744338035583,2.572678565979004,-0.002963325162465664,-0.005868704335129475,0.06778178403382668,-0.9976784923229004,134.4000015258789,drone1
1753815428.5548067,-0.091727115213871,0.04714331403374672,2.4324660301208496,-0.0029447521493889636,-0.005633537515102402,0.06777381827945805,-0.9976804732247804,134.6000018119812,drone1
1753815428.7548099,-0.08960055559873581,0.05023370683193207,2.293466091156006,-0.0029770176198756406,-0.005428961239924014,0.06773525391307061,-0.9976842242942978,134.80000495910645,drone1
1753815428.9547918,-0.08677110821008682,0.049629129469394684,2.1539032459259033,-0.0027999280046436892,-0.004965929129784063,0.06774191311513539,-0.9976866688115115,134.99998688697815,drone1
1753815429.1548889,-0.08506415039300919,0.04810837283730507,2.0418293476104736,-0.002386495491211472,-0.004714972552725215,0.06776146925284449,-0.9976875960421787,135.20008397102356,drone1
1753815429.354877,-0.08314920961856842,0.0458085834980011,1.9029200077056885,-0.001975359816386971,-0.004595322671204659,0.0677641666511491,-0.997688860447634,135.40007209777832,drone1
1753815429.5548654,-0.08198022097349167,0.04343413561582565,1.7657296657562256,-0.001733116935621623,-0.004558438169538992,0.06776033128793468,-0.9976897455314528,135.60006046295166,drone1
1753815429.7548938,-0.08341249078512192,0.04166321083903313,1.6280956268310547,-0.001628311717445824,-0.004696845621234609,0.067750047456898,-0.9976899141188469,135.8000888824463,drone1
1753815429.9548962,-0.08532413840293884,0.03881531581282616,1.4872617721557617,-0.0014721349239274365,-0.005051382606002472,0.06772075539718297,-0.9976904620278775,136.0000913143158,drone1
1753815430.1548798,-0.08633364737033844,0.03550627455115318,1.345506191253662,-0.0011982414886097404,-0.005320429812285923,0.06772391641082115,-0.9976891554755737,136.20007491111755,drone1
1753815430.3548703,-0.0843924954533577,0.03378969058394432,1.2032699584960938,-0.0010248829396058297,-0.005239851623378173,0.06770962862917596,-0.9976908834963627,136.4000654220581,drone1
1753815430.5548549,-0.07906996458768845,0.03530881181359291,1.0616769790649414,-0.0012598554066849848,-0.004790413600562318,0.06771928025748503,-0.9976921900486664,136.60004997253418,drone1
1753815430.7548866,-0.07263803482055664,0.03633631020784378,0.9199903607368469,-0.0018111955365312604,-0.004150245694756793,0.06773580182210126,-0.9976930329856367,136.80008172988892,drone1
1753815430.9548905,-0.06842657923698425,0.03298512101173401,0.7785373330116272,-0.0017991620350549554,-0.0037334369882682746,0.06773731910864772,-0.9976946345658801,137.0000855922699,drone1
1753815431.1548572,-0.06776490062475204,0.02669733762741089,0.6356702446937561,-0.0011150445974659974,-0.0038207530753094497,0.06776876065763676,-0.9976931172793336,137.20005226135254,drone1
1753815431.354863,-0.06862793117761612,0.020929565653204918,0.49258357286453247,-0.0005412704080927192,-0.004152476925867902,0.06777166879018404,-0.9976920636081208,137.40005803108215,drone1
1753815431.554878,-0.0684337168931961,0.014999409206211567,0.35345035791397095,-0.000305881576248392,-0.004413838753107067,0.06773588611579828,-0.9976934544541218,137.60007309913635,drone1
1753815431.754861,-0.06675005704164505,0.006734624970704317,0.21561187505722046,0.00010959201356825491,-0.004293910718849953,0.06769024107886096,-0.9976972055236393,137.80005621910095,drone1
1753815431.954882,-0.06503967940807343,-0.00435880059376359,0.07600182294845581,0.0008715727903308039,-0.0041498886813154025,0.06766659669684644,-0.9976990178381252,138.00007700920105,drone1
1753815432.1548553,-0.06572141498327255,-0.012308617122471333,-0.06456169486045837,0.001595032829279539,-0.004251172991279272,0.06765348902695956,-0.9976985542227916,138.2000503540039,drone1
1753815432.3548725,-0.07408604770898819,-0.015387819148600101,-0.05779990553855896,0.0016255518397310456,-0.004198653984449587,0.06762718939348872,-0.997700492977823,138.40006756782532,drone1
1753815432.5548844,-0.08196211606264114,-0.016738032922148705,-0.03922232985496521,0.0015573181499434956,-0.004115455364626511,0.06757117623181774,-0.9977047498095226,138.600079536438,drone1
1753815432.754886,-0.0854702889919281,-0.01861366257071495,-0.027187511324882507,0.0013460114675754612,-0.004125910911143625,0.06751398295838845,-0.9977089223475253,138.80008101463318,drone1
1753815432.9549134,-0.08615519851446152,-0.019418813288211823,-0.01847459375858307,0.001056132852143247,-0.004174765858648958,0.06745362867132088,-0.9977132213260733,139.0001084804535,drone1
1753815433.1548834,-0.08628634363412857,-0.02039284259080887,-0.012090861797332764,0.0007326147954265135,-0.004167737377751385,0.06738910184625063,-0.9977178153325611,139.20007848739624,drone1
1753815433.35486,-0.08490332961082458,-0.02048064023256302,-0.008452057838439941,0.00037226121629189345,-0.004165232932987527,0.0673145862180834,-0.9977231258354735,139.4000551700592,drone1
1753815433.5548503,-0.08136264234781265,-0.019012242555618286,-0.0058639198541641235,2.099357573391098e-05,-0.004142146008898923,0.06727100637672312,-0.9977261604085661,139.60004544258118,drone1
1753815433.75485,-0.07894305139780045,-0.017202988266944885,-0.003341004252433777,-0.00043131668895351143,-0.003914067515001585,0.06725397904992475,-0.9977281834572947,139.80004501342773,drone1
1753815433.954907,-0.079299695789814,-0.012839742004871368,-0.0013852417469024658,-0.00065752919698748,-0.0037229103189442975,0.06724761487579956,-0.9977292371285076,140.00010204315186,drone1
1753815434.1548936,-0.08130039274692535,-0.00987948663532734,-0.00019194185733795166,-0.0007860285172882432,-0.003576519990722914,0.06724483318379793,-0.9977298271843866,140.20008873939514,drone1
1753815434.3548656,-0.0838615670800209,-0.00993343535810709,0.00037397444248199463,-0.0009220824132303937,-0.0034921483384949934,0.06723842686282422,-0.9977304172402658,140.40006065368652,drone1
1753815434.5548828,-0.0864521861076355,-0.009078403003513813,0.002883821725845337,-0.0009954944854384023,-0.003426159379980966,0.06722177885766245,-0.9977317237925696,140.60007786750793,drone1
1753815434.7548711,-0.08891541510820389,-0.007479884196072817,0.0064160823822021484,-0.0010484012103471625,-0.003394449227150646,0.06719977820273976,-0.997733241079116,140.80006623268127,drone1
1753815434.9548633,-0.09032143652439117,-0.003998930566012859,0.010686904191970825,-0.0010479772723201483,-0.0034062784975114123,0.06721912360620619,-0.9977319345268123,141.00005841255188,drone1
1753815435.1548524,-0.09080535918474197,5.474751378642395e-05,0.01300986111164093,-0.0010223468023875246,-0.0034038128245554617,0.06721343378165728,-0.9977323138484488,141.20004749298096,drone1
1753815435.354858,-0.09095055609941483,0.0012025581672787666,0.012740299105644226,-0.0010232889326242574,-0.0034004732630374176,0.06720774395710827,-0.9977327774637823,141.400053024292,drone1
1753815435.5548818,-0.08920490741729736,0.0012080452870577574,0.012031152844429016,-0.0010723446538864622,-0.00341194140405362,0.07589024763144347,-0.9971098470427915,141.60007691383362,drone1
1753815435.754858,-0.08747546374797821,0.0027471412904560566,0.010342597961425781,-0.0010483566762748107,-0.003407816116619489,0.07587427397585794,-0.9971110693013983,141.80005311965942,drone1
1753815435.95486,-0.08583611994981766,0.007952896878123283,0.009424075484275818,-0.0010195922753467603,-0.003419178149651842,0.07586205138978969,-0.9971119122383685,142.00005507469177,drone1
1753815436.1548564,-0.08327376842498779,0.01623610220849514,0.00988076627254486,-0.0009993362694618471,-0.0034219850309809914,0.07579845179538675,-0.9971168434196442,142.2000515460968,drone1
1753815436.35488,-0.08306882530450821,0.02471449039876461,0.009922429919242859,-0.0010196904807965132,-0.0034437457287485817,0.07577455453228116,-0.9971185714404331,142.40007519721985,drone1
1753815436.554851,-0.08357447385787964,0.03323870897293091,0.006298169493675232,-0.001049790492304816,-0.003448772810568331,0.0757498564790538,-0.9971203416080706,142.6000461578369,drone1
1753815436.754851,-0.08550053834915161,0.04137473553419113,0.003218904137611389,-0.0010684152834434565,-0.0034511272718204967,0.07572949955122299,-0.9971219010414656,142.80004620552063,drone1
1753815436.9548507,-0.08930141478776932,0.04548807069659233,0.0018834024667739868,-0.0010738724771449822,-0.003460597306481415,0.07570754104314881,-0.9971235447685574,143.0000457763672,drone1
1753815437.1548643,-0.09319461137056351,0.046354152262210846,-0.0014972537755966187,-0.001079893714217595,-0.0034585513733312394,0.0756743293265223,-0.9971259892857711,143.2000594139099,drone1
1753815437.3548546,-0.09778149425983429,0.04344768077135086,-0.00544854998588562,-0.00108834275793695,-0.0034516061159958634,0.07563863094583345,-0.9971287288309243,143.40004968643188,drone1
1753815437.5548532,-0.10274314880371094,0.03813270106911659,-0.009783104062080383,-0.0010899010388789642,-0.0034665302162718947,0.07559901290823323,-0.99713167911032,143.60004830360413,drone1
1753815437.7548485,-0.10689706355333328,0.03337125480175018,-0.013195037841796875,-0.00110834687054756,-0.003490427479377572,0.0755529042559624,-0.997135135151898,143.80004358291626,drone1
1753815437.9548647,-0.10757990926504135,0.030541975051164627,-0.014092430472373962,-0.0011141847029746998,-0.003498330178109491,0.0755356240480729,-0.9971363152636563,144.00005984306335,drone1
1753815438.154836,-0.10503347218036652,0.030609993264079094,-0.014899492263793945,-0.0011430452514009151,-0.0034853445035927075,0.07550220159720372,-0.9971389705151124,144.200031042099,drone1
1753815438.3548424,-0.10219193994998932,0.03245130181312561,-0.013838604092597961,-0.00116104837652402,-0.0034923051544059574,0.0754706757545176,-0.9971412464449321,144.40003752708435,drone1
1753815438.5548756,-0.09923572093248367,0.035562049597501755,-0.014511272311210632,-0.0011549862273738485,-0.003488763090451709,0.0754149576207862,-0.9971455454234801,144.60007071495056,drone1
1753815438.7548363,-0.09746172279119492,0.03803032264113426,-0.019125118851661682,-0.0011970948803032796,-0.0035067805389178623,0.07537011337397065,-0.997148832877664,144.80003142356873,drone1
1753815438.9548707,-0.09492889791727066,0.039318762719631195,-0.02395498752593994,-0.0012172270798206924,-0.003526610795778365,0.07531599682048257,-0.997152710387727,145.00006580352783,drone1
1753815439.1548543,-0.09181645512580872,0.037995461374521255,-0.023790672421455383,-0.0012480284412299965,-0.003542555228451452,0.07526668500772488,-0.997156335016699,145.2000494003296,drone1
1753815439.3548405,-0.08880522847175598,0.03824393078684807,-0.01988917589187622,-0.0012648442106052082,-0.0035571790324318434,0.07526938240602948,-0.9971560821356079,145.40003561973572,drone1
1753815439.5548577,-0.084805428981781,0.040574025362730026,-0.016669481992721558,-0.0012720648218629848,-0.0035751177848292923,0.07522845781612547,-0.9971591588555491,145.60005283355713,drone1
1753815439.754833,-0.07854248583316803,0.04240947216749191,-0.012865528464317322,-0.0012948747456679186,-0.0035972673531288464,0.07519849140683421,-0.9971613083448232,145.80002808570862,drone1
1753815439.9549391,-0.07314472645521164,0.04111955687403679,-0.00784119963645935,-0.0013132303567389213,-0.0036147003433441654,0.07515617597092933,-0.997164342917916,146.00013422966003,drone1
1753815440.154839,-0.07007933408021927,0.042249444872140884,-0.005252033472061157,-0.0013479042891274176,-0.003631612507171733,0.07512616741478956,-0.9971665345540386,146.20003414154053,drone1
1753815440.3548293,-0.0703558623790741,0.04516010358929634,-0.006241530179977417,-0.0013569594407483072,-0.003618493806664336,0.07508941536288805,-0.9971694005397373,146.4000244140625,drone1
1753815440.554848,-0.07114069908857346,0.045563772320747375,-0.008829876780509949,-0.001374414162932389,-0.003600494138899898,0.07507196656760456,-0.9971707492388897,146.60004305839539,drone1
1753815440.7548604,-0.07138576358556747,0.042895007878541946,-0.01171623170375824,-0.0014319921909904613,-0.0036185229472588142,0.07504709992698305,-0.99717243511283,146.80005550384521,drone1
1753815440.9548287,-0.07245511561632156,0.03913882374763489,-0.014376014471054077,-0.0014546192863763665,-0.0036283084247390567,0.07502147464308845,-0.9971742895741645,147.0000238418579,drone1
1753815441.154822,-0.07249345630407333,0.03620315343141556,-0.018587425351142883,-0.0014585466811858484,-0.00364308336468403,0.07498493332542949,-0.9971769448256207,147.2000172138214,drone1
