timestamp,x,y,z,qx,qy,qz,qw,relative_time,drone_id
1743146152.7779794,1.5761981010437012,-0.8770630359649658,-0.05039115250110626,0.0008890440584455997,-0.0016996270662585284,0.6427377644539057,-0.7660839515891906,0.0,drone1
1743146152.9779377,1.579920768737793,-0.8703529238700867,-0.05231443792581558,0.0009444206133725171,-0.0016864032867430767,0.642742163531219,-0.7660801425677564,0.19995832443237305,drone1
1743146153.1779478,1.5831440687179565,-0.8670202493667603,-0.055113181471824646,0.0009692555203804663,-0.0017104037355413482,0.6427459462108729,-0.7660768656502847,0.39996838569641113,drone1
1743146153.3779635,1.5858981609344482,-0.8669624924659729,-0.058474212884902954,0.0009397515328109198,-0.0017611212527104151,0.6427475161809799,-0.7660755485612688,0.5999841690063477,drone1
1743146153.5779235,1.58699369430542,-0.866876482963562,-0.061067938804626465,0.0009136817313734079,-0.0017632371562145638,0.642753216542241,-0.7660706911369779,0.7999441623687744,drone1
1743146153.777924,1.5865743160247803,-0.8631457686424255,-0.06037929654121399,0.000939837884459529,-0.0017353404699938441,0.6427523578002026,-0.7660714655853192,0.9999446868896484,drone1
1743146153.9779596,1.5853941440582275,-0.8583205342292786,-0.05893635004758835,0.0009545956199292312,-0.0016801584738100038,0.6427506877313304,-0.7660730513604945,1.1999802589416504,drone1
1743146154.1779187,1.586105227470398,-0.8551055192947388,-0.057533226907253265,0.0009667503141745207,-0.0016501537660397157,0.6427462201653882,-0.7660767602831634,1.3999392986297607,drone1
1743146154.3779337,1.5903905630111694,-0.8541660904884338,-0.055435702204704285,0.0009799583503603284,-0.001735596520330354,0.6427407305383697,-0.7660811540921207,1.59995436668396,drone1
1743146154.5779305,1.5965534448623657,-0.8556641936302185,-0.0522923469543457,0.0010222035277980706,-0.001804788762808305,0.6427449294181525,-0.7660775452682169,1.7999510765075684,drone1
1743146154.777982,1.6019285917282104,-0.8580434918403625,-0.04913350194692612,0.0010486641342420384,-0.0018698082203294864,0.6427508773921486,-0.766072271643797,2.00000262260437,drone1
1743146154.9779918,1.6052343845367432,-0.8593553900718689,-0.04727112501859665,0.0010344026532181328,-0.0018934104966546188,0.6427582162121456,-0.7660661129355584,2.200012445449829,drone1
1743146155.177972,1.6080377101898193,-0.8594726920127869,-0.049436189234256744,0.001008975591220412,-0.0018642978903179728,0.6427580370880395,-0.7660662920596646,2.3999927043914795,drone1
1743146155.3779714,1.608168363571167,-0.8597062230110168,-0.006817832589149475,0.0010127346044310093,-0.001835873751105391,0.6427768556558996,-0.7660505923585943,2.599992036819458,drone1
1743146155.578007,1.6083791255950928,-0.8603440523147583,0.0703672468662262,0.0009826630749726769,-0.0018153292204079175,0.6427775879573925,-0.7660501129381925,2.80002760887146,drone1
1743146155.7779727,1.607041835784912,-0.8589282631874084,0.1409461498260498,0.00097351243439813,-0.0017836207962569305,0.6427721510139346,-0.7660547912383772,2.999993324279785,drone1
1743146155.9780083,1.6045671701431274,-0.8557533621788025,0.1943640410900116,0.0009670205026384365,-0.0017399499111184376,0.6427467733427749,-0.7660762071057767,3.200028896331787,drone1
1743146156.177931,1.601401686668396,-0.8533783555030823,0.2336704134941101,0.0009559247685414989,-0.0016826200720218114,0.6427416788424611,-0.7660806272565143,3.399951696395874,drone1
1743146156.37793,1.5987282991409302,-0.8523420691490173,0.261467844247818,0.0009210728644997202,-0.0016822706318422628,0.6427372903018599,-0.7660843414475395,3.5999505519866943,drone1
1743146156.5780485,1.59673273563385,-0.8513801693916321,0.2792520821094513,0.0009269727235877057,-0.0017041430763810516,0.642750577095853,-0.7660730777022748,3.8000690937042236,drone1
1743146156.777986,1.5945641994476318,-0.8532352447509766,0.28881627321243286,0.0008804014849589614,-0.0016890001335332114,0.6427482958976773,-0.7660751060193595,4.000006675720215,drone1
1743146156.9779112,1.5940980911254883,-0.856225848197937,0.2931525707244873,0.0008672441361207523,-0.0017171253758572324,0.6427379593830801,-0.7660837566600163,4.199931859970093,drone1
1743146157.1779468,1.5933009386062622,-0.8587343692779541,0.29576557874679565,0.0008604820364766589,-0.001728665051270614,0.6427496077183372,-0.7660738784923965,4.399967432022095,drone1
1743146157.3779097,1.5906476974487305,-0.8615680932998657,0.2966923415660858,0.0008500718883715634,-0.0017058690803774424,0.642737453620898,-0.7660842624221984,4.599930286407471,drone1
1743146157.5779085,1.5888168811798096,-0.8630632758140564,0.2957499325275421,0.000831058432496118,-0.0017043308438838905,0.6427454562537589,-0.7660775241947927,4.799929141998291,drone1
1743146157.777935,1.5881285667419434,-0.8647452592849731,0.29419973492622375,0.0008012602401676301,-0.0017555495134235321,0.642758574460358,-0.7660663447432252,4.999955654144287,drone1
1743146157.9779308,1.5904016494750977,-0.8675031065940857,0.2901987135410309,0.000800638491834031,-0.0018201521534301924,0.6427571941510692,-0.7660673878777259,5.199951410293579,drone1
1743146158.1778882,1.5948688983917236,-0.8700733184814453,0.284767746925354,0.0008138635884384986,-0.0018765561201076265,0.6427519574051417,-0.7660716973929861,5.399908781051636,drone1
1743146158.3778918,1.5975216627120972,-0.8723526000976562,0.27834463119506836,0.0008153378637967132,-0.001899085956701509,0.6427591855896614,-0.7660654807328307,5.599912405014038,drone1
1743146158.5778809,1.5974971055984497,-0.8741276860237122,0.2732008695602417,0.0007870166221635036,-0.0018807698994600176,0.6427747219716937,-0.766052641749103,5.799901485443115,drone1
1743146158.777897,1.595983862876892,-0.8742069602012634,0.26798760890960693,0.0007666761579454413,-0.0018557424093425152,0.6427697381068573,-0.7660568669706663,5.999917507171631,drone1
1743146158.9778907,1.594778060913086,-0.8720072507858276,0.2620369791984558,0.0007762224191331589,-0.0018319892028479594,0.6427573890802436,-0.7660671929485515,6.19991135597229,drone1
1743146159.1778705,1.5938773155212402,-0.8669267296791077,0.254216730594635,0.0008464588250875478,-0.0017991413320620354,0.6427475635961845,-0.7660755854397612,6.399891138076782,drone1
1743146159.3778698,1.591705083847046,-0.8615056276321411,0.24577873945236206,0.0008816176520290784,-0.0017460585699744851,0.6427471368593434,-0.7660759278829053,6.599890470504761,drone1
1743146159.5778747,1.5875154733657837,-0.8598160743713379,0.23653939366340637,0.000841355557900031,-0.0017075575884959106,0.6427511355415958,-0.766072687843926,6.799895286560059,drone1
1743146159.7778714,1.58047354221344,-0.861268937587738,0.2260974943637848,0.0007971380808199123,-0.0016999454725281382,0.6427572257612056,-0.7660676934423776,6.999891996383667,drone1
1743146159.9779391,1.5750545263290405,-0.8623926639556885,0.21750622987747192,0.0007417276108508335,-0.0016923378428948268,0.6427701332335621,-0.7660569776061437,7.199959754943848,drone1
1743146160.1778843,1.5722246170043945,-0.8624307513237,0.20796996355056763,0.0007239706990556509,-0.0016959115169854584,0.642776971559733,-0.766051150804337,7.39990496635437,drone1
1743146160.3778608,1.573346495628357,-0.8625405430793762,0.2172277569770813,0.0007635227998870295,-0.001752564372327878,0.6427739369866402,-0.7660535953215506,7.599881410598755,drone1
1743146160.5778654,1.574124813079834,-0.8635024428367615,0.24768462777137756,0.0008037555064674082,-0.0018238714893341833,0.6427752488073001,-0.7660522835008907,7.799885988235474,drone1
1743146160.777873,1.573204755783081,-0.8631420731544495,0.274029016494751,0.0007754133560460703,-0.001847809787994514,0.6427737315207537,-0.766053463612649,7.999893665313721,drone1
1743146160.9778528,1.5726425647735596,-0.8598411083221436,0.2907188832759857,0.0008143127157929427,-0.0018414700211751961,0.6427863966487312,-0.7660428215334001,8.199873447418213,drone1
1743146161.1778605,1.5711071491241455,-0.8529755473136902,0.2993997037410736,0.0008457469796334501,-0.0017730828493582543,0.6427744901640269,-0.7660530421441639,8.39988112449646,drone1
1743146161.377863,1.5688738822937012,-0.8457947969436646,0.3035561740398407,0.0008561909604626435,-0.0017114854360547418,0.6427767977039829,-0.7660511560726931,8.599883556365967,drone1
1743146161.5778594,1.5686047077178955,-0.8393887877464294,0.30429789423942566,0.000849242122291505,-0.0016927747460168414,0.6427819080093649,-0.7660469729979784,8.799880027770996,drone1
1743146161.7778707,1.5710766315460205,-0.834195613861084,0.3029457628726959,0.000867677293770878,-0.00170972646367392,0.6427886936519751,-0.7660411145860354,8.99989128112793,drone1
1743146161.977972,1.5772784948349,-0.8322528004646301,0.2983502149581909,0.000884394199151829,-0.0017867813571458984,0.6428096511723972,-0.7660233602261002,9.199992656707764,drone1
1743146162.1779015,1.5843342542648315,-0.8320028781890869,0.2928558588027954,0.0008949330927082351,-0.001875293319854538,0.6427929452153186,-0.76603720019748,9.399922132492065,drone1
1743146162.377885,1.5899245738983154,-0.8319657444953918,0.28727665543556213,0.0009079145278447491,-0.001915659258220688,0.6427968964823665,-0.7660338389863112,9.599905729293823,drone1
1743146162.5778868,1.5945239067077637,-0.8313168883323669,0.28148236870765686,0.0009106130786023353,-0.001951592574662638,0.6427969755077074,-0.7660335913735762,9.799907445907593,drone1
1743146162.7778716,1.5966497659683228,-0.8326876163482666,0.27508363127708435,0.0009007263910630226,-0.0019572174914185407,0.6427896946396272,-0.7660397764235952,9.999892234802246,drone1
1743146162.9778907,1.5956794023513794,-0.8366882801055908,0.2683199942111969,0.0008375906177888621,-0.001946279519890297,0.6427946047474787,-0.7660357092527139,10.19991135597229,drone1
1743146163.1779273,1.593033790588379,-0.8422439098358154,0.26005828380584717,0.0007675416500650577,-0.0019285612975849585,0.6427934351724325,-0.766036794534063,10.399947881698608,drone1
1743146163.3779452,1.5898737907409668,-0.8463605642318726,0.2509749233722687,0.0007099165360746647,-0.0019108500723150172,0.6427987614804131,-0.7660323954567497,10.599965810775757,drone1
1743146163.5778942,1.5861399173736572,-0.8503280282020569,0.23991334438323975,0.0006781386766371174,-0.0018981053839291228,0.6428050466291974,-0.7660272904197238,10.799914836883545,drone1
1743146163.7778883,1.580683708190918,-0.8552908897399902,0.22751420736312866,0.0006217810961884642,-0.0018800545143291894,0.6427948523602137,-0.7660358831084639,10.999908924102783,drone1
1743146163.9778674,1.5742872953414917,-0.8580605387687683,0.2163945734500885,0.0005668924815829302,-0.0018173448605107254,0.6428062372776678,-0.7660264369460416,11.199887990951538,drone1
1743146164.1778579,1.569039225578308,-0.8579692840576172,0.20641645789146423,0.0005527832478174639,-0.0017784674385277752,0.6427990933868452,-0.7660325693124999,11.39987850189209,drone1
1743146164.3778658,1.5649453401565552,-0.8565210103988647,0.19695785641670227,0.0005639990839690445,-0.0017476307626692303,0.642788440770884,-0.7660416203482174,11.599886417388916,drone1
1743146164.57785,1.5616291761398315,-0.8544063568115234,0.18808192014694214,0.0005800370299622652,-0.0017076157050487399,0.642791412123704,-0.7660392390512767,11.799870729446411,drone1
1743146164.7779515,1.5593928098678589,-0.8532847166061401,0.18175572156906128,0.0006000289594994775,-0.0016657545002181835,0.6427873080743303,-0.7660426687510743,11.999972105026245,drone1
1743146164.9779413,1.557146668434143,-0.851628303527832,0.17305037379264832,0.0006245830384338038,-0.0016589939646172963,0.6427824664551076,-0.7660467517270237,12.19996190071106,drone1
1743146165.1779456,1.5561577081680298,-0.8511117100715637,0.16347631812095642,0.0006580237227540075,-0.0016904097068935167,0.6427710446591611,-0.7660563190616356,12.3999662399292,drone1
1743146165.3780198,1.5573160648345947,-0.8513063192367554,0.19743135571479797,0.00068117650129341,-0.001717342201636486,0.6427755596403079,-0.766052309842671,12.600040435791016,drone1
1743146165.5779288,1.5572559833526611,-0.8513988852500916,0.30629146099090576,0.0006848926679519563,-0.0017238657435325625,0.6427858276662763,-0.7660438119843401,12.799949407577515,drone1
1743146165.777939,1.5567713975906372,-0.8542764782905579,0.40873005986213684,0.0006759683197339652,-0.0017141322087503878,0.6427850848280713,-0.766044470528848,12.999959707260132,drone1
1743146165.9780428,1.5577536821365356,-0.8595746755599976,0.4851001799106598,0.0006467550384056613,-0.0017345493110855665,0.6427900107409911,-0.7660403032592016,13.200063467025757,drone1
1743146166.1780097,1.5605138540267944,-0.8629260659217834,0.5382957458496094,0.0006701224201366026,-0.0017755322644966644,0.6427954634895171,-0.7660356091539486,13.400030374526978,drone1
1743146166.377939,1.563691258430481,-0.8645687103271484,0.5721797943115234,0.0007185949179189245,-0.0017943450700923338,0.6427915596376738,-0.7660386700688218,13.5999596118927,drone1
1743146166.5779412,1.5669070482254028,-0.8674238920211792,0.5920056104660034,0.0007602776983468495,-0.0018049177963728375,0.6427648964876346,-0.7660611185340098,13.799961805343628,drone1
1743146166.7779465,1.5708750486373901,-0.8710786700248718,0.6034191846847534,0.0007805055514540467,-0.0018674782075421802,0.6427533482511426,-0.7660704751343792,13.999967098236084,drone1
1743146166.977952,1.5736591815948486,-0.8731030225753784,0.6101642847061157,0.0008032190396475929,-0.0018883550974210259,0.6427693429801525,-0.7660570935099771,14.19997262954712,drone1
1743146167.1779902,1.5746465921401978,-0.8730738162994385,0.6137180328369141,0.0008440649746419989,-0.0018878481416269746,0.6427787469957265,-0.7660491224872524,14.400010824203491,drone1
1743146167.3779643,1.5743058919906616,-0.8739791512489319,0.6143909692764282,0.000839993646698491,-0.0018654685354989756,0.642791491149045,-0.7660384856763596,14.599984884262085,drone1
1743146167.5779622,1.5716948509216309,-0.8763196468353271,0.6118842363357544,0.000790879850042489,-0.001878095344417941,0.6427808438014398,-0.7660475314437212,14.799982786178589,drone1
1743146167.777969,1.5682951211929321,-0.8774131536483765,0.6069241762161255,0.0007418453256816354,-0.0018349881322192493,0.6427732257585717,-0.7660540536685283,14.99998950958252,drone1
1743146167.9779506,1.5665698051452637,-0.8770023584365845,0.5995172262191772,0.0007357738334312571,-0.0018315186316379742,0.6427824453816834,-0.7660463513319629,15.199971199035645,drone1
1743146168.1779082,1.5651782751083374,-0.8766780495643616,0.5888552665710449,0.0007529221266239683,-0.0018086668490977515,0.6427695168359027,-0.766057256829015,15.39992880821228,drone1
1743146168.3779538,1.5630618333816528,-0.8770938515663147,0.5760260820388794,0.0007521301033760238,-0.0018049524522775703,0.6427711710997067,-0.766055771152605,15.599974393844604,drone1
1743146168.5779052,1.5618517398834229,-0.8782363533973694,0.5607842206954956,0.0007604479732611949,-0.0018309091898548679,0.6427654865435137,-0.7660604441844338,15.799925804138184,drone1
1743146168.7779143,1.5615047216415405,-0.879397451877594,0.5424983501434326,0.0007340591070095653,-0.0018235949006408308,0.6427560140393109,-0.7660683994020901,15.999934911727905,drone1
1743146168.977939,1.563139796257019,-0.8773401975631714,0.5230400562286377,0.0007889954660919282,-0.0018170788496885324,0.642760381506488,-0.7660647062844894,16.19995951652527,drone1
1743146169.1780045,1.565690517425537,-0.8706104755401611,0.5043069124221802,0.0008792260241712439,-0.0018233002019735084,0.6427632264187624,-0.7660622828407,16.400025129318237,drone1
1743146169.377925,1.5694429874420166,-0.862062931060791,0.4866616427898407,0.0009653544261922718,-0.001809184135808772,0.6427855695168292,-0.7660433957842111,16.599945545196533,drone1
1743146169.5778828,1.5729150772094727,-0.8555140495300293,0.46942558884620667,0.0010222082610867216,-0.0018123523522776451,0.6427847634583514,-0.7660440332552948,16.799903392791748,drone1
1743146169.777909,1.5751656293869019,-0.8493854999542236,0.4510017931461334,0.0010135296322882714,-0.0018099210059541728,0.6427942306941983,-0.7660360833059944,16.999929666519165,drone1
1743146169.9779332,1.5760869979858398,-0.8459734320640564,0.43256255984306335,0.0009717081870823845,-0.001790768144438194,0.6427966067227829,-0.7660342973332888,17.19995379447937,drone1
1743146170.1779242,1.576141595840454,-0.8451265692710876,0.416761189699173,0.0009483258646229184,-0.0018254392368535,0.6428005000379142,-0.7660309097803397,17.39994478225708,drone1
1743146170.3778932,1.5765312910079956,-0.8458209037780762,0.3971668779850006,0.0008835329875715144,-0.001836516943294531,0.6428117532464666,-0.7660215110331218,17.599913835525513,drone1
1743146170.5778913,1.5782451629638672,-0.846231997013092,0.37976112961769104,0.0008854123089611703,-0.0018439069651269863,0.6428141819586121,-0.7660195037894615,17.799911975860596,drone1
1743146170.7778692,1.5803852081298828,-0.8475355505943298,0.3611851632595062,0.0008806515260768362,-0.0018833154209375613,0.6428162050073406,-0.766017649328127,17.999889850616455,drone1
1743146170.977858,1.583423376083374,-0.8470834493637085,0.3405996859073639,0.00091145687991222,-0.001908922965289501,0.6428102781067687,-0.7660225647043346,18.199878692626953,drone1
1743146171.177863,1.583827257156372,-0.8451195359230042,0.32070207595825195,0.0008989255187878803,-0.0018798382647763807,0.6428066482094407,-0.7660256045457834,18.39988350868225,drone1
1743146171.3778536,1.5826506614685059,-0.842466413974762,0.3017614483833313,0.0008780206819264767,-0.0018186365955631337,0.6428034871958024,-0.7660284283846336,18.599874258041382,drone1
1743146171.577858,1.5817474126815796,-0.8413904309272766,0.28479719161987305,0.0008574079918724272,-0.001795204841106537,0.6427791473907873,-0.7660489749732827,18.79987859725952,drone1
1743146171.7778683,1.5815216302871704,-0.841063916683197,0.2691080570220947,0.0008505608165097087,-0.0018010001562538801,0.6427712027098431,-0.7660557395424686,18.99988889694214,drone1
1743146171.9778764,1.5815396308898926,-0.8415265083312988,0.2542755901813507,0.0008500661261071184,-0.0018003517780267393,0.6427626205578151,-0.7660628044079503,19.199897050857544,drone1
1743146172.177881,1.5819510221481323,-0.8420244455337524,0.23778215050697327,0.0008543459657054664,-0.0018429448316008236,0.6427447028788419,-0.7660778561012247,19.399901628494263,drone1
1743146172.3779478,1.5833563804626465,-0.8413226008415222,0.23387694358825684,0.0008613681492711814,-0.0018358477385973255,0.6427521576026722,-0.7660715814891527,19.599968433380127,drone1
1743146172.5779033,1.5847206115722656,-0.8394555449485779,0.23730319738388062,0.0008742268893340518,-0.0018161796483219135,0.6427717664239418,-0.7660550915346728,19.79992389678955,drone1
1743146172.7778971,1.5850266218185425,-0.8371738195419312,0.2378750443458557,0.0008800566957500007,-0.0017828086874014926,0.6427578000120165,-0.7660668663104755,19.99991774559021,drone1
1743146172.9778943,1.5862441062927246,-0.8371192216873169,0.23426634073257446,0.0008769360179627976,-0.0017652879461304853,0.6427568148294327,-0.7660677671993624,20.199914932250977,drone1
1743146173.1778936,1.5868974924087524,-0.8408094048500061,0.2273203730583191,0.000842435859006345,-0.0018034191548678277,0.6427556926695911,-0.76606872077181,20.399914264678955,drone1
1743146173.3778982,1.5858879089355469,-0.8451724648475647,0.21709853410720825,0.0008039445499002312,-0.0018131317397028428,0.6427491599080718,-0.7660741577152679,20.599918842315674,drone1
1743146173.5779123,1.5823014974594116,-0.8507580161094666,0.2052171528339386,0.0007500744155353239,-0.00178083083128983,0.6427527318534831,-0.7660713444131299,20.799932956695557,drone1
1743146173.7778707,1.5767195224761963,-0.8567457795143127,0.19175931811332703,0.000669745321087719,-0.001758451842547307,0.6427477427202907,-0.7660756591967461,20.99989128112793,drone1
1743146173.9778662,1.5735726356506348,-0.8624180555343628,0.17969375848770142,-0.0003608543610739016,-0.00011421104474718143,0.642658760186372,-0.7661525034382936,21.199886798858643,drone1
1743146174.177872,1.569746971130371,-0.866973876953125,0.18550759553909302,-0.0021203100724055722,0.004192049112306839,0.6425470183542576,-0.7662318764907519,21.399892568588257,drone1
1743146174.3778558,1.5630115270614624,-0.8688179850578308,0.22923597693443298,0.0006786411049376768,0.001287056134837926,0.6425043815486327,-0.7662807510299562,21.599876403808594,drone1
1743146174.5778596,1.5567823648452759,-0.8659917116165161,0.3145117461681366,0.0021781762548449333,-0.001075436314556331,0.6424817486909824,-0.766297146154027,21.799880266189575,drone1
1743146174.7779627,1.5516310930252075,-0.8582457304000854,0.43814805150032043,0.002070200638771579,-0.0022559326628540256,0.6424755320308271,-0.7663001596536955,21.999983310699463,drone1
1743146174.977873,1.5476237535476685,-0.8481393456459045,0.5978162288665771,0.0015367724667930834,-0.00339233175960334,0.6424834819801274,-0.7662906081241516,22.199893712997437,drone1
1743146175.1780806,1.5448969602584839,-0.8396819829940796,0.7587465047836304,0.0009914524215665318,-0.0038634489853039233,0.6425093127299085,-0.7662674747726752,22.40010118484497,drone1
1743146175.3779964,1.5424708127975464,-0.830219030380249,0.9791646003723145,0.0006049705951693165,-0.004425956465962379,0.6425662952690953,-0.7662170671418562,22.600017070770264,drone1
1743146175.5779433,1.5401639938354492,-0.8248063325881958,1.2078320980072021,0.000348593620583326,-0.004688093729359694,0.6426272764905344,-0.7661645995838162,22.79996395111084,drone1
1743146175.77797,1.5368175506591797,-0.8221290707588196,1.4424333572387695,0.0005456531864295352,-0.004575571851275482,0.6426901069049521,-0.7661123901752234,22.999990701675415,drone1
1743146175.9779618,1.5340633392333984,-0.8205235004425049,1.6848117113113403,0.0009327440018605074,-0.004438584386175202,0.6427362313622911,-0.7660741893254043,23.199982404708862,drone1
1743146176.1779547,1.5352743864059448,-0.8183460235595703,1.935295581817627,0.0009234804209028415,-0.0041481288857539945,0.6427933192685992,-0.766027891012315,23.399975299835205,drone1
1743146176.3779607,1.53920316696167,-0.8171550035476685,2.1939661502838135,0.000494473247538769,-0.003710171433981929,0.6395432546077346,-0.7687461467386691,23.5999813079834,drone1
1743146176.5779445,1.5441502332687378,-0.8188009262084961,2.459876775741577,0.00016506977855419412,-0.0030230541615229823,0.6395330814121754,-0.7687577529270778,23.799965143203735,drone1
1743146176.7779272,1.5488426685333252,-0.8251044750213623,2.747804641723633,0.00037032600093707337,-0.0022337748215890893,0.6395277709092629,-0.7687647493039307,23.999947786331177,drone1
1743146176.9779768,1.550881266593933,-0.8342087864875793,3.0248348712921143,0.0010159437535569571,-0.0015553661622832228,0.6395148054849897,-0.7687766189101425,24.199997425079346,drone1
1743146177.177983,1.5536283254623413,-0.8440946340560913,3.303929328918457,0.0019516043873047649,-0.001058095479413098,0.6393579823300368,-0.7689059623198663,24.400003671646118,drone1
1743146177.3779418,1.557649850845337,-0.8506410121917725,3.5873894691467285,0.0021353141035212755,-0.0005078996529675055,0.6389650841398622,-0.769232605664182,24.59996247291565,drone1
1743146177.5779688,1.5614906549453735,-0.8524370193481445,3.875823736190796,0.0017260281979016346,-0.0004616652186955626,0.6385146871116065,-0.7696076441273,24.799989461898804,drone1
1743146177.7779794,1.5658771991729736,-0.8518797159194946,4.1681013107299805,0.0011823280075285933,-0.0007876570155384696,0.638224247910162,-0.7698492772781691,25.0,drone1
1743146177.9780118,1.5713536739349365,-0.8511070609092712,4.463543891906738,0.0006154757794787209,-0.0009715488193114373,0.6383979087310951,-0.7697056250133758,25.200032472610474,drone1
1743146178.1779907,1.5768368244171143,-0.8505437970161438,4.760728359222412,0.00024113553817518282,-0.0008611472899068014,0.6388336333877128,-0.7693444159849252,25.40001130104065,drone1
1743146178.3779168,1.5815097093582153,-0.8521983623504639,5.058817386627197,2.488226047398405e-05,-0.0006751328531279944,0.6391878302342423,-0.7690504048380693,25.599937438964844,drone1
1743146178.57797,1.5835078954696655,-0.8544871211051941,5.359331130981445,0.00011491233290965088,-0.000624130021550844,0.6393665855554891,-0.7689019109540532,25.7999906539917,drone1
1743146178.7779622,1.5831894874572754,-0.8591164350509644,5.66280460357666,0.0005014141214372645,-0.000740827030656636,0.6392141456727813,-0.7690283040843814,25.999982833862305,drone1
1743146178.9779387,1.581461787223816,-0.8650433421134949,5.969335556030273,0.0013440283842667178,-0.0006005597052138647,0.638798014032365,-0.7693731232571172,26.19995927810669,drone1
1743146179.177928,1.5782195329666138,-0.8694037199020386,6.274596691131592,0.001818949198409282,-0.0006169351552674264,0.6385044559641305,-0.7696158522260474,26.399948596954346,drone1
1743146179.3779268,1.5731006860733032,-0.8710693120956421,6.578932285308838,0.0021095710636368182,-0.000918450169837632,0.6385597210192404,-0.7695688479532456,26.599947452545166,drone1
1743146179.5779362,1.5673348903656006,-0.8701966404914856,6.8834991455078125,0.0022476962055336695,-0.0016688066070584921,0.6387817190070595,-0.7693829276677521,26.799956798553467,drone1
1743146179.777954,1.5623955726623535,-0.8691232800483704,7.190412521362305,0.0021306681954945525,-0.0022578625275346685,0.638932156914463,-0.7692569349324848,26.999974727630615,drone1
1743146179.9779582,1.5590060949325562,-0.8677842617034912,7.498487949371338,0.002031645512586739,-0.0024864116955395717,0.6389303972835376,-0.7692579359201368,27.199978828430176,drone1
1743146180.1779459,1.5586930513381958,-0.8676791787147522,7.7558913230896,0.002097894349227229,-0.00231565316257124,0.6391429438405781,-0.7690816356528158,27.39996647834778,drone1
1743146180.3779407,1.5601046085357666,-0.8697181940078735,8.061869621276855,0.0017488375043210917,-0.002161479270435334,0.6395097057163199,-0.7687780940498404,27.599961280822754,drone1
1743146180.5779364,1.5620970726013184,-0.8682441711425781,8.367912292480469,0.0013706032893418523,-0.0017587274434238975,0.6397238275118236,-0.7686017358306027,27.799957036972046,drone1
1743146180.7779381,1.5642163753509521,-0.8625398874282837,8.640860557556152,0.0008698722637750165,-0.0018213984489115493,0.639505580593522,-0.7687839050465788,27.999958753585815,drone1
1743146180.9779587,1.566636323928833,-0.855355441570282,8.880861282348633,0.0002294083422131533,-0.0021285529093758642,0.6391527956664177,-0.7690769257424948,28.199979305267334,drone1
1743146181.177938,1.569387435913086,-0.8501843810081482,9.098100662231445,-0.00020298457310258532,-0.0023014934472533333,0.6389716485115178,-0.7692268842294966,28.399958610534668,drone1
1743146181.3779328,1.5723845958709717,-0.847118616104126,9.296624183654785,-0.000252614462857687,-0.0023016144548066754,0.639015228352878,-0.7691906379397772,28.599953413009644,drone1
1743146181.5779614,1.5764189958572388,-0.8462131023406982,9.478618621826172,-0.00019240398544701743,-0.0020027645698602755,0.6391434443344043,-0.7690849283753558,28.79998207092285,drone1
1743146181.7779226,1.5802110433578491,-0.8457715511322021,9.643590927124023,-0.0001771412286577558,-0.0015435820639598003,0.6392554495843219,-0.7689929850253293,28.999943256378174,drone1
1743146181.977931,1.5824369192123413,-0.8458639979362488,9.794133186340332,-0.00010585456769022971,-0.0013795045885020485,0.6392734462886361,-0.768978360068896,29.199951648712158,drone1
1743146182.1779535,1.5819091796875,-0.8467896580696106,9.9243803024292,0.00028166088547129637,-0.001390489152054232,0.6393204242196575,-0.7689392214516976,29.39997410774231,drone1
1743146182.377955,1.5802816152572632,-0.8482717871665955,10.002464294433594,0.000688989555654181,-0.0014678973134957115,0.6392881924172589,-0.7689656369890018,29.5999755859375,drone1
1743146182.577893,1.5776807069778442,-0.8475462794303894,10.037261009216309,0.001074525712137933,-0.0017692986468202268,0.6393071584990888,-0.7689486939559004,29.79991364479065,drone1
1743146182.777891,1.5777662992477417,-0.8422725200653076,10.073394775390625,0.0007888519033891884,-0.0021083553904750665,0.6393187646874975,-0.7689386050540381,29.999911546707153,drone1
1743146182.977892,1.580668568611145,-0.835992693901062,10.122435569763184,-0.00014672371637854226,-0.0023399161442535215,0.6392169800483436,-0.7690228566042113,30.199912548065186,drone1
1743146183.177877,1.583078145980835,-0.8339328765869141,10.172369956970215,-0.0006424985771373314,-0.0021841278919948436,0.6390341522878594,-0.7691750014589795,30.399897575378418,drone1
1743146183.3778899,1.5834598541259766,-0.8357304334640503,10.217415809631348,-0.0004655125180292613,-0.001893330360019803,0.6389269833888084,-0.7692649744438382,30.599910497665405,drone1
1743146183.5778909,1.580994963645935,-0.8418078422546387,10.256210327148438,0.00021870695279940252,-0.001599044970535327,0.6390032165010524,-0.7692024812042088,30.799911499023438,drone1
1743146183.777864,1.5768916606903076,-0.8502987027168274,10.289466857910156,0.0012474012393247547,-0.001378022595825381,0.6391677736027072,-0.769065066672995,30.999884605407715,drone1
1743146183.977879,1.5724831819534302,-0.8585164546966553,10.319123268127441,0.002167958689849392,-0.001322857330787947,0.6393179164821712,-0.768938357441303,31.199899673461914,drone1
1743146184.1778576,1.5688185691833496,-0.866011381149292,10.347317695617676,0.002807750525581827,-0.0013123989442976414,0.6393535305691629,-0.7689067894517684,31.39987826347351,drone1
1743146184.3778596,1.5681993961334229,-0.8682495951652527,10.372552871704102,0.0028728088783880113,-0.001206736712762767,0.6392254884433868,-0.7690131680974099,31.59988021850586,drone1
1743146184.5778577,1.5685454607009888,-0.8659306764602661,10.397507667541504,0.0022562535798245874,-0.001237258851300686,0.6390945645268438,-0.7691238615266677,31.799878358840942,drone1
1743146184.7778983,1.569914698600769,-0.8613512516021729,10.421036720275879,0.0014101533579460382,-0.0015264009824534218,0.6391147475989244,-0.7691086517827113,31.999918937683105,drone1
1743146184.977857,1.5721888542175293,-0.8557197451591492,10.441123962402344,0.0006002498188638426,-0.001713054212549851,0.639207765693588,-0.769032070958967,32.19987773895264,drone1
1743146185.1778722,1.5750479698181152,-0.851142406463623,10.456110954284668,1.2187930163434461e-05,-0.0017443819156571607,0.6393453013969911,-0.7689178003159418,32.399892807006836,drone1
1743146185.3779407,1.5779962539672852,-0.8452127575874329,10.47031307220459,-0.0004069975457724567,-0.0016247889159184828,0.6394189424780518,-0.7688568032894345,32.599961280822754,drone1
1743146185.5779948,1.576826810836792,-0.8406978845596313,10.480962753295898,-0.0004391938690857954,-0.002009338984319594,0.6393112045965459,-0.7689453222080196,32.800015449523926,drone1
1743146185.777874,1.573420524597168,-0.8374923467636108,10.489696502685547,-0.0002481311741654042,-0.0024647766768754265,0.6391412474299256,-0.7690853551121969,32.99989461898804,drone1
1743146185.977902,1.5698614120483398,-0.8358315229415894,10.497040748596191,0.00010520693032567574,-0.0027380777514081915,0.6390692500759568,-0.7691442869431273,33.19992256164551,drone1
1743146186.1778889,1.5675485134124756,-0.8384478092193604,10.504110336303711,0.0005012126273973372,-0.002685834592409287,0.6390613949570657,-0.7691508776565632,33.39990949630737,drone1
1743146186.3778994,1.5651077032089233,-0.8412821292877197,10.511811256408691,0.0010949875131815911,-0.002289881537739233,0.6391208536236024,-0.7691021242895483,33.59992003440857,drone1
1743146186.5778852,1.5602390766143799,-0.8437224626541138,10.51939582824707,0.0014423135590641383,-0.0022668422346503623,0.6393693619791347,-0.7688950884329505,33.79990577697754,drone1
1743146186.7779057,1.5568385124206543,-0.8470728993415833,10.528685569763184,0.001818416724015546,-0.002583302669875045,0.6395717248039038,-0.7687249258004438,33.99992632865906,drone1
1743146186.9778526,1.555703043937683,-0.8494600057601929,10.539429664611816,0.002008893417221412,-0.00240476242514862,0.6395056122036584,-0.7687800802200765,34.199873208999634,drone1
1743146187.177854,1.5576032400131226,-0.8514041304588318,10.552330017089844,0.001783269586239032,-0.0020527413067759257,0.6393339059428249,-0.7689243910293777,34.399874687194824,drone1
1743146187.3778663,1.56022047996521,-0.8521578311920166,10.561759948730469,0.0015252080187874689,-0.0015520772829678983,0.6391494028451125,-0.7690795599205267,34.599886894226074,drone1
1743146187.5778744,1.5636961460113525,-0.8485913872718811,10.566204071044922,0.000990133645030265,-0.0015512422948356869,0.6388227595007969,-0.7693518338302631,34.79989504814148,drone1
1743146187.7778852,1.5698938369750977,-0.8450407385826111,10.567562103271484,0.00023307915161871272,-0.0016722917892308636,0.638692752278209,-0.7694600932790194,34.999905824661255,drone1
1743146187.978025,1.5769052505493164,-0.8434149026870728,10.567048072814941,-0.0002563035468733425,-0.001369912517311994,0.638834729205774,-0.7693427301109848,35.200045585632324,drone1
1743146188.1779966,1.5833616256713867,-0.8414381742477417,10.567030906677246,-0.0007772911133925044,-0.0008126592340104781,0.6390461904814654,-0.7691675151250128,35.40001726150513,drone1
1743146188.3780088,1.5871708393096924,-0.841113805770874,10.56710433959961,-0.0007959793125919933,-0.0008711272618191335,0.6391956853531334,-0.7690433083624513,35.60002946853638,drone1
1743146188.577949,1.586897850036621,-0.8427324891090393,10.569255828857422,-0.0016044868942360739,0.006954552197198053,0.6405863943767354,-0.7678529654566703,35.79996967315674,drone1
1743146188.7779534,1.5721688270568848,-0.8437182903289795,10.57912826538086,-0.025343796947220446,0.04196233882773645,0.659351714962112,-0.750234797794063,35.99997401237488,drone1
1743146188.9779706,1.5075525045394897,-0.8396816253662109,10.598152160644531,-0.05411587716277824,0.07374340504776544,0.7092450337156634,-0.6990028108381086,36.19999122619629,drone1
1743146189.1780393,1.3544549942016602,-0.8271615505218506,10.61757755279541,-0.08556786638726248,0.09096803342711954,0.7750212382311304,-0.6194715608426262,36.400059938430786,drone1
1743146189.3779593,1.087418556213379,-0.8079497218132019,10.632658958435059,-0.11472070090299546,0.0936756138177269,0.8360743358521094,-0.5282459558411833,36.599979877471924,drone1
1743146189.5779645,0.6984375715255737,-0.7847063541412354,10.636250495910645,-0.10572053313871108,0.06946458125432105,0.8942089064593228,-0.429404525949299,36.79998517036438,drone1
1743146189.7779682,0.2162480354309082,-0.7574459910392761,10.632701873779297,-0.07571127499050903,0.039968136982841185,0.9410393656578384,-0.3272846507624343,36.99998879432678,drone1
1743146189.977981,-0.31555864214897156,-0.7240498065948486,10.628302574157715,-0.04576532404294837,0.016227990742967786,0.9707695418631805,-0.2350501924532542,37.20000171661377,drone1
1743146190.1778803,-0.7509291768074036,-0.6938257217407227,10.625393867492676,-0.015951434318296025,0.003179653740615455,0.9861833187131906,-0.1648571450692709,37.399900913238525,drone1
1743146190.3779254,-1.2617671489715576,-0.6545228362083435,10.626279830932617,0.016978986338792662,-0.0022157368759251886,0.9946307694133807,-0.10206049027731284,37.59994602203369,drone1
1743146190.5779479,-1.745783805847168,-0.6088536381721497,10.62728500366211,0.056238165255931546,-0.006647830318157475,0.9980391850524566,-0.026662475689628092,37.79996848106384,drone1
1743146190.7779446,-2.151930809020996,-0.5686718225479126,10.628480911254883,0.0951363373177839,-0.0060188070433786125,0.9940628406296963,0.052459676579327714,37.99996519088745,drone1
1743146190.9779406,-2.4482548236846924,-0.5415152311325073,10.62925910949707,0.09741865765327763,0.0035910695438100154,0.9877309088436621,0.12200117583218117,38.19996118545532,drone1
1743146191.177896,-2.6425976753234863,-0.5263577699661255,10.629642486572266,0.06587734443954736,0.0071719685262388155,0.9859182993297542,0.15353785025839728,38.399916648864746,drone1
1743146191.3779185,-2.7870445251464844,-0.5136962532997131,10.628551483154297,0.038153446468287895,0.0036982924435107496,0.9899973134754869,0.1357793177851806,38.5999391078949,drone1
1743146191.5778804,-2.880246162414551,-0.5044866800308228,10.627812385559082,0.017860248623741602,0.0032213863646308083,0.9958252532470278,0.08945727602025177,38.79990100860596,drone1
1743146191.7779224,-2.9685611724853516,-0.492371529340744,10.621834754943848,0.003072300886416841,0.003179429398168013,0.9992051776165105,0.039618459068725576,38.999943017959595,drone1
1743146191.9779046,-3.0585906505584717,-0.4796850085258484,10.615071296691895,-0.003763115284337396,0.005615863086006839,0.9999679934277091,0.0042984306390806415,39.19992518424988,drone1
1743146192.1779022,-3.1553163528442383,-0.4656165540218353,10.609362602233887,-0.003692722762175583,0.004200804420381368,0.9999357510885984,-0.009864048425489547,39.3999228477478,drone1
1743146192.3778965,-3.25618314743042,-0.448616087436676,10.606949806213379,-0.0008236049434367595,-1.543945251262035e-05,0.9999774764686241,-0.006670328832728001,39.59991717338562,drone1
1743146192.5778716,-3.355584144592285,-0.4327830374240875,10.606348037719727,0.002288783208976959,-0.002746036838013677,0.999976970706442,0.005774961182962779,39.79989218711853,drone1
1743146192.7778554,-3.4477787017822266,-0.419131875038147,10.605660438537598,0.004668173004947354,-0.0029779436157720465,0.9997942641181472,0.019513527245210383,39.99987602233887,drone1
1743146192.9778671,-3.5288219451904297,-0.4039084017276764,10.605643272399902,0.005927373818391459,-0.0031986964605625855,0.9995587053818199,0.028933558621637823,40.19988775253296,drone1
1743146193.1778624,-3.6000967025756836,-0.3864312171936035,10.606308937072754,0.0062909619211951005,-0.0035461342532163305,0.9994492921630856,0.032389010143651864,40.39988303184509,drone1
1743146193.3778632,-3.6635358333587646,-0.3692915439605713,10.60700798034668,0.0062471336439191985,-0.003446875296886762,0.9994918604800817,0.031067116386956195,40.599883794784546,drone1
1743146193.5778782,-3.719559669494629,-0.3545117974281311,10.60728645324707,0.006128263149823842,-0.00347997036881737,0.9995950781120848,0.027569307282188593,40.799898862838745,drone1
1743146193.7778435,-3.766911029815674,-0.3413541615009308,10.607090950012207,0.0056584222656977925,-0.0037247905458327717,0.999690962192447,0.02391951664169073,40.99986410140991,drone1
1743146193.977962,-3.8057098388671875,-0.32926109433174133,10.607260704040527,0.0049282131333589965,-0.0037817610665822296,0.9997511478921206,0.02142813213251471,41.19998264312744,drone1
1743146194.1779568,-3.8375205993652344,-0.3149420917034149,10.606880187988281,0.0039366214502085505,-0.0045151532532208445,0.9997744550993473,0.020375851765743247,41.39997744560242,drone1
1743146194.3779492,-3.8651771545410156,-0.30221453309059143,10.60679817199707,0.003059445989578561,-0.0053155891808801155,0.9997671215477062,0.020691110192604778,41.5999698638916,drone1
1743146194.577927,-3.888726234436035,-0.293109655380249,10.606285095214844,0.002415790514376823,-0.005707732020504078,0.9997412855295691,0.021887448487586447,41.79994773864746,drone1
1743146194.7779698,-3.9084484577178955,-0.28810325264930725,10.605120658874512,0.0017816531475850859,-0.0053224536841952,0.9997139322248856,0.023250266834186295,41.999990463256836,drone1
1743146194.9779632,-3.9254138469696045,-0.28648632764816284,10.604589462280273,0.0012175789895421387,-0.004793517814736941,0.9996955140520862,0.02417770823566845,42.19998383522034,drone1
1743146195.1779966,-3.9354662895202637,-0.287044882774353,10.604310989379883,0.0008990943531360439,-0.004263313094647926,0.9996906250176589,0.024490522145316385,42.40001726150513,drone1
1743146195.3780024,-3.9503393173217773,-0.2905620038509369,10.604384422302246,0.001531737317803041,-0.0033406721533566427,0.9996943760871765,0.024447237331895688,42.60002303123474,drone1
1743146195.5779254,-3.9603662490844727,-0.29641953110694885,10.606865882873535,-0.00012317507027184918,-0.002794841900772531,0.999704154156031,0.024162830398144097,42.79994606971741,drone1
1743146195.7779458,-3.966552734375,-0.30154070258140564,10.611960411071777,-0.00032966359406529116,-0.0019917528825062402,0.999713721490643,0.023842893671097987,42.99996638298035,drone1
1743146195.9779727,-3.9702305793762207,-0.3051522672176361,10.616935729980469,-0.0009968980495801917,-0.0017544605689206207,0.9997202121053137,0.02356927633056527,43.1999933719635,drone1
1743146196.177979,-3.972081422805786,-0.30543583631515503,10.632712364196777,-0.0015775227893567924,-0.0019655579576122115,0.9997199170773741,0.023534589474240697,43.39999961853027,drone1
1743146196.3779688,-3.973627805709839,-0.3039929270744324,10.643475532531738,-0.0019351014883094478,-0.0023874032330772972,0.9997153652177349,0.02365909126474186,43.59998941421509,drone1
1743146196.577939,-3.9744653701782227,-0.30360156297683716,10.642168998718262,-0.0022026952662842648,-0.0028369051552899426,0.9997089167499127,0.02385798224286484,43.799959659576416,drone1
1743146196.7780216,-3.974541664123535,-0.3060031533241272,10.631861686706543,-0.002367096961724861,-0.0026615133398278775,0.9997056292957289,0.023998837010588192,44.0000422000885,drone1
1743146196.977987,-3.971622943878174,-0.30838820338249207,10.619071960449219,-0.0026192697881718893,-0.0022985081312318647,0.9997044913308191,0.024057547570563942,44.20000767707825,drone1
1743146197.1779242,-3.966644525527954,-0.3101612627506256,10.609285354614258,-0.0031319660220916006,-0.0022822395403144812,0.9997032690722123,0.024051099102741724,44.39994478225708,drone1
1743146197.3779812,-3.962801456451416,-0.31176862120628357,10.602609634399414,-0.0037142461781251427,-0.0021456119286287828,0.9997023839883935,0.024017760945569677,44.6000018119812,drone1
1743146197.5778983,-3.964874744415283,-0.3145658075809479,10.5961332321167,-0.0035275426362572798,-0.0021422582084038174,0.9997033533659093,0.02400608626853218,44.79991888999939,drone1
1743146197.7779264,-3.9686779975891113,-0.3205511271953583,10.590412139892578,-0.002872234298304851,-0.0017245532228399346,0.9997075259039119,0.023953023386256878,44.99994707107544,drone1
1743146197.9779077,-3.9721601009368896,-0.3282822370529175,10.588003158569336,-0.002431904851533095,-0.001095804808075084,0.9997109819454898,0.023893427742462447,45.199928283691406,drone1
1743146198.1779234,-3.9741320610046387,-0.33945605158805847,10.588781356811523,-0.002311240482197993,-0.0003119247099260144,0.9997153230708864,0.02374705173758418,45.39994406700134,drone1
1743146198.3778923,-3.974414825439453,-0.35046011209487915,10.591822624206543,-0.002554620257738309,0.000582894536900396,0.9997164188889477,0.023668911480445032,45.599912881851196,drone1
1743146198.5779104,-3.973444938659668,-0.3567991554737091,10.59402847290039,-0.002697358709708738,0.0009625563940548787,0.9997133843158549,0.023769811035780075,45.799931049346924,drone1
1743146198.777979,-3.9712369441986084,-0.36105769872665405,10.593330383300781,-0.0030584193186907415,0.0007378530230790155,0.9997073151696693,0.023987288774096227,45.99999952316284,drone1
1743146198.9779592,-3.9691109657287598,-0.3627699315547943,10.591715812683105,-0.003367968823212526,0.0003594431413522713,0.9997032690722123,0.0241230859199984,46.19997978210449,drone1
1743146199.1779308,-3.966885805130005,-0.35960206389427185,10.590561866760254,-0.0035897073444953877,-0.00023768813999401145,0.9996996022963918,0.02424493245904341,46.399951457977295,drone1
1743146199.3779197,-3.968770980834961,-0.3526737689971924,10.590633392333984,-0.0034015427393185014,-0.0012394884360505953,0.9996980850098454,0.02430520245241391,46.59994029998779,drone1
1743146199.5779066,-3.972926139831543,-0.3441195785999298,10.589945793151855,-0.0028252812890771192,-0.002348851543671608,0.9996980850098454,0.02429449715289217,46.79992723464966,drone1
1743146199.7779267,-3.978869915008545,-0.3357962965965271,10.589337348937988,-0.0021446584796583194,-0.002928012071473257,0.9997000659117254,0.02422078231484659,46.99994730949402,drone1
1743146199.978127,-3.984429121017456,-0.32900047302246094,10.589685440063477,-0.0016312301397511328,-0.00324097748751698,0.9997022154009995,0.024131978905034157,47.20014762878418,drone1
1743146200.1779525,-3.9885385036468506,-0.3230290412902832,10.59051513671875,-0.0013619869341584935,-0.0033215002763679956,0.9997026790163331,0.02412055710908778,47.39997315406799,drone1
1743146200.3779542,-3.989825487136841,-0.319798082113266,10.593037605285645,-0.0017668884973981761,-0.0033608228744383423,0.9997020046667568,0.024114150788114075,47.59997487068176,drone1
1743146200.5779235,-3.989309787750244,-0.3150056004524231,10.596155166625977,-0.0016370527433365255,-0.003349027107529419,0.9997015410514234,0.02414563448395174,47.799944162368774,drone1
1743146200.777899,-3.9879138469696045,-0.3118778467178345,10.598380088806152,-0.002062237148149821,-0.003453793883169564,0.9996991386810581,0.024197938722953727,47.99991965293884,drone1
1743146200.9778788,-3.986985206604004,-0.30928361415863037,10.602510452270508,-0.002565513654035169,-0.0033516694350496363,0.9996971999260267,0.024244974605891867,48.199899435043335,drone1
1743146201.1778872,-3.9866955280303955,-0.30826595425605774,10.608402252197266,-0.002478145130387546,-0.003275520040276134,0.9996980007161484,0.024231782642307964,48.39990782737732,drone1
1743146201.3778708,-3.987434148788452,-0.3102797567844391,10.623150825500488,-0.0023984452752173185,-0.0028255775723671638,0.9997003187928165,0.024197011492286424,48.59989142417908,drone1
1743146201.5778801,-3.987955093383789,-0.31294679641723633,10.628803253173828,-0.0022978844175545,-0.0023612794515696467,0.9997026790163331,0.024159922265596934,48.79990077018738,drone1
1743146201.77788,-3.9897518157958984,-0.31327807903289795,10.62313175201416,-0.002222040207997878,-0.002243911970840203,0.999702341841545,0.024192965394829347,48.999900579452515,drone1
1743146201.9778862,-3.9926774501800537,-0.3114243149757385,10.611653327941895,-0.0019118919926242957,-0.0024483127554831906,0.9997016253451203,0.024232119817096054,49.19990682601929,drone1
1743146202.1778748,-3.993854284286499,-0.3115134537220001,10.599298477172852,-0.0017633475858968165,-0.0026933233959180103,0.9997008245549986,0.024247756297893608,49.399895429611206,drone1
1743146202.3778803,-3.9937939643859863,-0.31575462222099304,10.58912181854248,-0.0018826053247423835,-0.002309566523797248,0.9997031004848183,0.024184114556642156,49.59990096092224,drone1
1743146202.5778832,-3.9906439781188965,-0.32217901945114136,10.582283973693848,-0.0023202219179930196,-0.001561714551919762,0.9997048706524557,0.0241349713312784,49.799903869628906,drone1
1743146202.777875,-3.986220121383667,-0.3268481194972992,10.577744483947754,-0.0028714247001503496,-0.0011057297323548917,0.9997045334776675,0.02411431937550812,49.99989557266235,drone1
1743146202.9778533,-3.9817826747894287,-0.32715851068496704,10.57387638092041,-0.003393983471547495,-0.0012118343411630036,0.9997015410514233,0.02416502203426668,50.19987392425537,drone1
1743146203.1778698,-3.980708599090576,-0.32665982842445374,10.570015907287598,-0.0034913680455712173,-0.0016893749276763867,0.9996995180026947,0.02420455577816988,50.399890422821045,drone1
1743146203.3779578,-3.983435869216919,-0.3288513422012329,10.567681312561035,-0.0030397417205143672,-0.0018083230065465907,0.9997009509955441,0.02419696934543797,50.59997844696045,drone1
1743146203.5779183,-3.9857916831970215,-0.33110272884368896,10.569098472595215,-0.0025693248980570554,-0.0013936820227831927,0.9997033533659093,0.024179899871790977,50.799938917160034,drone1
1743146203.7779164,-3.9869067668914795,-0.33036676049232483,10.57177734375,-0.002467198021554254,-0.0013732043755123116,0.9997034376596063,0.024191448108283053,50.99993705749512,drone1
1743146203.977928,-3.987630605697632,-0.32757964730262756,10.573137283325195,-0.002469315653737736,-0.0019748268480849727,0.999702004666757,0.02420754820441412,51.19994854927063,drone1
1743146204.1779323,-3.988969087600708,-0.3254154324531555,10.575264930725098,-0.0024306920697933394,-0.0022554648801685114,0.9997016674919688,0.024200636121258445,51.39995288848877,drone1
1743146204.3779254,-3.9921891689300537,-0.3226337432861328,10.579174995422363,-0.0022628761812203808,-0.0024755412145337084,0.9997014567577263,0.024203797134896732,51.59994602203369,drone1
1743146204.5779254,-3.997124671936035,-0.31936269998550415,10.582069396972656,-0.0018201142871210538,-0.0026138869585509757,0.9997014989045748,0.02422651428624406,51.79994606971741,drone1
1743146204.7779243,-4.001660346984863,-0.31795600056648254,10.584176063537598,-0.0013247170193195288,-0.0027893708776363375,0.9997016253451203,0.024233047047763356,51.99994492530823,drone1
1743146204.9779482,-4.0057501792907715,-0.31686946749687195,10.585328102111816,-0.0011438704899876006,-0.0025954634350775878,0.9997028476037271,0.0242125215325385,52.19996881484985,drone1
1743146205.1779125,-4.00950288772583,-0.3154318034648895,10.588354110717773,-0.001000960981081223,-0.00270329425367725,0.9997025947226361,0.024219096440906196,52.399933099746704,drone1
1743146205.3778987,-4.010408878326416,-0.31553375720977783,10.591348648071289,-0.0008956194607217356,-0.0027532044364385615,0.999702173254151,0.024231319026974396,52.59991931915283,drone1
1743146205.5779014,-4.010552883148193,-0.31677645444869995,10.594955444335938,-0.0013833096586692436,-0.002517120716661217,0.9997024261352421,0.02422600852406198,52.79992198944092,drone1
1743146205.777961,-4.012013912200928,-0.3202507197856903,10.597372055053711,-0.0016862336292142782,-0.00237139230798842,0.9997027211631817,0.024207674644959654,52.99998164176941,drone1
1743146205.9779363,-4.015311241149902,-0.32370123267173767,10.598487854003906,-0.0012979987367572967,-0.001982719195320408,0.999704154156031,0.024210119162173305,53.1999568939209,drone1
1743146206.1779132,-4.018657207489014,-0.32732075452804565,10.600469589233398,-0.0009310182036593308,-0.001687979389545908,0.9997049970930012,0.024210456336961395,53.39993381500244,drone1
1743146206.3779075,-4.02189826965332,-0.33384615182876587,10.602005004882812,-0.0007626373456370707,-0.0012210086893398382,0.9997050392398497,0.02424219291389018,53.59992814064026,drone1
1743146206.577886,-4.028077125549316,-0.34271320700645447,10.605133056640625,-0.00045306055782211465,-0.0005989203358344969,0.9997057557362743,0.02424611257080167,53.799906730651855,drone1
1743146206.7778986,-4.0316972732543945,-0.3488371670246124,10.606120109558105,1.9807480481245857e-05,-0.00016493384570701934,0.9997066408200932,0.02422331112575732,53.999919176101685,drone1
1743146206.977915,-4.031254291534424,-0.35444214940071106,10.605633735656738,-0.00015990616708130942,-0.00021859467610572527,0.9997068515543357,0.02421045633696145,54.19993567466736,drone1
1743146207.177882,-4.027512073516846,-0.36109092831611633,10.603935241699219,-0.0007130264301956051,1.80323891946154e-05,0.9997060929110624,0.0242330470477633,54.39990258216858,drone1
1743146207.3778746,-4.020369529724121,-0.3679848611354828,10.603069305419922,-0.0014987839564188702,0.00041686044339136384,0.9997049549461526,0.02424202432649608,54.59989523887634,drone1
1743146207.5778933,-4.012799263000488,-0.3710933029651642,10.60495662689209,-0.0022415287715803387,0.000520308607131369,0.9997036483938488,0.024235322977582907,54.79991388320923,drone1
1743146207.7778888,-4.004638671875,-0.3695869445800781,10.608318328857422,-0.0028144308010708582,0.00011828652975284092,0.9997032690722123,0.024199540303197153,54.99990940093994,drone1
1743146207.977855,-3.9939301013946533,-0.36631059646606445,10.60998821258545,-0.0033966321375586014,-0.0007331093623520142,0.9997014146108778,0.024188835003675413,55.199875593185425,drone1
1743146208.1778598,-3.983454942703247,-0.3631795048713684,10.611300468444824,-0.003240812192845476,-0.0005537397013973005,0.9996970313386326,0.024395185973984657,55.39988040924072,drone1
1743146208.3778503,-3.9710752964019775,-0.35505732893943787,10.61562728881836,0.024986405861424206,0.025223587848225218,0.9986163018491163,0.03879507823621675,55.599870920181274,drone1
1743146208.5778677,-3.9308125972747803,-0.3232477307319641,10.625773429870605,0.06768082652657476,0.03511616939175374,0.9924146459718293,0.09643283232989586,55.799888372421265,drone1
1743146208.7778616,-3.8248751163482666,-0.263532817363739,10.636295318603516,0.10373191575124342,0.03669939204846318,0.9743215518151331,0.19644456430109414,55.999882221221924,drone1
1743146208.9779782,-3.6592540740966797,-0.20398850739002228,10.644022941589355,0.1217497725149916,0.04829996965794261,0.9478451544616806,0.29057457712205165,56.19999885559082,drone1
1743146209.1779554,-3.3608648777008057,-0.1316736340522766,10.645170211791992,0.0900113081977285,0.058646632426107376,0.9074791999611901,0.4061281491424605,56.39997601509094,drone1
1743146209.3779497,-2.9796500205993652,-0.05110551044344902,10.640164375305176,0.04312927311043667,0.051695973050132155,0.8598785913998349,0.5060398244952939,56.59997034072876,drone1
1743146209.5779166,-2.560164213180542,0.045890625566244125,10.634575843811035,0.011239599236242778,0.016400462067883273,0.8102224178163306,0.5857853918739987,56.79993724822998,drone1
1743146209.7779255,-2.147430181503296,0.149079829454422,10.633055686950684,-0.019409430456289067,-0.009897920662257817,0.7624737895230052,0.646652311060037,56.99994611740112,drone1
1743146209.977924,-1.7787396907806396,0.2557147443294525,10.635702133178711,-0.04429805559829879,-0.03721844859784897,0.7162560934768217,0.6954348957191994,57.199944734573364,drone1
1743146210.1779172,-1.4850566387176514,0.368233323097229,10.64491081237793,-0.06295327577374715,-0.07238429035547866,0.6804945050276737,0.7264465343411695,57.399937868118286,drone1
1743146210.377915,-1.2900792360305786,0.47175318002700806,10.653792381286621,-0.045416788045009544,-0.07070160442900604,0.6773105924797251,0.7308823768772856,57.59993553161621,drone1
1743146210.5779102,-1.1837058067321777,0.5660586953163147,10.666842460632324,-0.019752837051055263,-0.04786819890255095,0.7009734878268173,0.7113049441437485,57.799930810928345,drone1
1743146210.7779047,-1.1112945079803467,0.6374083161354065,10.681310653686523,0.00016261571244509913,-0.027950135668620955,0.7336826477366637,0.6789171961006462,57.99992537498474,drone1
1743146210.9778986,-1.0460920333862305,0.6901887655258179,10.678473472595215,0.009277970649073632,-0.012893579207612601,0.760618601155389,0.6490045793589906,58.1999192237854,drone1
1743146211.177926,-0.9732025265693665,0.7315772175788879,10.6604642868042,0.00663744540053869,-0.0028584713766325437,0.7753545776560029,0.6314849721016261,58.39994668960571,drone1
1743146211.3778863,-0.8905331492424011,0.7699286341667175,10.610458374023438,0.0017961029311792185,-0.007300430309502784,0.7784292324017212,0.627687498903946,58.59990692138672,drone1
1743146211.5778887,-0.8036291003227234,0.8046436905860901,10.495809555053711,-0.0051382780477393164,-0.014439338748988053,0.7737550099246053,0.6332996573478232,58.799909353256226,drone1
1743146211.7779067,-0.7220717668533325,0.8330807089805603,10.294941902160645,-0.01196552223165154,-0.02104022011208236,0.7659144791113284,0.6424867799710233,58.999927282333374,drone1
1743146211.9779098,-0.6538341641426086,0.8578344583511353,10.01746654510498,-0.01746155853461943,-0.026273064492623396,0.7585326798655999,0.6508710841554319,59.19993042945862,drone1
1743146212.177898,-0.6094071865081787,0.8770740032196045,9.716306686401367,-0.01934397277855686,-0.027878699723845272,0.7539780016559292,0.6560228146211079,59.39991855621338,drone1
1743146212.3778982,-0.5929771661758423,0.888157844543457,9.426581382751465,-0.01812576883027658,-0.02635847014204691,0.7529542810473799,0.6572949487547805,59.599918842315674,drone1
1743146212.577879,-0.5988255739212036,0.8912751078605652,9.170907974243164,0.0006989244815786093,-0.008537745713313102,0.7548558520217823,0.6558349081653781,59.79989957809448,drone1
1743146212.7778773,-0.6037842035293579,0.8892708420753479,8.953927993774414,0.002772462006531161,9.142952067407536e-05,0.7573042362087651,0.6530564298608581,59.999897956848145,drone1
1743146212.977877,-0.5990087985992432,0.8865126967430115,8.734665870666504,-0.0006167041296223141,-0.0016547238797095663,0.7592585697691471,0.6507867535799177,60.1998975276947,drone1
1743146213.177884,-0.5874506831169128,0.8817486763000488,8.50747013092041,-0.0034170558562081578,-0.0037230911408606716,0.7602884069390865,0.6495659911862239,60.39990472793579,drone1
1743146213.3778856,-0.5751408338546753,0.8759347796440125,8.282678604125977,-0.004622635310765005,-0.003690562530394266,0.7604141204514823,0.6494117021105376,60.59990620613098,drone1
1743146213.5778806,-0.5666636824607849,0.8692494630813599,8.065788269042969,-0.005785547121292482,-0.004014295848847047,0.7599534185187657,0.6499394175323864,60.799901247024536,drone1
1743146213.7778714,-0.562910258769989,0.8628378510475159,7.857250690460205,-0.006167885221009343,-0.003883552044226951,0.7593215108190419,0.650674753598356,60.99989199638367,drone1
1743146213.9778569,-0.5607060194015503,0.8578773140907288,7.654560089111328,-0.005844169024713771,-0.0032014541156897853,0.7587972830489074,0.6512928002532757,61.19987750053406,drone1
1743146214.1778593,-0.5599888563156128,0.8534861207008362,7.457334041595459,-0.005969269596808835,-0.0033914980422563275,0.7585368207934662,0.6515939763643787,61.399879932403564,drone1
1743146214.3778749,-0.5623207092285156,0.8480911254882812,7.266643524169922,-0.005761072973197812,-0.0030118238373923194,0.7585312152626141,0.6516043023422637,61.59989547729492,drone1
1743146214.5778592,-0.5688138604164124,0.8415117263793945,7.0814080238342285,-0.00536876796698876,-0.0021958583806795068,0.7586977216560125,0.6514170596993981,61.79987978935242,drone1
1743146214.7779286,-0.5816876292228699,0.8349294066429138,6.902322292327881,-0.004952611960425716,-0.0014278203115325326,0.7589226593865152,0.6511604275388152,61.99994921684265,drone1
1743146214.9779792,-0.5985674858093262,0.830278754234314,6.7292656898498535,-0.0038233597591083154,-0.00023913479764194585,0.7590778493510884,0.6509886317159287,62.19999980926514,drone1
1743146215.1779346,-0.6155773401260376,0.8281391859054565,6.561100959777832,-0.0026905608840251103,0.0005544715089816475,0.7591410748922107,0.6509204328466821,62.39995527267456,drone1
1743146215.3779292,-0.6287165284156799,0.8280025720596313,6.420777320861816,-0.002017475672147101,0.0007078465660498545,0.7591345684724718,0.6509303110143019,62.59994983673096,drone1
1743146215.5779133,-0.6428831219673157,0.8315100073814392,6.252975940704346,-0.00120989337383357,0.0009189335723756868,0.7591125678175492,0.650957706465834,62.79993391036987,drone1
1743146215.7779512,-0.6544011235237122,0.8350973129272461,6.086125373840332,-0.0005567062180311117,0.00036986434065736784,0.7590232270354182,0.651063231637793,62.999971866607666,drone1
1743146215.9779694,-0.661336362361908,0.8353699445724487,5.924722671508789,-0.00046380349213356084,0.00011403939100519384,0.7589071071994147,0.6511988233178087,63.199990034103394,drone1
1743146216.1779737,-0.6640920639038086,0.832913875579834,5.768960952758789,-0.001254585074987742,2.7283910555955244e-05,0.7588112389241205,0.6513093586963845,63.39999437332153,drone1
1743146216.3779626,-0.6623736619949341,0.8275155425071716,5.618209362030029,-0.002150064101093087,-5.60364576830343e-05,0.7587672376142752,0.6513583333343542,63.59998321533203,drone1
1743146216.5779443,-0.6595793962478638,0.8189446926116943,5.474358558654785,-0.003319087369290771,-6.17243889165444e-05,0.7587834061990352,0.6513345783168623,63.799964904785156,drone1
1743146216.7779667,-0.6580197811126709,0.8109626770019531,5.33589506149292,-0.004266165086275896,0.00020728528032995167,0.758824146396477,0.6512816998270492,63.99998736381531,drone1
1743146216.9779263,-0.6592175364494324,0.805623471736908,5.202151775360107,-0.004506485593304379,0.0003482268112922864,0.7589412724884889,0.651143416017085,64.19994688034058,drone1
1743146217.1779804,-0.6646766066551208,0.8006513118743896,5.0675458908081055,-0.004405791833128043,0.000512202088874205,0.7590499692107984,0.6510173547931889,64.40000104904175,drone1
1743146217.3779328,-0.6737554669380188,0.798787534236908,4.931806564331055,-0.0036677239599032354,0.0011124365965782298,0.7591145065725807,0.6509458210545538,64.59995341300964,drone1
1743146217.5779173,-0.6864892244338989,0.8003807067871094,4.783224105834961,-0.0024967120107685396,0.0015019093263355437,0.7591613211845643,0.6508960561631746,64.79993796348572,drone1
1743146217.777969,-0.6991755962371826,0.8037515878677368,4.662342071533203,-0.001420830602442868,0.0016052877666757662,0.7591226461826993,0.6509441720591058,64.99998950958252,drone1
1743146217.9779248,-0.7107886075973511,0.806039571762085,4.5369181632995605,-0.0007053336013665968,0.0018273108615041397,0.7590484782660323,0.6510312369114172,65.1999454498291,drone1
1743146218.1779146,-0.7200979590415955,0.8076035976409912,4.398890018463135,-0.0003784041194623855,0.001962466914327719,0.758966291911436,0.6511269945512339,65.39993524551392,drone1
1743146218.3779073,-0.727134644985199,0.8076226711273193,4.25222635269165,-0.0004135136790429126,0.0019048168579640862,0.758923381151296,0.651177070275621,65.59992790222168,drone1
1743146218.5778756,-0.730207085609436,0.8073570728302002,4.102495193481445,-0.0005846682853737642,0.0018607195240976427,0.7589290077555721,0.6511705164406775,65.79989624023438,drone1
1743146218.7778764,-0.7296273708343506,0.8058367371559143,3.953645944595337,-0.0011399909528423077,0.001479829985633911,0.7589338230330145,0.651165195401053,65.99989700317383,drone1
1743146218.9779165,-0.7271391749382019,0.8016281127929688,3.8063042163848877,-0.001881263951897709,0.0013101685157875733,0.7588894371331764,0.6512155661533796,66.19993710517883,drone1
1743146219.1778734,-0.7237933874130249,0.7974603176116943,3.660398483276367,-0.0027168155718332383,0.0013473618954070003,0.7588628003249175,0.6512433830733968,66.39989399909973,drone1
1743146219.377894,-0.7198055982589722,0.7978725433349609,3.5183324813842773,-0.0030766260163848994,0.001099479651065606,0.7589040041376931,0.6511944242404953,66.59991455078125,drone1
1743146219.5779028,-0.7173125147819519,0.8028265833854675,3.3786513805389404,-0.0029368823778825855,0.00037126821349177597,0.7590151980607769,0.6510662872843102,66.79992341995239,drone1
1743146219.7778685,-0.7168092727661133,0.8099841475486755,3.239943027496338,-0.0023150722234177136,-0.00020579334774728885,0.7590770590976788,0.6509966712272822,66.99988913536072,drone1
1743146219.9778435,-0.7160245180130005,0.8171361684799194,3.1024529933929443,-0.0017857988498991137,-0.0005915023721643867,0.759094402525841,0.6509778948062707,67.19986414909363,drone1
1743146220.1778579,-0.714780867099762,0.822948694229126,2.965442419052124,-0.001598431947916553,-0.0008423467085436557,0.7590680765505899,0.651008688347464,67.39987850189209,drone1
1743146220.377975,-0.7139485478401184,0.8256217837333679,2.866101026535034,-0.0016370401898318653,-0.0009240051573986874,0.7590191598645369,0.6510656129347339,67.59999561309814,drone1
1743146220.5779624,-0.7120875716209412,0.8302645683288574,2.725430965423584,-0.0017904642261478538,-0.0009841174705186356,0.7589602912538793,0.6511338381457609,67.79998302459717,drone1
1743146220.7779765,-0.7109275460243225,0.8324887752532959,2.5808002948760986,-0.0017589273940002278,-0.0011957777501284247,0.7589361147679023,0.6511616392607099,67.99999713897705,drone1
1743146220.9779568,-0.7105852961540222,0.8302962183952332,2.436239004135132,-0.0018924231326420877,-0.000809247479550841,0.75893295902262,0.6511656379429624,68.1999773979187,drone1
1743146221.1779466,-0.7114456295967102,0.8245061039924622,2.2931582927703857,-0.0022853231338141027,-0.00012567317654484127,0.7589271322208134,0.6511716333321631,68.39996719360352,drone1
1743146221.377949,-0.7144530415534973,0.8174877166748047,2.153107166290283,-0.0026086299623799005,0.0006654732193872462,0.758930319576232,0.6511663386343188,68.59996962547302,drone1
1743146221.5779448,-0.7188462018966675,0.8091696500778198,2.013976812362671,-0.002727900728059016,0.0014748410891058665,0.7589600910563489,0.6511297393647433,68.79996538162231,drone1
1743146221.7781107,-0.7240856289863586,0.8022741079330444,1.8668525218963623,-0.002798516126377749,0.002185683909190033,0.7589937505832409,0.6510883248177252,69.00013136863708,drone1
1743146221.978002,-0.7267696857452393,0.7993587255477905,1.7321072816848755,-0.002563395630840909,0.002355701023939956,0.7589946883506202,0.6510875556377399,69.20002269744873,drone1
1743146222.1779344,-0.7252646684646606,0.7986713647842407,1.5968137979507446,-0.0026871174371109322,0.0019519265802052015,0.7589980706352133,0.6510843419405409,69.39995503425598,drone1
1743146222.3779597,-0.7226573824882507,0.8023716807365417,1.4601161479949951,-0.0027079273612451225,0.001141440790025249,0.7589968483766064,0.6510877558352703,69.59998035430908,drone1
1743146222.5779843,-0.720311164855957,0.809343159198761,1.3192516565322876,-0.0024320405117017633,0.0003270844868176914,0.7589968220348262,0.6510897209320822,69.80000495910645,drone1
1743146222.7779617,-0.7172956466674805,0.8160988688468933,1.1767925024032593,-0.0020495231232426038,-0.000444866818431843,0.7589995510432673,0.6510878348606113,69.99998235702515,drone1
1743146222.9779668,-0.7130160331726074,0.8200171589851379,1.0354787111282349,-0.00198936055494489,-0.0008477980165036414,0.759002338003625,0.6510843735506774,70.19998741149902,drone1
1743146223.177961,-0.708411455154419,0.818554162979126,0.8948935270309448,-0.0024400742607907713,-0.0009454273221301429,0.7589969274019475,0.6510889412153847,70.39998173713684,drone1
1743146223.3779202,-0.7070844769477844,0.8140192627906799,0.7552376985549927,-0.00315307965872109,-0.0005065341609302973,0.7589716972447577,0.651115857246515,70.59994077682495,drone1
1743146223.5779757,-0.7094778418540955,0.8089049458503723,0.6172356605529785,-0.0031830480436458594,0.0003225618500910566,0.7589774924364279,0.6511090505304805,70.7999963760376,drone1
1743146223.7779417,-0.7138079404830933,0.8048999309539795,0.48161229491233826,-0.003023107092037906,0.0010044180927937926,0.7589670084078608,0.6511213047266851,70.9999623298645,drone1
1743146223.9779384,-0.7181317806243896,0.8046419024467468,0.34830787777900696,-0.002558433683188902,0.0013032054571709656,0.7589669188458077,0.6511229115752845,71.19995903968811,drone1
1743146224.177941,-0.7215867638587952,0.8047885298728943,0.2148539125919342,-0.0021041668416092317,0.0011999340303132902,0.7589950571355448,0.6510919915935457,71.3999617099762,drone1
1743146224.377948,-0.7242100834846497,0.803453803062439,0.0794219970703125,-0.0020349438533345645,0.0012161017095745834,0.759003491773603,0.6510822082563351,71.5999686717987,drone1
1743146224.577941,-0.7248964309692383,0.8019177913665771,-0.05706954002380371,-0.0021436072779874756,0.0012709792524005772,0.7589949517684235,0.6510918440795759,71.79996156692505,drone1
1743146224.7779028,-0.7261127829551697,0.7994463443756104,-0.11850660294294357,-0.0023148842501197163,0.0012237648215826925,0.7590206350042348,0.6510613561030344,71.99992346763611,drone1
1743146224.9779105,-0.7283926606178284,0.7973642945289612,-0.09733155369758606,-0.0023275716451334164,0.0008554795265987698,0.7590918315680818,0.6509788641837864,72.19993114471436,drone1
1743146225.177896,-0.7320667505264282,0.7960827350616455,-0.08224079012870789,-0.002367253396914804,0.0006130338964430268,0.7591601990247226,0.6508992013717447,72.39991664886475,drone1
1743146225.3779016,-0.7353149056434631,0.7948313355445862,-0.0744362398982048,-0.0024002851662545824,0.0004841493276050939,0.7591866145620267,0.6508684868558924,72.59992218017578,drone1
1743146225.577885,-0.7402583360671997,0.7939404249191284,-0.06224820762872696,-0.0024233594956794714,0.000386183341098886,0.7592407047737344,0.6508053772186034,72.79990553855896,drone1
1743146225.7778869,-0.7420699596405029,0.7949797511100769,-0.056565023958683014,-0.0024551401127721455,0.00033496018522478357,0.7592942418080554,0.6507429050523981,72.99990749359131,drone1
1743146225.9778883,-0.7429715394973755,0.7981390357017517,-0.053110137581825256,-0.002461816683948265,0.00029436972434044326,0.7593562925057755,0.6506703176425502,73.1999089717865,drone1
1743146226.1779132,-0.7425753474235535,0.8037465810775757,-0.05271695554256439,-0.0024571680182664153,0.0003173820682635184,0.759385031388104,0.6506367740194916,73.39993381500244,drone1
1743146226.3778856,-0.7405234575271606,0.8095430731773376,-0.055741727352142334,-0.002460682176397138,0.000384581431583218,0.7593491591516651,0.6506787154021161,73.59990620613098,drone1
1743146226.5778954,-0.7369533777236938,0.8134697675704956,-0.05951035022735596,-0.0024405726966652505,0.00040271000943509314,0.7592840211972915,0.6507547272434054,73.79991602897644,drone1
1743146226.7779086,-0.7309027314186096,0.816389799118042,-0.05772314965724945,-0.002408392178420104,0.00044983356111087636,0.7592109596353979,0.6508400956850642,73.999929189682,drone1
1743146226.977899,-0.7247598171234131,0.8189865350723267,-0.052344195544719696,-0.0023606323081134823,0.000509274035355587,0.7591498256316328,0.650911513519866,74.19991970062256,drone1
1743146227.1779103,-0.7183325290679932,0.8206607103347778,-0.047233983874320984,-0.002345228540481449,0.0005506547496495068,0.7590937650547573,0.6509768464034139,74.39993095397949,drone1
1743146227.3779025,-0.7127401828765869,0.8211649060249329,-0.04390120506286621,-0.0023029377176774974,0.0005511260205630318,0.759044174019128,0.6510348668087452,74.5999231338501,drone1
1743146227.577865,-0.7082028985023499,0.8232222199440002,-0.04102017730474472,-0.002289368161136323,0.0005267564987270676,0.7589897044857838,0.6510984400613679,74.79988551139832,drone1
1743146227.7778604,-0.7063575983047485,0.8281508088111877,-0.03877009451389313,-0.0023305074365500035,0.0005266264361867412,0.7589435589550205,0.6511520877311661,74.99988102912903,drone1
1743146227.9778862,-0.7047991752624512,0.8333342671394348,-0.03772525489330292,-0.0023715357472140885,0.0005234641054594081,0.7588855806965377,0.6512195068837154,75.19990682601929,drone1
1743146228.177859,-0.704288125038147,0.8356790542602539,-0.03725314885377884,-0.002379652555229166,0.0004911928727082864,0.7588509939389785,0.6512598256126721,75.39987969398499,drone1
1743146151.7780058,1.5043710470199585,-0.12367799878120422,-0.005883157253265381,8.146744522337939e-05,-0.00024117703162399926,0.05883034131914344,-0.9982680002930222,0.0,drone2
1743146151.9779902,1.5070996284484863,-0.12901754677295685,-0.018721267580986023,5.6665017836359174e-05,-0.00031806829222038094,0.0588322800741749,-0.9982678317056282,0.19998431205749512,drone2
1743146152.177993,1.5106818675994873,-0.13499785959720612,-0.03009018301963806,3.589367000467542e-05,-0.00035819866715807396,0.05883341803908476,-0.9982677895587797,0.39998722076416016,drone2
1743146152.3780005,1.5130685567855835,-0.13986055552959442,-0.04068106412887573,2.1752620307667232e-05,-0.0003582676085362534,0.05884311181424218,-0.9982671995029007,0.5999946594238281,drone2
1743146152.5779603,1.512803316116333,-0.14233537018299103,-0.04980538785457611,2.657378349157699e-05,-0.0002862562810762399,0.05885074039382271,-0.9982668201812639,0.7999544143676758,drone2
1743146152.7779794,1.5119937658309937,-0.14316852390766144,-0.05713739991188049,4.285848817040792e-06,-0.00021156384399834385,0.05885019248479206,-0.9982668623281125,0.9999735355377197,drone2
1743146152.9779377,1.5110119581222534,-0.14277303218841553,-0.06250877678394318,2.6218694234921126e-05,-0.00017090532665500668,0.05886410094480066,-0.9982660193911422,1.1999318599700928,drone2
1743146153.1779478,1.5096312761306763,-0.14217449724674225,-0.06679125130176544,5.027598365603786e-05,-0.00014139921939532505,0.058858537560797175,-0.9982663565659304,1.3999419212341309,drone2
1743146153.3779635,1.5092653036117554,-0.14193323254585266,-0.07120808959007263,5.561122571893109e-05,-0.00011174819890217395,0.05885272129570274,-0.9982666937407184,1.5999577045440674,drone2
1743146153.5779235,1.5114325284957886,-0.13998804986476898,-0.0744795948266983,7.542066125424773e-05,-0.00013352462456477147,0.058862288630314674,-0.9982661458316877,1.7999176979064941,drone2
1743146153.777924,1.5158458948135376,-0.13678045570850372,-0.07736468315124512,0.00011508626583299245,-0.00020684681830963788,0.058875185565959054,-0.9982653871884146,1.9999182224273682,drone2
1743146153.9779596,1.5192360877990723,-0.13425104320049286,-0.08056724071502686,0.00015316690555495233,-0.00022605545545851554,0.05885360637952142,-0.9982666515938698,2.19995379447937,drone2
1743146154.1779187,1.5222487449645996,-0.13366852700710297,-0.08584392070770264,0.00016868735646955433,-0.0002251456787931769,0.0588380963392694,-0.9982674945308402,2.3999128341674805,drone2
1743146154.3779337,1.5258984565734863,-0.1353176385164261,-0.09094712138175964,0.000154958856609963,-0.0002474357923239563,0.05885065610012574,-0.998266820181264,2.5999279022216797,drone2
1743146154.5779305,1.5285619497299194,-0.1375158280134201,-0.09360811114311218,0.00012549509684907207,-0.00027415971881841685,0.05884960242891296,-0.9982668623281126,2.799924612045288,drone2
1743146154.777982,1.5291738510131836,-0.13750562071800232,-0.09696517884731293,0.00011103939664410132,-0.00025734291017765344,0.05886212004292063,-0.9982661458316877,2.99997615814209,drone2
1743146154.9779918,1.5280992984771729,-0.1372942477464676,-0.09994092583656311,8.88371653634243e-05,-0.00022236055258474633,0.05883084708132558,-0.9982680002930222,3.199985980987549,drone2
1743146155.177972,1.5263235569000244,-0.13527065515518188,-0.10573530197143555,0.00010348322609023379,-0.0001967435107862305,0.058797677511547464,-0.9982698969012054,3.399966239929199,drone2
1743146155.3779714,1.522908329963684,-0.129912331700325,-0.08432812988758087,0.0001470513988649974,-0.00014385874422090836,0.05878608712820699,-0.9982706133976299,3.5999655723571777,drone2
1743146155.578007,1.5223523378372192,-0.12496926635503769,-0.049646228551864624,0.00016906181105064806,-0.00012156750396163482,0.05877023991316688,-0.9982715406282973,3.8000011444091797,drone2
1743146155.7779727,1.521105170249939,-0.12046004831790924,-0.021500378847122192,0.0001784592566141984,-0.00011276620581393589,0.0587733166331082,-0.9982714141877517,3.999966859817505,drone2
1743146155.9780083,1.5196514129638672,-0.11815059185028076,-0.0033311396837234497,0.00019369523688086773,-7.340765790179603e-05,0.05876214771825283,-0.9982720463904793,4.200002431869507,drone2
1743146156.177931,1.5173521041870117,-0.11966584622859955,0.009244993329048157,0.0001649949514345244,-5.538159690824935e-05,0.058734162210841545,-0.9982736479707227,4.399925231933594,drone2
1743146156.37793,1.5137861967086792,-0.12113260477781296,0.016972273588180542,0.00012156702806044527,-1.188545243904634e-05,0.05871848358319548,-0.9982746594950871,4.599924087524414,drone2
1743146156.5780485,1.5096811056137085,-0.12113486230373383,0.02173835039138794,0.00013155548645063625,3.6810533740793365e-05,0.058710180654038824,-0.9982751231104207,4.800042629241943,drone2
1743146156.777986,1.504983901977539,-0.11838846653699875,0.024845317006111145,0.00017012805120274077,8.468782304767583e-05,0.05868771638378262,-0.9982764296627245,4.999980211257935,drone2
1743146156.9779112,1.5019270181655884,-0.11307907849550247,0.026057109236717224,0.00023768413213328985,9.101020789339825e-05,0.05871098144416054,-0.998274996669875,5.1999053955078125,drone2
1743146157.1779468,1.501941204071045,-0.10804595798254013,0.028488442301750183,0.00028872846744908007,4.967588497313859e-05,0.05873462582617511,-0.9982736058238743,5.3999409675598145,drone2
1743146157.3779097,1.5047614574432373,-0.10350297391414642,0.030291542410850525,0.00030228470904348375,1.2202685676366171e-05,0.05877816352068693,-0.998271034866115,5.59990382194519,drone2
1743146157.5779085,1.5066083669662476,-0.10025373101234436,0.031291648745536804,0.0002845419971142546,3.4221882743373098e-06,0.058794980113242745,-0.9982700654885993,5.799902677536011,drone2
1743146157.777935,1.5068879127502441,-0.09738330543041229,0.029817774891853333,0.0002655131066019034,-4.58733872448662e-06,0.05877411742322991,-0.9982712877472062,5.999929189682007,drone2
1743146157.9779308,1.5030077695846558,-0.09477604180574417,0.028225675225257874,0.0002567714736156035,6.701724489402612e-05,0.05873546876314534,-0.9982736058238743,6.199924945831299,drone2
1743146158.1778882,1.4974015951156616,-0.09449316561222076,0.026286914944648743,0.00019740802078149238,0.00012070929184587415,0.058696735809363854,-0.9982758396068452,6.3998823165893555,drone2
1743146158.3778918,1.4919363260269165,-0.09640113264322281,0.022658511996269226,0.00013697410256343566,0.00015330620443924735,0.058662976183706694,-0.9982778205087253,6.599885940551758,drone2
1743146158.5778809,1.487396001815796,-0.10051411390304565,0.019117161631584167,9.047999724640867e-05,0.00012882625163488124,0.05864679179387844,-0.9982788320330895,6.799875020980835,drone2
1743146158.777897,1.484941840171814,-0.10533947497606277,0.016530826687812805,3.999664667115882e-05,0.00011806415007686116,0.05862192515325704,-0.9982802650259388,6.999891042709351,drone2
1743146158.9778907,1.4838787317276,-0.10659322887659073,0.012973695993423462,7.960461317081813e-05,0.000103799250280881,0.05865572692576276,-0.9982783262709074,7.19988489151001,drone2
1743146159.1778705,1.485190749168396,-0.10690835863351822,0.006665557622909546,0.00012470573350355438,6.003310256340508e-05,0.05869357479572557,-0.9982760503410879,7.399864673614502,drone2
1743146159.3778698,1.4884109497070312,-0.10817486047744751,-0.0014811307191848755,0.0001328192642307289,-1.956726093680959e-06,0.058715027541617615,-0.9982748280824809,7.5998640060424805,drone2
1743146159.5778747,1.4921820163726807,-0.11098218709230423,-0.009967029094696045,0.00013021799798956026,-3.748286137941796e-05,0.05870954845131121,-0.9982751652572691,7.799868822097778,drone2
1743146159.7778714,1.4941056966781616,-0.11380816251039505,-0.018149778246879578,0.00011316925306001271,-2.422989496557725e-05,0.058688179999116186,-0.9982763875158759,7.999865531921387,drone2
1743146159.9779391,1.495851993560791,-0.11471626162528992,-0.024217039346694946,0.00011505453221951405,-4.5158110157014075e-05,0.058700950494214976,-0.9982756710194511,8.199933290481567,drone2
1743146160.1778843,1.4989806413650513,-0.11536207795143127,-0.030536815524101257,0.0001275349281727906,-3.8043359928895785e-05,0.05873293995223483,-0.9982737744112683,8.39987850189209,drone2
1743146160.3778608,1.5022852420806885,-0.11579439789056778,-0.03562198579311371,0.00013512064062169593,-5.7191395548402146e-05,0.05874819711139567,-0.998272847180601,8.599854946136475,drone2
1743146160.5778654,1.5054750442504883,-0.11571283638477325,-0.037817031145095825,0.00012612547314470163,-7.909813070551676e-05,0.058748449992486684,-0.998272847180601,8.799859523773193,drone2
1743146160.777873,1.507624864578247,-0.11506612598896027,-0.036905884742736816,0.00013489050632677055,-9.658967864703635e-05,0.058773063752017074,-0.9982714141877516,8.99986720085144,drone2
1743146160.9778528,1.5074431896209717,-0.11196412891149521,-0.03599691390991211,0.0001716174139185308,-7.181138202859869e-05,0.058774665332260556,-0.9982712456003576,9.199846982955933,drone2
1743146161.1778605,1.5077118873596191,-0.1086876168847084,-0.03738968074321747,0.00019662037325311068,-3.6859749652892104e-05,0.05876792183649876,-0.9982716670688427,9.39985466003418,drone2
1743146161.377863,1.5109813213348389,-0.10597814619541168,-0.041033148765563965,0.0002118635897920494,-8.937553578834311e-05,0.05875658433424935,-0.9982722992715704,9.599857091903687,drone2
1743146161.5778594,1.5148169994354248,-0.10260532051324844,-0.046858906745910645,0.00021453279930487755,-0.00012354670545914774,0.05878035515680946,-0.9982709505724181,9.799853563308716,drone2
1743146161.7778707,1.5170786380767822,-0.0993703082203865,-0.05426102876663208,0.00021416683120164254,-0.00013231965275129013,0.05878570780657044,-0.9982705712507814,9.99986481666565,drone2
1743146161.977972,1.519840955734253,-0.09782186150550842,-0.062050268054008484,0.00022757841166164613,-0.00015710809892971312,0.05879485367269727,-0.9982701076354478,10.199966192245483,drone2
1743146162.1779015,1.5232982635498047,-0.09912333637475967,-0.06786181032657623,0.00021087102945166624,-0.0001821589107835801,0.058812007440041225,-0.998269053964235,10.399895668029785,drone2
1743146162.377885,1.5256874561309814,-0.10078826546669006,-0.07278995215892792,0.00021465679346046066,-0.00020824019816338942,0.05882102686562252,-0.9982685482020528,10.599879264831543,drone2
1743146162.5778868,1.5245076417922974,-0.10092856734991074,-0.07529295980930328,0.00024372603618471973,-0.0001493380660468782,0.05880694981821988,-0.998269391139023,10.799880981445312,drone2
1743146162.7778716,1.522349238395691,-0.10010295361280441,-0.07563595473766327,0.0002832275114070472,-7.221036224773582e-05,0.05879333638615081,-0.9982701919291448,10.999865770339966,drone2
1743146162.9778907,1.5225130319595337,-0.10172437876462936,-0.07609494030475616,0.00026869640785591247,-7.27818039547799e-05,0.0587981832737296,-0.9982698969012054,11.19988489151001,drone2
1743146163.1779273,1.522112250328064,-0.1051895022392273,-0.07825113832950592,0.0002488926265425823,-6.473530585568748e-05,0.058790133225664065,-0.9982703605165388,11.399921417236328,drone2
1743146163.3779452,1.5206561088562012,-0.10837303102016449,-0.08058921992778778,0.00022789574779643031,-3.715718025094671e-05,0.058784991310145696,-0.998270697691327,11.599939346313477,drone2
1743146163.5778942,1.5196782350540161,-0.11149731278419495,-0.0828157365322113,0.0002393186138777081,-1.9943711731461028e-05,0.05877710984947421,-0.9982711613066606,11.799888372421265,drone2
1743146163.7778883,1.518223524093628,-0.11248800158500671,-0.08486899733543396,0.0002461610045029859,-2.6001837586278998e-05,0.05878246249923508,-0.9982707819850241,11.999882459640503,drone2
1743146163.9778674,1.5161776542663574,-0.1113743707537651,-0.08696012198925018,0.0002733803674074872,-6.819537072841655e-06,0.05876041969746387,-0.9982720885373279,12.199861526489258,drone2
1743146164.1778579,1.5144872665405273,-0.11102001368999481,-0.08858788013458252,0.0002942595416125952,6.061799298459046e-06,0.058764802969708985,-0.9982718356562368,12.39985203742981,drone2
1743146164.3778658,1.5116769075393677,-0.11198337376117706,-0.08960939943790436,0.0002732149183896145,1.6655033066531778e-05,0.05873492085411469,-0.9982736479707228,12.599859952926636,drone2
1743146164.57785,1.5080296993255615,-0.11478676646947861,-0.08968964219093323,0.00022471759142138985,5.948677815548578e-05,0.05873188628102205,-0.9982738165581169,12.79984426498413,drone2
1743146164.7779515,1.5044163465499878,-0.11860112100839615,-0.08916625380516052,0.00018049171275391545,6.912853344173975e-05,0.058739683447996516,-0.9982733529427832,12.999945640563965,drone2
1743146164.9779413,1.5015021562576294,-0.12128190696239471,-0.08750098943710327,0.00018663405513257066,7.554724842883104e-05,0.05872476346362365,-0.9982741958797534,13.19993543624878,drone2
1743146165.1779456,1.4989979267120361,-0.12145306915044785,-0.08614049851894379,0.00018956128032567487,8.903525349347392e-05,0.05871675556240663,-0.9982747016419355,13.399939775466919,drone2
1743146165.3780198,1.4965355396270752,-0.12011123448610306,-0.08434008061885834,0.00023093179746947872,0.00010678750402831094,0.058717893527316434,-0.99827457520139,13.600013971328735,drone2
1743146165.5779288,1.4964364767074585,-0.11607486754655838,-0.0848633348941803,0.00029507636317716837,9.988537621332857e-05,0.05873951486060247,-0.9982733529427832,13.799922943115234,drone2
1743146165.777939,1.498120665550232,-0.11156369000673294,-0.085537850856781,0.00035038792799295447,7.623033400949403e-05,0.05874259158054379,-0.9982731422085407,13.999933242797852,drone2
1743146165.9780428,1.5002126693725586,-0.10926464945077896,-0.0875781923532486,0.0003629888273014339,5.04502304169469e-05,0.058759661054190615,-0.9982720885373277,14.200037002563477,drone2
1743146166.1780097,1.5018115043640137,-0.1107846051454544,-0.07772338390350342,0.0003279567701776899,2.739150026509071e-05,0.05873353000811382,-0.9982736901175713,14.400003910064697,drone2
1743146166.377939,1.5004076957702637,-0.11359813064336777,-0.06618398427963257,0.0002964076109000554,5.019041402903183e-05,0.05871650268131551,-0.9982747016419355,14.59993314743042,drone2
1743146166.5779412,1.497567057609558,-0.11546055972576141,-0.05712318420410156,0.00029950655671849514,6.998169328646825e-05,0.05869918032657756,-0.9982756710194512,14.799935340881348,drone2
1743146166.7779465,1.4938520193099976,-0.1150655522942543,-0.050697386264801025,0.0003416376001611976,0.00010390887736194424,0.05867726396535189,-0.9982769354249066,14.999940633773804,drone2
1743146166.977952,1.4906545877456665,-0.11564979702234268,-0.04533340036869049,0.000363481418593405,0.00012528570541992838,0.058666390078436104,-0.9982776097744828,15.199946165084839,drone2
1743146167.1779902,1.4882787466049194,-0.11904169619083405,-0.04186740517616272,0.000292738653650925,0.0001238775520462185,0.05864881484260698,-0.9982786634456955,15.399984359741211,drone2
1743146167.3779643,1.4849916696548462,-0.12382136285305023,-0.039258286356925964,0.00023685655262679328,0.00014700381387941673,0.058627151362472374,-0.9982799278511508,15.599958419799805,drone2
1743146167.5779622,1.4816009998321533,-0.12745195627212524,-0.037252023816108704,0.0001917039365573503,0.00017365523938256145,0.058613242902463836,-0.998280770788121,15.799956321716309,drone2
1743146167.777969,1.4782605171203613,-0.1289963722229004,-0.03533835709095001,0.00020595319913681523,0.00018319791394652796,0.05862255735598476,-0.9982802228790905,15.99996304512024,drone2
1743146167.9779506,1.474280834197998,-0.12762543559074402,-0.03372195363044739,0.0002651984818183357,0.0002159616711061941,0.05861960707658892,-0.9982803914664845,16.199944734573364,drone2
1743146168.1779082,1.4723657369613647,-0.12663069367408752,-0.03187687695026398,0.0003149526358351664,0.0002133722689559271,0.058609744714037404,-0.9982808972286665,16.39990234375,drone2
1743146168.3779538,1.4768292903900146,-0.12726648151874542,-0.030791297554969788,0.0003153298995201769,0.00012433404686734578,0.05862643486604774,-0.9982799699979994,16.599947929382324,drone2
1743146168.5779052,1.4856973886489868,-0.12955155968666077,-0.03293392062187195,0.0002528028168767932,-2.0126900292017535e-05,0.05866082669443262,-0.9982779469492709,16.799899339675903,drone2
1743146168.7779143,1.4925144910812378,-0.13175417482852936,-0.03660796582698822,0.00022225366772428838,-9.48604964016625e-05,0.05869682010306093,-0.9982758396068453,16.999908447265625,drone2
1743146168.977939,1.497476577758789,-0.13299502432346344,-0.04028289020061493,0.00025526183750423757,-8.666904133762937e-05,0.05868839073335874,-0.9982763453690273,17.19993305206299,drone2
1743146169.1780045,1.5014171600341797,-0.1326749622821808,-0.04300127923488617,0.0003028642899490561,-6.438322120834926e-05,0.05868480825123529,-0.9982765561032699,17.399998664855957,drone2
1743146169.377925,1.5039352178573608,-0.13190679252147675,-0.04437422752380371,0.0003356789968451485,-6.353521138746834e-05,0.05868354384577995,-0.998276640396967,17.599919080734253,drone2
1743146169.5778828,1.506372094154358,-0.13184545934200287,-0.044178307056427,0.0003355156983866846,-6.626897369671571e-05,0.058673175721046356,-0.9982772304528462,17.799876928329468,drone2
1743146169.777909,1.5084658861160278,-0.13451740145683289,-0.04535052180290222,0.00028573834611058454,-7.969919662566212e-05,0.05866757019019431,-0.9982775254807856,17.999903202056885,drone2
1743146169.9779332,1.5113482475280762,-0.1388723999261856,-0.047780439257621765,0.00022510624586843697,-7.959682382394461e-05,0.058680888594323743,-0.9982767668375125,18.19992733001709,drone2
1743146170.1779242,1.5140775442123413,-0.14476646482944489,-0.05078722536563873,0.0001814234014587814,-9.867072430995272e-05,0.05871186652797927,-0.9982749545230265,18.3999183177948,drone2
1743146170.3778932,1.5162628889083862,-0.15433408319950104,-0.052676260471343994,0.00011558549723438241,-0.00010388983294921699,0.05872438414198705,-0.9982742380266019,18.599887371063232,drone2
1743146170.5778913,1.5169012546539307,-0.16280105710029602,-0.05348186194896698,3.455828065421865e-05,-8.857941721673961e-05,0.05873213916211306,-0.9982738165581168,18.799885511398315,drone2
1743146170.7778692,1.5169949531555176,-0.16793522238731384,-0.05448836088180542,9.72003976469793e-06,-7.841853849767341e-05,0.05874562615363654,-0.9982730579148436,18.999863386154175,drone2
1743146170.977858,1.5174388885498047,-0.17018233239650726,-0.05741722881793976,2.6294064782481746e-05,-4.2665644600724346e-05,0.0587332349801743,-0.9982737322644197,19.199852228164673,drone2
1743146171.177863,1.5175671577453613,-0.17160886526107788,-0.06262768805027008,5.570262610158323e-05,-4.824040296689716e-05,0.05871355240191978,-0.9982748702293296,19.39985704421997,drone2
1743146171.3778536,1.5186691284179688,-0.17174218595027924,-0.06877318024635315,0.00010925274224198888,-4.114901724195003e-05,0.058733108539628764,-0.9982737744112683,19.5998477935791,drone2
1743146171.577858,1.5221234560012817,-0.17235413193702698,-0.07498805224895477,0.00011946714699562479,-7.901005938111225e-05,0.05872767159617087,-0.9982740694392078,19.79985213279724,drone2
1743146171.7778683,1.5250110626220703,-0.17209775745868683,-0.08037985861301422,0.00011407714846820099,-0.0001088445715003466,0.058727545155625394,-0.9982741115860563,19.99986243247986,drone2
1743146171.9778764,1.5250134468078613,-0.17179882526397705,-0.08581067621707916,0.00014357692575819904,-7.135506470579581e-05,0.05869214180287624,-0.9982761346347848,20.199870586395264,drone2
1743146172.177881,1.5244851112365723,-0.17286385595798492,-0.09224207699298859,0.0001294247579777397,-6.138637294060224e-05,0.058694375585847225,-0.9982760081942395,20.399875164031982,drone2
1743146172.3779478,1.5248432159423828,-0.17411236464977264,-0.09683118760585785,0.00010124747648917069,-7.829011331507859e-05,0.05868839073335874,-0.9982763453690273,20.599941968917847,drone2
1743146172.5779033,1.5263934135437012,-0.1727156639099121,-0.10059215128421783,0.0001243725395655692,-0.00010029566101766443,0.05869091954426936,-0.9982762610753304,20.79989743232727,drone2
1743146172.7778971,1.528082013130188,-0.1686263084411621,-0.10123877227306366,0.00015073218226154713,-0.00013131469260948276,0.058674693007592704,-0.9982771461591491,20.99989128112793,drone2
1743146172.9778943,1.5295120477676392,-0.1617509424686432,-0.0974731594324112,0.000192943909625565,-0.00013529566425921421,0.05865138580036622,-0.99827853700515,21.199888467788696,drone2
1743146173.1778936,1.5315650701522827,-0.1543026715517044,-0.09414070844650269,0.00024104426030501072,-0.0001835621482254355,0.058658761498855516,-0.9982780733898164,21.399887800216675,drone2
1743146173.3778982,1.5335617065429688,-0.1463327556848526,-0.09250691533088684,0.00029315731560455654,-0.0002207599935998076,0.05863937394854063,-0.9982791692078776,21.599892377853394,drone2
1743146173.5779123,1.5338549613952637,-0.1374802440404892,-0.09231115877628326,0.00031048080993322554,-0.00019590060983016536,0.05861695182513271,-0.99828051790703,21.799906492233276,drone2
1743146173.7778707,1.532202124595642,-0.12928937375545502,-0.09419409930706024,0.00034004032103660133,-0.00014055373056513873,0.05860881748337016,-0.9982809815223636,21.99986481666565,drone2
1743146173.9778662,1.5287342071533203,-0.12326063215732574,-0.09944276511669159,0.00030529279629933764,-7.692413122805469e-05,0.05859284382778457,-0.9982819508998794,22.199860334396362,drone2
1743146174.177872,1.5260401964187622,-0.1186380609869957,-0.10700742155313492,0.0003142003722118913,-3.321000852670939e-05,0.05856186589412904,-0.9982837632143653,22.399866104125977,drone2
1743146174.3778558,1.5253714323043823,-0.1137261688709259,-0.11299506574869156,0.00033793754726358077,-5.9856345100926594e-06,0.0585590842021273,-0.9982839318017594,22.599849939346313,drone2
1743146174.5778596,1.5251905918121338,-0.10871323943138123,-0.11611311137676239,0.00036183427530184497,-5.1263985633022075e-06,0.058572571193650835,-0.9982830888647891,22.799853801727295,drone2
1743146174.7779627,1.524848222732544,-0.10686514526605606,-0.11827507615089417,0.00034849602222934153,-4.19471551785487e-05,0.05858454089862786,-0.998282414515213,22.999956846237183,drone2
1743146174.977873,1.5240874290466309,-0.10664356499910355,-0.12056558579206467,0.0003116072297346141,-3.937744248009456e-05,0.05859061004481342,-0.998282077340425,23.199867248535156,drone2
1743146175.1780806,1.5218005180358887,-0.10807915031909943,-0.12338254600763321,0.0002739191597125964,-4.864709439442571e-06,0.05856941018001244,-0.9982832995990318,23.40007472038269,drone2
1743146175.3779964,1.5203802585601807,-0.11036400496959686,-0.12641741335391998,0.0002534477789042988,2.8595638608179233e-05,0.05858078982911047,-0.9982826252494555,23.599990606307983,drone2
1743146175.5779433,1.520296335220337,-0.11205268651247025,-0.13046307861804962,0.000211012374711571,1.836244347033019e-05,0.058598196477545494,-0.9982816558719398,23.79993748664856,drone2
1743146175.77797,1.5212064981460571,-0.11261092871427536,-0.1262892484664917,0.00021772301527622046,-3.800101243010511e-05,0.058600725288456,-0.9982814872845458,23.999964237213135,drone2
1743146175.9779618,1.5202475786209106,-0.11300674825906754,-0.10987357050180435,0.0002199225642226407,-3.8430393739067774e-05,0.058585299541901115,-0.9982824145152129,24.199955940246582,drone2
1743146176.1779547,1.5187593698501587,-0.1119941920042038,-0.08898182213306427,0.00022185254209062136,-2.812315350310245e-05,0.05856645990061676,-0.9982835524801228,24.399948835372925,drone2
1743146176.3779607,1.5171626806259155,-0.10854493081569672,-0.07157567143440247,0.00025369151240055797,-3.66057109640588e-05,0.05856506905461589,-0.9982835946269712,24.599954843521118,drone2
1743146176.5779445,1.5151207447052002,-0.1042417362332344,-0.05691272020339966,0.0002797529997136566,-5.626073324689041e-05,0.058560896516613226,-0.998283805361214,24.799938678741455,drone2
1743146176.7779272,1.5143792629241943,-0.09952599555253983,-0.04604239761829376,0.00028444662134793436,-6.825495871714873e-05,0.058550233363939996,-0.9982844375639415,24.999921321868896,drone2
1743146176.9779768,1.5148714780807495,-0.09476146101951599,-0.0392289012670517,0.00029495798980185846,-7.806993693339702e-05,0.058559505670612466,-0.9982839318017593,25.199970960617065,drone2
1743146177.177983,1.5142475366592407,-0.09204350411891937,-0.03436598181724548,0.00029364932809764367,-9.082817693049465e-05,0.05852819056216885,-0.9982857441162454,25.399977207183838,drone2
1743146177.3779418,1.5124528408050537,-0.09154537320137024,-0.030339330434799194,0.0002650556857025618,-5.6868775622917216e-05,0.05853147801635267,-0.9982855755288513,25.59993600845337,drone2
1743146177.5779688,1.5092604160308838,-0.0927342101931572,-0.02696472406387329,0.0002447897502012389,-2.408014297343781e-05,0.05852840129641135,-0.9982857862630938,25.799962997436523,drone2
1743146177.7779794,1.5054110288619995,-0.09753400087356567,-0.02550765872001648,0.00017888173092314572,-1.3403881148569555e-05,0.05853232095332295,-0.9982854912351543,25.99997353553772,drone2
1743146177.9780118,1.502585768699646,-0.10322412103414536,-0.026544690132141113,0.00011575846999463686,-6.690266843876217e-06,0.0585282327090173,-0.9982857862630938,26.200006008148193,drone2
1743146178.1779907,1.5005916357040405,-0.10927145928144455,-0.027107879519462585,-0.0007091189975164012,-0.0015575533326507944,0.058197927857237486,-0.9983036143800139,26.39998483657837,drone2
1743146178.3779168,1.503967046737671,-0.11733763664960861,-0.012058556079864502,-0.004585560402273444,-0.004439745981514049,0.05759687165062355,-0.9983195880355995,26.599910974502563,drone2
1743146178.57797,1.5127795934677124,-0.1302822381258011,0.03875036537647247,-0.0012055104617298212,-0.0019303401909370962,0.05748686837601019,-0.9983436960329478,26.79996418952942,drone2
1743146178.7779622,1.5237524509429932,-0.14373743534088135,0.1286786049604416,0.0018924339986264407,0.00035888535415413,0.05763299149979745,-0.9983359831596703,26.999956369400024,drone2
1743146178.9779387,1.5333189964294434,-0.15325133502483368,0.2572615146636963,0.0031014473820713743,0.0017573680840823913,0.05776562763206122,-0.9983238027204506,27.19993281364441,drone2
1743146179.177928,1.538581132888794,-0.1537974327802658,0.4208770990371704,0.003126740100989467,0.0022218016592533943,0.057732331621737576,-0.9983247299511179,27.399922132492065,drone2
1743146179.3779268,1.5405442714691162,-0.14840082824230194,0.6182554364204407,0.001962759997503189,0.0018647425004687474,0.05764517193901708,-0.9983334964956081,27.599920988082886,drone2
1743146179.5779362,1.5396268367767334,-0.14295989274978638,0.8428488969802856,0.0010433900262035401,0.0013858850101550418,0.05755906592750931,-0.9983406193130067,27.799930334091187,drone2
1743146179.777954,1.536467432975769,-0.13569393754005432,1.0731966495513916,0.0005131526155535587,0.0006405892919726279,0.05750520225511241,-0.9983449182915547,27.999948263168335,drone2
1743146179.9779582,1.534879446029663,-0.1277598738670349,1.3069877624511719,-0.0001847135927181273,0.00012332572519024239,0.0575268235883985,-0.9983439489140389,28.199952363967896,drone2
1743146180.1779459,1.5344579219818115,-0.12294477224349976,1.4693434238433838,-0.0005801345562879293,4.699309812471235e-05,0.05758797866558785,-0.9983402821382185,28.399940013885498,drone2
1743146180.3779407,1.5332927703857422,-0.12058872729539871,1.716413974761963,-0.0007694667402979535,-5.423649090593126e-06,0.06370142118894145,-0.9979686733748979,28.599934816360474,drone2
1743146180.5779364,1.5320719480514526,-0.12303681671619415,1.969262957572937,-0.00012827837604583827,-9.623156806020649e-05,0.0647176238533877,-0.9979036407876456,28.799930572509766,drone2
1743146180.7779381,1.531572937965393,-0.1271315962076187,2.2299234867095947,0.0006944309854465963,-8.445932096548867e-05,0.06540470177781221,-0.997858627953436,28.999932289123535,drone2
1743146180.9779587,1.5314388275146484,-0.12899643182754517,2.496595859527588,0.0011556256329321815,-6.760342153432184e-05,0.06542923124364564,-0.9978565206110104,29.199952840805054,drone2
1743146181.177938,1.5338283777236938,-0.12821125984191895,2.7690038681030273,0.0009025750901331069,9.427089327197375e-05,0.06514402351977233,-0.9978754445459919,29.399932146072388,drone2
1743146181.3779328,1.5367511510849,-0.12726682424545288,3.0477473735809326,0.0005133009758559367,0.000535909832645898,0.06488604266003722,-0.9978924297259417,29.599926948547363,drone2
1743146181.5779614,1.5379029512405396,-0.12710438668727875,3.331730842590332,0.0004854468197772112,0.0006000700413580916,0.06475357511516744,-0.9979009855361893,29.79995560646057,drone2
1743146181.7779226,1.5398409366607666,-0.12355747818946838,3.619637966156006,0.00039065871696745855,0.0006618100758514935,0.06478257214694294,-0.9978991310748548,29.999916791915894,drone2
1743146181.977931,1.5406017303466797,-0.11913269013166428,3.9102632999420166,-0.00024928798991168984,0.0007898492278875458,0.064908549077142,-0.9978909124393953,30.199925184249878,drone2
1743146182.1779535,1.5377501249313354,-0.11626959592103958,4.2028961181640625,-0.0005855909834024892,0.00048686076628463973,0.06492561855078893,-0.9978898587681826,30.39994764328003,drone2
1743146182.377955,1.5334579944610596,-0.11498592048883438,4.496078014373779,-0.0006172258615086198,-6.727707157158442e-05,0.06495571140062567,-0.997888004306848,30.59994912147522,drone2
1743146182.577893,1.529915452003479,-0.1141030564904213,4.78924560546875,-0.00037397117341066735,-0.0004829232360634753,0.06504649571231813,-0.9978820194543594,30.79988718032837,drone2
1743146182.777891,1.5244518518447876,-0.11271931976079941,5.084303379058838,-0.0002722892620552246,-0.0006029122731505203,0.06515232644892904,-0.9978751495180522,30.999885082244873,drone2
1743146182.977892,1.5173090696334839,-0.10856436938047409,5.382243633270264,-0.0004621222074250218,-0.0012170731038829185,0.06531834288521349,-0.9978636434284087,31.199886083602905,drone2
1743146183.177877,1.5122694969177246,-0.10463406890630722,5.6835126876831055,-0.0008162742317689368,-0.0018244513789324442,0.06536617955827334,-0.9978593865967091,31.399871110916138,drone2
1743146183.3778899,1.5119999647140503,-0.10232628881931305,5.985494136810303,-0.0009188470252217059,-0.0016657165927498926,0.065272276379791,-0.9978657086239857,31.599884033203125,drone2
1743146183.5778909,1.5159683227539062,-0.1031290665268898,6.286226749420166,-0.0007556382728675627,-0.0009623831762697687,0.06512699619297402,-0.997876203189265,31.799885034561157,drone2
1743146183.777864,1.5208287239074707,-0.10675523430109024,6.586448669433594,-0.0004090493543743649,-8.333947631942188e-05,0.06501168241544814,-0.9978844639715732,31.999858140945435,drone2
1743146183.977879,1.5245559215545654,-0.11087950319051743,6.887922763824463,8.174301008581702e-05,0.00038168990670542043,0.06496784969299679,-0.9978872456635749,32.199873208999634,drone2
1743146184.1778576,1.5265060663223267,-0.11335968226194382,7.191766738891602,0.00041916582249828827,0.0005176095418860056,0.06484954348922672,-0.9978947899494582,32.39985179901123,drone2
1743146184.3778596,1.5257502794265747,-0.11518555134534836,7.497960567474365,0.0002751066029234314,0.00042413142815924185,0.06475450234583463,-0.9979011541235835,32.59985375404358,drone2
1743146184.5778577,1.5221842527389526,-0.11863306164741516,7.788733959197998,0.00029556575435442053,-0.00010224139121882768,0.06489560999464922,-0.9978920504043052,32.79985189437866,drone2
1743146184.7778983,1.5197460651397705,-0.12314306199550629,8.055331230163574,0.0008122463986323436,-0.0006048126370951577,0.06508472290391754,-0.9978791956155093,32.999892473220825,drone2
1743146184.977857,1.518499732017517,-0.1285543441772461,8.30125904083252,0.001210073845898002,-0.0007053769418268851,0.06518996358464918,-0.9978719042107169,33.199851274490356,drone2
1743146185.1778722,1.5181909799575806,-0.13307957351207733,8.510398864746094,0.0015762681385919843,-0.000671174691942231,0.0652054736249012,-0.9978704712178675,33.399866342544556,drone2
1743146185.3779407,1.5189261436462402,-0.13543958961963654,8.680655479431152,0.0017196468604602994,-0.0005689571420924868,0.06513538341582764,-0.9978748123432641,33.599934816360474,drone2
1743146185.5779948,1.5201725959777832,-0.13604971766471863,8.877466201782227,0.0016760957892632275,-0.0001853660379720934,0.06500801563962771,-0.9978833260066633,33.799988985061646,drone2
1743146185.777874,1.5201178789138794,-0.13146254420280457,9.054688453674316,0.0010051723732097666,-0.00017207027131011264,0.06476027646408072,-0.9979003533334617,33.99986815452576,drone2
1743146185.977902,1.5192593336105347,-0.12501966953277588,9.211853981018066,6.006879773368891e-05,-0.00036655732564370855,0.06447565879608663,-0.9979191929747462,34.19989609718323,drone2
1743146186.1778889,1.5188958644866943,-0.1179254874587059,9.33167552947998,-0.0007811634374174569,-0.0005084152933172065,0.06441130055841043,-0.9979229440442636,34.39988303184509,drone2
1743146186.3778994,1.520151138305664,-0.11297468841075897,9.389161109924316,-0.001136351475749524,-0.00039715683287155803,0.06466321227196004,-0.9979064646264959,34.59989356994629,drone2
1743146186.5778852,1.520926594734192,-0.11086441576480865,9.426694869995117,-0.0010874516237405528,-0.00027404469475931587,0.06489143745664655,-0.9978917553763655,34.79987931251526,drone2
1743146186.7779057,1.5214204788208008,-0.1107940599322319,9.480046272277832,-0.000765047680274715,-0.00029837204916725315,0.06503431527309855,-0.9978827359507842,34.99989986419678,drone2
1743146186.9778526,1.5232516527175903,-0.11185196042060852,9.537190437316895,-0.0005573121612963759,-0.00010448123485733005,0.06511945190709051,-0.997877425447872,35.19984674453735,drone2
1743146187.177854,1.5238745212554932,-0.11393439024686813,9.593530654907227,-0.00014158835029109073,1.3742635414614722e-05,0.06516834225136314,-0.997874306581082,35.399848222732544,drone2
1743146187.3778663,1.5240836143493652,-0.11712437868118286,9.641928672790527,0.00015578269578944899,-2.316395321646519e-05,0.06510010650362402,-0.9978787320001756,35.599860429763794,drone2
1743146187.5778744,1.524171233177185,-0.11970555782318115,9.681164741516113,0.0005186794709163189,-0.0001341171782826637,0.06504877164213774,-0.9978819351606625,35.7998685836792,drone2
1743146187.7778852,1.5268093347549438,-0.1193973645567894,9.713393211364746,0.000439230315408474,-4.107821599002385e-05,0.06493775684316005,-0.9978892687123033,35.999879360198975,drone2
1743146187.978025,1.531508445739746,-0.12136691063642502,9.738513946533203,0.00022601304107641295,0.0004727274596304793,0.06483462350485392,-0.9978958857675195,36.200019121170044,drone2
1743146188.1779966,1.5375428199768066,-0.12545694410800934,9.760903358459473,0.0005346454297630108,0.0009928108548299388,0.0647944997050715,-0.9978980774036421,36.39999079704285,drone2
1743146188.3780088,1.54287588596344,-0.1304904967546463,9.78118896484375,0.0009981768606966252,0.0014620186513091419,0.06480453065501707,-0.9978963915297018,36.6000030040741,drone2
1743146188.577949,1.547283411026001,-0.13253146409988403,9.798903465270996,0.0011386416877532436,0.0016839880747601145,0.0649160933630255,-0.9978886786564243,36.79994320869446,drone2
1743146188.7779534,1.5477206707000732,-0.13109458982944489,9.812599182128906,0.0007711812197655694,0.0015134078015582877,0.06508678809949459,-0.9978781419442965,36.9999475479126,drone2
1743146188.9779706,1.5450170040130615,-0.12836851179599762,9.826560974121094,0.0002138616498434214,0.0008919436504938131,0.0651231608297595,-0.9978768353919927,37.19996476173401,drone2
1743146189.1780393,1.540661334991455,-0.12417636066675186,9.840784072875977,-0.000191165141036577,0.00023099876707279306,0.06509201430870992,-0.9978792377623578,37.400033473968506,drone2
1743146189.3779593,1.5366003513336182,-0.12168965488672256,9.85479736328125,-0.0004912797697140955,-0.0003149402160972213,0.0649825589431271,-0.9978862762860592,37.599953413009644,drone2
1743146189.5779645,1.5340744256973267,-0.1203438863158226,9.867823600769043,-0.00044242090695586735,-0.000518347456441723,0.06487078550087627,-0.9978935255440029,37.7999587059021,drone2
1743146189.7779682,1.5319156646728516,-0.1179194524884224,9.879583358764648,-0.00036690668865007236,-0.00047390696943783075,0.06509635543410652,-0.9978787741470241,37.9999623298645,drone2
1743146189.977981,1.5301812887191772,-0.11633426696062088,9.890766143798828,-0.0006278287007657269,-0.0005163096522003181,0.06527914631609832,-0.9978667622951986,38.19997525215149,drone2
1743146190.1778803,1.5284820795059204,-0.1167488768696785,9.898584365844727,-0.0006319342164299813,-0.00046312034481420683,0.0652668394363331,-0.9978676052321689,38.399874448776245,drone2
1743146190.3779254,1.5265306234359741,-0.1206275150179863,9.910202980041504,-0.00024688805821920003,-0.0005049978897803676,0.06503579041279645,-0.9978827780976327,38.59991955757141,drone2
1743146190.5779479,1.5241612195968628,-0.1269305795431137,9.937193870544434,0.00038113443470269483,-0.0005917554281811936,0.0648735671928779,-0.9978931883692149,38.79994201660156,drone2
1743146190.7779446,1.5232371091842651,-0.132163405418396,9.945128440856934,0.0011422216797552487,-0.0006369044679166437,0.06478725044712763,-0.9978982459910363,38.99993872642517,drone2
1743146190.9779406,1.5213857889175415,-0.13579677045345306,9.932168006896973,0.0014117532249448052,-0.0005917301462459418,0.06486067025723358,-0.9978931883692149,39.19993472099304,drone2
1743146191.177896,1.5195406675338745,-0.13770194351673126,9.910334587097168,0.001336142169727063,-0.0007904358469874332,0.06498154741876283,-0.9978852647616949,39.399890184402466,drone2
1743146191.3779185,1.5192286968231201,-0.135691836476326,9.890044212341309,0.001159018680611983,-0.0007655137651502399,0.06498643645319019,-0.9978851804679978,39.59991264343262,drone2
1743146191.5778804,1.520488977432251,-0.13163389265537262,9.874390602111816,0.0005221160082580421,-0.0006215850711548168,0.06489759089652919,-0.9978915867889715,39.79987454414368,drone2
1743146191.7779224,1.523697018623352,-0.12617148458957672,9.86446762084961,-0.00023045957732566923,-0.0002992076058085906,0.06478982140488682,-0.9978988781937639,39.999916553497314,drone2
1743146191.9779046,1.5300040245056152,-0.12136475741863251,9.85495662689209,-0.000785602418412062,0.0001283202167741648,0.06490462942023051,-0.9978912074673348,40.1998987197876,drone2
1743146192.1779022,1.5362528562545776,-0.11893809586763382,9.845921516418457,-0.0009723827990473216,0.0008107430186938036,0.0651707867685768,-0.9978733793504148,40.39989638328552,drone2
1743146192.3778965,1.5411005020141602,-0.1187419593334198,9.838436126708984,-0.0007336782007501802,0.0012511502508906862,0.06527109626803268,-0.997866551560956,40.59989070892334,drone2
1743146192.5778716,1.5433018207550049,-0.12042997777462006,9.83343505859375,-0.0005126869834272682,0.0013183199591280106,0.0652519615988088,-0.9978678159664114,40.79986572265625,drone2
1743146192.7778554,1.542445421218872,-0.12283147871494293,9.83206558227539,-0.00011941951441979896,0.0009309327986684459,0.06514646803698604,-0.9978752759585978,40.99984955787659,drone2
1743146192.9778671,1.5396007299423218,-0.12437689304351807,9.833450317382812,0.00015839659270848566,0.0004438815843990821,0.06505332350177695,-0.9978817665732684,41.19986128807068,drone2
1743146193.1778624,1.5347481966018677,-0.12504050135612488,9.834933280944824,0.0002527336182546649,-2.6857173714811633e-05,0.06502584375654785,-0.9978836210346029,41.39985656738281,drone2
1743146193.3778632,1.5297027826309204,-0.12504777312278748,9.835834503173828,0.002499486582257737,0.004251347340937873,0.0659359206564436,-0.9978116763641949,41.599857330322266,drone2
1743146193.5778782,1.5174490213394165,-0.12114964425563812,9.8419771194458,0.0032306520858582503,0.040125210384707274,0.08696715591653115,-0.9953975470283394,41.799872398376465,drone2
1743146193.7778435,1.4663426876068115,-0.11149102449417114,9.85582160949707,-0.002555634745552734,0.08357172414097454,0.15260830151448945,-0.984743624514907,41.99983763694763,drone2
1743146193.977962,1.3723708391189575,-0.10107506811618805,9.865962982177734,-0.009950280877542867,0.1153544703080434,0.2304779337393985,-0.9661646614885773,42.19995617866516,drone2
1743146194.1779568,1.1598652601242065,-0.08175066858530045,9.87134075164795,-0.02663751421859755,0.13669765546738435,0.33363622297987466,-0.9323578313610189,42.39995098114014,drone2
1743146194.3779492,0.8337053656578064,-0.05697710067033768,9.862939834594727,-0.028991781858677422,0.10437589325470968,0.4353880297386937,-0.8937015426969486,42.59994339942932,drone2
1743146194.577927,0.42692726850509644,-0.026105549186468124,9.847488403320312,-0.018739784863535173,0.06070121358276163,0.5346080436973271,-0.8427090716712701,42.79992127418518,drone2
1743146194.7779698,-0.010606293566524982,0.01075847540050745,9.8348388671875,-0.010545992007657734,0.019803442574498863,0.6187707377772311,-0.7852512108637476,42.999963998794556,drone2
1743146194.9779632,-0.43578916788101196,0.04453093931078911,9.828391075134277,0.010058918577800998,-0.012705777048869205,0.6845270206627871,-0.7288074427440677,43.19995737075806,drone2
1743146195.1779966,-0.760193407535553,0.06782498210668564,9.826407432556152,0.033763788152424944,-0.036804798188502595,0.7324204339174596,-0.6790182642433752,43.39999079704285,drone2
1743146195.3780024,-1.110777735710144,0.09755639731884003,9.829784393310547,0.06936733629173303,-0.06217413694910131,0.7717830273714096,-0.6290259827138867,43.59999656677246,drone2
1743146195.5779254,-1.304784893989563,0.11846483498811722,9.857369422912598,0.06861189255702897,-0.05526429119828056,0.7844564319363095,-0.6138944896501344,43.79991960525513,drone2
1743146195.7779458,-1.4265141487121582,0.13725361227989197,9.87236499786377,0.03678830806938657,-0.029346619469013232,0.7678106763625457,-0.638946265572002,43.999939918518066,drone2
1743146195.9779727,-1.5118805170059204,0.15923412144184113,9.861059188842773,0.01192319971639305,-0.010938994741773012,0.7302146101120132,-0.6830262029974505,44.19996690750122,drone2
1743146196.177979,-1.59078848361969,0.1869799792766571,9.837041854858398,-0.003612645437525123,-1.6426404934864416e-05,0.6901055959709352,-0.7236997320274833,44.39997315406799,drone2
1743146196.3779688,-1.6817821264266968,0.21851690113544464,9.815427780151367,-0.007440573025976844,0.00481941968732486,0.6627874522957352,-0.7487550956998303,44.59996294975281,drone2
1743146196.577939,-1.7859063148498535,0.25295543670654297,9.796165466308594,-0.0051531865075831905,0.000916009727368158,0.654002979589784,-0.7564738431943352,44.799933195114136,drone2
1743146196.7780216,-1.8960037231445312,0.28826281428337097,9.77982234954834,-0.0023853827156291594,-0.0063620317152243986,0.660457000259242,-0.7508331724074403,45.00001573562622,drone2
1743146196.977987,-2.0037312507629395,0.3199746310710907,9.765059471130371,0.0002917085459837738,-0.011276078815354182,0.6742295445839236,-0.7384357111622752,45.19998121261597,drone2
1743146197.1779242,-2.1033942699432373,0.34560370445251465,9.753361701965332,0.002613492819662888,-0.013268073219058662,0.6876732275863867,-0.7258944764801274,45.3999183177948,drone2
1743146197.3779812,-2.192492723464966,0.36559271812438965,9.746886253356934,0.0032306583420310185,-0.014262732258470684,0.6963502706096618,-0.7175531752520902,45.59997534751892,drone2
1743146197.5778983,-2.2701504230499268,0.3798269033432007,9.74238395690918,0.0033181156868691557,-0.013894923296961193,0.6991172052875013,-0.7148644651250868,45.79989242553711,drone2
1743146197.7779264,-2.3377785682678223,0.3883358836174011,9.739519119262695,0.00353367146303882,-0.012557676562878655,0.6973584857877705,-0.7166037970745025,45.99992060661316,drone2
1743146197.9779077,-2.393306016921997,0.39136940240859985,9.740160942077637,0.003382835465480175,-0.011508391585801723,0.6934843560337278,-0.7203718853576919,46.199901819229126,drone2
1743146198.1779234,-2.438621759414673,0.3901669383049011,9.743216514587402,0.0034481775686512357,-0.009737332279080364,0.6898262308539368,-0.7239012940621306,46.39991760253906,drone2
1743146198.3778923,-2.477236270904541,0.3874662518501282,9.746854782104492,0.0037364141033527955,-0.008352958947553696,0.6876187962486239,-0.7260143197267792,46.599886417388916,drone2
1743146198.5779104,-2.507046699523926,0.3839203119277954,9.752365112304688,0.003972691147102264,-0.0073868828800577775,0.6870015319445796,-0.7266075603271722,46.799904584884644,drone2
1743146198.777979,-2.528414487838745,0.3819129467010498,9.758810043334961,0.0034955203333301146,-0.006371217587930127,0.6875232572455838,-0.7261259588259504,46.99997305870056,drone2
1743146198.9779592,-2.5423526763916016,0.38115429878234863,9.764310836791992,0.002597763813361974,-0.005197073889228686,0.6885838273706217,-0.725133582301803,47.19995331764221,drone2
1743146199.1779308,-2.5546562671661377,0.3812512159347534,9.76828384399414,0.0016498035644180887,-0.0042750160067811585,0.6897325845078127,-0.7240496470176219,47.399924993515015,drone2
1743146199.3779197,-2.5641019344329834,0.38200923800468445,9.77454948425293,0.0010799153638683526,-0.003836654455635382,0.6904459106992366,-0.7233730728780996,47.59991383552551,drone2
1743146199.5779066,-2.5689494609832764,0.38099223375320435,9.783302307128906,0.012116102713941005,-0.017535988552000562,0.6856408196233164,-0.7276279789935586,47.79990077018738,drone2
1743146199.7779267,-2.549269437789917,0.37849393486976624,9.797640800476074,0.044284147796834615,-0.049928704654871085,0.652325587702611,-0.7549950261839213,47.99992084503174,drone2
1743146199.978127,-2.463850498199463,0.37925848364830017,9.814291000366211,0.06331991581875492,-0.07887284575747978,0.5795277333717529,-0.8086515520887689,48.2001211643219,drone2
1743146200.1779525,-2.3210561275482178,0.3863893747329712,9.825455665588379,0.066848866176216,-0.10783445837515754,0.48635151426930895,-0.8645028593247531,48.39994668960571,drone2
1743146200.3779542,-2.0269553661346436,0.40528684854507446,9.829302787780762,0.040931591549287,-0.10394919065785123,0.3675136069318402,-0.9232838677577144,48.59994840621948,drone2
1743146200.5779235,-1.666869044303894,0.42397651076316833,9.820869445800781,0.008307554773270238,-0.07583375504937064,0.25471245592685965,-0.9640030339221506,48.799917697906494,drone2
1743146200.777899,-1.2343491315841675,0.4325082004070282,9.808521270751953,-0.009035055476683734,-0.034848301144775724,0.15072939500787375,-0.987919389550203,48.99989318847656,drone2
1743146200.9778788,-0.8316842317581177,0.42658933997154236,9.801921844482422,-0.011833470228366194,0.003455434729129262,0.07572469481049271,-0.9970525273288167,49.199872970581055,drone2
1743146201.1778872,-0.4548862874507904,0.40955767035484314,9.798526763916016,-0.009962544293370517,0.04209672142003547,0.01555020619863995,-0.9989428977782272,49.39988136291504,drone2
1743146201.3778708,-0.13966138660907745,0.38530296087265015,9.799896240234375,-0.007526112689207673,0.08082534066159552,-0.01891483126211296,-0.9965204233663666,49.5998649597168,drone2
1743146201.5778801,0.08541873097419739,0.35872527956962585,9.80390453338623,-0.0029477742924541458,0.08568858648592664,-0.01256953892510087,-0.9962382923624347,49.7998743057251,drone2
1743146201.77788,0.22608979046344757,0.3357887268066406,9.80346965789795,0.002388348635457059,0.05755688219392084,0.025128920459710883,-0.9980230849563254,49.999874114990234,drone2
1743146201.9778862,0.31437355279922485,0.3219060003757477,9.798393249511719,0.0037998742509562267,0.03002855877064207,0.07268729787885814,-0.9968953617307195,50.19988036155701,drone2
1743146202.1778748,0.38144204020500183,0.3148583173751831,9.793519020080566,0.003987729340214357,0.009423271415406699,0.1110569879730543,-0.9937614485159949,50.399868965148926,drone2
1743146202.3778803,0.44749101996421814,0.31105905771255493,9.789216995239258,0.0030755157926624704,-0.0006236156365515178,0.13096227017517342,-0.991382343211252,50.59987449645996,drone2
1743146202.5778832,0.5219687819480896,0.30994653701782227,9.78530502319336,0.0003776274485332497,-0.0020628762655947037,0.13319365077588574,-0.9910877788870094,50.799877405166626,drone2
1743146202.777875,0.6057406067848206,0.30980584025382996,9.784478187561035,-0.0020214661637521143,0.00011685765280676148,0.12410105826553952,-0.9922675534705263,50.99986910820007,drone2
1743146202.9778533,0.6915809512138367,0.3084545433521271,9.787564277648926,-0.022938825660565158,0.01722967085465176,0.11815599240198676,-0.9925805359675681,51.19984745979309,drone2
1743146203.1778698,0.7611055374145508,0.2833212614059448,9.799566268920898,-0.0656272595284629,0.03292120761942207,0.1492315381586451,-0.9860726410890011,51.399863958358765,drone2
1743146203.3779578,0.7917267680168152,0.2225487381219864,9.809309959411621,-0.05423872929928688,0.024951274127415428,0.22116879072140333,-0.973406332999719,51.59995198249817,drone2
1743146203.5779183,0.8046070337295532,0.10975167900323868,9.813926696777344,-0.06634558934105836,-0.0229799567041725,0.3309164657720424,-0.9410444022062354,51.799912452697754,drone2
1743146203.7779164,0.8202891945838928,-0.06132524088025093,9.816624641418457,-0.09456449677972222,-0.04759713934888712,0.4500161682590366,-0.8867228885939391,51.99991059303284,drone2
1743146203.977928,0.8425776362419128,-0.3173566162586212,9.816831588745117,-0.06583151698578141,-0.04744753713446419,0.5563251978435052,-0.82699287010977,52.19992208480835,drone2
1743146204.1779323,0.8740605115890503,-0.6355631947517395,9.814798355102539,-0.024954325493393114,-0.03097473740973761,0.6381243282690547,-0.7689052194816614,52.39992642402649,drone2
1743146204.3779254,0.9171887636184692,-0.9680981636047363,9.814252853393555,0.0024690126821049706,0.0010002593842259688,0.696591511268004,-0.717463073192508,52.59991955757141,drone2
1743146204.5779254,0.9643389582633972,-1.273240566253662,9.82009506225586,0.03001161474972388,0.03148921937969854,0.7232602523500812,-0.6892041315161148,52.79991960525513,drone2
1743146204.7779243,1.0112541913986206,-1.516167163848877,9.831576347351074,0.04770287591363337,0.05890051779754751,0.7136560201478704,-0.6963837398171908,52.99991846084595,drone2
1743146204.9779482,1.049605131149292,-1.677703619003296,9.837346076965332,0.032803702864318156,0.0517402041920109,0.6810411496528602,-0.7296780175101967,53.19994235038757,drone2
1743146205.1779125,1.0728204250335693,-1.7762084007263184,9.834686279296875,0.012220736875180866,0.03498825370652326,0.6407088309716594,-0.7668889405906805,53.399906635284424,drone2
1743146205.3778987,1.0790172815322876,-1.8279125690460205,9.831137657165527,0.001674458729934401,0.024075924913603622,0.6142686430294338,-0.7887278727872749,53.59989285469055,drone2
1743146205.5779014,1.0730549097061157,-1.8844218254089355,9.829529762268066,-0.007843655524649343,0.010237827175282073,0.5935075901417254,-0.804725067387797,53.79989552497864,drone2
1743146205.777961,1.0550899505615234,-1.9486572742462158,9.828338623046875,-0.005308747726622733,0.0026913622503731897,0.5889043851043503,-0.8081808666213114,53.99995517730713,drone2
1743146205.9779363,1.0353312492370605,-2.019848108291626,9.828333854675293,-0.001351413467015342,0.0007219829647763739,0.5963914250308104,-0.8026924302512378,54.19993042945862,drone2
1743146206.1779132,1.016032338142395,-2.105417490005493,9.829963684082031,0.002021209249076002,2.3608491338937572e-05,0.6108977802323811,-0.7917069384805704,54.39990735054016,drone2
1743146206.3779075,1.0039438009262085,-2.1776342391967773,9.846478462219238,0.004131042783858274,0.0004031168253049955,0.6215276579687379,-0.7833813132460011,54.59990167617798,drone2
1743146206.577886,0.99325031042099,-2.247702121734619,9.856339454650879,0.0050938042322093875,0.0013644469271680084,0.6270077123843137,-0.778995222430374,54.799880266189575,drone2
1743146206.7778986,0.9877260327339172,-2.3130109310150146,9.852170944213867,0.005196501284779006,0.002636677537610934,0.6275021950161117,-0.7785930413968148,54.999892711639404,drone2
1743146206.977915,0.9856835007667542,-2.3735358715057373,9.838632583618164,0.004922674938683062,0.0036452986260908865,0.6247923844645281,-0.780766996916431,55.19990921020508,drone2
1743146207.177882,0.9831147789955139,-2.4291865825653076,9.822206497192383,0.004762709070426264,0.00464240561435081,0.6210212109003188,-0.7837655344537385,55.3998761177063,drone2
1743146207.3778746,0.977728545665741,-2.4787142276763916,9.809216499328613,0.004947829970350198,0.004747827965903773,0.617914002982482,-0.7862158415906846,55.59986877441406,drone2
1743146207.5778933,0.9735349416732788,-2.521543264389038,9.799949645996094,0.005271396605014153,0.00435534333139041,0.6164012946375094,-0.787402501915577,55.79988741874695,drone2
1743146207.7778888,0.9707979559898376,-2.5595901012420654,9.792499542236328,0.005100531799425846,0.004229573348802982,0.6164489047712585,-0.7873670300741991,55.99988293647766,drone2
1743146207.977855,0.9681441783905029,-2.592849016189575,9.785823822021484,0.004965875334929634,0.004165611472602589,0.6173869513734972,-0.786632974218753,56.199849128723145,drone2
1743146208.1778598,0.9643547534942627,-2.6202244758605957,9.781108856201172,0.004843079380499287,0.0038791437472904394,0.6185216973177363,-0.7857432700517563,56.39985394477844,drone2
1743146208.3778503,0.958953857421875,-2.6421568393707275,9.779224395751953,0.0045327092472024905,0.0034524129153362727,0.6193659197668339,-0.785081880631499,56.599844455718994,drone2
1743146208.5778677,0.952695906162262,-2.6599128246307373,9.777499198913574,0.004354533445122687,0.0027644788830512995,0.6197441930005751,-0.7847870581578092,56.799861907958984,drone2
1743146208.7778616,0.9446174502372742,-2.6725144386291504,9.776844024658203,0.0038843633710607104,0.0020549527403927806,0.619745831459311,-0.7847903930271977,56.999855756759644,drone2
1743146208.9779782,0.9322794079780579,-2.6828348636627197,9.779050827026367,0.0037517410682315943,0.00105813960189515,0.6194922970920937,-0.7849930982951109,57.19997239112854,drone2
1743146209.1779554,0.9204041957855225,-2.6917316913604736,9.781447410583496,0.004087622474905068,-2.5935952266254686e-05,0.6192102293084346,-0.7852146432043083,57.39994955062866,drone2
1743146209.3779497,0.9132651686668396,-2.697561025619507,9.782073974609375,0.004173263883262443,-0.0005883599624083241,0.6190728358506452,-0.7853223652807462,57.59994387626648,drone2
1743146209.5779166,0.9138166308403015,-2.7001852989196777,9.780698776245117,0.0033489303014866936,-0.0005805303621167904,0.6191194186549618,-0.785289606642741,57.7999107837677,drone2
1743146209.7779255,0.919106662273407,-2.6986260414123535,9.779657363891602,0.0019953600600486634,-0.00017550062965224176,0.6192533139243249,-0.7851888387963075,57.99991965293884,drone2
1743146209.977924,0.9294437170028687,-2.6957993507385254,9.779874801635742,0.000484136084686725,0.00027136025125992894,0.6194065335237301,-0.7850702639063782,58.199918270111084,drone2
1743146210.1779172,0.9416001439094543,-2.6926586627960205,9.782758712768555,-0.0007207120870632817,0.0010208740602033095,0.6195311617547768,-0.784971092371832,58.399911403656006,drone2
1743146210.377915,0.952501654624939,-2.686811923980713,9.787738800048828,-0.0012513276463174564,0.001576679132103466,0.6195751788696905,-0.7849348302770445,58.59990906715393,drone2
1743146210.5779102,0.9617752432823181,-2.684349775314331,9.805220603942871,-0.0021183947368631335,0.0015616365967135773,0.6195433685357769,-0.7849580426538618,58.799904346466064,drone2
1743146210.7779047,0.967818021774292,-2.6797733306884766,9.832270622253418,-0.0024646322909920486,0.001589135563210507,0.6194736365749155,-0.7850120116933801,58.99989891052246,drone2
1743146210.9778986,0.9709452390670776,-2.676950693130493,9.833882331848145,-0.002481777167985125,0.00129215668552935,0.6194264531780076,-0.7850498384899186,59.19989275932312,drone2
1743146211.177926,0.9722852110862732,-2.6758358478546143,9.815093994140625,-0.002105259449265942,0.001105348846675035,0.619409415314497,-0.7850646004236095,59.39992022514343,drone2
1743146211.3778863,0.9724422693252563,-2.6740217208862305,9.789107322692871,-0.0016997453161567402,0.0008884618639415139,0.6193979619084142,-0.785074873717934,59.59988045692444,drone2
1743146211.5778887,0.9728342890739441,-2.672614097595215,9.763221740722656,-0.0015303825271140463,0.0007045048231032245,0.6194535694066683,-0.7850315730994452,59.799882888793945,drone2
1743146211.7779067,0.9735579490661621,-2.6713292598724365,9.74046802520752,-0.0014660343322416578,0.0005871935154485797,0.6194756859654243,-0.7850142612814193,59.999900817871094,drone2
1743146211.9779098,0.9756211638450623,-2.6680195331573486,9.722654342651367,-0.0014912436629614268,0.0005700309400718517,0.6194731255443773,-0.7850163159402842,60.19990396499634,drone2
1743146212.177898,0.9791650772094727,-2.6627681255340576,9.711750984191895,-0.001961015399914138,0.0005419125713061325,0.6194173968739338,-0.7850593162624775,60.3998920917511,drone2
1743146212.3778982,0.9827475547790527,-2.6555049419403076,9.706425666809082,-0.0025916343280358496,0.0006164984990996202,0.6193681219396685,-0.7850962000232805,60.599892377853394,drone2
1743146212.577879,0.9857320785522461,-2.645714521408081,9.70379638671875,-0.003281145821371631,0.0004287379932964449,0.6193716938850797,-0.7850909422039288,60.7998731136322,drone2
1743146212.7778773,0.9847919940948486,-2.634280204772949,9.70325756072998,-0.0038407420413964226,-0.00027290693564472755,0.6194054008271764,-0.7850618714151685,60.999871492385864,drone2
1743146212.977877,0.9799509644508362,-2.6246492862701416,9.705106735229492,-0.003953916454769984,-0.0012887688856260758,0.6194899948204938,-0.7849936303990732,61.19987106323242,drone2
1743146213.177884,0.9736924767494202,-2.618138074874878,9.708040237426758,-0.003587965411953637,-0.0021141113575880548,0.619581901292028,-0.7849210271841571,61.39987826347351,drone2
1743146213.3778856,0.9690864682197571,-2.6128594875335693,9.71320915222168,-0.0032060682077848703,-0.0022391633620256553,0.6196189641769372,-0.7848930680185263,61.5998797416687,drone2
1743146213.5778806,0.9669433832168579,-2.6086928844451904,9.718084335327148,-0.0030376366624150115,-0.0023516383805522226,0.6196130162029411,-0.7848980887618551,61.799874782562256,drone2
1743146213.7778714,0.9679430723190308,-2.6095504760742188,9.720575332641602,-0.0029717030833782024,-0.001834699154657337,0.6195968634232493,-0.7849124713739095,61.99986553192139,drone2
1743146213.9778569,0.9713561534881592,-2.613175868988037,9.72339153289795,-0.0026845390707259565,-0.0008724593558746087,0.6195226112128852,-0.7849737423549321,62.19985103607178,drone2
1743146214.1778593,0.9751721024513245,-2.617375373840332,9.727816581726074,-0.002474788858302539,-0.00011050195744209309,0.6194728463215059,-0.785014234939639,62.399853467941284,drone2
1743146214.3778749,0.9772062301635742,-2.6196165084838867,9.732369422912598,-0.002387878681632472,0.00038848964628400125,0.6194532533053044,-0.7850298661520805,62.59986901283264,drone2
1743146214.5778592,0.977737307548523,-2.6190311908721924,9.737631797790527,-0.002356151818235262,0.0001494542888628469,0.6194658868231456,-0.785020098619938,62.79985332489014,drone2
1743146214.7779286,0.9787676334381104,-2.6171391010284424,9.743155479431152,-0.002611397577992665,-3.973484693233353e-05,0.6194601601201042,-0.785023717980554,62.99992275238037,drone2
1743146214.9779792,0.9790487885475159,-2.6151819229125977,9.74646282196045,-0.0028351267146870312,-0.00015039008060866991,0.6194664294638202,-0.7850181229864142,63.199973344802856,drone2
1743146215.1779346,0.9789569973945618,-2.6124651432037354,9.751250267028809,-0.0030068196399941267,-0.00039718045815582883,0.6194868706853479,-0.7850012221001612,63.39992880821228,drone2
1743146215.3779292,0.9794145822525024,-2.611786127090454,9.756103515625,-0.0030500091290972847,-0.0006218289229833391,0.6194990142460751,-0.7849912701755566,63.59992337226868,drone2
1743146215.5779133,0.9811063408851624,-2.612921953201294,9.754105567932129,-0.002497309187160088,-0.00026020155413415355,0.6194985875092339,-0.7849937199611263,63.79990744590759,drone2
1743146215.7779512,0.9842069149017334,-2.613191843032837,9.699217796325684,-0.0024804906189707173,0.0002298889150678563,0.6194841153351266,-0.785005241855838,63.999945402145386,drone2
1743146215.9779694,0.9887979030609131,-2.6116533279418945,9.5482816696167,-0.0028398055910981847,0.00044882113124801275,0.6194637794807201,-0.7850200986199382,64.19996356964111,drone2
1743146216.1779737,0.9926839470863342,-2.609708070755005,9.292354583740234,-0.0032377441986188387,0.0007730500044430507,0.6194573573546782,-0.7850232332917961,64.39996790885925,drone2
1743146216.3779626,0.9952847957611084,-2.6062171459198,8.995542526245117,-0.0032128070114169935,0.0007033283333397137,0.6194604235379074,-0.7850210943392342,64.59995675086975,drone2
1743146216.5779443,0.9956132769584656,-2.6036741733551025,8.709382057189941,-0.0037137448611183677,0.00029365388646036264,0.6194786467815323,-0.7850047255569438,64.79993844032288,drone2
1743146216.7779667,0.9940757155418396,-2.603015184402466,8.460772514343262,-0.003547711138040622,1.6337995334680524e-05,0.6195163576742374,-0.7849756969150319,64.99996089935303,drone2
1743146216.9779263,0.9904686808586121,-2.6034350395202637,8.23405933380127,-0.0029168134809559065,-0.0002191748075132745,0.6195495009022352,-0.7849522474621916,65.1999204158783,drone2
1743146217.1779804,0.9869783520698547,-2.607550621032715,8.047978401184082,-0.0025763302475787122,-0.00030339268959858113,0.6195477728814461,-0.7849547341262537,65.39997458457947,drone2
1743146217.3779328,0.9835226535797119,-2.614424467086792,7.839589595794678,-0.0017161255818170166,2.321196522706775e-05,0.6195379948125916,-0.7849648493698963,65.59992694854736,drone2
1743146217.5779173,0.9816331267356873,-2.6222355365753174,7.615489482879639,-0.0010953793883228546,0.00028168302903037963,0.6195019065735543,-0.7849943627005662,65.79991149902344,drone2
1743146217.777969,0.9798975586891174,-2.6290032863616943,7.389081001281738,-0.000706364234775916,0.0006968882507056005,0.6195040191843358,-0.7849929244393608,65.99996304512024,drone2
1743146217.9779248,0.9777974486351013,-2.6340696811676025,7.166457653045654,-0.000546074377091162,0.000680906652391509,0.6194877136223182,-0.7850058582534976,66.19991898536682,drone2
1743146218.1779146,0.9750379323959351,-2.6379384994506836,6.9512834548950195,-0.0005616211723585228,0.0007210062095041799,0.6194837518185582,-0.7850089771202873,66.39990878105164,drone2
1743146218.3779073,0.9711068272590637,-2.6401751041412354,6.743510723114014,-0.0003305683776255178,0.0004344405514208627,0.6194713237666034,-0.7850191292424223,66.5999014377594,drone2
1743146218.5778756,0.9694604873657227,-2.6381285190582275,6.544106483459473,-0.000386594149394848,2.1732380353757402e-05,0.6194771558367662,-0.785014645871412,66.7998697757721,drone2
1743146218.7778764,0.9706609845161438,-2.6315696239471436,6.353935241699219,-0.0013457681353796947,-0.0002651802329325661,0.619494304335754,-0.7850000261833348,66.99987053871155,drone2
1743146218.9779165,0.973409116268158,-2.6270437240600586,6.170807361602783,-0.002140855261647551,-0.0003544291481046703,0.6195291387060482,-0.7849706709033469,67.19991064071655,drone2
1743146219.1778734,0.9764273166656494,-2.626021146774292,5.992442607879639,-0.002470175918660247,-9.034819059204395e-05,0.6195408766033585,-0.784960618879977,67.39986753463745,drone2
1743146219.377894,0.9797243475914001,-2.6254777908325195,5.817066192626953,-0.002363298425553954,0.0002617691370173632,0.6195507231608419,-0.7849530482523134,67.59988808631897,drone2
1743146219.5779028,0.9830668568611145,-2.6216819286346436,5.646637439727783,-0.00249960520258717,0.0004449109409138019,0.6195463240835286,-0.7849560143367772,67.79989695549011,drone2
1743146219.7778685,0.9855791330337524,-2.6157450675964355,5.483428001403809,-0.0030222777375480685,0.0002705109860885798,0.6195313408788831,-0.7849661085069957,67.99986267089844,drone2
1743146219.9778435,0.9841721653938293,-2.606264114379883,5.327277660369873,-0.0034482493500025946,-0.00015676915430330816,0.6195056154962232,-0.7849847532191057,68.19983768463135,drone2
1743146220.1778579,0.9791393876075745,-2.59594464302063,5.176993370056152,-0.0037448554914922337,-0.0012136520886410905,0.6195022911635468,-0.7849849586849921,68.39985203742981,drone2
1743146220.377975,0.9747519493103027,-2.5896453857421875,5.045106887817383,-0.003816294070445945,-0.0021029502629487003,0.6195177643253065,-0.7849705813412938,68.59996914863586,drone2
1743146220.5779624,0.971985399723053,-2.5817155838012695,4.919424057006836,-0.003504266751053843,-0.0024262788646422936,0.619556918747573,-0.7849402777572145,68.79995656013489,drone2
1743146220.7779765,0.9717031121253967,-2.575806140899658,4.8176140785217285,-0.0035334078805994915,-0.002395326079155185,0.6196036859443519,-0.7849032043355931,68.99997067451477,drone2
1743146220.9779568,0.9709660410881042,-2.5710909366607666,4.683347225189209,-0.003860361893286625,-0.002254308815574432,0.6196370030280999,-0.7848758721043338,69.19995093345642,drone2
1743146221.1779466,0.9713154435157776,-2.570641279220581,4.517370223999023,-0.0037506454148064174,-0.0019744382656661586,0.6196566065810135,-0.7848615790543325,69.39994072914124,drone2
1743146221.377949,0.9723513722419739,-2.5733911991119385,4.337204933166504,-0.0033397800725024434,-0.0014743432706169392,0.6196397056947606,-0.7848778898847062,69.59994316101074,drone2
1743146221.5779448,0.9743176698684692,-2.578418493270874,4.156398773193359,-0.0028880173052553463,-0.000807206650120506,0.6196067995427857,-0.7849067499392242,69.79993891716003,drone2
1743146221.7781107,0.9782385230064392,-2.585608720779419,3.9806172847747803,-0.0024928147032111693,-0.00010808970890935245,0.6195714962888018,-0.7849363212218106,70.0001049041748,drone2
1743146221.978002,0.9826999306678772,-2.5942206382751465,3.8113901615142822,-0.0021309814568851756,0.0006756400764557703,0.6195244972843561,-0.784974216506978,70.19999623298645,drone2
1743146222.1779344,0.9867815375328064,-2.6008591651916504,3.6501777172088623,-0.001921490999111126,0.0012326378856472211,0.6194952737132698,-0.7849971180507875,70.3999285697937,drone2
1743146222.3779597,0.9897051453590393,-2.605365037918091,3.4976415634155273,-0.0019397538171450504,0.0013837392149040383,0.6194734047672487,-0.7850140136686843,70.5999538898468,drone2
1743146222.5779843,0.9922373294830322,-2.607356071472168,3.3517134189605713,-0.002183839614136472,0.0011937564712381909,0.6194611400343321,-0.7850234124159023,70.79997849464417,drone2
1743146222.7779617,0.9937164783477783,-2.6092777252197266,3.2104599475860596,-0.0024699373609122304,0.0009445968151874373,0.6194843892896419,-0.7850046307265346,70.99995589256287,drone2
1743146222.9779668,0.9950529932975769,-2.6123616695404053,3.0701651573181152,-0.0025063016947346555,0.0008601745373504657,0.6195267047255468,-0.7849711661288169,71.19996094703674,drone2
1743146223.177961,0.9967960715293884,-2.613985538482666,2.9300670623779297,-0.0024711091585461224,0.0009613887946422981,0.6195193922473301,-0.7849769613204872,71.39995527267456,drone2
1743146223.3779202,0.9988111853599548,-2.615037202835083,2.79226016998291,-0.002584149146521991,0.0009683636041624701,0.6195295654428895,-0.7849684739988683,71.59991431236267,drone2
1743146223.5779757,1.0007840394973755,-2.613868474960327,2.655463457107544,-0.0027645161731340447,0.0008692096033638615,0.6195176905683215,-0.7849774828877375,71.79996991157532,drone2
1743146223.7779417,1.0020859241485596,-2.612872838973999,2.518859624862671,-0.0030298692739999665,0.0007429025777301727,0.6195315358080574,-0.7849655764030332,71.99993586540222,drone2
1743146223.9779384,1.001053810119629,-2.6139638423919678,2.3834068775177,-0.0030188174154308733,0.0006346900502700713,0.6195398229321458,-0.7849591437402793,72.19993257522583,drone2
1743146224.177941,0.9986119270324707,-2.616450548171997,2.2493579387664795,-0.0026270167719968725,0.0005181015775310013,0.6195487949425226,-0.7849536277714804,72.39993524551392,drone2
1743146224.377948,0.9938005208969116,-2.618234395980835,2.1161417961120605,-0.0022011493742107343,0.00027003428218286393,0.6195226638964458,-0.7849757127201,72.59994220733643,drone2
1743146224.577941,0.988697350025177,-2.6214959621429443,1.9850660562515259,-0.0017866195609920904,-0.00012507620594825856,0.6195203194779975,-0.7849786471944277,72.79993510246277,drone2
1743146224.7779028,0.9848959445953369,-2.626741409301758,1.854655385017395,-0.0012752316389248244,-0.0001099051103227019,0.6195150774637139,-0.7849838049150142,72.99989700317383,drone2
1743146224.9779105,0.9822201728820801,-2.6329548358917236,1.723646879196167,-0.0008761152245516431,0.0002799347991568443,0.6195304505267082,-0.7849721407746888,73.19990468025208,drone2
1743146225.177896,0.9794132113456726,-2.638279676437378,1.5920016765594482,-0.0005323951542392223,0.0005380155190634778,0.6195360297157798,-0.7849678259910724,73.39989018440247,drone2
1743146225.3779016,0.9783895611763,-2.6404428482055664,1.4829856157302856,-0.0004880966060856457,0.0005230509883991815,0.6195133757847052,-0.7849858437688109,73.5998957157135,drone2
1743146225.577885,0.977567195892334,-2.641479015350342,1.351171851158142,-0.0007289338866234719,0.0005747955661807752,0.619513107098546,-0.7849858595738791,73.79987907409668,drone2
1743146225.7778869,0.9764617681503296,-2.638587474822998,1.2162302732467651,-0.0008794176194640177,0.0003649261006077447,0.6195145664331757,-0.7849846531203404,73.99988102912903,drone2
1743146225.9778883,0.9765819907188416,-2.6326467990875244,1.0777395963668823,-0.001489996461981371,-9.260436407639265e-05,0.6194973072987104,-0.7849973603951664,74.19988250732422,drone2
1743146226.1779132,0.9778716564178467,-2.6250979900360107,0.9392755031585693,-0.0022905048912750677,-0.00046249827749815834,0.6194965065085888,-0.7849958852554686,74.39990735054016,drone2
1743146226.3778856,0.98089200258255,-2.618556499481201,0.8013052940368652,-0.0028965016634239413,-0.0004771313011016614,0.6195281640601765,-0.7849689481509141,74.5998797416687,drone2
1743146226.5778954,0.9850196838378906,-2.613191843032837,0.6637508869171143,-0.003519628166042207,-0.00042886509238646486,0.619549817003599,-0.7849493182562202,74.79988956451416,drone2
1743146226.7779086,0.9868241548538208,-2.609570264816284,0.5256005525588989,-0.0037902507754248795,-0.00011274035022472622,0.6195675028749053,-0.7849343297832184,74.99990272521973,drone2
1743146226.977899,0.9855450391769409,-2.607337713241577,0.3868371248245239,-0.003558423352279723,-0.0002575835927607316,0.6195621344200762,-0.7849395296506534,75.19989323616028,drone2
1743146227.1779103,0.982869029045105,-2.606459140777588,0.25005918741226196,-0.0030509917598212583,-0.0004832104900909769,0.6195743938846369,-0.784931990633126,75.39990448951721,drone2
1743146227.3779025,0.9817851781845093,-2.606696844100952,0.11468888819217682,-0.002680077184730183,-0.0004511007653804379,0.619570195004854,-0.7849366109813941,75.59989666938782,drone2
1743146227.577865,0.9817761182785034,-2.6085500717163086,-0.018807917833328247,-0.002451167689981834,-0.00011391206554055461,0.6195726447904236,-0.7849355941886738,75.79985904693604,drone2
1743146227.7778604,0.9818772673606873,-2.609743356704712,-0.051218047738075256,-0.002446746057519111,-1.2800458873903803e-05,0.6195632302381375,-0.7849429856922313,75.99985456466675,drone2
1743146227.9778862,0.9836600422859192,-2.610346555709839,-0.03742840886116028,-0.0024568434381419466,8.693528367953505e-06,0.619546929944476,-0.784955829944315,76.199880361557,drone2
1743146228.177859,0.985139787197113,-2.612741470336914,-0.031635940074920654,-0.0024564328356412196,1.6871334068083003e-05,0.6195526724525855,-0.7849513518416608,76.3998532295227,drone2
