timestamp,x,y,z,qx,qy,qz,qw,relative_time,drone_id
1743169561.5298994,-0.010408257134258747,-0.7550792694091797,0.03662946820259094,0.00037109312297086246,-2.219072733124301e-05,0.01597694303981273,-0.999872362228438,0.0,drone1
1743169561.7299142,-0.01094142533838749,-0.7581229209899902,0.07061359286308289,0.00038818307323606956,-2.8972871423256485e-06,0.01596729141150377,-0.9998724886689835,0.20001482963562012,drone1
1743169561.9299035,-0.009594575501978397,-0.7609526515007019,0.09653842449188232,0.00039789030739695715,-7.677250135454737e-06,0.015976563718176184,-0.9998723200815894,0.40000414848327637,drone1
1743169562.1298478,-0.006830932106822729,-0.7630845308303833,0.11313682794570923,0.0004167187740042069,-2.7320953684555378e-05,0.015988786304244273,-0.9998720672004984,0.5999484062194824,drone1
1743169562.329873,-0.003592531196773052,-0.7653696537017822,0.12298354506492615,0.00041139261008025385,-5.990863765127861e-05,0.016010239050136377,-0.9998717721725587,0.799973726272583,drone1
1743169562.529862,-0.0022619334049522877,-0.7673407793045044,0.1284085512161255,0.0003890982854660386,-4.614690959086851e-05,0.016009227525772107,-0.9998717721725587,0.999962568283081,drone1
1743169562.7300434,-0.0028873321134597063,-0.7676423192024231,0.12972915172576904,0.000378736334587121,-2.3051012833343068e-05,0.01601677181165556,-0.9998716457320133,1.2001440525054932,drone1
1743169562.9299235,-0.006051531992852688,-0.7660970687866211,0.12840434908866882,0.0004055023822056976,3.1779402901298155e-05,0.016016561077413005,-0.9998716878788618,1.400024175643921,drone1
1743169563.1299548,-0.012010467238724232,-0.7633941769599915,0.12590602040290833,0.0004406575254138867,7.76211182718086e-05,0.015996077709036716,-0.9998720250536499,1.600055456161499,drone1
1743169563.3299232,-0.01837741583585739,-0.7608394026756287,0.12121713161468506,0.0004458209465263046,0.00014669500795396522,0.015979682584966015,-0.9998722357878924,1.8000237941741943,drone1
1743169563.5299537,-0.02433655597269535,-0.7590219974517822,0.11502009630203247,0.00045601607984954387,0.0001687211814763362,0.015983560095028992,-0.9998721514941954,2.000054359436035,drone1
1743169563.7299323,-0.028836391866207123,-0.7560709714889526,0.10785546898841858,0.00048330690512291924,0.00018600542295091414,0.01597057886568759,-0.9998723200815895,2.200032949447632,drone1
1743169563.9299703,-0.03192109987139702,-0.7528710961341858,0.10094907879829407,0.0005226674415307805,0.0002058805946048128,0.015996499177521828,-0.9998719407599528,2.400070905685425,drone1
1743169564.1299624,-0.03276807442307472,-0.7501944899559021,0.0940341055393219,0.0005359697318992933,0.00020440444651065366,0.015984993087878374,-0.9998720672004984,2.6000630855560303,drone1
1743169564.329952,-0.03282647952437401,-0.7472227215766907,0.08616656064987183,0.0005435100356464217,0.00021284240816071007,0.015978755354298713,-0.9998722357878924,2.8000526428222656,drone1
1743169564.529971,-0.03459315747022629,-0.7442995309829712,0.07573658227920532,0.000541217930327356,0.00024854148855297706,0.015960632209439052,-0.9998724886689835,3.0000715255737305,drone1
1743169564.7299368,-0.03561112657189369,-0.7405204176902771,0.06519895792007446,0.0005591426680744948,0.00026772021852041015,0.01596349819513776,-0.9998724043752865,3.2000374794006348,drone1
1743169564.929924,-0.035789407789707184,-0.7346265316009521,0.05496928095817566,0.0006079415363990699,0.00023889739234679236,0.01598006190660256,-0.9998721093473468,3.400024652481079,drone1
1743169565.1299155,-0.035023175179958344,-0.7290997505187988,0.04611387848854065,0.0006611395231960013,0.00022741350800094682,0.016004464931890394,-0.9998717300257103,3.6000161170959473,drone1
1743169565.3300486,-0.035936713218688965,-0.723701536655426,0.040024012327194214,0.0006874275086608142,0.00021467301783629087,0.016018289098201965,-0.9998714771446192,3.8001492023468018,drone1
1743169565.5299413,-0.039845939725637436,-0.7217215299606323,0.03658562898635864,0.00068751213163009,0.00025187032814325027,0.016023768188508425,-0.9998713928509222,4.000041961669922,drone1
1743169565.7299287,-0.045088279992341995,-0.7202816009521484,0.032437920570373535,0.0006816751223835851,0.00030111990844499195,0.015983349360786436,-0.9998720250536499,4.200029373168945,drone1
1743169565.9298997,-0.048697903752326965,-0.7178448438644409,0.026940882205963135,0.0007140175191006008,0.00033427190331650875,0.015952919336161553,-0.9998724465221349,4.400000333786011,drone1
1743169566.129904,-0.048167869448661804,-0.715691328048706,0.021156132221221924,0.0007273552679749653,0.0002913329903986385,0.015958609160710457,-0.9998724043752865,4.60000467300415,drone1
1743169566.3299098,-0.04720573127269745,-0.7131496667861938,0.014248698949813843,0.0007383063074957892,0.00024208561210509546,0.015974919991084247,-0.9998721093473468,4.800010442733765,drone1
1743169566.5298889,-0.047875240445137024,-0.7132982015609741,0.005909621715545654,0.0006938709550811077,0.0002568338604179795,0.015970916040475736,-0.9998722357878924,4.9999895095825195,drone1
1743169566.7299252,-0.05017136409878731,-0.7131465673446655,-0.0010650157928466797,0.0006701385750566169,0.000288008451927183,0.015961095824772675,-0.999872362228438,5.200025796890259,drone1
1743169566.929897,-0.05198898911476135,-0.7093544006347656,-0.006559133529663086,0.000700817838198238,0.0003054114166288407,0.01595266645507054,-0.999872446522135,5.399997711181641,drone1
1743169567.1299086,-0.054667551070451736,-0.7044475674629211,-0.015391632914543152,0.0007640879339725111,0.0003384170705629743,0.01596379322307734,-0.9998722779347409,5.600009202957153,drone1
1743169567.3298883,-0.056944530457258224,-0.7021484971046448,-0.013937205076217651,0.0007854797644975677,0.0003403839783721916,0.015964804747441663,-0.999872193641044,5.7999889850616455,drone1
1743169567.5298672,-0.058182165026664734,-0.701795220375061,-0.004315212368965149,0.0007527888330997023,0.00032428631062390325,0.01594061245639644,-0.9998726151095291,5.999967813491821,drone1
1743169567.7298772,-0.06021016091108322,-0.7019826769828796,0.001952245831489563,0.0007537109806265211,0.000328988627103638,0.015952034252342817,-0.9998724886689834,6.199977874755859,drone1
1743169567.929875,-0.061569035053253174,-0.7029110193252563,0.0029519647359848022,0.0007795816752479475,0.0003351121649496629,0.015981832074240088,-0.9998719407599529,6.399975538253784,drone1
1743169568.1301768,-0.06322713941335678,-0.7048277258872986,0.00011546909809112549,0.0007653009729562153,0.00035543493078407315,0.01597395061356849,-0.9998720672004984,6.600277423858643,drone1
1743169568.3299613,-0.0664040744304657,-0.7051719427108765,-0.0048713237047195435,0.0007758972216233635,0.00039556562470426224,0.01596143299956071,-0.999872277934741,6.800061941146851,drone1
1743169568.5299265,-0.06868047267198563,-0.7051300406455994,-0.009106636047363281,0.0007853402765389707,0.0004085414004739108,0.01597293908920422,-0.9998720672004984,7.000027179718018,drone1
1743169568.7299347,-0.07014796882867813,-0.7048819661140442,-0.01289224624633789,0.0007553756370860901,0.0003937190041653311,0.015976395130782084,-0.9998720672004984,7.200035333633423,drone1
1743169568.9299273,-0.06969788670539856,-0.7040905952453613,-0.017309710383415222,0.0007409405884252995,0.00037611816741854045,0.016006951595952557,-0.9998716035851647,7.4000279903411865,drone1
1743169569.1299393,-0.06815798580646515,-0.704608142375946,-0.02141280472278595,0.0006816507871060636,0.0003567489431624153,0.016033841285302497,-0.9998711821166797,7.600039958953857,drone1
1743169569.3299716,-0.0660213828086853,-0.7062252759933472,-0.026839032769203186,0.0010233340840822029,0.00030377600366132907,0.016039404669305923,-0.9998707606481945,7.800072193145752,drone1
1743169569.529912,-0.06538832187652588,-0.696358323097229,-0.025553539395332336,0.02796536385182352,-0.0001174263883073563,0.015519354705530009,-0.9994884465853522,8.000012636184692,drone1
1743169569.7299201,-0.06173225864768028,-0.6424474120140076,0.0007237643003463745,0.08808661572565096,-0.009237970161750417,0.008346087529521429,-0.9960350602589152,8.200020790100098,drone1
1743169569.929955,-0.047857221215963364,-0.5072547197341919,0.0941798985004425,0.0466851908654998,-0.006885218491127915,-0.0021644092584283685,-0.9988835971623724,8.400055646896362,drone1
1743169570.1299202,-0.026469262316823006,-0.32218995690345764,0.2817959189414978,-0.001090420239484955,-0.0006260564288727665,-0.011349176926467974,-0.9999347817110826,8.60002088546753,drone1
1743169570.3299277,-0.007895714603364468,-0.14499367773532867,0.4969509243965149,-0.022042479084388604,0.0028229656202123773,-0.015682294421872967,-0.9996300599963488,8.800028324127197,drone1
1743169570.5299215,0.00547149870544672,0.0009743987466208637,0.6885760426521301,-0.03369635665216612,0.0042484062811652306,-0.014668114806155264,-0.999315518065912,9.000022172927856,drone1
1743169570.7299151,0.015769895166158676,0.10857114940881729,0.8472822308540344,-0.03847969732007663,0.0044344740806287,-0.010181709222716107,-0.9991977176243241,9.200015783309937,drone1
1743169570.929961,0.02430264838039875,0.17597103118896484,0.977042019367218,-0.03741084929057332,0.004093586418605542,-0.004902900740423655,-0.9992795668041322,9.40006160736084,drone1
1743169571.1299515,0.029413387179374695,0.20070752501487732,1.0520660877227783,-0.03477324814428995,0.0038997175009005073,-0.002222698349918894,-0.9993851868065005,9.600052118301392,drone1
1743169571.3299387,0.03662768378853798,0.21655403077602386,1.1637632846832275,-0.02752685091775885,0.003526575645965372,0.00044561862930575535,-0.9996148028371878,9.800039291381836,drone1
1743169571.5299015,0.0403304323554039,0.19588476419448853,1.2696959972381592,-0.020572152688316157,0.0033594126836925618,0.0009977423447984914,-0.9997822944131702,10.000002145767212,drone1
1743169571.729899,0.040320370346307755,0.16746290028095245,1.3745944499969482,-0.014765373927450275,0.002925881638830902,0.0003579110375546148,-0.9998866921569316,10.199999570846558,drone1
1743169571.9299254,0.03713151067495346,0.13267852365970612,1.4319312572479248,-0.009545523288596243,0.0022013789592899018,-0.0008596692690766571,-0.9999516404504869,10.400026082992554,drone1
1743169572.1298985,0.032070450484752655,0.09449850022792816,1.4515724182128906,-0.004702218685875234,0.0013348537479767155,-0.002050359886357933,-0.9999859901320234,10.599999189376831,drone1
1743169572.3298998,0.026349974796175957,0.0560280941426754,1.4537861347198486,-0.0008319698580950972,0.0006629302909288504,-0.0027948418184542967,-0.9999955153197868,10.800000429153442,drone1
1743169572.529898,0.02033805474638939,0.021372875198721886,1.4544334411621094,0.0019247673815155067,0.00010153669714661486,-0.002963724240437504,-0.9999937872989979,10.999998569488525,drone1
1743169572.7299256,0.016115033999085426,-0.008199432864785194,1.4615693092346191,0.003491130311003834,-0.00015807093215941174,-0.0027873396794194094,-0.9999900362294805,11.200026273727417,drone1
1743169572.929874,0.01421928871423006,-0.03251447528600693,1.476491928100586,0.004264396400363557,-8.947677157180522e-05,-0.002415309447613756,-0.9999880553276004,11.399974584579468,drone1
1743169573.1299005,0.014807196334004402,-0.0502227358520031,1.4969630241394043,0.004478054909805724,0.00022915340317055367,-0.0020135235407593988,-0.9999879288870549,11.600001096725464,drone1
1743169573.3298707,0.015533121302723885,-0.06288115680217743,1.51889967918396,0.004240916819112068,0.0006115400705448783,-0.0016897935973472222,-0.9999894040267527,11.799971342086792,drone1
1743169573.529848,0.015928087756037712,-0.07045035809278488,1.5401101112365723,0.00373495839071796,0.0007637175232662869,-0.0014140267675404883,-0.9999917221034208,11.999948740005493,drone1
1743169573.7298758,0.014205504208803177,-0.07557357847690582,1.5617573261260986,0.0031321554771147372,0.0006245011319606752,0.03235082509890108,-0.9994714614054023,12.199976444244385,drone1
1743169573.9298887,0.012077565304934978,-0.07922686636447906,1.5841600894927979,0.0028310618487115773,0.0005342596255789142,0.03192109583148395,-0.9994862128023811,12.399989366531372,drone1
1743169574.1298792,0.011259186081588268,-0.0790337547659874,1.6078565120697021,0.00322156203137844,0.0004511838243065769,0.025836861074148343,-0.9996609536363072,12.599979877471924,drone1
1743169574.3299553,0.010360516607761383,-0.07508087158203125,1.6325414180755615,0.0013738738271637059,0.0004709610683341878,0.014070051025785901,-0.9999000105610611,12.800055980682373,drone1
1743169574.5299227,0.010519308969378471,-0.06990821659564972,1.666229486465454,-0.00019042999828429593,-0.10031444117391564,0.002078429687466293,-0.9949536564198226,13.000023365020752,drone1
1743169574.7299259,0.1336204558610916,-0.06530383229255676,1.7733051776885986,-0.0003851062915561334,-0.29108039198774294,-0.002609016363369816,-0.956694981124604,13.200026512145996,drone1
1743169574.9299326,0.5023913979530334,-0.053637344390153885,1.8176729679107666,-0.00047262422248900036,-0.24139130171555168,-0.008534104620728305,-0.970390262373431,13.400033235549927,drone1
1743169575.1299834,1.0711504220962524,-0.012036805041134357,1.8121769428253174,-0.005947405013644972,-0.15278643516972062,-0.03649558832831069,-0.9875672104840458,13.600084066390991,drone1
1743169575.3299778,1.748212218284607,0.05006701499223709,1.8009912967681885,-0.025766653644152163,-0.06679599163767,-0.04164909422998026,-0.9965640032077268,13.800078392028809,drone1
1743169575.529998,2.444260835647583,0.08774202316999435,1.7987148761749268,-0.024180281827605538,0.0020727029844248754,-0.02202653308767233,-0.9994627791546091,14.000098705291748,drone1
1743169575.7299974,3.0931522846221924,0.08849652111530304,1.804352045059204,-0.012049699695567516,0.049299300412094404,0.0027864124487522765,-0.9987075076292938,14.200098037719727,drone1
1743169575.9299345,3.6574649810791016,0.07183428108692169,1.8146286010742188,-0.006349401654741864,0.07696672555761633,0.016649817476289134,-0.9968744147470097,14.40003514289856,drone1
1743169576.1299832,4.1210761070251465,0.04943840950727463,1.827254295349121,-0.004958213210738209,0.08988990815186004,0.018019632199741793,-0.9957763629027552,14.600083827972412,drone1
1743169576.3298676,4.442591667175293,0.026473496109247208,1.8393256664276123,-0.003304787075299771,0.09186723281810472,0.013128701164295048,-0.9956792144169377,14.799968242645264,drone1
1743169576.5298874,4.7157697677612305,0.0018246403196826577,1.8529372215270996,-0.0010020386891684012,0.08706782103002139,0.005313031723283351,-0.9961877161442216,14.999988079071045,drone1
1743169576.7299416,4.908176898956299,-0.02224249392747879,1.8668012619018555,0.0012440801376325098,0.07676997880041139,-0.001452759721321912,-0.9970469639448132,15.200042247772217,drone1
1743169576.9299266,5.0338029861450195,-0.046125318855047226,1.880741834640503,0.0031054851654040206,0.06443649383710784,-0.005555376102220839,-0.9979014912983716,15.40002727508545,drone1
1743169577.1299067,5.1084089279174805,-0.06985481828451157,1.895766258239746,0.004855580366258253,0.05170482652249762,-0.006769668954668181,-0.9986276393513658,15.60000729560852,drone1
1743169577.3299432,5.148278713226318,-0.09015335142612457,1.911027193069458,0.006259663111728204,0.03988217980239232,-0.0054824620542969745,-0.9991697742637613,15.800043821334839,drone1
1743169577.5299392,5.165618419647217,-0.10258050262928009,1.9243497848510742,0.006571724963547943,0.030081837655515913,-0.0024627246521884954,-0.9995227962668887,16.00003981590271,drone1
1743169577.7299438,5.161308765411377,-0.07182566076517105,1.9999058246612549,0.2664539567926913,0.020022071119342802,0.008132234420177077,-0.9636053362596018,16.20004439353943,drone1
1743169577.9299161,5.14852237701416,0.18247123062610626,2.0692782402038574,0.3171231193434428,0.014732968269301564,0.015100077856543605,-0.9481497075890203,16.40001678466797,drone1
1743169578.1299334,5.140961647033691,0.6989222168922424,2.0495493412017822,0.185594147911548,0.012385278171767431,0.01939939357944287,-0.9823569327774322,16.60003399848938,drone1
1743169578.3298836,5.1324462890625,1.3683702945709229,2.0181663036346436,0.08624848892914763,0.014070504104407333,0.018644079907279176,-0.99599982549356,16.799984216690063,drone1
1743169578.5298915,5.1079325675964355,2.073209047317505,1.9993014335632324,0.017176994208730482,0.010710951150734652,0.009698832779327038,-0.9997480290253309,16.99999213218689,drone1
1743169578.729928,5.065162658691406,2.738919734954834,1.9905924797058105,-0.03556475278843438,0.0019182492726116248,-0.003130162145207005,-0.9993606151938188,17.200028657913208,drone1
1743169578.9298987,5.017487049102783,3.321742534637451,1.9880905151367188,-0.06699173345595573,-0.004645064760480297,-0.012296890962083917,-0.9976669440864084,17.399999380111694,drone1
1743169579.1298997,4.976659774780273,3.8059725761413574,1.9907422065734863,-0.08108835806972765,-0.007308861490202211,-0.014498600181444554,-0.9965747085072485,17.600000381469727,drone1
1743169579.3298945,4.948776721954346,4.225430011749268,1.9976279735565186,-0.08441296733471777,-0.00798153309497017,-0.010683341013692782,-0.9963416785818319,17.799995183944702,drone1
1743169579.5298536,4.941774845123291,4.501126289367676,2.0088744163513184,-0.0799264590183354,-0.007025950769572832,-0.005094837488542281,-0.9967630627732438,17.999954223632812,drone1
1743169579.7298884,4.947587490081787,4.708486080169678,2.0162227153778076,-0.07079795475887984,-0.004778909980460745,-0.0005517443938560244,-0.9974791377294439,18.199989080429077,drone1
1743169579.929884,4.962447166442871,4.857177257537842,2.0171403884887695,-0.06082769364096471,-0.0019515070873536364,0.001762791938968222,-0.9981448893485219,18.39998459815979,drone1
1743169580.129854,4.9816484451293945,4.95828914642334,2.013566017150879,-0.050623175070669976,0.0009454381057964408,0.0018973246794150023,-0.9987156419710564,18.59995460510254,drone1
1743169580.3298388,5.000794410705566,5.0232672691345215,2.010226249694824,-0.040721338044223274,0.0031269708385214603,0.0008375843204570523,-0.9991653488446677,18.799939393997192,drone1
1743169580.5301857,5.018942832946777,5.063473701477051,2.0088493824005127,-0.031902271995267656,0.004473940652992104,-0.0005664957908348419,-0.9994808601526203,19.0002863407135,drone1
1743169580.7299373,5.030167579650879,5.083199977874756,2.017671823501587,-0.025445941151675554,0.09180645442837397,0.0008903521747927246,-0.9954513685538877,19.200037956237793,drone1
1743169580.9299304,4.912769794464111,5.089792728424072,2.1021196842193604,-0.014838493441260588,0.29334901986582684,0.004830618895227697,-0.9558780487599174,19.400031089782715,drone1
1743169581.1299236,4.5437397956848145,5.093079566955566,2.125337839126587,-0.012666455603251674,0.24774067176015732,0.0026574852391575018,-0.9687399603731385,19.600024223327637,drone1
1743169581.3299408,3.987300395965576,5.093282699584961,2.1001553535461426,-0.011991974318175775,0.1519716259525278,0.0006892274136987657,-0.9883118610035363,19.800041437149048,drone1
1743169581.5299587,3.581770896911621,5.009822368621826,2.1143248081207275,-0.009711371466758892,0.1245319360345784,0.37374088809302186,-0.9190839343036039,20.000059366226196,drone1
1743169581.7299883,3.3003997802734375,4.921731948852539,2.144812822341919,-0.01809722454785024,0.15671239303508616,0.8051999253932572,-0.5716351986157693,20.20008897781372,drone1
1743169581.9299533,2.9549717903137207,4.931865692138672,2.1184682846069336,-0.17702705811350378,0.07999744748211791,0.9580680833022405,-0.21063620898483376,20.40005397796631,drone1
1743169582.1299362,2.4910361766815186,4.976166248321533,2.03239107131958,-0.12415309381838222,-0.06918885130300678,0.988038032928761,0.05983217190824729,20.60003685951233,drone1
1743169582.3299327,1.938873529434204,4.969557762145996,1.9510369300842285,-0.023706848253916328,0.002939556315539025,0.9630465954888928,0.26827358375687643,20.80003333091736,drone1
1743169582.5299342,1.4043426513671875,4.945204734802246,1.957554578781128,0.053293677100572145,0.06507736959594125,0.865904789946771,0.4930856955775311,21.00003480911255,drone1
1743169582.7299821,0.9787989258766174,4.945413112640381,1.9840049743652344,0.05605645027102969,0.05546912636376854,0.683240331378399,0.7259225212565444,21.200082778930664,drone1
1743169582.9299314,0.6603674292564392,4.944432735443115,1.9981024265289307,0.026567026248641067,0.05855631041265952,0.4176700214603201,0.9063206252424741,21.40003204345703,drone1
1743169583.1299586,0.41953277587890625,4.941877841949463,2.00266170501709,-0.0030355661779024688,0.05762413802743197,0.1270854766085957,0.990211883081256,21.600059270858765,drone1
1743169583.3299358,0.2363385707139969,4.954460144042969,2.015143394470215,-0.02074795707162283,0.050260768808303984,-0.08421977144950005,0.9949625915517069,21.800036430358887,drone1
1743169583.5299408,0.09305676817893982,4.989528656005859,2.0109188556671143,-0.016075964426211047,0.04686436897232064,-0.17997998222401046,0.9824217546304419,22.000041484832764,drone1
1743169583.7299423,-0.017529141157865524,5.037588596343994,1.9930024147033691,0.001828271019396819,0.04337014103258745,-0.17296986549858745,0.983970061257338,22.200042963027954,drone1
1743169583.9299154,-0.10106822848320007,5.079617500305176,1.996783971786499,0.016636992980540603,0.03567032800977614,-0.09829180337716581,0.9943789841403765,22.40001606941223,drone1
1743169584.1299553,-0.16371196508407593,5.102421760559082,1.999328851699829,0.023176684692858926,0.029325518056616113,-0.008417526437747345,0.9992658269315177,22.600055932998657,drone1
1743169584.3299184,-0.2056102305650711,5.066205978393555,2.040431022644043,0.2761411570418291,0.01658107596636776,0.045402945439451614,0.9599009654502821,22.800019025802612,drone1
1743169584.529918,-0.2255522459745407,4.789461135864258,2.0904178619384766,0.29979052292127706,-0.006647095382486594,0.06381344751228324,0.951845185413304,23.00001859664917,drone1
1743169584.7299376,-0.23958148062229156,4.249099254608154,2.0725297927856445,0.18529288750674808,7.603291471358254e-05,0.06148778441145214,0.9807577549043833,23.200038194656372,drone1
1743169584.929918,-0.2473253607749939,3.558053731918335,2.041382074356079,0.08476129786677014,0.010048248592728393,0.04274819974544741,0.9954331189684826,23.4000186920166,drone1
1743169585.1299083,-0.24303852021694183,2.8324739933013916,2.0190646648406982,0.00846617509618539,0.011615545667601307,0.022066235418969626,0.9996531986161813,23.600008964538574,drone1
1743169585.3299344,-0.22800853848457336,2.1491081714630127,2.0092227458953857,-0.043834089589728426,0.0077629463677025235,0.008632011749819035,0.998971346900972,23.800034999847412,drone1
1743169585.5299382,-0.20758551359176636,1.5529521703720093,2.00848650932312,-0.07346716735863551,0.0035684261494475645,0.004021947312848995,0.9972831548838683,24.000038862228394,drone1
1743169585.7299914,-0.19054077565670013,1.061168909072876,2.0113232135772705,-0.08634777373334915,0.0016034794857749455,0.005542268432334019,0.9962483654592288,24.20009207725525,drone1
1743169585.9300275,-0.17992857098579407,0.6733769178390503,2.016714096069336,-0.08835934798236497,0.0016477547501356417,0.009572139352703124,0.9960413822861918,24.40012812614441,drone1
1743169586.129956,-0.17679691314697266,0.37730032205581665,2.0224738121032715,-0.08336004949686267,0.0026967871753937602,0.01313776273672479,0.996429301879886,24.600056648254395,drone1
1743169586.329951,-0.1789228469133377,0.22254222631454468,2.025205135345459,-0.07784842445757406,0.0036753026547370884,0.014503067747386689,0.9968529620011175,24.80005168914795,drone1
1743169586.5299032,-0.18757681548595428,0.0597052276134491,2.0280115604400635,-0.06928231720793576,0.005317978709627218,0.014226373686912597,0.9974814979529605,25.000003814697266,drone1
1743169586.7298875,-0.19659584760665894,-0.04963253438472748,2.0263383388519287,-0.05629859593416219,0.0068943762110559225,0.012618387122524999,0.9983104421694728,25.19998812675476,drone1
1743169586.9299133,-0.2054457813501358,-0.11362815648317337,2.02091383934021,-0.00713354739328197,-0.0025965932504990945,0.011111300113472444,0.9999094936019761,25.40001392364502,drone1
1743169587.129899,-0.21917419135570526,-0.1745942234992981,1.972459077835083,-0.004207862494622892,-0.002995823510754094,0.011797661541472382,0.9999171221815566,25.59999966621399,drone1
1743169587.3299034,-0.23704832792282104,-0.24131205677986145,1.8516604900360107,-0.03324016838350744,0.0012242026302034309,0.014138160332979377,0.9993467067338101,25.80000400543213,drone1
1743169587.5299044,-0.2531120479106903,-0.28951892256736755,1.6955540180206299,-0.035836075759901415,0.0034298249210304574,0.016737946536525328,0.9992116682311812,26.00000500679016,drone1
1743169587.7299228,-0.2652236223220825,-0.31353679299354553,1.556919813156128,0.0004925315290569124,0.003931760794933678,0.018410797100771203,0.9998226710940437,26.200023412704468,drone1
1743169587.9298582,-0.2728935480117798,-0.3428855836391449,1.4449748992919922,0.012729828987616135,0.006620001215066761,0.018911712395323133,0.9997181890565852,26.399958848953247,drone1
1743169588.1298592,-0.27520751953125,-0.39006033539772034,1.3327586650848389,0.0022007602567245287,0.006347861319137696,0.018276432947718524,0.9998104485079755,26.59995985031128,drone1
1743169588.3298953,-0.274543434381485,-0.446720689535141,1.2159008979797363,-0.0026206378629384333,0.005699749967158821,0.01695289546393086,0.9998366217009007,26.79999589920044,drone1
1743169588.5298698,-0.2735683023929596,-0.506060004234314,1.0954797267913818,-0.006034877093416588,0.0053532026913159945,0.01564040045445314,0.9998451775111485,26.99997043609619,drone1
1743169588.7298565,-0.2713385224342346,-0.5659164190292358,0.9702609181404114,-0.009581954958594732,0.005105581642190079,0.014735844791712305,0.9998325334565952,27.199957132339478,drone1
1743169588.9298494,-0.2671193480491638,-0.6212835907936096,0.8428207039833069,-0.012347464546119078,0.004802280407960034,0.014256424389900879,0.999810659242218,27.39995002746582,drone1
1743169589.1298754,-0.2597704231739044,-0.6644612550735474,0.7154362797737122,-0.013678073151561146,0.004186104348715146,0.014097952239499945,0.9997982680687558,27.599976062774658,drone1
1743169589.3298697,-0.24911078810691833,-0.6950558423995972,0.5865606665611267,-0.013200766677620353,0.0032915901726320593,0.014132849830066907,0.9998075403754282,27.799970388412476,drone1
1743169589.5298662,-0.2372189611196518,-0.7151330709457397,0.4552401304244995,-0.012141365469084045,0.002329965701373976,0.014210189297084452,0.9998225868003466,27.999966859817505,drone1
1743169589.7298815,-0.22374708950519562,-0.7213159799575806,0.3141897916793823,-0.010646026564781653,0.0014941703170729135,0.014204373031989959,0.9998413842947824,28.199982166290283,drone1
1743169589.9298759,-0.210697203874588,-0.7214853167533875,0.18360716104507446,-0.008012406320049037,0.0007400769278824741,0.014050326300682647,0.99986890618686,28.3999764919281,drone1
1743169590.1298833,-0.20180021226406097,-0.7176085710525513,0.07121634483337402,-0.006577192200053215,0.0003429192718302238,0.013846672728678011,0.9998824774720807,28.59998393058777,drone1
1743169590.3298957,-0.1919500231742859,-0.7104936838150024,-0.06482395529747009,-0.005152077353995689,0.00023382264836815548,0.013606267104771808,0.9998941942959666,28.799996376037598,drone1
1743169590.5298827,-0.18224656581878662,-0.7020595669746399,-0.20196549594402313,-0.003994062068839254,5.352155852440513e-06,0.013348539126127712,0.9999029186936084,28.999983310699463,drone1
1743169590.7298744,-0.1793268918991089,-0.6997519135475159,-0.23629876971244812,-0.0014551064858352963,0.0020497684722307107,0.014152195233533449,0.9998966809600287,29.19997501373291,drone1
1743169590.9299052,-0.18324556946754456,-0.703108012676239,-0.21635255217552185,-0.0010392482237079244,0.001778437515911639,0.014285252834282391,0.9998958801699069,29.40000581741333,drone1
1743169591.129884,-0.18432457745075226,-0.7083527445793152,-0.20300686359405518,-0.0006930227291753119,0.0016776476082371377,0.014420923539638919,0.9998944050302092,29.599984645843506,drone1
1743169591.3299267,-0.18299616873264313,-0.7136246562004089,-0.19535109400749207,-0.00044579919397802703,0.0016467850845066547,0.014522666031944187,0.9998931406247538,29.80002737045288,drone1
1743169591.5298977,-0.18043184280395508,-0.7185541391372681,-0.19108188152313232,-0.00023593995127950718,0.0016440762028320996,0.014624534964794988,0.9998916654850559,29.999998331069946,drone1
1743169591.7300477,-0.17592017352581024,-0.7251744866371155,-0.15430034697055817,-1.9889361230156148e-05,0.0016701260009801813,0.014739174392744636,0.9998899796111156,30.200148344039917,drone1
1743169591.9299326,-0.17305390536785126,-0.7276734709739685,-0.09934470057487488,0.00012772997567925013,0.001693681644122342,0.014828357124193725,0.9998886309119632,30.400033235549927,drone1
1743169592.129943,-0.17080353200435638,-0.7296185493469238,-0.05205465853214264,0.00025389055747797616,0.0016661912798630481,0.014907256024606075,0.9998874508002049,30.600043535232544,drone1
1743169592.3299563,-0.1698608696460724,-0.7299791574478149,-0.017982035875320435,0.0003784997730520218,0.0016721615620543559,0.014982277414955447,0.9998863549821435,30.80005693435669,drone1
1743169592.5299273,-0.16789114475250244,-0.730681836605072,0.004944548010826111,0.0005283740898338562,0.0016918585048110238,0.015072134495980716,0.9998848376955972,31.000027894973755,drone1
1743169592.729936,-0.1653238832950592,-0.7316800951957703,0.018289268016815186,0.0006755405950759609,0.0017379224583734627,0.015135944824626213,0.9998837418775359,31.20003652572632,drone1
1743169592.9299464,-0.16398565471172333,-0.7338612079620361,0.026434212923049927,0.0008101647908912809,0.0017630369586840821,0.015217077508009658,0.9998823510315351,31.400047063827515,drone1
1743169593.1299255,-0.16450351476669312,-0.738593339920044,0.03185918927192688,0.0009472614509027901,0.001765675376096283,0.015256990573549511,0.9998816345351104,31.60002613067627,drone1
1743169593.3299472,-0.165493443608284,-0.7440020442008972,0.035565346479415894,0.001061051232960029,0.0017670915349016682,0.015323414006802705,0.9998804544233522,31.800047874450684,drone1
1743169593.5299158,-0.16535179316997528,-0.7494476437568665,0.03794574737548828,0.001149038562070481,0.0017693432426310722,0.015386971454357135,0.9998794428989877,32.00001645088196,drone1
1743169593.7299163,-0.16524487733840942,-0.7554649114608765,0.03764641284942627,0.0012545782837473552,0.0017980721850532706,0.015439233546510611,0.9998784313746236,32.20001697540283,drone1
1743169593.9299202,-0.16425926983356476,-0.7597167491912842,0.03696659207344055,0.001329163552996335,0.0018336163016910028,0.015499377099335632,0.9998773777034108,32.40002083778381,drone1
1743169594.1299489,-0.16234704852104187,-0.762113630771637,0.03730115294456482,0.0013697570802285405,0.0018784452167672676,0.015555685288946242,0.9998762818853495,32.60004949569702,drone1
1743169594.329953,-0.15940119326114655,-0.7617762088775635,0.03564620018005371,0.0013785827702474298,0.0019381832296524913,0.015616039576013874,0.9998752703609852,32.80005359649658,drone1
1743169594.5299277,-0.15707439184188843,-0.7577846050262451,0.03176635503768921,0.001364500495647759,0.0019761446573838696,0.015694474861092655,0.9998739638086813,33.00002837181091,drone1
1743169594.7299423,-0.1552039384841919,-0.7535780668258667,0.025525808334350586,0.0013454310634891352,0.0020094623585172073,0.015752426777795037,0.9998729944311656,33.200042963027954,drone1
1743169594.9299204,-0.15384380519390106,-0.7493287920951843,0.017546728253364563,0.001351723126990656,0.0020348643958236247,0.015790106060363795,0.9998724043752865,33.40002107620239,drone1
1743169595.1299622,-0.15330295264720917,-0.7452837824821472,0.01191684603691101,0.0013514847132992504,0.0020589174252849556,0.01582850183935719,0.9998716878788618,33.60006284713745,drone1
1743169595.3299222,-0.15293104946613312,-0.7418015599250793,0.009458929300308228,0.0013400118389943977,0.002076499946262618,0.015892143580608753,0.9998706763544976,33.80002284049988,drone1
1743169595.5299153,-0.15201213955879211,-0.7397257685661316,0.0075181275606155396,0.0013454189009952534,0.002101241710381719,0.015951570637009027,0.9998696648301333,34.0000159740448,drone1
1743169595.729925,-0.15115106105804443,-0.7381676435470581,0.004441365599632263,0.001361122553332609,0.002127390207887935,0.01600429634449624,0.9998687797463145,34.20002555847168,drone1
1743169595.9299042,-0.15111921727657318,-0.7365102767944336,-0.0009798258543014526,0.001353143586914859,0.002125201247102432,0.016037676648516852,0.9998682739841324,34.400004863739014,drone1
1743169596.1299028,-0.15160714089870453,-0.7350801229476929,-0.007021278142929077,0.0013390489234466317,0.0021246801737604907,0.016081256489877016,0.9998675996345563,34.600003480911255,drone1
1743169596.3299177,-0.15358583629131317,-0.7343539595603943,-0.014073535799980164,0.0013759305851391089,0.002106197257804289,0.016128165932269678,0.9998667988444345,34.800018310546875,drone1
1743169596.529913,-0.15611416101455688,-0.7341658473014832,-0.020480066537857056,0.0013855676225713485,0.0020613544309752933,0.016144181734703833,0.9998666302570405,35.00001358985901,drone1
1743169596.730004,-0.15767821669578552,-0.733995258808136,-0.02738608419895172,0.0014055172612034389,0.0020584854612467505,0.01620529466504461,0.9998656187326762,35.20010471343994,drone1
1743169596.9299457,-0.16072246432304382,-0.7336185574531555,-0.03498475253582001,0.001414199532576199,0.0020627956144719816,0.016243985471977584,0.9998649443831,35.40004634857178,drone1
1743169597.129907,-0.16431525349617004,-0.7348087430000305,-0.044374436140060425,0.0014307766413058144,0.0020009979007404627,0.01629519389291839,0.9998642278866754,35.6000075340271,drone1
1743169597.3298998,-0.1645689308643341,-0.7374367713928223,-0.04888951778411865,0.0014516213654013487,0.002021065254203355,0.016340375314521982,0.9998633849497052,35.80000042915344,drone1
1743169597.5299418,-0.16404728591442108,-0.7420589923858643,-0.04325057566165924,0.0014913362502032943,0.0020691034007236306,0.01637552578618018,0.999862710600129,36.00004243850708,drone1
1743169597.7299063,-0.16356100142002106,-0.7472634315490723,-0.0361042320728302,0.001504401011799584,0.002055451875970728,0.016432634765912446,0.9998617412226132,36.20000696182251,drone1
1743169597.9299219,-0.1649986207485199,-0.7517071962356567,-0.03304024040699005,0.0014872648811007547,0.002050886989498003,0.016466900153751796,0.9998611933135826,36.40002250671387,drone1
1743169598.1299403,-0.16717520356178284,-0.7549622654914856,-0.03217454254627228,0.0014591560612304013,0.0020357844236603083,0.016523587664998896,0.9998603925234609,36.600040912628174,drone1
1743169598.3299077,-0.16917702555656433,-0.7585374116897583,-0.03315865993499756,0.0014599165155009942,0.002019225815915464,0.01657766207163841,0.9998595074396421,36.80000829696655,drone1
1743169598.5298748,-0.17157797515392303,-0.7630152702331543,-0.03485389053821564,0.001469267826934833,0.001982475760227004,0.016631483597186747,0.9998587066495204,36.99997544288635,drone1
1743169598.7298768,-0.1749815195798874,-0.7658051252365112,-0.03701642155647278,0.001470296946785167,0.001931634004520603,0.016695167485286766,0.9998577372720048,37.1999773979187,drone1
1743169598.9298792,-0.1793476939201355,-0.7664571404457092,-0.03984995186328888,0.0014260775146510403,0.0018882930296010934,0.01675771340847687,0.9998568100413374,37.39997982978821,drone1
1743169599.1298826,-0.18215331435203552,-0.7659772634506226,-0.04137575626373291,0.0014088638609159117,0.0018458507827193375,0.01680146183723119,0.9998561356917612,37.59998321533203,drone1
1743169599.3298965,-0.1821332722902298,-0.7652583718299866,-0.0412524938583374,0.0013803858445307707,0.001839973849212036,0.016841922811801635,0.9998555456358821,37.799997091293335,drone1
1743169599.529898,-0.18112023174762726,-0.7667603492736816,-0.042909473180770874,0.001383859378697157,0.0018911700459203428,0.01687155204630486,0.9998549977268516,37.999998569488525,drone1
1743169599.7298741,-0.1800161898136139,-0.7696393132209778,-0.04632599651813507,0.0014085408448347462,0.0019237654883645509,0.016881751583644466,0.9998546605520634,38.19997477531433,drone1
1743169599.9298615,-0.17885912954807281,-0.772563636302948,-0.0514196902513504,0.0014442987003243505,0.0019348337693873116,0.016927143739490724,0.9998538597619417,38.399962186813354,drone1
1743169600.12987,-0.17584247887134552,-0.7749863862991333,-0.05781027674674988,0.0014643434574788128,0.0019540218012959205,0.01697801498564333,0.9998528903844259,38.59997057914734,drone1
1743169600.3298717,-0.17231863737106323,-0.7759664058685303,-0.06563952565193176,0.0014388829949268278,0.001970597181346202,0.01701518850603001,0.9998523003285469,38.79997229576111,drone1
1743169600.5298574,-0.16659311950206757,-0.7762635946273804,-0.07374238967895508,0.0014038962744765552,0.0020473303552465153,0.0170601591933911,0.9998514152447281,38.99995803833008,drone1
1743169600.7298872,-0.16053955256938934,-0.7795881032943726,-0.08157038688659668,0.0014418411151181387,0.002103406901826387,0.017105003440206712,0.9998504880140608,39.19998788833618,drone1
1743169600.9298708,-0.154992014169693,-0.7804619669914246,-0.08886837959289551,0.0014338735703316985,0.002149548954651569,0.017146939554474994,0.9998496872239391,39.39997148513794,drone1
1743169601.129862,-0.14953047037124634,-0.7782793641090393,-0.0965486466884613,0.0013835021183015766,0.002217453824934477,0.01716792868503353,0.999849265755454,39.59996271133423,drone1
1743169601.329877,-0.14686480164527893,-0.7764571905136108,-0.10589291155338287,0.0013516483616094841,0.002257873599314155,0.017200423905235296,0.9998486335527264,39.79997754096985,drone1
1743169601.5299044,-0.1473117172718048,-0.7769988775253296,-0.11637753993272781,0.0013739767659019875,0.0022164144770647535,0.017241854257321554,0.9998480013499986,40.00000500679016,drone1
1743169601.72994,-0.14915961027145386,-0.7813270092010498,-0.12659043073654175,0.001415594556218781,0.002134439103665255,0.017277974106495453,0.999847453440968,40.20004057884216,drone1
1743169601.9298575,-0.1514035016298294,-0.7875698208808899,-0.13422465324401855,0.0014662731781028451,0.0020875533688749174,0.017330531226588453,0.9998465683571494,40.39995813369751,drone1
1743169602.1299758,-0.15500667691230774,-0.7940206527709961,-0.1395554393529892,0.0015026181054418,0.0020194402544708757,0.017351436063449854,0.9998463154760582,40.60007643699646,drone1
1743169602.3299403,-0.15855348110198975,-0.8015268445014954,-0.14425447583198547,0.001561833151669622,0.00200236316640309,0.017388440996442434,0.999845641126482,40.80004096031189,drone1
1743169602.5299888,-0.16075804829597473,-0.8076773881912231,-0.14666509628295898,0.0015943284953486166,0.0019845187916654413,0.017427005362829984,0.9998449246300574,41.00008940696716,drone1
1743169602.7299504,-0.16218313574790955,-0.8102779984474182,-0.14678722620010376,0.0015827201049317305,0.001996711640333162,0.017488455467958797,0.9998439131056931,41.200051069259644,drone1
1743169602.929946,-0.1643970012664795,-0.8121678233146667,-0.13544981181621552,0.0015401535371945769,0.002000779037589138,0.017534479826532667,0.9998430701687229,41.400046586990356,drone1
1743169603.1299708,-0.16552145779132843,-0.8115313053131104,-0.12004160135984421,0.0014798055062998025,0.0020198238154877438,0.017597784392996085,0.9998420586443586,41.6000714302063,drone1
1743169603.3299391,-0.16366590559482574,-0.8079186677932739,-0.10717993974685669,0.001399557453985711,0.0020748911014501,0.017625812047255773,0.999841595029025,41.800039768218994,drone1
1743169603.5299935,-0.1605360507965088,-0.8041046261787415,-0.10000498592853546,0.0013672373860434191,0.0021183096199854246,0.017676135384377845,0.9998405835046609,42.000094175338745,drone1
1743169603.7299633,-0.15790493786334991,-0.8010912537574768,-0.09677562117576599,0.0013741952380425105,0.002124116006912308,0.017708377723488655,0.9998400355956301,42.200063943862915,drone1
1743169603.9299507,-0.15597978234291077,-0.7981933951377869,-0.09549076855182648,0.0013498778235407408,0.0021127360285421123,0.017734845944353483,0.9998396141271451,42.40005135536194,drone1
1743169604.1299295,-0.1556658297777176,-0.7936524748802185,-0.09398750960826874,0.0013120878643356287,0.002097967550565124,0.017787529504992128,0.9998387711901748,42.600030183792114,drone1
1743169604.3299396,-0.15418146550655365,-0.7879615426063538,-0.09345066547393799,0.0012669658763737957,0.002087949606873564,0.01785559666533726,0.999837633225265,42.80004024505615,drone1
1743169604.529935,-0.15075869858264923,-0.7828214168548584,-0.0950431227684021,0.0012181539400566404,0.0021220292440026376,0.017900735940092338,0.9998367481414463,43.000035524368286,drone1
1743169604.7299404,-0.1465916782617569,-0.7807866930961609,-0.09832219779491425,0.001204198970342169,0.0021819736694320825,0.017925560433865284,0.9998362845261126,43.20004105567932,drone1
1743169604.9299738,-0.14267320930957794,-0.7835258841514587,-0.10288074612617493,0.0012459059522807623,0.0022076229490422153,0.017958434975703708,0.9998355258828394,43.40007448196411,drone1
1743169605.1299706,-0.1397276520729065,-0.7888182997703552,-0.10801991075277328,0.0013000229996771313,0.0022165500137563024,0.01797200626092421,0.9998351887080513,43.60007119178772,drone1
1743169605.3299556,-0.13833323121070862,-0.7935157418251038,-0.11423412710428238,0.0013712497742534627,0.00218665876085703,0.018012888703979824,0.9998344300647781,43.80005621910095,drone1
1743169605.5299447,-0.13901641964912415,-0.7980697154998779,-0.12168370932340622,0.001392686591600221,0.0021640602709981902,0.018056047076854986,0.999833671421505,44.00004529953003,drone1
1743169605.729992,-0.1399271935224533,-0.8013488054275513,-0.12745589017868042,0.001380335589353005,0.0021407303439861403,0.018088753031299476,0.9998331656593229,44.20009255409241,drone1
1743169605.929947,-0.14078260958194733,-0.8014394044876099,-0.13158610463142395,0.0013413418107873006,0.00213692959551735,0.018118972321681748,0.9998327020439892,44.40004754066467,drone1
1743169606.1299474,-0.1420089155435562,-0.7982060313224792,-0.13359850645065308,0.0012691561954073461,0.0021134471331336387,0.018178736552870167,0.999831774813322,44.60004806518555,drone1
1743169606.3299835,-0.1439651995897293,-0.7949031591415405,-0.1339506059885025,0.0011956991363776361,0.0020855206066149015,0.018211737535254235,0.9998313111979884,44.80008411407471,drone1
1743169606.529929,-0.14625106751918793,-0.7950684428215027,-0.13375425338745117,0.0011865238415430716,0.0020621628149383574,0.018241872531939596,0.9998307632889577,45.00002956390381,drone1
1743169606.729922,-0.14816556870937347,-0.7963880300521851,-0.1324329674243927,0.0012013199372303638,0.0020527763331118893,0.01828022616408448,0.9998300889393814,45.20002269744873,drone1
1743169606.9299026,-0.1495722383260727,-0.7972673177719116,-0.13167332112789154,0.0012086903673637064,0.0020567302343378175,0.01833628147260391,0.9998290774150174,45.40000319480896,drone1
1743169607.129921,-0.1485401839017868,-0.7956055402755737,-0.13276153802871704,0.00118453894723698,0.0020846765171917943,0.018368144490078175,0.9998284030654412,45.60002160072327,drone1
1743169607.3299127,-0.14855888485908508,-0.7915719151496887,-0.13695555925369263,0.001152024299972095,0.0020917357850451152,0.018384708201543032,0.9998281923311985,45.800013303756714,drone1
1743169607.5299113,-0.1509578377008438,-0.7895814776420593,-0.14260363578796387,0.0011153123781265507,0.002039523124888737,0.01841539110725887,0.9998277708627135,46.000011920928955,drone1
1743169607.7299092,-0.15392844378948212,-0.7914527058601379,-0.14762619137763977,0.0011667171276487293,0.0019826656268404617,0.018455177732253247,0.9998270965131373,46.20000982284546,drone1
1743169607.9298809,-0.1572881042957306,-0.795132040977478,-0.1515289843082428,0.0012227111503699444,0.0019820314896383056,0.018492224812094227,0.9998262957230155,46.39998149871826,drone1
1743169608.1298914,-0.15881040692329407,-0.8002281785011292,-0.1551760733127594,0.0012833293491491186,0.0019804386351096226,0.018488431595728272,0.9998262957230156,46.59999203681946,drone1
1743169608.3298688,-0.15695390105247498,-0.805591881275177,-0.15825094282627106,0.0013453926826920292,0.002051185289580603,0.018519114501444167,0.9998255370797424,46.79996943473816,drone1
1743169608.5298686,-0.15508165955543518,-0.8105051517486572,-0.16314759850502014,0.0013622964089180884,0.0020927629498414414,0.01854520340067245,0.9998249891707118,46.999969244003296,drone1
1743169608.72987,-0.1537001132965088,-0.8135403990745544,-0.165717214345932,0.0013566245297069602,0.0021256768397142907,0.01856505456632107,0.9998245255553782,47.199970722198486,drone1
1743169608.9298713,-0.15381547808647156,-0.8170111179351807,-0.17058590054512024,0.0013589035876129614,0.002128236766852946,0.018579932403845367,0.9998242305274385,47.3999719619751,drone1
1743169609.1299202,-0.15577013790607452,-0.8187687397003174,-0.1751556694507599,0.0013448245645767988,0.002105653629312949,0.018607285708528987,0.999823766912105,47.60002088546753,drone1
1743169609.3298955,-0.15883147716522217,-0.8207471966743469,-0.17950034141540527,0.001341007969880785,0.002084911123672763,0.018635229069091708,0.9998233032967714,47.79999613761902,drone1
1743169609.5299122,-0.16120877861976624,-0.8207127451896667,-0.18430817127227783,0.0013208016841062243,0.002086704175731873,0.018665321918928446,0.9998227975345891,48.00001287460327,drone1
1743169609.7300055,-0.16445399820804596,-0.8183553218841553,-0.1896188110113144,0.0012879375555027595,0.002074066500828526,0.018719438472416472,0.9998218703039219,48.200106143951416,drone1
1743169609.929897,-0.1671348214149475,-0.8163862228393555,-0.19395825266838074,0.0012499561656409831,0.0020732089112430055,0.01874923629431363,0.9998213223948913,48.39999771118164,drone1
1743169610.1298366,-0.16858886182308197,-0.8162053823471069,-0.19561314582824707,0.0012456213375762186,0.002062227311141108,0.018770984068145313,0.9998209009264062,48.599937200546265,drone1
1743169610.3298886,-0.16753537952899933,-0.8163514733314514,-0.19540545344352722,0.0012631418730520672,0.002087059748607152,0.01879964392513278,0.999820310870527,48.799989223480225,drone1
1743169610.5299156,-0.16433604061603546,-0.8161227107048035,-0.1961546540260315,0.0012794018720215733,0.002132610078612396,0.01880967487507834,0.9998199736957389,49.00001621246338,drone1
1743169610.7298706,-0.15924133360385895,-0.8144974708557129,-0.19695773720741272,0.001270763208642951,0.0021887176179431742,0.018799222456647613,0.999820142283133,49.199971199035645,drone1
1743169610.9298582,-0.15549618005752563,-0.8106200098991394,-0.19788625836372375,0.0012388712563693957,0.0022343168448781363,0.018818230685325954,0.9998196786677993,49.39995884895325,drone1
1743169611.1298747,-0.1532059609889984,-0.8053519129753113,-0.20023119449615479,0.001182823274157558,0.0022232265437733896,0.01885852307250241,0.9998190043182231,49.59997534751892,drone1
1743169561.5298994,-0.10411527752876282,2.250525951385498,-0.10943379253149033,-8.673627976086692e-05,-0.001029577909198393,0.006706532975599089,-0.9999770128532905,0.0,drone2
1743169561.7299142,-0.102818064391613,2.255650758743286,-0.06398628652095795,-2.929728691204283e-05,-0.0010303880012612753,0.006701011738444063,-0.999977055000139,0.20001482963562012,drone2
1743169561.9299035,-0.10339164733886719,2.259652614593506,-0.027528122067451477,-1.6052845562106615e-06,-0.0009890881644647423,0.006674248489639711,-0.9999772657343815,0.40000414848327637,drone2
1743169562.1298478,-0.10335651785135269,2.2633352279663086,-0.0014186352491378784,-1.8995016629161078e-05,-0.0009831844364277724,0.0066615201413893765,-0.9999773500280786,0.5999484062194824,drone2
1743169562.329873,-0.1036769300699234,2.266477346420288,0.019208893179893494,-1.4223326601413533e-05,-0.0009731140972887959,0.006643312702832749,-0.9999775186154727,0.799973726272583,drone2
1743169562.529862,-0.10421114414930344,2.2655773162841797,0.037587299942970276,-4.664404895584725e-05,-0.0009506867055249364,0.006657347603386876,-0.9999773921749271,0.999962568283081,drone2
1743169562.7300434,-0.10438362509012222,2.262331247329712,0.058831289410591125,-9.805834737339162e-05,-0.0009297558561554677,0.006660129295388506,-0.9999773921749271,1.2001440525054932,drone2
1743169562.9299235,-0.10348048061132431,2.2598822116851807,0.07677556574344635,-0.00013755052065454382,-0.0009319539954050505,0.006667884315514627,-0.9999773078812302,1.400024175643921,drone2
1743169563.1299548,-0.10339286923408508,2.2586960792541504,0.08982749283313751,-0.00014597742081481769,-0.000953940903211133,0.006641163213558676,-0.9999774764686241,1.600055456161499,drone2
1743169563.3299232,-0.10410809516906738,2.2608675956726074,0.09871090948581696,-9.904151316477802e-05,-0.0009656165269063808,0.006638170787314435,-0.9999775186154727,1.8000237941741943,drone2
1743169563.5299537,-0.10390137881040573,2.262850284576416,0.10417552292346954,-8.600093249964077e-05,-0.0009945058043367573,0.006620679845182331,-0.9999776450560183,2.000054359436035,drone2
1743169563.7299323,-0.10284804552793503,2.260631561279297,0.10604433715343475,-0.00013897487010724685,-0.0010276241311203036,0.00665334365277831,-0.9999773500280786,2.200032949447632,drone2
1743169563.9299703,-0.1000855341553688,2.256564140319824,0.10513143241405487,-0.00020954260626721463,-0.0010927598629061758,0.006694900445410046,-0.9999770128532904,2.400070905685425,drone2
1743169564.1299624,-0.09719602763652802,2.2524254322052,0.10188205540180206,-0.0002396684656474557,-0.001128745615954574,0.006713023590269762,-0.9999768442658965,2.6000630855560303,drone2
1743169564.329952,-0.09550640732049942,2.2499499320983887,0.09752495586872101,-0.00023120513974408396,-0.0011251006132619213,0.006722885952821334,-0.9999767599721994,2.8000526428222656,drone2
1743169564.529971,-0.09602365642786026,2.2491295337677,0.09309838712215424,-0.00020682483424180174,-0.0011102847612393897,0.006706912297235634,-0.999976886412745,3.0000715255737305,drone2
1743169564.7299368,-0.09563799947500229,2.248544692993164,0.08716164529323578,-0.0001727553633935698,-0.0010763664263557398,0.006688241243345272,-0.9999770971469876,3.2000374794006348,drone2
1743169564.929924,-0.09214421361684799,2.2488064765930176,0.07994754612445831,-0.00014522486907832046,-0.0010909905184493533,0.006692919543530074,-0.999977055000139,3.400024652481079,drone2
1743169565.1299155,-0.08783801645040512,2.250138998031616,0.07234875857830048,-0.0001091312382077083,-0.0011223435343611884,0.00670299264032409,-0.9999769285595935,3.6000161170959473,drone2
1743169565.3300486,-0.08550909161567688,2.254242181777954,0.06465102732181549,-6.85872870292442e-05,-0.0011168567061568034,0.0066901799983767885,-0.9999770128532905,3.8001492023468018,drone2
1743169565.5299413,-0.08490567654371262,2.259241819381714,0.05837385356426239,-6.114709233654026e-06,-0.0010847345514186763,0.0066643861270881954,-0.9999772657343815,4.000041961669922,drone2
1743169565.7299287,-0.0859578400850296,2.263700008392334,0.05291499197483063,-2.9923027671175573e-06,-0.0010212832941661602,0.006656673253810752,-0.9999773078812302,4.200029373168945,drone2
1743169565.9298997,-0.08719375729560852,2.26665997505188,0.0473891943693161,2.4774444390370643e-05,-0.0009801876061671017,0.006647738121926372,-0.9999774764686241,4.400000333786011,drone2
1743169566.129904,-0.08774638921022415,2.266479015350342,0.0422082394361496,7.143355755244501e-06,-0.0009857469154263966,0.006662320931511145,-0.9999773078812301,4.60000467300415,drone2
1743169566.3299098,-0.08947236835956573,2.2636921405792236,0.04077078402042389,-5.125052663015463e-05,-0.0009752087215735302,0.006666957084847325,-0.99997730788123,4.800010442733765,drone2
1743169566.5298889,-0.09145559370517731,2.2596306800842285,0.08157680928707123,-0.00011723339360748312,-0.0009480262268717181,0.006681792775523165,-0.999977223587533,4.9999895095825195,drone2
1743169566.7299252,-0.09278140962123871,2.2552032470703125,0.13026462495326996,-0.00016794897630205785,-0.0009151669138749677,0.0066643018333911175,-0.9999774343217757,5.200025796890259,drone2
1743169566.929897,-0.0935065969824791,2.251431703567505,0.16829223930835724,-0.0001445455804183362,-0.0008904122669789291,0.006685164523404119,-0.9999773078812302,5.399997711181641,drone2
1743169567.1299086,-0.09434255212545395,2.2472314834594727,0.19278277456760406,-0.00013902677164628232,-0.0008798912364423019,0.006678294587096734,-0.9999773500280786,5.600009202957153,drone2
1743169567.3298883,-0.09113409370183945,2.2452504634857178,0.20793582499027252,-0.0001232504736178895,-0.0009094824811591562,0.006694605417470523,-0.999977223587533,5.7999889850616455,drone2
1743169567.5298672,-0.08559094369411469,2.245861291885376,0.21570606529712677,-0.00010740120062620586,-0.0009725809231915204,0.0066799383141886715,-0.999977223587533,5.999967813491821,drone2
1743169567.7298772,-0.0807214081287384,2.2479915618896484,0.21802230179309845,-4.430510465865147e-05,-0.001026856885609472,0.006696754906744595,-0.9999770971469876,6.199977874755859,drone2
1743169567.929875,-0.0763644129037857,2.2498931884765625,0.21622075140476227,-2.1183401188219422e-05,-0.0010567350087776163,0.006703287668263724,-0.999977055000139,6.399975538253784,drone2
1743169568.1301768,-0.07331220805644989,2.2516376972198486,0.2116757184267044,-7.736951311005958e-06,-0.0010823136594892682,0.006700084507776982,-0.9999769707064421,6.600277423858643,drone2
1743169568.3299613,-0.0730065107345581,2.252291679382324,0.20721732079982758,-2.2703692343929287e-05,-0.0010614759118496154,0.0066750071329129135,-0.9999771814406846,6.800061941146851,drone2
1743169568.5299265,-0.0746554359793663,2.253195285797119,0.20223398506641388,-1.1088078516971299e-05,-0.001012821367669868,0.006660930085510275,-0.9999773500280786,7.000027179718018,drone2
1743169568.7299347,-0.07777387648820877,2.2554502487182617,0.19808734953403473,1.4182002933659155e-05,-0.000937593523617224,0.00661768741893809,-0.9999776872028667,7.200035333633423,drone2
1743169568.9299273,-0.08101711422204971,2.2570812702178955,0.1936989277601242,3.7967395791042516e-05,-0.0009126250555512496,0.006594127330620481,-0.9999778979371092,7.4000279903411865,drone2
1743169569.1299393,-0.08196480572223663,2.259615898132324,0.18859408795833588,5.018199700704249e-05,-0.0009301057079253335,0.006575034808245062,-0.9999780243776548,7.600039958953857,drone2
1743169569.3299716,-0.08203789591789246,2.2621166706085205,0.18383558094501495,8.506962708837952e-05,-0.0009528639359863908,0.006568923515210989,-0.9999779822308061,7.800072193145752,drone2
1743169569.529912,-0.08228402584791183,2.2649176120758057,0.1782485991716385,9.683575949444325e-05,-0.000961602574653131,0.006566099676360793,-0.9999780243776548,8.000012636184692,drone2
1743169569.7299201,-0.08395197242498398,2.269374370574951,0.17201577126979828,9.689214736793934e-05,-0.0009594194172911046,0.006561674257267114,-0.9999780665245033,8.200020790100098,drone2
1743169569.929955,-0.08810058236122131,2.2753090858459473,0.16402016580104828,0.0001471889369144687,-0.000927886207138273,0.0065329301065826795,-0.9999782351118973,8.400055646896362,drone2
1743169570.1299202,-0.0929814949631691,2.2806663513183594,0.15599162876605988,0.00020292402816695122,-0.0008882800233391763,0.006508484934446335,-0.9999784036992914,8.60002088546753,drone2
1743169570.3299277,-0.09642478823661804,2.2853970527648926,0.14633546769618988,0.00022793596017045236,-0.0008849624407440863,0.0064924269851636685,-0.999978530139837,8.800028324127197,drone2
1743169570.5299215,-0.09948259592056274,2.290452480316162,0.13537757098674774,0.00023358361729139624,-0.0008760335856121185,0.006475905420547434,-0.999978614433534,9.000022172927856,drone2
1743169570.7299151,-0.09965752810239792,2.292487621307373,0.14559172093868256,-0.005112638275865369,-0.0017276161133464387,0.0049207288573440144,-0.99997334607747,9.200015783309937,drone2
1743169570.929961,-0.09957675635814667,2.2865285873413086,0.2373647540807724,-0.0032964887559546884,-0.0011949912421905869,0.0012342283117931507,-0.9999931550962702,9.40006160736084,drone2
1743169571.1299515,-0.10115757584571838,2.2775485515594482,0.37451356649398804,0.0011686360388821718,-0.0010464617195979642,-0.0020411718733825412,-0.9999966954315451,9.600052118301392,drone2
1743169571.3299387,-0.1019451692700386,2.268834352493286,0.5670648217201233,0.008082668738511491,-0.0018933335704242272,-0.004475405255977782,-0.9999555601073984,9.800039291381836,drone2
1743169571.5299015,-0.1009504422545433,2.2694430351257324,0.735481321811676,0.011579916104813787,-0.00256895347895443,-0.005300766990366579,-0.9999156470418586,10.000002145767212,drone2
1743169571.729899,-0.09762144833803177,2.2809343338012695,0.8825600147247314,0.02354075345083545,-0.003750468924878229,-0.005030942866199761,-0.9997032269253637,10.199999570846558,drone2
1743169571.9299254,-0.09074891358613968,2.307828426361084,0.9960732460021973,0.01788546100022985,-0.0028035049714568573,-0.004166721737483892,-0.9998274336879254,10.400026082992554,drone2
1743169572.1298985,-0.0837198793888092,2.3477251529693604,1.0834695100784302,0.016974766385585628,-0.002495079602410198,-0.0033860356625166066,-0.99984711626618,10.599999189376831,drone2
1743169572.3298998,-0.07568394392728806,2.401994228363037,1.1543148756027222,0.012027566014654342,-0.001974201848187744,-0.002714341337798465,-0.9999220112159838,10.800000429153442,drone2
1743169572.529898,-0.06753337383270264,2.463995933532715,1.2166649103164673,0.002988972507601422,-0.0011534298397472898,-0.0021547576301193527,-0.9999926071872396,10.999998569488525,drone2
1743169572.7299256,-0.059112824499607086,2.5260367393493652,1.2762303352355957,-0.0028785423315105664,-0.0009074343254212657,-0.0016737777949130672,-0.9999940401800889,11.200026273727417,drone2
1743169572.929874,-0.050077300518751144,2.583728075027466,1.3332070112228394,-0.007258818693040605,-0.00023552054074586155,-0.0011622414945363646,-0.9999730089026819,11.399974584579468,drone2
1743169573.1299005,-0.042128805071115494,2.631321668624878,1.3856663703918457,-0.011585713601389692,0.0005230759757901635,-0.0006461533345204495,-0.9999325057812631,11.600001096725464,drone2
1743169573.3298707,-0.036380138248205185,2.6642487049102783,1.4350272417068481,-0.01182144487637817,0.0007303028102951178,-0.00018822782544952727,-0.9999298505298069,11.799971342086792,drone2
1743169573.529848,-0.03198149800300598,2.685148000717163,1.4659124612808228,-0.009868715201145397,0.0007494048815659187,0.0001630661568887693,-0.9999510503946079,11.999948740005493,drone2
1743169573.7298758,-0.030277138575911522,2.7000627517700195,1.4297394752502441,-0.009087419313963717,0.0005478823595891106,0.0003326650752966121,-0.9999585525336427,12.199976444244385,drone2
1743169573.9298887,-0.03211638703942299,2.7106740474700928,1.3761024475097656,-0.005870843616963653,-0.00031570459076558357,0.00027589327035232314,-0.9999827026778395,12.399989366531372,drone2
1743169574.1298792,-0.03323362395167351,2.7194342613220215,1.3376250267028809,-0.003872853247832054,-0.0011294804693074184,9.917153454613852e-05,-0.9999918485439664,12.599979877471924,drone2
1743169574.3299553,-0.03282133489847183,2.724043130874634,1.3183058500289917,-0.002831368236543796,-0.0014336050488085689,-0.00014300425699742555,-0.9999949674107561,12.800055980682373,drone2
1743169574.5299227,-0.029090266674757004,2.727396249771118,1.3123573064804077,-0.0012651461016525462,-0.0012605816682507251,-0.0003999314455197523,-0.999998339158637,13.000023365020752,drone2
1743169574.7299259,-0.022339534014463425,2.7295188903808594,1.3156441450119019,-0.0004641742366136607,-0.00047803041564839645,-0.0005812050409651492,-0.9999996457109409,13.200026512145996,drone2
1743169574.9299326,-0.014996923506259918,2.732042074203491,1.3228882551193237,0.0001151785803963301,0.0004009116375712773,-0.0006370074683935134,-0.9999997300046379,13.400033235549927,drone2
1743169575.1299834,-0.010061373002827168,2.734121561050415,1.3333053588867188,0.0004588394453709098,0.0007959647603018996,-0.0005915731656987999,-0.9999993928298498,13.600084066390991,drone2
1743169575.3299778,-0.009147322736680508,2.7352895736694336,1.3460443019866943,0.0005789632834318113,0.0003722988253571584,-0.0004552281107660372,-0.9999996878577894,13.800078392028809,drone2
1743169575.529998,-0.011503062210977077,2.7359437942504883,1.3588671684265137,0.0008018403355611533,-0.0005213868091270652,-0.0003232663280784976,-0.9999994771235469,14.000098705291748,drone2
1743169575.7299974,-0.01618792861700058,2.737292528152466,1.3714205026626587,0.0008517491806539332,-0.0014902357811714243,-0.0002301639397178646,-0.999998507746031,14.200098037719727,drone2
1743169575.9299345,-0.017096083611249924,2.737194299697876,1.3842239379882812,0.0018198123444641418,-0.004893093366338598,-0.0002119986480097483,-0.9999864116005085,14.40003514289856,drone2
1743169576.1299832,-0.012546330690383911,2.7375376224517822,1.4015278816223145,0.004199466546054492,-0.018433612375250284,-0.00027302728465350537,-0.9998212802480428,14.600083827972412,drone2
1743169576.3298676,0.008892442099750042,2.742933750152588,1.4366945028305054,0.009931486017285154,-0.053158574060581484,-0.00044001309845370976,-0.9985366443054307,14.799968242645264,drone2
1743169576.5298874,0.08903323113918304,2.760249376296997,1.5050814151763916,0.01494508282114478,-0.08763720651415724,-0.0009458595742813989,-0.9960399492933423,14.999988079071045,drone2
1743169576.7299416,0.2405778169631958,2.7909114360809326,1.5615928173065186,0.007646204865683523,-0.05612971614635696,-0.0013353386013705872,-0.9983933028736451,15.200042247772217,drone2
1743169576.9299266,0.43432122468948364,2.8280439376831055,1.58056640625,-0.004304436564993293,-0.031518870016898154,-0.001041490773552591,-0.9994933356197795,15.40002727508545,drone2
1743169577.1299067,0.6468073725700378,2.861313581466675,1.5782419443130493,-0.008186326854472327,-0.010428600604527256,-0.00068783656769772,-0.9999118959723412,15.60000729560852,drone2
1743169577.3299432,0.8584620356559753,2.8860838413238525,1.5793274641036987,-0.007254329559765814,0.0031702594385730645,-0.00013954821541950472,-0.9999686677772854,15.800043821334839,drone2
1743169577.5299392,1.0582777261734009,2.9022178649902344,1.5897475481033325,-0.0075006800913201875,0.007280354024529977,0.00040305031230980547,-0.9999453184232103,16.00003981590271,drone2
1743169577.7299438,1.2396517992019653,2.9100072383880615,1.6079950332641602,-0.00513614323165993,0.005729605391121079,0.0007677891393229611,-0.9999701007701347,16.20004439353943,drone2
1743169577.9299161,1.404072642326355,2.913166046142578,1.6298753023147583,-0.002207963123294743,-0.0020405198783054806,0.000851829955253791,-0.9999951359981503,16.40001678466797,drone2
1743169578.1299334,1.5612825155258179,2.915877103805542,1.6515254974365234,-0.0012953287297881055,-0.011724163364569946,0.0006282830707519663,-0.9999303141451406,16.60003399848938,drone2
1743169578.3298836,1.7246956825256348,2.9206223487854004,1.6706300973892212,-0.0008112056616451805,-0.012189261081877251,0.0001642462686470273,-0.9999253408170161,16.799984216690063,drone2
1743169578.5298915,1.8945401906967163,2.9246134757995605,1.6890236139297485,-0.0010731107881034386,-0.009565003364414631,0.10068211974361269,-0.994872186561651,16.99999213218689,drone2
1743169578.729928,2.068707227706909,2.9259591102600098,1.7121837139129639,0.003162728817488149,-0.00956112684216839,0.07782959271882384,-0.9969158029522472,17.200028657913208,drone2
1743169578.9298987,2.2459983825683594,2.9268312454223633,1.7383065223693848,-0.0010162451405668726,-0.005866591395075611,0.03765070700544898,-0.9992732026300071,17.399999380111694,drone2
1743169579.1298997,2.424720525741577,2.9277713298797607,1.767909049987793,0.009685455106191834,-0.0032130044101332115,-0.0007320064649371518,-0.9999477207935755,17.600000381469727,drone2
1743169579.3298945,2.6038711071014404,2.9400951862335205,1.7953747510910034,0.021185648142141432,-0.00032641548791566993,-0.024968340966884217,-0.9994637485321248,17.799995183944702,drone2
1743169579.5298536,2.7778513431549072,2.9728355407714844,1.8177801370620728,0.029895891028241917,0.005437569075187973,-0.03567878240416955,-0.9989012566918984,17.999954223632812,drone2
1743169579.7298884,2.9363865852355957,3.0358614921569824,1.8348585367202759,0.05095134623824411,0.013562313210131181,-0.036850085471135885,-0.9979289710436006,18.199989080429077,drone2
1743169579.929884,3.070420503616333,3.137652635574341,1.8485175371170044,0.03651392089032409,0.012731442092388558,-0.03763776792295592,-0.9985430084795559,18.39998459815979,drone2
1743169580.129854,3.1773407459259033,3.26655912399292,1.8622249364852905,0.03599027461499008,0.02036324393113794,-0.04217740497606437,-0.9982540496861652,18.59995460510254,drone2
1743169580.3298388,3.256476402282715,3.418670892715454,1.8760474920272827,0.02468136834372972,0.013631038914984258,-0.03780707181342419,-0.9988872217913443,18.799939393997192,drone2
1743169580.5301857,3.308842658996582,3.5574607849121094,1.8860710859298706,0.013127973143341468,0.00621184718282034,-0.02556863853022484,-0.9995675562200073,19.0002863407135,drone2
1743169580.7299373,3.3702034950256348,3.7368388175964355,1.8980542421340942,0.01105454938195267,0.0005411194367643818,-0.008278568278206722,-0.9999044781270032,19.200037956237793,drone2
1743169580.9299304,3.431156635284424,3.903233051300049,1.9094685316085815,0.005790759336437012,-0.002314348318367167,0.007660990506976717,-0.9999512189820019,19.400031089782715,drone2
1743169581.1299236,3.499260187149048,4.067757606506348,1.9212013483047485,0.005081904662222444,-0.0017047165451703572,0.01786634411170762,-0.9998260428419246,19.600024223327637,drone2
1743169581.3299408,3.570686101913452,4.22820520401001,1.9322565793991089,0.00683329587866839,-0.0021122936924279096,0.019628166673159975,-0.9997817886509881,19.800041437149048,drone2
1743169581.5299587,3.3676929473876953,4.4616169929504395,1.8960832357406616,0.10295372951122861,0.03732195105035185,-0.3072935154298985,-0.9452926991690124,20.000059366226196,drone2
1743169581.7299883,2.9667863845825195,4.799299716949463,1.7965718507766724,-0.07290306340145346,-0.16883372656805404,-0.6671187390374079,-0.7218954754921145,20.20008897781372,drone2
1743169581.9299533,2.7337682247161865,5.1927571296691895,1.6945595741271973,-0.2532594538611585,-0.03809092030143293,-0.848732035447583,-0.46266892613652233,20.40005397796631,drone2
1743169582.1299362,2.740779399871826,5.4956159591674805,1.587292194366455,-0.17158248080766178,0.10707370512535797,-0.9459015525426007,-0.25370244884914456,20.60003685951233,drone2
1743169582.3299327,2.8903119564056396,5.6258769035339355,1.528013825416565,-0.006297458298130209,0.09172539550197539,-0.992283948594597,-0.08318257965449544,20.80003333091736,drone2
1743169582.5299342,3.0197091102600098,5.64877462387085,1.5375787019729614,0.033543458422480854,-0.0212266978555019,-0.9988471822852589,0.026994719296439432,21.00003480911255,drone2
1743169582.7299821,3.081782341003418,5.691246032714844,1.609178900718689,-0.0141754774160687,-0.018488343350764228,-0.9927020874786736,0.11832103946075528,21.200082778930664,drone2
1743169582.9299314,3.12721586227417,5.783046245574951,1.6816942691802979,-0.027263340259790162,-0.03389461345192787,-0.9536007491677525,0.2979156098285578,21.40003204345703,drone2
1743169583.1299586,3.177260637283325,5.926854133605957,1.7439308166503906,-0.011820584158706285,-0.04880044504476332,-0.8393041331471963,0.5413385371563044,21.600059270858765,drone2
1743169583.3299358,3.2058119773864746,6.120055198669434,1.8151692152023315,0.017991603228392897,-0.05384034543336082,-0.6263908932563569,0.7774394558112914,21.800036430358887,drone2
1743169583.5299408,3.1812312602996826,6.327663898468018,1.8575013875961304,0.03181863223294232,-0.0505722188722759,-0.3360524596581557,0.9399462449948599,22.000041484832764,drone2
1743169583.7299423,3.1023764610290527,6.510871887207031,1.882879376411438,0.03526975744681127,-0.04132964778932043,-0.05080389548872882,0.9972296705331078,22.200042963027954,drone2
1743169583.9299154,2.985121250152588,6.647037506103516,1.9111603498458862,0.039160475443101736,-0.03522548267635908,0.1343440490059904,0.9895339510229582,22.40001606941223,drone2
1743169584.1299553,2.852722406387329,6.732339859008789,1.9121006727218628,0.035783574945363626,-0.029015302763596894,0.20259631830974406,0.978178072747577,22.600055932998657,drone2
1743169584.3299184,2.7177305221557617,6.774924278259277,1.908929467201233,0.008639708159483906,-0.016521941962273603,0.17301323460570506,0.9847430766058765,22.800019025802612,drone2
1743169584.529918,2.584256172180176,6.80689811706543,1.9380065202713013,-0.014237882575370404,-0.010588781760244624,0.0855249329073367,0.9961780645159126,23.00001859664917,drone2
1743169584.7299376,2.4525065422058105,6.856229782104492,1.9645384550094604,-0.021787435662431406,-0.011617537435465824,-0.006488802356191815,0.9996740613061942,23.200038194656372,drone2
1743169584.929918,2.3221356868743896,6.929544448852539,1.9838005304336548,-0.016681152999612512,-0.009319472288602974,-0.06763658814070667,0.9975270586962007,23.4000186920166,drone2
1743169585.1299083,2.1889851093292236,7.021604061126709,1.9983421564102173,-0.008413589658678581,-0.010047435948805673,-0.08789463946486192,0.9960435739223144,23.600008964538574,drone2
1743169585.3299344,2.0506508350372314,7.1197075843811035,2.008549213409424,0.0014349958124913694,-0.0066417542572545655,-0.0756294007860096,0.9971128394690356,23.800034999847412,drone2
1743169585.5299382,1.9091508388519287,7.214547157287598,2.018254280090332,0.012176023678722293,-0.0070317650590339354,-0.0470880185897658,0.9987917591794672,24.000038862228394,drone2
1743169585.7299914,1.7664927244186401,7.293330192565918,2.0336978435516357,0.02578697435203498,-0.011781667471007123,-0.017938668103752387,0.999437111723866,24.20009207725525,drone2
1743169585.9300275,1.620405912399292,7.346035480499268,2.0496463775634766,0.02974691113837889,-0.01076591459245991,0.0017431515075619901,0.9994979717731157,24.40012812614441,drone2
1743169586.129956,1.4700767993927002,7.36387825012207,2.0622830390930176,0.07197016398308909,-0.005037739045522329,0.009668655635793,0.9973471759467563,24.600056648254395,drone2
1743169586.329951,1.3340414762496948,7.32879114151001,2.066924810409546,0.06948745909052834,0.0034366145149077594,0.007891491621482727,0.9975457718969396,24.80005168914795,drone2
1743169586.5299032,1.207349181175232,7.233124732971191,2.0733885765075684,0.06088825075974077,0.024472488562509595,0.0012603172110212128,0.9978437922627601,25.000003814697266,drone2
1743169586.7298875,1.1090495586395264,7.0934953689575195,2.090655565261841,0.041893594683637084,0.02443430220066971,-0.005928164977299864,0.9988056676394756,25.19998812675476,drone2
1743169586.9299133,1.038590431213379,6.92506742477417,2.097818374633789,0.023992398914841943,0.022447922712076417,-0.009633041548801456,0.9994136780760939,25.40001392364502,drone2
1743169587.129899,0.9952611327171326,6.747226238250732,2.0930628776550293,0.009540574326618754,0.014366350944079162,-0.009369328717668877,0.9998073717880341,25.59999966621399,drone2
1743169587.3299034,0.9679543972015381,6.575724124908447,2.082078218460083,0.002445140690644726,0.005311909728077765,-0.006562601487934361,0.9999613763724929,25.80000400543213,drone2
1743169587.5299044,0.9429060816764832,6.418176174163818,2.070929527282715,0.005415499437727954,-0.0022007699702561445,-0.0034270866929663746,0.9999770971469876,26.00000500679016,drone2
1743169587.7299228,0.9109917283058167,6.26928186416626,2.061964988708496,0.005989176903376623,-0.005493838657626749,-0.0014043329923830177,0.9999660125258292,26.200023412704468,drone2
1743169587.9298582,0.8717751502990723,6.121974468231201,2.054025411605835,0.010265233575116522,-0.005630175069162826,-0.000837036411426462,0.9999311149352621,26.399958848953247,drone2
1743169588.1298592,0.8261668682098389,5.971175193786621,2.048048973083496,0.011461424520764589,-0.004587909682632608,-0.0013264034694863704,0.9999229805934996,26.59995985031128,drone2
1743169588.3298953,0.7773780822753906,5.817480564117432,2.0407028198242188,0.00940725857642273,-0.0027808698089008513,-0.0021485198965399688,0.9999496174017584,26.79999589920044,drone2
1743169588.5298698,0.7295321822166443,5.663594722747803,2.0264060497283936,0.009917106697953239,-0.002214199833043564,-0.002698283388516076,0.9999448126610282,26.99997043609619,drone2
1743169588.7298565,0.6799401640892029,5.507818222045898,2.0073416233062744,0.006266267654598639,-0.0011333386346256216,-0.0028928332412422875,0.9999755798604413,27.199957132339478,drone2
1743169588.9298494,0.6316639184951782,5.352483749389648,1.9836312532424927,0.004737739753455188,-0.0011201868422566984,-0.0027433805164226444,0.9999844306986285,27.39995002746582,drone2
1743169589.1298754,0.5857992172241211,5.197176933288574,1.94796884059906,0.005964586933766613,-0.001911052862864513,-0.0024232752019824333,0.9999774764686241,27.599976062774658,drone2
1743169589.3298697,0.5397750735282898,5.040589809417725,1.90298593044281,0.0074044344082844745,-0.002281525801544923,-0.0020562604451495603,0.9999678669871637,27.799970388412476,drone2
1743169589.5298662,0.49283987283706665,4.882084846496582,1.8534225225448608,0.005021527490733071,-0.0017360156839097537,-0.0016684251451523635,0.9999845571391739,27.999966859817505,drone2
1743169589.7298815,0.44695791602134705,4.721108913421631,1.8055392503738403,0.002507604295771394,-0.000980091540987122,-0.0014035322022613594,0.9999953888792412,28.199982166290283,drone2
1743169589.9298759,0.4012784957885742,4.560911178588867,1.750726580619812,0.0038277084577666314,-0.0007615370824003573,-0.0013087860868088441,0.9999915113691783,28.3999764919281,drone2
1743169590.1298833,0.3539946973323822,4.403090476989746,1.6963021755218506,0.006142288254528415,-0.0006513523787749748,-0.0011410837765840065,0.9999802581606259,28.59998393058777,drone2
1743169590.3298957,0.3056870698928833,4.2448039054870605,1.6528103351593018,0.0037907260799234653,0.00013392292823232035,-0.00093001235924145,0.9999923964529971,28.799996376037598,drone2
1743169590.5298827,0.25847122073173523,4.0878214836120605,1.6219465732574463,5.4758634383209964e-05,0.002026784322244384,-0.0007949317097640239,0.9999976648090608,28.999983310699463,drone2
1743169590.7298744,0.21751011908054352,3.934607744216919,1.6010818481445312,0.0003464649166202351,0.0016880792001977753,-0.000821568518023008,0.99999825486494,29.19997501373291,drone2
1743169590.9299052,0.18159060180187225,3.7850613594055176,1.585038423538208,1.4993988311880097e-05,0.001423825333592772,-0.0009492734690109138,0.9999985920397281,29.40000581741333,drone2
1743169591.129884,0.14780573546886444,3.6408748626708984,1.5730915069580078,-0.003137363740992248,0.0015936427241411328,-0.0010125358886257652,0.9999933236836642,29.599984645843506,drone2
1743169591.3299267,0.1250239759683609,3.546520233154297,1.5675561428070068,-0.0029702236631410904,0.000840474754620536,-0.0009338055756074048,0.9999948409702106,29.80002737045288,drone2
1743169591.5298977,0.08154730498790741,3.3739469051361084,1.5638443231582642,-0.00668089666108392,0.0020646856989484414,-0.0005724384964750916,0.9999753691261986,29.999998331069946,drone2
1743169591.7300477,0.05420234054327011,3.2601003646850586,1.5856261253356934,-0.009135071594561466,0.0025813769210975245,-0.00043166802244865005,0.9999548857578222,30.200148344039917,drone2
1743169591.9299326,0.03332068771123886,3.1699273586273193,1.594282865524292,-0.00789070235589002,0.0020761639650864533,-0.0003453934235468913,0.9999666447285569,30.400033235549927,drone2
1743169592.129943,0.007937371730804443,3.068019390106201,1.5816642045974731,-0.006210111918041806,0.0014917715687025874,-0.0001765531484122506,0.9999796259578981,30.600043535232544,drone2
1743169592.3299563,-0.01848551072180271,2.970559597015381,1.5537439584732056,-0.003672463175454908,0.0010938231653323772,5.19249173653314e-05,0.999992649334088,30.80005693435669,drone2
1743169592.5299273,-0.04495767503976822,2.8755359649658203,1.522756814956665,-0.0036086485662701123,0.0015764602277930384,0.00016938818416517576,0.9999922700124515,31.000027894973755,drone2
1743169592.729936,-0.06996437907218933,2.783108711242676,1.496329665184021,-0.006716992967291595,0.0024321507355886396,0.00014595453639315594,0.9999744840423799,31.20003652572632,drone2
1743169592.9299464,-0.09157923609018326,2.6972787380218506,1.4750044345855713,-0.007101012660409591,0.0028785938626183167,-9.693775158135424e-07,0.9999706908260139,31.400047063827515,drone2
1743169593.1299255,-0.10836299508810043,2.61843204498291,1.4579862356185913,-0.0050149333199386355,0.0023340117988310226,-0.00020984915873584184,0.9999846835797195,31.60002613067627,drone2
1743169593.3299472,-0.1201249212026596,2.546649932861328,1.4451875686645508,-0.0064653736475035264,0.0020683700908344775,-0.00037430616162537056,0.9999769285595935,31.800047874450684,drone2
1743169593.5299158,-0.12874306738376617,2.4831936359405518,1.435896396636963,-0.010653919220709825,0.0020980839483069127,-0.00043571411990572784,0.9999409772978136,32.00001645088196,drone2
1743169593.7299163,-0.1350817084312439,2.4295084476470947,1.432125449180603,-0.012102554477778334,0.0018398021337315829,-0.00036743622531804066,0.9999250457890767,32.20001697540283,drone2
1743169593.9299202,-0.13960574567317963,2.385030746459961,1.4317137002944946,-0.011597590451591281,0.0012759141791482678,-0.00023045896765760957,0.9999319578722323,32.40002083778381,drone2
1743169594.1299489,-0.14370130002498627,2.350651264190674,1.432893991470337,-0.009867711908587607,0.0009744726746087652,-7.055382440734887e-05,0.9999508396603652,32.60004949569702,drone2
1743169594.329953,-0.14627283811569214,2.326761245727539,1.435679316520691,-0.008241856068248121,0.0007295649111738012,2.8280535350699898e-05,0.9999658017915867,32.80005359649658,drone2
1743169594.5299277,-0.14699412882328033,2.3128654956817627,1.4384915828704834,-0.005758548278190309,0.00020831343294306455,6.570693682844687e-05,0.9999834191742641,33.00002837181091,drone2
1743169594.7299423,-0.14759965240955353,2.305744171142578,1.4419771432876587,-0.003125139590880882,-0.00014580521142610204,6.88679504666778e-05,0.9999950938513017,33.200042963027954,drone2
1743169594.9299204,-0.14710968732833862,2.300450325012207,1.4463222026824951,-0.0014391062003561252,-0.0003139094807550093,1.4835690675785144e-05,0.9999988870676677,33.40002107620239,drone2
1743169595.1299622,-0.14489197731018066,2.2959654331207275,1.452038288116455,-0.000345091285384527,-0.00057080673637158,-0.00010574644291394546,0.9999997721514864,33.60006284713745,drone2
1743169595.3299222,-0.14188489317893982,2.2902891635894775,1.4580885171890259,-1.7933278246287945e-05,-0.0009439067017021541,-0.00017052614907520086,0.9999995614172439,33.80002284049988,drone2
1743169595.5299153,-0.13902968168258667,2.2843539714813232,1.465049386024475,-0.00037809458296409295,-0.0010127226065733083,-0.00017322354737991935,0.9999993928298498,34.0000159740448,drone2
1743169595.729925,-0.13524971902370453,2.279391050338745,1.470828890800476,-0.0007064331031611966,-0.0011803002049319564,-0.0001651313524657639,0.9999990556550618,34.20002555847168,drone2
1743169595.9299042,-0.13117265701293945,2.2731893062591553,1.4760867357254028,-0.0007730785276521035,-0.001509102525678323,-0.00015054854288093508,0.9999986341865766,34.400004863739014,drone2
1743169596.1299028,-0.12731949985027313,2.2664971351623535,1.4809911251068115,-0.0012921997378766105,-0.0015752196122581844,-0.00013554426481110504,0.9999979598370003,34.600003480911255,drone2
1743169596.3299177,-0.1249975636601448,2.2601065635681152,1.4846923351287842,-0.001620255714182955,-0.0016908678763728165,-0.00010056238054712019,0.9999972854874243,34.800018310546875,drone2
1743169596.529913,-0.12430227547883987,2.2544546127319336,1.4870617389678955,-0.001764465876789433,-0.0013260607793880656,-9.091075223810482e-05,0.9999975805153638,35.00001358985901,drone2
1743169596.730004,-0.12474705278873444,2.248300552368164,1.488566279411316,-0.0020591278508348956,-0.0014462650524867623,-6.823574773923156e-05,0.9999969061657876,35.20010471343994,drone2
1743169596.9299457,-0.1254298835992813,2.246356725692749,1.4908839464187622,-0.0021442254043262557,-0.0011360776447114165,-7.18603767111415e-05,0.9999970747531817,35.40004634857178,drone2
1743169597.129907,-0.12811018526554108,2.2463300228118896,1.494999647140503,-0.001390732772363223,-0.0008412337683251397,-0.00010271186982119268,0.9999986763334252,35.6000075340271,drone2
1743169597.3298998,-0.13172383606433868,2.2473695278167725,1.501097559928894,-0.0007425236059453958,-0.0005472499716458039,-0.00014397363451329473,0.9999995614172439,35.80000042915344,drone2
1743169597.5299418,-0.13378462195396423,2.2484426498413086,1.508479118347168,-0.0005588529856641679,-0.0004026908962098723,-0.00015029566178992318,0.9999998142983348,36.00004243850708,drone2
1743169597.7299063,-0.1326209306716919,2.24865460395813,1.5161278247833252,-0.0005150170579532407,-0.0007033317701189152,-4.7162323483729326e-05,0.9999996035640923,36.20000696182251,drone2
1743169597.9299219,-0.12888947129249573,2.2488820552825928,1.5230218172073364,-0.0005687268161509383,-0.0013915265654495324,5.458016882159402e-05,0.9999989292145162,36.40002250671387,drone2
1743169598.1299403,-0.12593553960323334,2.248563289642334,1.5289037227630615,-0.0006006443693422416,-0.002126745698609902,4.159893948019176e-05,0.9999975805153638,36.600040912628174,drone2
1743169598.3299077,-0.12459111958742142,2.248445749282837,1.5339597463607788,-0.0006204901843167454,-0.002184946627454462,-5.5212371550263046e-06,0.9999974119279698,36.80000829696655,drone2
1743169598.5298748,-0.12396030128002167,2.250467538833618,1.537219524383545,-0.000289869560445291,-0.0021919548581084145,-7.2871901075411e-05,0.9999975805153638,36.99997544288635,drone2
1743169598.7298768,-0.12515969574451447,2.255190849304199,1.5396325588226318,0.0003106116544950363,-0.0019784539877578454,-0.00011223705758461889,0.9999980019838489,37.1999773979187,drone2
1743169598.9298792,-0.12812504172325134,2.2628395557403564,1.5411359071731567,0.0009191976384336548,-0.0013672935887013957,-0.0001915574264820253,0.9999986763334252,37.39997982978821,drone2
1743169599.1298826,-0.12979602813720703,2.2725467681884766,1.5445597171783447,0.0022786795721812985,-0.0010311776372855003,-0.0001985959501834001,0.9999968640189392,37.59998321533203,drone2
1743169599.3298965,-0.12981627881526947,2.2781975269317627,1.5496715307235718,0.0029494403277412875,-0.0013684888264038691,-9.647413624147569e-05,0.9999947145296652,37.799997091293335,drone2
1743169599.529898,-0.12909913063049316,2.2795422077178955,1.554729700088501,0.0026427703502396884,-0.0017259092071409022,5.782547615684741e-05,0.9999950938513017,37.999998569488525,drone2
1743169599.7298741,-0.12699411809444427,2.277830123901367,1.5590696334838867,0.001969187043335431,-0.0019802001892628477,0.00015147577354807085,0.999996105375666,38.19997477531433,drone2
1743169599.9298615,-0.12433651089668274,2.275334596633911,1.565060019493103,0.0014310791190301378,-0.0026460664066612965,0.00016003158379579424,0.9999954731729384,38.399962186813354,drone2
1743169600.12987,-0.12421291321516037,2.273303985595703,1.5708837509155273,0.0009413648433783133,-0.0028506661424877802,0.00011253208552397514,0.9999955153197868,38.59997057914734,drone2
1743169600.3298717,-0.1267571598291397,2.271716833114624,1.5736571550369263,0.000871386669189117,-0.002693395094951316,1.6015802434043825e-05,0.9999960210819689,38.79997229576111,drone2
1743169600.5298574,-0.13193365931510925,2.2691712379455566,1.572782039642334,0.0008572922526750805,-0.001880170418162663,-0.00011282711346377605,0.9999979176901519,38.99995803833008,drone2
1743169600.7298872,-0.13773661851882935,2.2646877765655518,1.5715489387512207,0.0005244649284754397,-0.0012460812074380724,-0.00011539807122290532,0.9999991399487587,39.19998788833618,drone2
1743169600.9298708,-0.14356492459774017,2.2580459117889404,1.5722696781158447,0.0001259003126614004,-0.0007518734150745756,-7.291404792392213e-05,0.9999997300046378,39.39997148513794,drone2
1743169601.129862,-0.14795151352882385,2.252593994140625,1.572403073310852,-0.0004110353947023652,-0.0004408721041672515,-1.0958180612863382e-05,0.999999814298335,39.59996271133423,drone2
1743169601.329877,-0.1503710150718689,2.247866630554199,1.5718350410461426,-0.00039624405159702025,-0.000446498647991128,5.635033645895457e-05,0.9999998564451834,39.79997754096985,drone2
1743169601.5299044,-0.15214486420154572,2.2457122802734375,1.5691804885864258,-4.262940728893755e-05,-0.000333252404389847,2.562528389454808e-05,0.999999982885729,40.00000500679016,drone2
1743169601.72994,-0.15274067223072052,2.2439308166503906,1.592565655708313,9.30357107290704e-05,-0.00035897536895656873,-2.4866640621457068e-05,0.999999982885729,40.20004057884216,drone2
1743169601.9298575,-0.1522919237613678,2.2417099475860596,1.6161082983016968,0.00021229233828078012,-0.0006131354975130465,-4.956469384892474e-05,0.9999998142983348,40.39995813369751,drone2
1743169602.1299758,-0.15223683416843414,2.2404520511627197,1.6131919622421265,0.000383476627990841,-0.0004610428246797221,-7.131246768049551e-05,0.9999998142983348,40.60007643699646,drone2
1743169602.3299403,-0.1518232375383377,2.2402048110961914,1.5953915119171143,0.000449488530092629,-0.0005747201422551464,-7.561144622858511e-05,0.999999814298335,40.80004096031189,drone2
1743169602.5299888,-0.14970485866069794,2.240238904953003,1.567020058631897,0.00047455485890146533,-0.0007210064358789056,-7.004806222521424e-05,0.9999996457109408,41.00008940696716,drone2
1743169602.7299504,-0.14703699946403503,2.240752696990967,1.5391188859939575,0.0005727858787028623,-0.001009388869058257,-3.1272961595219034e-05,0.9999993928298498,41.200051069259644,drone2
1743169602.929946,-0.1445654183626175,2.2406301498413086,1.5154346227645874,0.0007824398407305346,-0.0013197567180287901,-2.9587087654769998e-05,0.9999988870676677,41.400046586990356,drone2
1743169603.1299708,-0.14343522489070892,2.2408008575439453,1.49656343460083,0.0012586701706272223,-0.0016985703698569913,-4.1219617843757485e-05,0.9999977912496063,41.6000714302063,drone2
1743169603.3299391,-0.142863929271698,2.240882635116577,1.4836959838867188,0.001579659462737213,-0.0017232892855685929,-2.503522801550206e-05,0.9999972854874243,41.800039768218994,drone2
1743169603.5299935,-0.1407155841588974,2.239088296890259,1.47451651096344,0.0017722548119574757,-0.0019259339107933347,-2.1494892741281758e-06,0.9999965689909995,42.000094175338745,drone2
1743169603.7299633,-0.13917206227779388,2.2348203659057617,1.4673219919204712,0.0016500157392266917,-0.002175288207905229,2.318076668006297e-06,0.9999963161099085,42.200063943862915,drone2
1743169603.9299507,-0.14046397805213928,2.228025436401367,1.463201642036438,0.0009803140055536022,-0.00206751394181519,-5.057621821903547e-07,0.9999973697811213,42.40005135536194,drone2
1743169604.1299295,-0.14328104257583618,2.2186355590820312,1.4612828493118286,9.974068163709637e-05,-0.0016402871846874806,-4.6361533362071596e-05,0.9999986341865765,42.600030183792114,drone2
1743169604.3299396,-0.14659972488880157,2.208048105239868,1.4615745544433594,-0.0007547796131473351,-0.001236829871292352,-7.662297059285458e-05,0.9999989713613647,42.80004024505615,drone2
1743169604.529935,-0.15118348598480225,2.1988930702209473,1.4616204500198364,-0.0016341291349933342,-0.0009306695866604154,-8.901414405515512e-05,0.9999982970117886,43.000035524368286,drone2
1743169604.7299404,-0.15799066424369812,2.192427158355713,1.4618459939956665,-0.0018783510243232336,-0.00052140146174249,-8.572668987122392e-05,0.9999981284243944,43.20004105567932,drone2
1743169604.9299738,-0.16546183824539185,2.1903347969055176,1.463642954826355,-0.0015784227727450124,-5.079164458530766e-05,-6.499044040386703e-05,0.9999988027739706,43.40007448196411,drone2
1743169605.1299706,-0.17246639728546143,2.189960479736328,1.4644358158111572,-0.0011432817923564937,0.00034081015956631446,-6.916297840642291e-05,0.9999992663893043,43.60007119178772,drone2
1743169605.3299556,-0.17909760773181915,2.1911089420318604,1.4422729015350342,-0.0005716353499987493,0.0003225176967397728,-1.1337502249519884e-05,0.9999998564451834,43.80005621910095,drone2
1743169605.5299447,-0.1842498928308487,2.192873477935791,1.320115566253662,0.00013523575214362097,-4.6352792212677e-05,4.6783001846351066e-06,1.0000000250325773,44.00004529953003,drone2
1743169605.729992,-0.18907099962234497,2.1968774795532227,1.1669986248016357,3.2221245107001375e-05,-6.284125982254235e-05,2.9502793952306985e-07,1.0000000250325776,44.20009255409241,drone2
1743169605.929947,-0.19166551530361176,2.2022528648376465,1.0153331756591797,1.3984197771830764e-05,-0.0001225342292923958,2.655251456151745e-06,1.0000000250325776,44.40004754066467,drone2
1743169606.1299474,-0.19032572209835052,2.208540201187134,0.8702555894851685,-7.093062714385942e-06,9.683994019026455e-06,-2.086269001300156e-05,1.0000000250325773,44.60004806518555,drone2
1743169606.3299835,-0.1889103353023529,2.216494083404541,0.7284867167472839,-1.0141172546457877e-05,-4.25297677041721e-05,-6.705563598086162e-05,1.0000000250325776,44.80008411407471,drone2
1743169606.529929,-0.18685872852802277,2.2211031913757324,0.5756109356880188,-4.7039998841393854e-05,-1.6918816156135357e-05,-9.310238836068851e-05,1.0000000250325773,45.00002956390381,drone2
1743169606.729922,-0.18558578193187714,2.2222211360931396,0.4717522859573364,3.512740073450938e-05,-5.703782734240644e-05,-0.00010279616351815957,1.0000000250325773,45.20002269744873,drone2
1743169606.9299026,-0.18062356114387512,2.221727132797241,0.4017103910446167,7.78927936056249e-05,6.7772255882000516e-06,-0.0001349963557805145,1.0000000250325773,45.40000319480896,drone2
1743169607.129921,-0.1724015474319458,2.2203307151794434,0.27844882011413574,7.12842685987445e-05,3.0131703962137098e-06,-0.00016534208670831996,1.0000000250325773,45.60002160072327,drone2
1743169607.3299127,-0.1642240434885025,2.2177493572235107,0.23558767139911652,0.0001046888641654229,4.2497222485913925e-05,-0.00019910171236559027,0.9999999828857289,45.800013303756714,drone2
1743169607.5299113,-0.1596185564994812,2.2157087326049805,0.3083760142326355,0.00010621047369636847,7.182849518226432e-05,-0.00023450506511463187,0.999999982885729,46.000011920928955,drone2
1743169607.7299092,-0.154254749417305,2.2171425819396973,0.35437464714050293,7.081710329863634e-05,0.0001167915462567791,-0.0002881158564205233,0.999999982885729,46.20000982284546,drone2
1743169607.9298809,-0.14972703158855438,2.2185585498809814,0.3818601965904236,1.1181571257588513e-05,0.00013419781911561365,-0.00033329727802422493,0.9999999828857289,46.39998149871826,drone2
1743169608.1298914,-0.14651106297969818,2.2176454067230225,0.3977869749069214,9.51549481142399e-06,0.00013543043950867237,-0.0003932300966066893,0.9999999828857289,46.59999203681946,drone2
1743169608.3298688,-0.1435927450656891,2.217162847518921,0.40609943866729736,-1.64831992538627e-05,0.00012905768887028668,-0.0004505076637330574,0.9999999407388804,46.79996943473816,drone2
1743169608.5298686,-0.1397818773984909,2.2171428203582764,0.40792810916900635,-4.861613251342902e-05,0.00017782235918435742,-0.00048591101648221,0.9999998564451834,46.999969244003296,drone2
1743169608.72987,-0.13644640147686005,2.213453769683838,0.4060814380645752,-2.7766973532223933e-05,0.00020512653027377736,-0.0005378359338475969,0.9999998564451834,47.199970722198486,drone2
1743169608.9298713,-0.1345871239900589,2.208601474761963,0.402279794216156,1.0319310121964532e-05,0.00019705308329864734,-0.0005913202846078991,0.9999998142983348,47.3999719619751,drone2
1743169609.1299202,-0.13462714850902557,2.2039926052093506,0.3973578214645386,4.179785593575479e-05,0.00016918146807314192,-0.0006427815866396625,0.9999997721514864,47.60002088546753,drone2
1743169609.3298955,-0.1362006962299347,2.197164535522461,0.38917630910873413,7.393977472643982e-05,0.00015341038952446283,-0.0007267381088733593,0.9999997721514864,47.79999613761902,drone2
1743169609.5299122,-0.14000244438648224,2.191288471221924,0.3804897665977478,9.536538331125504e-05,7.85936348067185e-05,-0.0008296607129370526,0.9999996878577894,48.00001287460327,drone2
1743169609.7300055,-0.1441679149866104,2.1879935264587402,0.37209171056747437,8.363453255582845e-05,1.3469244263422668e-05,-0.0009697568373872589,0.9999995192703953,48.200106143951416,drone2
1743169609.929897,-0.1470932811498642,2.1867408752441406,0.3633679747581482,5.5976544281077626e-05,-2.7968010964142284e-05,-0.0010838062094577494,0.9999994349766983,48.39999771118164,drone2
1743169610.1298366,-0.1499539166688919,2.1861042976379395,0.35375964641571045,6.0925973156334166e-05,-2.7186108979348824e-05,-0.0012108789577180423,0.9999993085361527,48.599937200546265,drone2
1743169610.3298886,-0.15320251882076263,2.1851718425750732,0.3445698618888855,8.679677131844992e-05,-9.792072379043268e-05,-0.0013210086728770443,0.9999991820956072,48.799989223480225,drone2
1743169610.5299156,-0.15629613399505615,2.184126377105713,0.3341885209083557,0.0001024658108394346,-0.00029794509624128196,-0.0014452575822871405,0.9999989292145162,49.00001621246338,drone2
1743169610.7298706,-0.15749646723270416,2.181481122970581,0.3224802017211914,0.00025555039833083154,-0.0006378156054025877,-0.001557916108356705,0.9999986341865766,49.199971199035645,drone2
1743169610.9298582,-0.15715040266513824,2.178055763244629,0.3097391128540039,0.00036204978399196356,-0.0008607615886203514,-0.001682038577221323,0.9999981705712431,49.39995884895325,drone2
1743169611.1298747,-0.15649273991584778,2.1742422580718994,0.2968522310256958,0.00044125208820689426,-0.0009752182087304702,-0.0018019885080833853,0.9999978333964549,49.59997534751892,drone2
1743169561.5298994,-0.016404565423727036,-3.8078176975250244,0.060779646039009094,-8.35805344786135e-05,0.000979049847052588,0.0053031272138833185,-0.9999854422229927,0.0,drone3
1743169561.7299142,-0.017284037545323372,-3.810452461242676,0.08232428133487701,-6.853131074606545e-05,0.0009576394126451809,0.005307510486128431,-0.9999855265166897,0.20001482963562012,drone3
1743169561.9299035,-0.01749413087964058,-3.8105218410491943,0.09658364951610565,-7.138902347942475e-05,0.0009597428449627095,0.005309407094311436,-0.9999854843698411,0.40000414848327637,drone3
1743169562.1298478,-0.017321601510047913,-3.809500217437744,0.10431592166423798,-5.3495546016899285e-05,0.0009589312711746843,0.005304939528369301,-0.9999854843698412,0.5999484062194824,drone3
1743169562.329873,-0.01819463260471821,-3.8084523677825928,0.10962922871112823,-1.944858915903385e-05,0.0009840879594928465,0.005302073542670538,-0.9999854843698412,0.799973726272583,drone3
1743169562.529862,-0.01889803633093834,-3.8087403774261475,0.11083497107028961,8.12602763880007e-07,0.0009887870861476206,0.0052663330151332954,-0.9999856529572352,0.999962568283081,drone3
1743169562.7300434,-0.01795516349375248,-3.807419776916504,0.11012892425060272,4.960474158676405e-05,0.0009860016898330444,0.005250485800093185,-0.9999857372509322,1.2001440525054932,drone3
1743169562.9299235,-0.014588907361030579,-3.80364727973938,0.1088670939207077,0.00011948919666066794,0.0009197564340283163,0.005225577012623328,-0.9999859479851748,1.400024175643921,drone3
1743169563.1299548,-0.010893016122281551,-3.7987773418426514,0.10572616755962372,0.00019222247411707346,0.000871023481893087,0.00522878017311007,-0.9999859479851749,1.600055456161499,drone3
1743169563.3299232,-0.007147564552724361,-3.7931463718414307,0.10204322636127472,0.00024461748936361515,0.0008476737368072502,0.005220392950256392,-0.9999859901320234,1.8000237941741943,drone3
1743169563.5299537,-0.005988289136439562,-3.78971529006958,0.09866879880428314,0.0002688336526472827,0.0008572938372979252,0.005207327427218078,-0.9999860744257203,2.000054359436035,drone3
1743169563.7299323,-0.00862734206020832,-3.7887487411499023,0.09502942860126495,0.0002595851564747528,0.0009148938236994353,0.005177993220654431,-0.9999861587194174,2.200032949447632,drone3
1743169563.9299703,-0.012760072946548462,-3.7872331142425537,0.09197767078876495,0.00026292891621403503,0.0009885802620130824,0.005170069613134487,-0.9999861587194174,2.400070905685425,drone3
1743169564.1299624,-0.015833228826522827,-3.7841155529022217,0.08771075308322906,0.0003161548911525557,0.001001417002573483,0.005150092006940221,-0.9999862430131145,2.6000630855560303,drone3
1743169564.329952,-0.01552334800362587,-3.7812554836273193,0.08337505161762238,0.0003573797979317898,0.0009581592512161698,0.005147352461787047,-0.999986285159963,2.8000526428222656,drone3
1743169564.529971,-0.011888246051967144,-3.7787587642669678,0.0796060711145401,0.00038016399734188067,0.000875311018230372,0.005135256316264436,-0.9999864116005084,3.0000715255737305,drone3
1743169564.7299368,-0.008767719380557537,-3.775536298751831,0.07575871050357819,0.0004137922022107325,0.0008337005953802616,0.005130535869231234,-0.9999864116005084,3.2000374794006348,drone3
1743169564.929924,-0.004896871745586395,-3.772481918334961,0.06964294612407684,0.0004305369928356932,0.0008094106133731524,0.005126236890683089,-0.9999864958942054,3.400024652481079,drone3
1743169565.1299155,-0.0020692998077720404,-3.7717037200927734,0.06255219876766205,0.0004088487967025285,0.0008129029777965642,0.005121094975164775,-0.9999864958942055,3.6000161170959473,drone3
1743169565.3300486,-0.0025268434546887875,-3.7730350494384766,0.05452696979045868,0.0003690644971935383,0.0008295110381180549,0.005117849667829466,-0.999986538041054,3.8001492023468018,drone3
1743169565.5299413,-0.0059983511455357075,-3.775416374206543,0.04470802843570709,0.0003362905068696036,0.0008845621897399656,0.005105205613276154,-0.999986538041054,4.000041961669922,drone3
1743169565.7299287,-0.011630723252892494,-3.7798757553100586,0.03333510458469391,0.0002743845243050691,0.0009642053277644432,0.005087335349507505,-0.9999866223347511,4.200029373168945,drone3
1743169565.9298997,-0.01809648424386978,-3.7854175567626953,0.023766502737998962,0.0002246331125087286,0.0010440865502080725,0.0050724996588317195,-0.999986622334751,4.400000333786011,drone3
1743169566.129904,-0.02295220084488392,-3.7887017726898193,0.01545301079750061,0.00020181166417490503,0.0010672309323049981,0.005046073584815403,-0.9999867487752965,4.60000467300415,drone3
1743169566.3299098,-0.024467216804623604,-3.7883825302124023,0.005374521017074585,0.0002190930656762923,0.0010634556201178284,0.005041479578327734,-0.999986706628448,4.800010442733765,drone3
1743169566.5298889,-0.021980393677949905,-3.786118507385254,-0.002754107117652893,0.00027739825034827254,0.0009841194049931025,0.0050301420760782145,-0.9999868330689936,4.9999895095825195,drone3
1743169566.7299252,-0.018884574994444847,-3.784006357192993,-0.009188845753669739,0.0003201404025148672,0.000917463443790068,0.005021923440618636,-0.9999869595095391,5.200025796890259,drone3
1743169566.929897,-0.015830308198928833,-3.783043622970581,-0.014021709561347961,0.00030001847217587575,0.0009005822521338914,0.0050287512300773995,-0.999986959509539,5.399997711181641,drone3
1743169567.1299086,-0.012871451675891876,-3.783515691757202,-0.020102009177207947,0.00028775437722419777,0.000888285106479719,0.005041100256691078,-0.9999868330689935,5.600009202957153,drone3
1743169567.3298883,-0.009432588703930378,-3.7847180366516113,-0.02699163556098938,0.0002594342263053295,0.0008712454525513089,0.0050407630819030436,-0.9999869173626905,5.7999889850616455,drone3
1743169567.5298672,-0.005796514917165041,-3.786487102508545,-0.03477676212787628,0.00023429647114177188,0.0008245598741323663,0.005053744311244335,-0.9999869173626905,5.999967813491821,drone3
1743169567.7298772,-0.002097765449434519,-3.7877190113067627,-0.04342925548553467,0.00023418404524654966,0.0007720713867247227,0.005056357415852086,-0.9999869173626905,6.199977874755859,drone3
1743169567.929875,0.00030819649691693485,-3.786369800567627,-0.05262722074985504,0.00024244744115320098,0.0007659856328698433,0.005038571445780404,-0.9999870016563875,6.399975538253784,drone3
1743169568.1301768,0.0019197601359337568,-3.7850584983825684,-0.06129862368106842,0.0002633383456823574,0.0007764060501533602,0.00501340977721948,-0.9999871280969331,6.600277423858643,drone3
1743169568.3299613,0.0036245761439204216,-3.785191535949707,-0.0690569132566452,0.00023466420651093256,0.000784517877925596,0.005017793049464536,-0.9999871280969332,6.800061941146851,drone3
1743169568.5299265,0.0032491853926330805,-3.7836287021636963,-0.07603617012500763,0.0002397472646138607,0.0007919285615919892,0.005000133519938554,-0.9999871702437817,7.000027179718018,drone3
1743169568.7299347,0.0031360771972686052,-3.7819786071777344,-0.08307059109210968,0.00023601619838582106,0.000810725726755594,0.004981757493987771,-0.9999872545374786,7.200035333633423,drone3
1743169568.9299273,0.0016574256587773561,-3.781719207763672,-0.08690100908279419,0.00022858979196929992,0.0008209151389734201,0.0049646037266438126,-0.9999873809780242,7.4000279903411865,drone3
1743169569.1299393,-0.0006998890894465148,-3.7821288108825684,-0.08979775011539459,0.0002161482398522364,0.0008490312028333613,0.0049509060008778305,-0.9999874231248727,7.600039958953857,drone3
1743169569.3299716,-0.003355759661644697,-3.783281087875366,-0.09378273785114288,0.000177650653993781,0.000878486478688833,0.004937798330990895,-0.9999874652717212,7.800072193145752,drone3
1743169569.529912,-0.004680801182985306,-3.7856900691986084,-0.09706306457519531,0.00013562485419526055,0.0008787933192705213,0.004936491778687102,-0.9999874231248727,8.000012636184692,drone3
1743169569.7299201,-0.0031645186245441437,-3.7849624156951904,-0.10050112009048462,0.0001318896309050143,0.0008569900219050705,0.0049254071575286495,-0.9999875495654182,8.200020790100098,drone3
1743169569.929955,-0.0006922627217136323,-3.7827413082122803,-0.10384093225002289,0.0001606682522785338,0.000814016885252301,0.004935648841716822,-0.9999875074185698,8.400055646896362,drone3
1743169570.1299202,0.002421458251774311,-3.7802443504333496,-0.10559338331222534,0.00016267092728634096,0.0007640744749691299,0.004928273143227413,-0.9999875495654182,8.60002088546753,drone3
1743169570.3299277,0.004801296163350344,-3.7784507274627686,-0.10531289875507355,0.0001537846305932015,0.0007856872265970988,0.004954319895607129,-0.9999874652717211,8.800028324127197,drone3
1743169570.5299215,0.005509217269718647,-3.778754472732544,-0.10516972839832306,0.00010346466851179748,0.0007882874895868686,0.004956174356941623,-0.9999874652717211,9.000022172927856,drone3
1743169570.7299151,0.002029860159382224,-3.7784786224365234,-0.10596707463264465,6.134811304827061e-05,0.0008597541390002328,0.00494420465196449,-0.9999874652717212,9.200015783309937,drone3
1743169570.929961,-0.0027260142378509045,-3.7781882286071777,-0.10551801323890686,4.8242089522652546e-05,0.0009270187805442862,0.004914954739098032,-0.9999875495654182,9.40006160736084,drone3
1743169571.1299515,-0.004200174938887358,-3.7788312435150146,-0.10499350726604462,2.8975546760983127e-05,0.0009460942630805772,0.004919085130252021,-0.9999874652717213,9.600052118301392,drone3
1743169571.3299387,-0.00426621176302433,-3.778902292251587,-0.10577964782714844,2.4678626164459377e-05,0.0009292397218974578,0.0049215717943141835,-0.9999875074185698,9.800039291381836,drone3
1743169571.5299015,-0.0027455915696918964,-3.776683807373047,-0.10219262540340424,0.013522086677405567,0.0006055211383780417,0.004643234006748209,-0.9998976503375445,10.000002145767212,drone3
1743169571.729899,0.0013879297766834497,-3.7535178661346436,-0.04624754190444946,0.04536130171894493,-0.0004126202810996288,0.0024675715397673437,-0.9989675115377575,10.199999570846558,drone3
1743169571.9299254,0.0092527000233531,-3.686647415161133,0.10554231703281403,0.026477821126678888,0.00039403220381742555,-0.0012929810186171897,-0.9996485624628451,10.400026082992554,drone3
1743169572.1298985,0.017761560156941414,-3.585588216781616,0.3538283109664917,0.01961395330704422,0.0006032774772393483,-0.005027655412015941,-0.9997948541740265,10.599999189376831,drone3
1743169572.3298998,0.026402518153190613,-3.47648286819458,0.5837827324867249,0.00846976087103148,0.0014307702616560168,-0.0066756814824889266,-0.9999408508572682,10.800000429153442,drone3
1743169572.529898,0.03401673212647438,-3.3660430908203125,0.7737118601799011,-0.00043012632859629565,0.001623139550039278,-0.006271998967451564,-0.999978951608322,10.999998569488525,drone3
1743169572.7299256,0.03915935382246971,-3.2638635635375977,0.925881564617157,-0.010614840201789247,0.0019441093276233413,-0.004481727283254355,-0.9999317049911414,11.200026273727417,drone3
1743169572.929874,0.04244653135538101,-3.17718505859375,1.0484497547149658,-0.02178385153394658,0.0022511738144442555,-0.0022360589008969534,-0.9997577228004884,11.399974584579468,drone3
1743169573.1299005,0.04474400728940964,-3.1125612258911133,1.14962899684906,-0.02665922379684768,0.0022650467130494196,-0.00016192819197879946,-0.9996420718481744,11.600001096725464,drone3
1743169573.3298707,0.044861678034067154,-3.0750808715820312,1.2370237112045288,-0.023499589809274853,0.0018294359846315507,0.0013251812108796004,-0.9997213079233749,11.799971342086792,drone3
1743169573.529848,0.043690890073776245,-3.0581650733947754,1.3164154291152954,-0.018859699232993708,0.0014362249858156405,0.0019626101477583924,-0.9998192571993143,11.999948740005493,drone3
1743169573.7298758,0.042287442833185196,-3.0577175617218018,1.3874804973602295,-0.011630218697783674,0.000857410461414386,0.0017359865433153043,-0.9999305670262315,12.199976444244385,drone3
1743169573.9298887,0.041284140199422836,-3.06532883644104,1.4519197940826416,-0.004987147186877071,0.0005645496271777728,0.0009446794625232457,-0.9999870016563875,12.399989366531372,drone3
1743169574.1298792,0.03877881541848183,-3.0746634006500244,1.5077542066574097,-1.6831986028258968e-07,0.0003671771497926852,0.10309207654146557,-0.9946717361501333,12.599979877471924,drone3
1743169574.3299553,0.036163561046123505,-3.079663038253784,1.548391580581665,0.002889245161490545,-9.050838154356638e-05,0.09738160003672464,-0.9952429102411529,12.800055980682373,drone3
1743169574.5299227,0.03333009406924248,-3.080711603164673,1.59379243850708,0.005261852607573227,-0.00016368189600355672,0.07169739484788273,-0.9974126300024937,13.000023365020752,drone3
1743169574.7299259,0.031070873141288757,-3.076651096343994,1.591452956199646,0.0002953667092768848,-3.2266725836553694e-06,0.03299638837754243,-0.9994554877498167,13.200026512145996,drone3
1743169574.9299326,0.02782844752073288,-3.069394826889038,1.5371532440185547,-0.0036077147501576705,-2.3037533249890198e-06,-0.0018796230030402872,-0.9999917642502694,13.400033235549927,drone3
1743169575.1299834,0.022548571228981018,-3.064293146133423,1.4865559339523315,-0.0043619801841008185,-0.00010822355808054721,-0.021515038934144082,-0.9997590714996407,13.600084066390991,drone3
1743169575.3299778,0.01948026940226555,-3.0605735778808594,1.4607465267181396,-0.0029354556412058918,-0.00038951714035250813,-0.023989269675976088,-0.9997078630787,13.800078392028809,drone3
1743169575.529998,0.020068490877747536,-3.058677911758423,1.4566911458969116,-0.0011313919770599011,-0.00013482892083917664,-0.015809282876436292,-0.9998743852771665,14.000098705291748,drone3
1743169575.7299974,0.023026352748274803,-3.0592682361602783,1.4598618745803833,0.00035542986822316945,0.00042537441548342675,-0.0049802402074412555,-0.9999875074185698,14.200098037719727,drone3
1743169575.9299345,0.028503794223070145,-3.060953140258789,1.463660717010498,0.0012072789109778216,-0.0010711823536991415,0.002944589571213685,-0.9999943773548771,14.40003514289856,drone3
1743169576.1299832,0.039267901331186295,-3.0617480278015137,1.4745995998382568,0.0022612185938245114,-0.021376475242763964,0.00604343660797718,-0.9997507264236355,14.600083827972412,drone3
1743169576.3298676,0.07433895021677017,-3.0581650733947754,1.5059328079223633,0.00414218700329466,-0.057083886552329176,0.004557465170028582,-0.998350397381861,14.799968242645264,drone3
1743169576.5298874,0.1623183935880661,-3.0476126670837402,1.5524885654449463,0.0058305449736145275,-0.07890979273855561,-0.00013352121608245987,-0.9968647631187006,14.999988079071045,drone3
1743169576.7299416,0.3122496008872986,-3.025753974914551,1.5817506313323975,0.0014369809949107992,-0.054086645030613334,-0.010003975962545767,-0.9984851408565505,15.200042247772217,drone3
1743169576.9299266,0.4607212245464325,-2.9995601177215576,1.5860971212387085,-0.0035811979616353676,-0.03672862483917255,-0.02367274684365928,-0.9990384868306499,15.40002727508545,drone3
1743169577.1299067,0.6655817627906799,-2.961700677871704,1.5837304592132568,-0.010933775611911055,-0.013982305896997609,-0.036668390407205376,-0.9991699007043069,15.60000729560852,drone3
1743169577.3299432,0.872459888458252,-2.9307045936584473,1.5867611169815063,-0.013373898358041139,0.00011328941170833093,-0.03451818463672507,-0.9993145908352448,15.800043821334839,drone3
1743169577.5299392,1.0684788227081299,-2.915322780609131,1.5986881256103516,-0.0116097104693522,0.006443299400232074,-0.018483837589240548,-0.999741032648478,16.00003981590271,drone3
1743169577.7299438,1.2477991580963135,-2.9142024517059326,1.6148550510406494,-0.006810141247972437,0.00552538125203882,8.024759956482031e-05,-0.999961544959887,16.20004439353943,drone3
1743169577.9299161,1.4167124032974243,-2.920016050338745,1.6313573122024536,-0.0030574436850020416,-6.147908108717385e-05,0.011631307930400014,-0.9999277010405327,16.40001678466797,drone3
1743169578.1299334,1.5853517055511475,-2.9288480281829834,1.6485646963119507,-0.0010830054193358735,-0.009200902667029583,0.013767563094023216,-0.9998623734253409,16.60003399848938,drone3
1743169578.3298836,1.776134967803955,-2.941178560256958,1.6663715839385986,-0.0006883759156497688,-0.00971815315810207,0.009517053421699562,-0.9999073019658535,16.799984216690063,drone3
1743169578.5298915,1.9609349966049194,-2.953852415084839,1.6841460466384888,-0.0008892973511269144,-0.0043396135430678225,0.0026503624217591444,-0.9999866644815996,16.99999213218689,drone3
1743169578.729928,2.1440494060516357,-2.9668731689453125,1.7020008563995361,-0.0005897291175994006,-0.0013059676397916599,-0.0023827720805632557,-0.9999961475225144,17.200028657913208,drone3
1743169578.9298987,2.3201847076416016,-2.9790642261505127,1.724510669708252,0.0025061692179599443,-0.00249397253378483,-0.004276134956218203,-0.999984641432871,17.399999380111694,drone3
1743169579.1298997,2.4908180236816406,-2.9851889610290527,1.7562490701675415,0.018577127662786068,-0.0022542643638200927,-0.003368291839293547,-0.9998192571993143,17.600000381469727,drone3
1743169579.3298945,2.657837152481079,-2.975548505783081,1.7879923582077026,0.023350508503557847,-0.0012856784185681265,-0.0007990621009179578,-0.9997262391046506,17.799995183944702,drone3
1743169579.5298536,2.8217954635620117,-2.9450297355651855,1.8143986463546753,0.03757287758131751,0.006338725331178576,0.0023260424224678116,-0.9992711374344301,17.999954223632812,drone3
1743169579.7298884,2.9756860733032227,-2.8808436393737793,1.8335105180740356,0.050255937725793544,0.013351085059195716,0.004783245837501394,-0.9986356893994314,18.199989080429077,drone3
1743169579.929884,3.1141092777252197,-2.7773377895355225,1.8464306592941284,0.03676257215001468,0.01682459057889623,0.006223277210573142,-0.9991630729148482,18.39998459815979,drone3
1743169580.129854,3.232088088989258,-2.646341562271118,1.8574014902114868,0.03481797220673296,0.025346943802151908,0.0050059919318815056,-0.9990596445486024,18.59995460510254,drone3
1743169580.3298388,3.3267822265625,-2.495198965072632,1.868470549583435,0.020889506356847984,0.019193895671225567,0.0010470541575561831,-0.9995970168671163,18.799939393997192,drone3
1743169580.5301857,3.4031028747558594,-2.334770679473877,1.8791154623031616,0.011299194386128947,0.015297224020992609,-0.0033599467632883786,-0.9998135252279168,19.0002863407135,drone3
1743169580.7299373,3.4677515029907227,-2.176391363143921,1.8896857500076294,0.007450654107623174,0.009739022351242101,-0.007077593829888872,-0.9998997998268185,19.200037956237793,drone3
1743169580.9299304,3.5272746086120605,-2.02101993560791,1.9005378484725952,0.006681588132817303,0.0032544774029764334,-0.008248854750006529,-0.9999384063400545,19.400031089782715,drone3
1743169581.1299236,3.587574005126953,-1.8669706583023071,1.9108556509017944,0.008440823108261703,0.0007859755044554682,-0.006541654504224337,-0.9999427053186026,19.600024223327637,drone3
1743169581.3299408,3.6403987407684326,-1.7296816110610962,1.9197887182235718,0.009719874264173806,-0.0007574845641342375,-0.003900016480107016,-0.9999448548078768,19.800041437149048,drone3
1743169581.5299587,3.7015504837036133,-1.5702227354049683,1.9318405389785767,0.00933820985548861,-0.0008816732167218725,-0.0011067340950475235,-0.9999554336668529,20.000059366226196,drone3
1743169581.7299883,3.764329433441162,-1.4096659421920776,1.9425500631332397,0.006338356546254105,-0.00021216460122574756,0.0009235217445707766,-0.9999794995173525,20.20008897781372,drone3
1743169581.9299533,3.8267054557800293,-1.2509377002716064,1.9554625749588013,0.008171758615184916,0.00046317048680475287,0.001194062365162174,-0.9999658017915867,20.40005397796631,drone3
1743169582.1299362,3.888059616088867,-1.0903658866882324,1.9730602502822876,0.007628258869296494,0.0018590448042549576,0.00038657089454197113,-0.9999691313926189,20.60003685951233,drone3
1743169582.3299327,3.9486513137817383,-0.9135434031486511,1.9935630559921265,0.008768090752770763,0.022673229062867527,-0.0004536686773711759,-0.9997043648902736,20.80003333091736,drone3
1743169582.5299342,3.9836483001708984,-0.7490587830543518,2.016125202178955,0.00846653927129843,0.03327969817614361,-0.0008436113197939334,-0.9994098427128795,21.00003480911255,drone3
1743169582.7299821,3.990097999572754,-0.5784433484077454,2.03407621383667,0.006748192501174041,0.03174035697417909,-0.0009375987919733023,-0.9994729786919487,21.200082778930664,drone3
1743169582.9299314,3.9714395999908447,-0.4052003026008606,2.050778865814209,0.003066679771726625,0.028250217278751447,-0.0010060031271064678,-0.999595752461661,21.40003204345703,drone3
1743169583.1299586,3.932129144668579,-0.23154766857624054,2.0620975494384766,-0.003684434032884766,0.0336960800634729,-0.0010189422095993029,-0.9994248469909492,21.600059270858765,drone3
1743169583.3299358,3.8671536445617676,-0.06556812673807144,2.0623624324798584,-0.010888702850151193,0.03831824328014366,-0.0013296487768216212,-0.9992054304976017,21.800036430358887,drone3
1743169583.5299408,3.773979663848877,0.08649329096078873,2.0553805828094482,-0.017366682027354204,0.03701257803575819,-0.002283979867653827,-0.9991613027472106,22.000041484832764,drone3
1743169583.7299423,3.655329465866089,0.21607260406017303,2.0489325523376465,-0.014437485275470185,0.024238069766725656,-0.0041709364223350125,-0.9995932657975988,22.200042963027954,drone3
1743169583.9299154,3.5191426277160645,0.32448622584342957,2.0503947734832764,-0.018902002321189118,0.0231754988188363,-0.006235204768701595,-0.9995333329790164,22.40001606941223,drone3
1743169584.1299553,3.3714568614959717,0.41402265429496765,2.059551239013672,-0.012688183291475813,0.018551477024927886,-0.007026975464827222,-0.9997227409162244,22.600055932998657,drone3
1743169584.3299184,3.217473030090332,0.4893918037414551,2.070749044418335,-0.0059529799221772865,0.014272080956306069,-0.006553329181261835,-0.9998589595306114,22.800019025802612,drone3
1743169584.529918,3.061617374420166,0.5595399141311646,2.077712297439575,-0.001456493997954461,0.00900307622610395,-0.0052588730229466965,-0.9999445597799371,23.00001859664917,drone3
1743169584.7299376,2.9066951274871826,0.6295515298843384,2.07987642288208,0.0010745180977171143,0.007923845254615522,-0.0033383254300022864,-0.9999625143374028,23.200038194656372,drone3
1743169584.929918,2.7523648738861084,0.7002643942832947,2.081447124481201,0.0034147156051116795,0.009037526006405543,-0.0017750988187332222,-0.999951809037881,23.4000186920166,drone3
1743169585.1299083,2.594336748123169,0.7753886580467224,2.0828986167907715,0.003503356189794534,0.00867886636838158,-0.0003706815326531826,-0.9999561923101261,23.600008964538574,drone3
1743169585.3299344,2.4332313537597656,0.8546085953712463,2.08249831199646,0.001131309329724273,0.005157090030154325,0.0006992583636442621,-0.9999858636914778,23.800034999847412,drone3
1743169585.5299382,2.2718372344970703,0.9318521618843079,2.0860886573791504,-0.005364324808352284,0.005712615086871736,0.0008083765544389946,-0.9999689628052248,24.000038862228394,drone3
1743169585.7299914,2.108893394470215,1.0007202625274658,2.0950255393981934,-0.015439958439377802,0.011356425690503567,6.393676919114258e-05,-0.999816349066767,24.20009207725525,drone3
1743169585.9300275,1.9409598112106323,1.053106427192688,2.1029834747314453,-0.028208287091383556,0.013048638615737046,-0.0011270067291812005,-0.9995163056522179,24.40012812614441,drone3
1743169586.129956,1.7665756940841675,1.0755096673965454,2.107182025909424,-0.06575457593819121,0.006756105571981967,-0.002856418364128754,-0.9978088946721931,24.600056648254395,drone3
1743169586.329951,1.5942835807800293,1.0473048686981201,2.1038873195648193,-0.0542872561269911,-0.00029355016570027626,-0.003309244104529818,-0.998519912006572,24.80005168914795,drone3
1743169586.5299032,1.43028724193573,0.9662373065948486,2.1098244190216064,-0.05710108641778867,-0.01967439781470929,-0.003678071175848564,-0.9981677750872633,25.000003814697266,drone3
1743169586.7298875,1.285591959953308,0.8446359634399414,2.1353297233581543,-0.04595132467087192,-0.02606737140827739,-0.003129024180297259,-0.9985986423195903,25.19998812675476,drone3
1743169586.9299133,1.1584298610687256,0.6862526535987854,2.1423404216766357,-0.030825269291440055,-0.028245893851738355,-0.0018375604482263625,-0.99912396063943,25.40001392364502,drone3
1743169587.129899,1.0560190677642822,0.5056148767471313,2.1259987354278564,-0.012227699007719188,-0.023247774901767913,-0.0006296739167526169,-0.9996548001964247,25.59999966621399,drone3
1743169587.3299034,0.9742701053619385,0.3202342092990875,2.0984346866607666,-0.004433925513053426,-0.01624541912337153,0.0001486519346979288,-0.9998582430341869,25.80000400543213,drone3
1743169587.5299044,0.9054076671600342,0.13877901434898376,2.071007490158081,-0.0020857108848186786,-0.008372933425661387,0.0005773696777507936,-0.9999626829247967,26.00000500679016,drone3
1743169587.7299228,0.8450166583061218,-0.036617010831832886,2.0502824783325195,-0.0016357415812210082,-0.0033850478457546802,0.0005838181455730116,-0.9999928179214821,26.200023412704468,drone3
1743169587.9298582,0.7897660136222839,-0.20393845438957214,2.0340664386749268,-0.004662445067134984,6.148599580463061e-05,3.06829057160063e-05,-0.9999891932925101,26.399958848953247,drone3
1743169588.1298592,0.7376961708068848,-0.36540237069129944,2.018026113510132,-0.004215549684664449,0.0012621649222745984,-0.0008324845517870826,-0.9999899519357833,26.59995985031128,drone3
1743169588.3298953,0.6853240728378296,-0.5236575603485107,1.9990028142929077,-0.005399554099556169,0.0020826968912418913,-0.001368845345936731,-0.9999823655030514,26.79999589920044,drone3
1743169588.5298698,0.6324141025543213,-0.680515706539154,1.9707430601119995,-0.005603814026416533,0.0019857375723341983,-0.0014968453248643263,-0.9999812275381417,26.99997043609619,drone3
1743169588.7298565,0.577129065990448,-0.836972713470459,1.9395583868026733,-0.004815249124955738,0.0015382091639553658,-0.0014133524179641976,-0.9999862430131143,27.199957132339478,drone3
1743169588.9298494,0.522662878036499,-0.9938669800758362,1.8972188234329224,-0.004153979065890605,0.0012175014459264485,-0.0010730166162387644,-0.9999900783763289,27.39995002746582,drone3
1743169589.1298754,0.4775080382823944,-1.1255466938018799,1.8529397249221802,-0.006472244900899696,0.0017318373836427313,-0.0006691655138074125,-0.9999773500280786,27.599976062774658,drone3
1743169589.3298697,0.42674919962882996,-1.2829208374023438,1.7927123308181763,-0.008304652896895708,0.0016082753361544417,-0.00021705626983103954,-0.9999642423581918,27.799970388412476,drone3
1743169589.5298662,0.37813860177993774,-1.4430891275405884,1.730460286140442,-0.004851713557543376,0.0012460009473261625,0.0001123213512815858,-0.9999874652717211,27.999966859817505,drone3
1743169589.7298815,0.3290277421474457,-1.6061350107192993,1.6746090650558472,-0.0019650805128438005,0.00015232002760744815,0.0002894224087243158,-0.999998001983849,28.199982166290283,drone3
1743169589.9298759,0.28030526638031006,-1.7687959671020508,1.6231449842453003,-0.0032860371607046214,-6.63327187471329e-05,0.00028006580835493455,-0.9999946302359681,28.3999764919281,drone3
1743169590.1298833,0.23313254117965698,-1.930431842803955,1.582892894744873,-0.005105836992823049,0.00018065736242207225,0.0001337319503251222,-0.9999869595095392,28.59998393058777,drone3
1743169590.3298957,0.18859070539474487,-2.0905520915985107,1.5539430379867554,-0.0027323677589336107,-0.0005348049004314033,1.3739872614604266e-05,-0.999996189669363,28.799996376037598,drone3
1743169590.5298827,0.1471252292394638,-2.247830867767334,1.5329595804214478,0.00036451455144933826,-0.0016873776033425835,-3.1441548989041936e-05,-0.9999985498928796,28.999983310699463,drone3
1743169590.7298744,0.10806850343942642,-2.4006168842315674,1.517493724822998,0.0027178105502667113,-0.001628102794200662,1.2559760856289859e-05,-0.9999950095576047,29.19997501373291,drone3
1743169590.9299052,0.06973421573638916,-2.5472066402435303,1.505879521369934,0.0034671725029624544,-0.00225350814892977,9.53783181802391e-05,-0.9999915113691782,29.40000581741333,drone3
1743169591.129884,0.0318230576813221,-2.6868371963500977,1.4984350204467773,0.005950033264776443,-0.003232229299954751,6.389462234263045e-05,-0.999977139293836,29.599984645843506,drone3
1743169591.3299267,0.0037059648893773556,-2.7976276874542236,1.4943175315856934,0.005666526561367343,-0.00311169063030261,7.544285883459548e-05,-0.9999791623425646,29.80002737045288,drone3
1743169591.5298977,-0.02654394507408142,-2.9283595085144043,1.4923157691955566,0.01128894117741191,-0.004383739811733586,0.0002536818811871286,-0.9999266895161686,29.999998331069946,drone3
1743169591.7300477,-0.04863068833947182,-3.035853147506714,1.4912842512130737,0.01210837568195665,-0.0038735525397814675,0.000453921558462411,-0.999919060936588,30.200148344039917,drone3
1743169591.9299326,-0.06666375696659088,-3.1305251121520996,1.4914462566375732,0.00971520551288446,-0.002653291627730507,0.0006348158322710961,-0.9999490694927278,30.400033235549927,drone3
1743169592.129943,-0.07904408127069473,-3.2136852741241455,1.4936184883117676,0.007992693778019335,-0.0014018203158127204,0.0008792254067858661,-0.9999667290222538,30.600043535232544,drone3
1743169592.3299563,-0.08852021396160126,-3.2888894081115723,1.497086524963379,0.0061361609917901395,-0.0002648962356134478,0.0009800828152724539,-0.999980679629111,30.80005693435669,drone3
1743169592.5299273,-0.09701430052518845,-3.359245538711548,1.5017915964126587,0.006079497517417528,0.00023005363351296602,0.0008452129000375286,-0.9999811853912932,31.000027894973755,drone3
1743169592.729936,-0.10445556789636612,-3.425234079360962,1.5062334537506104,0.007399890121907262,0.0002661626167024203,0.0005928797180028145,-0.9999724609936513,31.20003652572632,drone3
1743169592.9299464,-0.11057069897651672,-3.4860308170318604,1.5102590322494507,0.0069463070553220365,-1.5569967802174365e-05,0.0004432162589406152,-0.9999757905946838,31.400047063827515,drone3
1743169593.1299255,-0.11376126110553741,-3.5399680137634277,1.5146514177322388,0.009236414679622674,-0.00014766082521334905,0.0005210193412917841,-0.9999572459813388,31.60002613067627,drone3
1743169593.3299472,-0.1163816899061203,-3.585695266723633,1.5193108320236206,0.010126707256137337,0.00020243164267013788,0.0005403647447582705,-0.9999486058773941,31.800047874450684,drone3
1743169593.5299158,-0.12073756009340286,-3.6211438179016113,1.5218979120254517,0.009759456740370613,0.0002498968966275,0.0004034717807949173,-0.9999523148000631,32.00001645088196,drone3
1743169593.7299163,-0.12501299381256104,-3.6494991779327393,1.5223456621170044,0.008349986771553105,-0.00010946524375035108,0.00013111884571742616,-0.9999651274420105,32.20001697540283,drone3
1743169593.9299202,-0.1278771460056305,-3.6738970279693604,1.52031672000885,0.006950935306124139,-4.140730302836827e-05,2.625748662243854e-05,-0.9999759170352293,32.40002083778381,drone3
1743169594.1299489,-0.1300339549779892,-3.697462558746338,1.5169718265533447,0.00590385316042641,5.998385578192102e-05,1.1506089643564813e-05,-0.9999825762372939,32.60004949569702,drone3
1743169594.329953,-0.1303567737340927,-3.7183563709259033,1.5171798467636108,0.005653835420881754,0.0003133509526941766,0.00010528282758032194,-0.9999839670832948,32.80005359649658,drone3
1743169594.5299277,-0.12788060307502747,-3.734858512878418,1.522887110710144,0.005137396092006975,0.0008579173760494057,0.0002414592951190398,-0.999986453747357,33.00002837181091,drone3
1743169594.7299423,-0.12173590809106827,-3.745354175567627,1.5307762622833252,0.004210640482311752,0.0016183588873426083,0.00044275264360704736,-0.9999897412015408,33.200042963027954,drone3
1743169594.9299204,-0.1145467609167099,-3.750593662261963,1.5370184183120728,0.0031949239060305406,0.002445335949091464,0.0005514493659166121,-0.9999918063971178,33.40002107620239,drone3
1743169595.1299622,-0.10969622433185577,-3.7528350353240967,1.5415292978286743,0.0018106052748570673,0.0029957100353035617,0.0005165096285011386,-0.9999937872989979,33.60006284713745,drone3
1743169595.3299222,-0.10913291573524475,-3.755354404449463,1.5442019701004028,0.001194741983094438,0.002926172715503428,0.00031530057371004244,-0.9999949674107561,33.80002284049988,drone3
1743169595.5299153,-0.11420053988695145,-3.7566356658935547,1.5437973737716675,0.0011249912537146865,0.0021254385700796197,-2.950279395619185e-06,-0.9999971169000301,34.0000159740448,drone3
1743169595.729925,-0.12486974895000458,-3.757384777069092,1.541899561882019,0.00103605681412466,0.0006834345063547254,-0.00028095089217355923,-0.9999992242424558,34.20002555847168,drone3
1743169595.9299042,-0.13645190000534058,-3.7558066844940186,1.540441870689392,0.001133647347943254,-0.000557528698962403,-0.0003951267047895835,-0.9999991820956073,34.400004863739014,drone3
1743169596.1299028,-0.14616452157497406,-3.7508444786071777,1.5431188344955444,0.0009976170772853276,-0.0014057621780218616,-0.0003092314275244258,-0.999998507746031,34.600003480911255,drone3
1743169596.3299177,-0.1530185043811798,-3.7463481426239014,1.5486829280853271,0.000410955192470343,-0.0015477594998871036,-0.00013090811147470357,-0.9999987184802737,34.800018310546875,drone3
1743169596.529913,-0.15862958133220673,-3.74184513092041,1.55271577835083,6.76917076575413e-05,-0.001292692987712967,3.220019226246587e-05,-0.9999991399487588,35.00001358985901,drone3
1743169596.730004,-0.1651736944913864,-3.7371747493743896,1.5550264120101929,-3.34932444036859e-05,-0.0012206970331513117,0.00018864929393480604,-0.9999992242424558,35.20010471343994,drone3
1743169596.9299457,-0.17120397090911865,-3.732818365097046,1.5550175905227661,-9.37084139439749e-05,-0.0013682602291414125,0.00023125975777937838,-0.9999990978019102,35.40004634857178,drone3
1743169597.129907,-0.17651808261871338,-3.728045701980591,1.5543019771575928,-0.00024586709814690606,-0.0012771087788857466,0.00021317875976822878,-0.9999991399487587,35.6000075340271,drone3
1743169597.3298998,-0.18054646253585815,-3.7220115661621094,1.553030252456665,-0.00041535159444648157,-0.0012056990112542592,0.00014865193469798524,-0.9999991820956073,35.80000042915344,drone3
1743169597.5299418,-0.18276455998420715,-3.711927652359009,1.5526081323623657,-0.0010371415809857965,-0.0008286343713211967,8.829764763046416e-05,-0.9999991820956073,36.00004243850708,drone3
1743169597.7299063,-0.18625418841838837,-3.7018849849700928,1.5575319528579712,-0.0018180934198210894,-0.000670902548424303,0.00011615671449616279,-0.9999981284243945,36.20000696182251,drone3
1743169597.9299219,-0.19011086225509644,-3.694514036178589,1.5602635145187378,-0.0022748462669183946,-0.0007098608479046399,0.0001522344168214395,-0.9999972011937273,36.40002250671387,drone3
1743169598.1299403,-0.19278502464294434,-3.6896185874938965,1.5591015815734863,-0.002283849969749598,-0.0006829397953724966,0.0002028949287316006,-0.9999972011937273,36.600040912628174,drone3
1743169598.3299077,-0.19238482415676117,-3.6885902881622314,1.5555903911590576,-0.0020017120511003393,-0.000603130457177817,0.00012201512643905672,-0.999997833396455,36.80000829696655,drone3
1743169598.5298748,-0.18998496234416962,-3.6899144649505615,1.5521180629730225,-0.001578795591254472,-0.00010812230686244658,5.584457427704192e-05,-0.9999987606271221,36.99997544288635,drone3
1743169598.7298768,-0.18648883700370789,-3.6925532817840576,1.5498846769332886,-0.0009778119068545538,0.0002999384590181561,4.256831699689397e-06,-0.9999995192703953,37.1999773979187,drone3
1743169598.9298792,-0.18237917125225067,-3.6957154273986816,1.5470610857009888,-0.0005848838667352696,0.0005680808759533187,-9.820215702949184e-06,-0.9999996878577895,37.39997982978821,drone3
1743169599.1298826,-0.17813141644001007,-3.6990041732788086,1.5440843105316162,-0.0007671405450108379,0.0010360720326766492,-1.4624956433173457e-05,-0.9999991820956072,37.59998321533203,drone3
1743169599.3298965,-0.17540675401687622,-3.702547550201416,1.541988492012024,-0.000916147558675659,0.001244910037479415,3.2579513899011555e-05,-0.9999988449208191,37.799997091293335,drone3
1743169599.529898,-0.1727413386106491,-3.706559181213379,1.5398329496383667,-0.0008261509382430463,0.001172170761094132,6.680275488984984e-05,-0.9999990135082132,37.999998569488525,drone3
1743169599.7298741,-0.17048753798007965,-3.7121224403381348,1.5414727926254272,-0.00045895860076770027,0.0012241361172082468,8.062692120136558e-05,-0.9999991820956073,38.19997477531433,drone3
1743169599.9298615,-0.1706973761320114,-3.721524238586426,1.5450122356414795,-0.0001801830045810427,0.0012120637204469393,0.0001263983986842799,-0.9999992663893043,38.399962186813354,drone3
1743169600.12987,-0.17325982451438904,-3.734287977218628,1.546487808227539,0.0008249461825146041,0.0009240424989302164,0.00013600788014467296,-0.9999992663893043,38.59997057914734,drone3
1743169600.3298717,-0.17788122594356537,-3.747337579727173,1.5445588827133179,0.0018014293214779946,0.0004049116060434902,0.00014941057797118742,-0.999998339158637,38.79997229576111,drone3
1743169600.5298574,-0.18283076584339142,-3.7567057609558105,1.5411344766616821,0.0025227787252786447,-0.00021866863374077556,0.0001836338189620812,-0.9999968218720907,38.99995803833008,drone3
1743169600.7298872,-0.18630261719226837,-3.761352300643921,1.5385468006134033,0.0019844227882240104,-0.0005855056658745488,0.00016867168774070682,-0.9999978755433034,39.19998788833618,drone3
1743169600.9298708,-0.18854214251041412,-3.76263689994812,1.5393303632736206,0.0013866931368741614,-0.0006365436061057808,9.942441563726141e-05,-0.999998844920819,39.39997148513794,drone3
1743169601.129862,-0.19283069670200348,-3.7621078491210938,1.5444722175598145,0.000648514972878904,-0.0007850378039594054,8.484160605248808e-05,-0.9999995192703952,39.59996271133423,drone3
1743169601.329877,-0.19628247618675232,-3.757312059402466,1.550224781036377,-0.00013036752875178549,-0.0011909635016617015,0.00011417581261607961,-0.9999993506830012,39.79997754096985,drone3
1743169601.5299044,-0.19795800745487213,-3.7510194778442383,1.5539586544036865,-0.0010451132622549273,-0.0014324296291798836,0.00012821071317026248,-0.9999984655991826,40.00000500679016,drone3
1743169601.72994,-0.19727642834186554,-3.7422420978546143,1.5708894729614258,-0.0018495688221138297,-0.0015297286129970842,0.00012909579698894272,-0.9999971590468787,40.20004057884216,drone3
1743169601.9298575,-0.18987183272838593,-3.737123727798462,1.5809801816940308,-0.002294848403895481,-0.0009734335736932305,8.783403229684067e-05,-0.9999969483126362,40.39995813369751,drone3
1743169602.1299758,-0.17761735618114471,-3.7338662147521973,1.5759968757629395,-0.002253813260832125,0.00018146095135793778,3.8775100630050754e-05,-0.9999974540748183,40.60007643699646,drone3
1743169602.3299403,-0.16868048906326294,-3.7330374717712402,1.5637362003326416,-0.0019842431702093355,0.0012432436214712386,-1.0115243641583355e-06,-0.9999972854874242,40.80004096031189,drone3
1743169602.5299888,-0.15984463691711426,-3.737325668334961,1.5443235635757446,-0.0012714631179778424,0.001617536735683424,-6.111293034016708e-06,-0.9999979176901519,41.00008940696716,drone3
1743169602.7299504,-0.15331754088401794,-3.7472434043884277,1.524930477142334,-0.00030044562060724364,0.001715425137414785,9.188012975391951e-06,-0.9999985498928796,41.200051069259644,drone3
1743169602.929946,-0.14705736935138702,-3.7591075897216797,1.5076367855072021,0.0007122160500194992,0.001819088439413742,1.7195914192524976e-05,-0.9999981284243944,41.400046586990356,drone3
1743169603.1299708,-0.14244624972343445,-3.770850658416748,1.4935179948806763,0.0010208870561676355,0.0021366448573358347,-2.0820543164268158e-05,-0.9999972011937273,41.6000714302063,drone3
1743169603.3299391,-0.13770116865634918,-3.782162666320801,1.4845443964004517,0.0016629533605740318,0.0020967720659085844,-3.9870918691231476e-05,-0.9999964425504541,41.800039768218994,drone3
1743169603.5299935,-0.13247264921665192,-3.791330099105835,1.4801125526428223,0.001352810692666197,0.0024368953018145865,-6.886795046678869e-05,-0.999996189669363,42.000094175338745,drone3
1743169603.7299633,-0.12848319113254547,-3.797128677368164,1.4784353971481323,0.0014711029023654818,0.0025582727925337707,-4.821599469639877e-05,-0.9999956839071809,42.200063943862915,drone3
1743169603.9299507,-0.12919753789901733,-3.79887056350708,1.4766501188278198,0.0009396211821574249,0.002350421410881058,-1.846031964763947e-05,-0.9999968640189392,42.40005135536194,drone3
1743169604.1299295,-0.13285037875175476,-3.7989184856414795,1.4738762378692627,0.00020790554693855527,0.0016072811809015773,-1.336055097789214e-05,-0.9999986763334252,42.600030183792114,drone3
1743169604.3299396,-0.1348589062690735,-3.797032594680786,1.4726821184158325,6.669104927766175e-05,0.0008175974123217193,7.29140479249773e-06,-0.9999996878577894,42.80004024505615,drone3
1743169604.529935,-0.1329071968793869,-3.7936484813690186,1.475869059562683,-0.000340917420003052,0.0010682343071809737,3.9997359236876374e-05,-0.9999994349766983,43.000035524368286,drone3
1743169604.7299404,-0.13021399080753326,-3.791332721710205,1.4801205396652222,-0.0007462780710828619,0.001573345682701688,5.938490955192953e-05,-0.999998507746031,43.20004105567932,drone3
1743169604.9299738,-0.12998445332050323,-3.791597843170166,1.4827276468276978,-0.0007803730605307783,0.0017035649566211751,6.570693682855799e-05,-0.99999825486494,43.40007448196411,drone3
1743169605.1299706,-0.13243307173252106,-3.79414701461792,1.486004114151001,-0.0004425247460480868,0.0013982859485975308,-1.4456369039184038e-05,-0.9999989292145162,43.60007119178772,drone3
1743169605.3299556,-0.13462968170642853,-3.79784893989563,1.4690048694610596,-6.963443453548385e-05,0.0005746508150110442,-2.7437598380530803e-05,-0.9999998564451835,43.80005621910095,drone3
1743169605.5299447,-0.13694293797016144,-3.8010082244873047,1.3490726947784424,3.10059217977087e-06,-4.0895660249576346e-05,-2.32229135294082e-05,-1.0000000250325776,44.00004529953003,drone3
1743169605.729992,-0.13773617148399353,-3.8044161796569824,1.1924301385879517,-4.791515175681995e-06,-1.9922047289230335e-05,-4.6361533356798057e-07,-1.0000000250325776,44.20009255409241,drone3
1743169605.929947,-0.13843990862369537,-3.8106400966644287,1.0371423959732056,-5.49750832995276e-06,1.749884530928792e-05,-5.4790903053492e-07,-1.0000000250325773,44.40004754066467,drone3
1743169606.1299474,-0.13832013309001923,-3.8186137676239014,0.8877695202827454,-4.687921365618373e-05,-1.5016847008586256e-06,2.356008831766454e-05,-1.0000000250325773,44.60004806518555,drone3
1743169606.3299835,-0.1369275003671646,-3.8264453411102295,0.7434998750686646,-5.727936011656432e-05,-3.124515609663626e-05,4.067170881311144e-05,-1.0000000250325773,44.80008411407471,drone3
1743169606.529929,-0.13627290725708008,-3.8319520950317383,0.6149511933326721,0.00013622483068728453,-0.00017078378274802867,5.07026587587278e-05,-1.0000000250325773,45.00002956390381,drone3
1743169606.729922,-0.13562020659446716,-3.8402223587036133,0.4847102165222168,0.00011608173302999658,-5.317026618843629e-06,0.00011763185419394473,-1.0000000250325776,45.20002269744873,drone3
1743169606.9299026,-0.13612477481365204,-3.849170684814453,0.3672271966934204,-0.00010187254841446483,8.19721900056978e-05,0.0001381995162673122,-1.0000000250325773,45.40000319480896,drone3
1743169607.129921,-0.13742634654045105,-3.8608386516571045,0.23073230683803558,-4.858275382477798e-05,8.593746398658616e-05,0.00016787089761899354,-1.0000000250325773,45.60002160072327,drone3
1743169607.3299127,-0.1380588859319687,-3.874054431915283,0.08101235330104828,-7.393435073778711e-05,4.433001487651966e-05,0.00018017777738410512,-1.0000000250325776,45.800013303756714,drone3
1743169607.5299113,-0.13794265687465668,-3.881849527359009,0.03382028639316559,-9.88183077356032e-05,6.430009025409313e-05,0.00018439246223522776,-1.0000000250325773,46.000011920928955,drone3
1743169607.7299092,-0.13695362210273743,-3.8836660385131836,0.06893305480480194,-7.98876483973998e-05,6.201115932535116e-05,0.00020521300539966258,-1.0000000250325773,46.20000982284546,drone3
1743169607.9298809,-0.13645346462726593,-3.8856630325317383,0.08975286781787872,-6.523036733266964e-05,8.51104356252491e-05,0.0001916417201791587,-1.0000000250325773,46.39998149871826,drone3
1743169608.1298914,-0.13505879044532776,-3.8860809803009033,0.10120175778865814,-5.4913582059997776e-05,6.690596694992751e-05,0.000227635128807413,-1.0000000250325773,46.59999203681946,drone3
1743169608.3298688,-0.13215205073356628,-3.886025905609131,0.10779307782649994,-3.5000644422030004e-05,4.602153210607412e-05,0.00022375761874438016,-1.0000000250325773,46.79996943473816,drone3
1743169608.5298686,-0.1280747503042221,-3.886667490005493,0.1106061190366745,-5.837200378752395e-05,2.1708124821910914e-05,0.00026101543282808226,-1.0000000250325773,46.999969244003296,drone3
1743169608.72987,-0.12551523745059967,-3.8890717029571533,0.11101077497005463,-8.702048287509279e-05,7.451328210306322e-06,0.0002781692001719849,-0.9999999828857289,47.199970722198486,drone3
1743169608.9298713,-0.12359990924596786,-3.888617992401123,0.10830764472484589,-7.522789292893295e-05,4.603053757414966e-06,0.0004313308476605604,-0.9999999828857289,47.3999719619751,drone3
1743169609.1299202,-0.12339882552623749,-3.8866167068481445,0.10429559648036957,-4.3779457519306534e-05,2.5358074315691804e-05,0.0007180980049287244,-0.9999998142983348,47.60002088546753,drone3
1743169609.3298955,-0.12264297157526016,-3.884944200515747,0.10006289184093475,-1.218866716727776e-05,4.633020490778497e-05,0.0010323027605774748,-0.9999995192703954,47.79999613761902,drone3
1743169609.5299122,-0.12449422478675842,-3.8851170539855957,0.09542970359325409,-1.3674867068721845e-05,0.00010979235001041827,0.0012503284079242172,-0.9999992242424558,48.00001287460327,drone3
1743169609.7300055,-0.12909924983978271,-3.8852181434631348,0.08977146446704865,-4.683353484826095e-05,0.00021369718864231463,0.0014287781645194175,-0.9999989713613646,48.200106143951416,drone3
1743169609.929897,-0.13169065117835999,-3.8845880031585693,0.08308272063732147,-4.3010745717968885e-05,0.00025776820130795475,0.001581729077765437,-0.9999986763334251,48.39999771118164,drone3
1743169610.1298366,-0.133026123046875,-3.882202386856079,0.07645557820796967,9.01332375493572e-06,0.0002979840326853164,0.0016999509878384278,-0.9999985498928796,48.599937200546265,drone3
1743169610.3298886,-0.1341676265001297,-3.8782708644866943,0.07127551734447479,7.639252117410425e-05,0.00047660405390502914,0.0018021992423259414,-0.9999982970117884,48.799989223480225,drone3
1743169610.5299156,-0.1364126205444336,-3.8729515075683594,0.0665774792432785,0.0001538476244912934,0.0006253838079760486,0.0018913819737749749,-0.9999980441306975,49.00001621246338,drone3
1743169610.7298706,-0.1387166529893875,-3.8686001300811768,0.06130443513393402,0.0002022519629170393,0.0007264144136682175,0.0019694379372171555,-0.9999977912496063,49.199971199035645,drone3
1743169610.9298582,-0.1407734453678131,-3.8691418170928955,0.05288033187389374,0.00018543925988969288,0.0007779571900033661,0.0020213628545825424,-0.9999976226622123,49.39995884895325,drone3
1743169611.1298747,-0.14449885487556458,-3.8734371662139893,0.04300449788570404,0.00012250121460405413,0.0008408951529709414,0.0020591685776968904,-0.9999975805153638,49.59997534751892,drone3
