timestamp,x,y,z,qx,qy,qz,qw,relative_time,drone_id
1743534682.6615267,-0.014822377823293209,-0.05271587520837784,-0.19851835072040558,-0.0036244294329509127,-0.022973522065784988,0.07994452157710047,-0.99652796765225,0.0,drone1
1743534682.8615305,-0.017764972522854805,-0.05583672225475311,-0.199907124042511,-0.0036645624523563964,-0.022947958685074116,0.0799758788323926,-0.9965258603098245,0.20000386238098145,drone1
1743534683.061516,-0.02000662125647068,-0.05807727202773094,-0.20184367895126343,-0.0036689253097217825,-0.02295614241767482,0.0799864576913688,-0.9965248909323088,0.39998936653137207,drone1
1743534683.2615197,-0.02160414308309555,-0.056930433958768845,-0.2046719193458557,-0.0036233283465335673,-0.02294417732250928,0.08001735133132726,-0.9965228257367316,0.5999929904937744,drone1
1743534683.461613,-0.023427225649356842,-0.05365819111466408,-0.20958341658115387,-0.003552897669949324,-0.022898899094862927,0.08007500822009023,-0.9965195382825478,0.800086259841919,drone1
1743534683.6615193,-0.024105634540319443,-0.0489460751414299,-0.2155776470899582,-0.0034807481921992445,-0.022891198733931088,0.08010025418234823,-0.9965178945554558,0.9999926090240479,drone1
1743534683.8615067,-0.024133142083883286,-0.04549499228596687,-0.22072996199131012,-0.003465913160067916,-0.022891864522428657,0.08009637667228525,-0.996518147436547,1.1999800205230713,drone1
1743534684.0615194,-0.024986494332551956,-0.04196954518556595,-0.22263912856578827,-0.003436935884627661,-0.022892337357385387,0.0800990319237414,-0.9965181052896984,1.3999927043914795,drone1
1743534684.2614768,-0.026195812970399857,-0.03695321083068848,-0.2201588749885559,-0.0034364439518801983,-0.022882613947725023,0.08012301348054407,-0.9965163772689094,1.5999500751495361,drone1
1743534684.4615083,-0.028278052806854248,-0.0318879559636116,-0.22499632835388184,-0.0034052223567567377,-0.02284552340394642,0.08015534011335201,-0.9965148178355145,1.7999815940856934,drone1
1743534684.6615431,-0.029788516461849213,-0.0268078800290823,-0.22914019227027893,-0.0033682701073248114,-0.022836506612543123,0.08018648663440153,-0.9965125840525435,2.000016450881958,drone1
1743534684.8615007,-0.029399923980236053,-0.023591741919517517,-0.23329326510429382,-0.00334076731303793,-0.02287385596431336,0.08023647279673551,-0.9965077793118133,2.1999740600585938,drone1
1743534685.0615072,-0.029548823833465576,-0.022827910259366035,-0.23831744492053986,-0.0033290755138432044,-0.022876080527661328,0.0802377793490393,-0.9965077371649648,2.3999805450439453,drone1
1743534685.261499,-0.02985488250851631,-0.024606047198176384,-0.24184370040893555,-0.0033716938802218137,-0.022890044305408593,0.08021868682666383,-0.9965087065424805,2.5999722480773926,drone1
1743534685.461479,-0.03188132867217064,-0.026229575276374817,-0.24825651943683624,-0.003400353737209222,-0.02288024779730784,0.08018888900476662,-0.9965113617939367,2.799952268600464,drone1
1743534685.6614761,-0.03330089524388313,-0.027369288727641106,-0.250487357378006,-0.003418616493504599,-0.022869502985115597,0.08018652878124999,-0.9965116989687248,2.9999494552612305,drone1
1743534685.8615007,-0.03249885514378548,-0.02565762773156166,-0.25424590706825256,-0.0034014528479930444,-0.02291464950386035,0.08023988669146476,-0.9965063884658125,3.1999740600585938,drone1
1743534686.0615373,-0.03074716404080391,-0.022139182314276695,-0.2586043179035187,-0.003375567439017769,-0.02293408381083543,0.08031351723581337,-0.9965000242916873,3.400010585784912,drone1
1743534686.2614813,-0.027180921286344528,-0.01958814077079296,-0.262012243270874,-0.0033683794257131357,-0.02296920991634672,0.08038862291985976,-0.9964932807959255,3.599954605102539,drone1
1743534686.4614727,-0.02197929471731186,-0.019925110042095184,-0.2660093307495117,-0.0034070985500599805,-0.02302973081517484,0.0804397470471035,-0.9964875909713766,3.7999460697174072,drone1
1743534686.6614635,-0.016015199944376945,-0.021153133362531662,-0.26928597688674927,-0.003429355378796272,-0.02310368470487679,0.08050857285072172,-0.9964802152728872,3.999936819076538,drone1
1743534686.861467,-0.00878450833261013,-0.021034346893429756,-0.27018579840660095,-0.0034156583115747398,-0.023150264216470918,0.08056774702603103,-0.9964744833014898,4.199940204620361,drone1
1743534687.0614963,-0.0023129701148718596,-0.021713579073548317,-0.27052465081214905,-0.0034071946975581468,-0.023180388676444078,0.08060500484011474,-0.9964706900851237,4.399969577789307,drone1
1743534687.2614825,0.0036268774420022964,-0.02244993858039379,-0.27102944254875183,-0.003403469969820995,-0.023193741324887936,0.08059295084144064,-0.9964713644346999,4.599955797195435,drone1
1743534687.461577,0.008009870536625385,-0.023262126371264458,-0.27145814895629883,-0.0034121818551170985,-0.023185514128349707,0.08056749414493997,-0.9964737246582165,4.800050258636475,drone1
1743534687.6617792,0.011899531818926334,-0.024121306836605072,-0.2747834622859955,-0.003414408394098589,-0.02316479302540603,0.0805352518058291,-0.9964768013781578,5.0002524852752686,drone1
1743534687.8615212,0.014256209135055542,-0.02283673733472824,-0.27971237897872925,-0.003381784757717632,-0.023139612259054296,0.08049500156550121,-0.9964807210350694,5.1999945640563965,drone1
1743534688.0615072,0.018873130902647972,-0.02125564031302929,-0.2839708924293518,-0.0033613619754360737,-0.02316651775347244,0.08050882573181278,-0.9964789508674319,5.399980545043945,drone1
1743534688.261523,0.024173954501748085,-0.01954939402639866,-0.28660017251968384,-0.0033849385273663607,-0.02323015883617938,0.08062460312467223,-0.9964681191273645,5.599996328353882,drone1
1743534688.4615064,0.024966049939393997,-0.016021281480789185,-0.28732842206954956,-0.0033869135023458035,-0.023218803553228234,0.08061988267763909,-0.9964687091832437,5.7999796867370605,drone1
1743534688.6615145,0.02310507372021675,-0.013780872337520123,-0.28858688473701477,-0.0034019131706041253,-0.023131927703190645,0.08052163837376014,-0.9964786136926438,5.999987840652466,drone1
1743534688.861503,0.019273731857538223,-0.016363056376576424,-0.2919790744781494,-0.0034239638749094174,-0.023075964590902272,0.080509415787692,-0.9964808053287664,6.199976205825806,drone1
1743534689.0615532,0.0174165740609169,-0.018783679232001305,-0.30992740392684937,-0.0034627916591000794,-0.023051954058141224,0.08049613953041101,-0.9964822804684641,6.400026559829712,drone1
1743534689.261508,0.010375089943408966,-0.02474324405193329,-0.26450732350349426,-0.0035180079819163985,-0.023005088079686126,0.08050427387217368,-0.9964825754964037,6.599981307983398,drone1
1743534689.4615319,0.0035801308695226908,-0.02942669950425625,-0.15025779604911804,-0.0035424268122723978,-0.022951174357906595,0.08046760611396919,-0.9964867058875578,6.800005197525024,drone1
1743534689.661528,-0.0031272154301404953,-0.0312906913459301,-0.03697635233402252,-0.003532721841858257,-0.022912813481772095,0.08043485801267625,-0.9964902040759842,7.000001430511475,drone1
1743534689.8615015,-0.005357183516025543,-0.030004514381289482,0.04516182839870453,-0.0034748614628423865,-0.02292398042099396,0.08042301474824459,-0.9964911734535,7.199974775314331,drone1
1743534690.061507,-0.00613578362390399,-0.028103217482566833,0.10035400092601776,-0.003437738650382894,-0.02295114340631472,0.08042579644024633,-0.9964904148102268,7.399980306625366,drone1
1743534690.261518,-0.004210664890706539,-0.027678754180669785,0.1368074268102646,-0.0034125789574554126,-0.022973600432581443,0.08048062949015905,-0.9964855679226481,7.599991321563721,drone1
1743534690.461495,-0.00034810349461622536,-0.029364420101046562,0.16147761046886444,-0.003436274047397139,-0.023028648826548224,0.0805026722919302,-0.9964824069090097,7.799968242645264,drone1
1743534690.6615136,0.0028113764710724354,-0.02993546612560749,0.17926035821437836,-0.0034105473476482863,-0.023056324818040704,0.08054456625935014,-0.9964785293989468,7.999986886978149,drone1
1743534690.8614824,0.004409389570355415,-0.02952086180448532,0.1907307356595993,-0.0033999151465669056,-0.02304553061501036,0.0805416159799543,-0.9964790351611288,8.199955701828003,drone1
1743534691.0614703,0.005020968150347471,-0.028550637885928154,0.19855032861232758,-0.0033983925916644497,-0.02301387833177868,0.08053394525352536,-0.9964803838602811,8.399943590164185,drone1
1743534691.2614772,-0.00011972834909101948,-0.029349029064178467,0.20495645701885223,-0.0027202402502287987,-0.013344324770548912,0.07906420035225342,-0.9967765076179187,8.599950551986694,drone1
1743534691.4614987,-0.022493872791528702,-0.02555556409060955,0.2343997210264206,0.008285741618316701,0.008830626983008948,0.04853129527017286,-0.9987482636318039,8.79997205734253,drone1
1743534691.6614876,-0.07091307640075684,-0.013542617671191692,0.3101942539215088,0.00033631900949908985,-0.005756248970040564,-0.003907097150656791,-0.9999757905946838,8.999960899353027,drone1
1743534691.8614933,-0.1358461230993271,0.0006983705097809434,0.40855222940444946,-0.009154627402998146,-0.020627579086830522,-0.04893337620496668,-0.9985470545770129,9.199966669082642,drone1
1743534692.0614862,-0.1993345022201538,0.008179090917110443,0.5171273946762085,-0.009787862069905562,-0.030407081592751815,-0.07159194343290842,-0.996922462154312,9.399959564208984,drone1
1743534692.2614594,-0.25263988971710205,0.009861129336059093,0.6274369359016418,-0.006617703224006155,-0.036387523808728804,-0.07281327480905703,-0.996659634406998,9.599932670593262,drone1
1743534692.4614537,-0.2911769151687622,0.009394696913659573,0.7330847978591919,-0.003551118282688744,-0.03920187303259868,-0.06395809549637271,-0.997176059741802,9.799926996231079,drone1
1743534692.6614585,-0.31439459323883057,0.010286077857017517,0.8319188356399536,-0.0014661597849703763,-0.0395010221437059,-0.05171308730480567,-0.9978794063497518,9.999931812286377,drone1
1743534692.8614664,-0.3219873011112213,0.01960567571222782,0.9232165813446045,-0.0005785866680014253,-0.03792545440835725,-0.040624883664317046,-0.998454331510289,10.199939727783203,drone1
1743534693.0614655,-0.31756147742271423,0.0405760332942009,1.0077852010726929,-0.0025705349735903513,-0.0353373125888014,-0.0336249664762337,-0.9988063419890519,10.399938821792603,drone1
1743534693.2614763,-0.305676132440567,0.0683276355266571,1.0879451036453247,-0.00614624725947428,-0.032643267592738834,-0.029398733388652346,-0.999015727532454,10.599949598312378,drone1
1743534693.4614756,-0.2859231233596802,0.09452993422746658,1.1640206575393677,-0.008920199387590966,-0.030146149136531856,-0.02473354087383001,-0.9991996142325071,10.799948930740356,drone1
1743534693.6614761,-0.2586681544780731,0.11613767594099045,1.2374975681304932,-0.010196801745750135,-0.027300179898111197,-0.019343211830377682,-0.9993880949390478,10.99994945526123,drone1
1743534693.861482,-0.2262851744890213,0.12910552322864532,1.3067830801010132,-0.010263225837547811,-0.02443529199306521,-0.012860815795159632,-0.9995659967866123,11.199955224990845,drone1
1743534694.0614643,-0.1961192637681961,0.13075248897075653,1.3672508001327515,-0.008809936646441389,-0.022491049968723573,-0.00708829912941056,-0.9996831650254725,11.399937629699707,drone1
1743534694.2614858,-0.16886746883392334,0.13582724332809448,1.4324684143066406,-0.008334443804075579,-0.020569053577861592,-0.0008539372976791872,-0.9997533816750918,11.599959135055542,drone1
1743534694.4614553,-0.14430877566337585,0.13360854983329773,1.5237619876861572,-0.00800821336716659,-0.020291509336427767,0.00599176457170275,-0.9997441515152679,11.799928665161133,drone1
1743534694.661565,-0.12661398947238922,0.12917090952396393,1.5697052478790283,-0.003703502847657919,-0.011845161039744156,0.04582572047686456,-0.998872428247517,12.000038385391235,drone1
1743534694.861533,-0.1151060089468956,0.1222924068570137,1.5875970125198364,0.0022500055564870867,-0.006670691690751974,0.061386126212844006,-0.9980892976553362,12.200006246566772,drone1
1743534695.061531,-0.11685357242822647,0.11931038647890091,1.5829501152038574,0.0009793617090361442,-0.013419225317981088,0.072147017427797,-0.9973032167837594,12.400004386901855,drone1
1743534695.2615306,-0.12341408431529999,0.12152054160833359,1.573752999305725,-0.0007330983317313883,-0.016434403616460858,0.07828199699073973,-0.9967955158465971,12.600003957748413,drone1
1743534695.4615474,-0.1330818086862564,0.12563097476959229,1.5703504085540771,-0.0022175544587671107,-0.018620930092189913,0.08548017295421834,-0.9961634817063278,12.800020694732666,drone1
1743534695.6615758,-0.14026613533496857,0.1311868280172348,1.5694875717163086,-0.00170404318341095,-0.028704836894392124,0.09134486477766074,-0.995404121936707,13.000049114227295,drone1
1743534695.8615196,-0.1402045488357544,0.1326252520084381,1.5810165405273438,-0.0004778306753690975,-0.03370503363460332,0.09129513149641783,-0.995253151925341,13.199992895126343,drone1
1743534696.0615125,-0.13098828494548798,0.1331312209367752,1.5989549160003662,-0.0023128952399103105,-0.02975657593757805,0.08638135686907822,-0.9958149272691428,13.399985790252686,drone1
1743534696.2615206,-0.11660942435264587,0.13259923458099365,1.6201131343841553,-0.003220161471845974,-0.026207194895301298,0.07855291693296779,-0.9965601678445123,13.59999394416809,drone1
1743534696.4615128,-0.09746251255273819,0.12830190360546112,1.6426560878753662,-0.00310814107540459,-0.023301440352267937,0.06886837193528605,-0.9973486932333027,13.799986124038696,drone1
1743534696.661497,-0.0773465633392334,0.12249547988176346,1.6651302576065063,-0.002452503382880104,-0.020809108856089487,0.05949411203634153,-0.9980087550278318,13.999970436096191,drone1
1743534696.8615096,-0.058450669050216675,0.11488691717386246,1.6870695352554321,-0.0014205950904630587,-0.019731944067994854,0.051221149288986634,-0.9984913785901299,14.19998288154602,drone1
1743534697.0614827,-0.04303964227437973,0.10587167739868164,1.7073554992675781,-0.0007772985220181705,-0.019314034357407053,0.04392481331532616,-0.9988478987816836,14.399955987930298,drone1
1743534697.2614846,-0.034287046641111374,0.09870303422212601,1.727695345878601,-0.0002233440527932644,-0.01930831950816678,0.03743529446270977,-0.9991124966966349,14.599957942962646,drone1
1743534697.4615023,-0.02898748405277729,0.09243440628051758,1.747725009918213,-0.00011751134054888619,-0.021383040931508557,0.03292516020355901,-0.9992290748796162,14.799975633621216,drone1
1743534697.6614728,-0.0237298421561718,0.08704166114330292,1.7684608697891235,-0.00016773128618314178,-0.024155949925124598,0.029164481204629,-0.999282685670922,14.999946117401123,drone1
1743534697.8614805,-0.015465459786355495,0.08249902725219727,1.789919137954712,-0.000349135273441077,-0.024464181682085907,0.024797477643021204,-0.9993930261203235,15.19995379447937,drone1
1743534698.061483,-0.003901534015312791,0.08241070061922073,1.8121864795684814,-0.001233232592496894,-0.0244299781974303,0.020338804685902212,-0.9994938835288101,15.399956226348877,drone1
1743534698.2614648,0.00845014676451683,0.0852123498916626,1.8340494632720947,-0.0023304862808075414,-0.023909757012082304,0.01604690680834092,-0.9995826447917742,15.599938154220581,drone1
1743534698.461469,0.02114599570631981,0.08920040726661682,1.8549892902374268,-0.0029234265849050214,-0.022999537866572845,0.0127207618175581,-0.9996503326304826,15.799942255020142,drone1
1743534698.6614525,0.03442947939038277,0.0928274542093277,1.8757715225219727,-0.003583610868712618,-0.023027680107576977,0.010477327218171793,-0.9996735555440122,15.9999258518219,drone1
1743534698.8616173,0.04853567108511925,0.09502772986888885,1.8947205543518066,-0.0037521679697088257,-0.022282369726489504,0.009262739337784818,-0.9997017939325143,16.200090646743774,drone1
1743534699.0614562,0.057257458567619324,0.09517776221036911,1.9066436290740967,-0.003490827215893917,-0.0222874760806044,0.008925943871334217,-0.9997057135894258,16.399929523468018,drone1
1743534699.2615092,0.06953674554824829,0.09336354583501816,1.9228370189666748,-0.002909926422491375,-0.022740906364863776,0.009258524652933751,-0.9996942917934795,16.599982500076294,drone1
1743534699.461471,0.08029481023550034,0.08917723596096039,1.9413864612579346,-0.0019084929357257373,-0.022615738785865022,0.010584127332298297,-0.9996864524796565,16.799944400787354,drone1
1743534699.6614552,0.09122169762849808,0.08713143318891525,1.9597342014312744,-0.0010941190164525916,-0.023480709996775498,0.01211557521979023,-0.9996502904836341,16.99992847442627,drone1
1743534699.8614562,0.10010555386543274,0.09138240665197372,1.9848382472991943,-0.001209497331340181,-0.02397689299049311,0.01240533480330258,-0.9996348225902305,17.1999294757843,drone1
1743534700.0614643,0.11139050126075745,0.09959860146045685,2.014127254486084,-0.0023852528177249074,-0.02347490756111566,0.011467693864480764,-0.9996558538676374,17.399937629699707,drone1
1743534700.261553,0.125153049826622,0.1099061369895935,2.027060031890869,-0.003577323744294905,-0.022427244908434146,0.009688296067199285,-0.9996951768772981,17.60002636909485,drone1
1743534700.4614606,0.13833026587963104,0.11922698467969894,2.027193546295166,-0.004627464499959961,-0.022747572152373576,0.008439653533215517,-0.9996949239962072,17.799933910369873,drone1
1743534700.6614664,0.15215373039245605,0.12708885967731476,2.0221431255340576,-0.00518419144156347,-0.023244616522307627,0.007932374064538448,-0.9996849773399585,17.999939680099487,drone1
1743534700.861458,0.1672789603471756,0.13002875447273254,2.0150794982910156,-0.005107555958625015,-0.02248274308829988,0.008448209343463296,-0.9996985064783306,18.199931383132935,drone1
1743534701.0614583,0.18085993826389313,0.1300209015607834,2.0074245929718018,-0.004019839311878974,-0.021759156773441743,0.010144114233844646,-0.9997037326875459,18.39993166923523,drone1
1743534701.261485,0.19008223712444305,0.12828615307807922,2.0039331912994385,-0.002470874799019296,-0.02260316256139608,0.014190633159375519,-0.9996407652958706,18.599958419799805,drone1
1743534701.4614549,0.1996482014656067,0.12588654458522797,2.0050113201141357,-0.0010888486847552051,-0.023074129227358523,0.019111151282476868,-0.9995505288932088,18.799928188323975,drone1
1743534701.661573,0.2105947732925415,0.12659883499145508,2.0073699951171875,-0.0006801092064410634,-0.02368312155383808,0.02256091297994206,-0.9994646757627921,19.000046253204346,drone1
1743534701.8614988,0.2227662354707718,0.12779848277568817,2.011118173599243,-0.0008722566888022284,-0.024189874186908815,0.023734154801939855,-0.9994252684594345,19.19997215270996,drone1
1743534702.061505,0.2357729971408844,0.12966632843017578,2.017477035522461,-0.0016726635376055703,-0.023180108136483673,0.022732029184896307,-0.9994714192585539,19.399978399276733,drone1
1743534702.261509,0.24950866401195526,0.13249577581882477,2.0267648696899414,-0.0024020496539455135,-0.022101445818177884,0.02011652220685578,-0.9995504445995118,19.599982261657715,drone1
1743534702.4614933,0.26416611671447754,0.1353825181722641,2.0359182357788086,-0.003093553656008262,-0.022275540619941723,0.017278016253344075,-0.999597817657238,19.79996657371521,drone1
1743534702.6615183,0.2794390320777893,0.13844777643680573,2.043168306350708,-0.003270351782977366,-0.022891964621193868,0.015351863129547725,-0.9996147185434909,19.99999165534973,drone1
1743534702.861514,0.29478156566619873,0.14077317714691162,2.0507590770721436,-0.0032460567589888667,-0.02290587044702443,0.014684425636529162,-0.9996244966123453,20.199987411499023,drone1
1743534703.0615907,0.30943042039871216,0.1397751271724701,2.059445858001709,-0.0030210301249776485,-0.02184676953478376,0.015300106799576383,-0.9996396694778094,20.40006399154663,drone1
1743534703.2615097,0.32207027077674866,0.1349354386329651,2.06653094291687,-0.002293902816300083,-0.02102692047647125,0.01698222967049462,-0.9996321251919258,20.599982976913452,drone1
1743534703.461536,0.3319240212440491,0.127908855676651,2.0724380016326904,-0.0010203587388359875,-0.022192863649687034,0.019030355773881513,-0.9995720659327978,20.80000925064087,drone1
1743534703.6614869,0.338076651096344,0.12279341369867325,2.0762412548065186,-5.713400442350656e-05,-0.024136110613277105,0.021125096291721435,-0.9994854541591078,20.99996018409729,drone1
1743534703.8615298,0.3439292013645172,0.12076865136623383,2.0795717239379883,-1.9267695214501697e-05,-0.024488455632650147,0.02236025183418172,-0.9994500508063588,21.200003147125244,drone1
1743534704.0615106,0.3520265817642212,0.12073907256126404,2.079246759414673,-0.0002892235282828405,-0.02374478502738755,0.022415127030942894,-0.9994667409583691,21.399983882904053,drone1
1743534704.2614782,0.362423300743103,0.12273620814085007,2.0913000106811523,-0.0014056935453364227,-0.025157960955423733,0.021241843062096644,-0.9994568785958176,21.59995150566101,drone1
1743534704.4614701,0.3785923421382904,0.12520700693130493,2.1141245365142822,-0.0023901984869798567,-0.024436534008007268,0.019055728176685105,-0.9995169378549456,21.799943447113037,drone1
1743534704.661516,0.39891117811203003,0.12823958694934845,2.1134133338928223,-0.0032485717404648526,-0.02375393945459302,0.01607784259514783,-0.9995833191413502,21.99998927116394,drone1
1743534704.8616543,0.4153055250644684,0.1296842247247696,2.103492259979248,-0.003731844627647971,-0.022702930078721935,0.012791947844693062,-0.9996534936441209,22.200127601623535,drone1
1743534705.0615373,0.42783883213996887,0.1285368800163269,2.0991969108581543,-0.0035414185806306726,-0.022009923936636477,0.011376993846485271,-0.9996867896544445,22.400010585784912,drone1
1743534705.2615643,0.44233977794647217,0.12518660724163055,2.085219621658325,-0.002886056818255034,-0.02135236658687123,0.011341759081130108,-0.9997035641001519,22.600037574768066,drone1
1743534705.4615345,0.45606765151023865,0.12081264704465866,2.060606002807617,-0.0020553615318960445,-0.02151247653746354,0.01277829226577548,-0.999684850899413,22.800007820129395,drone1
1743534705.6615405,0.4693009853363037,0.1142968162894249,2.0324738025665283,-0.0010918424280884956,-0.02282161560412861,0.01505299982675695,-0.9996256345772552,23.000013828277588,drone1
1743534705.8615587,0.48325875401496887,0.1063990443944931,2.0073790550231934,-4.8617706846274524e-05,-0.02304646969947874,0.01709299158838129,-0.9995882924694746,23.200031995773315,drone1
1743534706.0615826,0.4993301331996918,0.09770579636096954,1.9867711067199707,0.00020285014770495734,-0.022986398586549574,0.01813519885835857,-0.9995712651426762,23.40005588531494,drone1
1743534706.261608,0.5144338011741638,0.09015963226556778,1.9725792407989502,0.0004919050885938142,-0.02258235387203284,0.017914391519010087,-0.9995843728125631,23.600081205368042,drone1
1743534706.461571,0.5287273526191711,0.08352475613355637,1.9637537002563477,0.0004992834212612535,-0.02192576128997178,0.016723827342274344,-0.9996196075779181,23.800044298171997,drone1
1743534706.661555,0.5435668230056763,0.07797826826572418,1.9602160453796387,0.00011073689319538464,-0.022590872803788103,0.014194889991075208,-0.999644010603206,24.000028371810913,drone1
1743534706.8615334,0.5578044056892395,0.07513542473316193,1.958770751953125,-0.0010229448431188343,-0.023169438398365338,0.010588594898240487,-0.9996749885368614,24.20000672340393,drone1
1743534707.0615578,0.5682700872421265,0.07419534027576447,1.9600045680999756,-0.0013277403148374916,-0.02256573747700742,0.0060118686184424935,-0.9997264076920448,24.400031089782715,drone1
1743534707.2615821,0.5758788585662842,0.07584749162197113,1.9626233577728271,-0.0013375750185197067,-0.022260795808407986,0.0012865746976436485,-0.9997505578362414,24.6000554561615,drone1
1743534707.4616168,0.5832063555717468,0.07985539734363556,1.9673216342926025,-0.002220431639722483,-0.023400318834508015,-0.002239009180292685,-0.999721223629678,24.800090074539185,drone1
1743534707.6615732,0.5906526446342468,0.08401627838611603,1.9736850261688232,-0.0033308061688101776,-0.0252698397647959,-0.00425480865087169,-0.9996660955518257,25.000046491622925,drone1
1743534707.861595,0.601886510848999,0.08557050675153732,1.9805374145507812,-0.003552828522775981,-0.025413256929199865,-0.004470937690035539,-0.9996607850489133,25.20006823539734,drone1
1743534708.0615444,0.6176741719245911,0.08527639508247375,1.988926649093628,-0.002542681175080715,-0.02454046220953456,-0.003187861180818431,-0.9996905828708105,25.400017738342285,drone1
1743534708.2615483,0.635692834854126,0.08482343703508377,1.9970893859863281,-0.0021571389270602643,-0.023572993155768128,-0.0010279194883321423,-0.999719327021495,25.600021600723267,drone1
1743534708.4615562,0.6570910215377808,0.08768591284751892,2.004748821258545,-0.001773879852848988,-0.022008714848919822,0.0012741413773328923,-0.9997554047238202,25.800029516220093,drone1
1743534708.6615918,0.6778699159622192,0.09257965534925461,2.0091018676757812,-0.0019971969053174834,-0.02140066028981963,0.003615314518416067,-0.9997624853943701,26.000065088272095,drone1
1743534708.8615468,0.6961419582366943,0.0965500921010971,2.0121357440948486,-0.0023546041563233893,-0.020819458541576942,0.006168191279569467,-0.9997614317231573,26.20002007484436,drone1
1743534709.0615306,0.7077229619026184,0.0972856730222702,2.015153169631958,-0.002416303191276291,-0.02057732621397087,0.007689608217115728,-0.9997557840454568,26.400003910064697,drone1
1743534709.261578,0.7247852683067322,0.0981680378317833,2.0319392681121826,-0.0023088537522648173,-0.021786641787026904,0.008961557958325926,-0.9997198327836772,26.600051403045654,drone1
1743534709.4615455,0.7387793660163879,0.09746135771274567,2.0648646354675293,-0.002461146779547375,-0.02224951362389723,0.009975063224467449,-0.9996997287369374,26.800018787384033,drone1
1743534709.6615376,0.7518078684806824,0.09473173320293427,2.073913812637329,-0.00192873264263408,-0.02362289436586052,0.01083861000360714,-0.9996603214335796,27.00001096725464,drone1
1743534709.861519,0.7658829689025879,0.09035338461399078,2.0628726482391357,-0.0010895579371903038,-0.02459708913468698,0.01147414233230287,-0.9996310293738646,27.199992418289185,drone1
1743534710.061496,0.7823472619056702,0.08401034027338028,2.043470859527588,-0.0007629475201002088,-0.02312850985719421,0.01163725063604004,-0.9996644939715823,27.399969339370728,drone1
1743534710.2615414,0.8006485104560852,0.07544588297605515,2.021547794342041,-0.00024342570901968993,-0.021295428828711042,0.011582881201460947,-0.999706135057911,27.600014686584473,drone1
1743534710.461531,0.8175013065338135,0.06594844907522202,2.0022354125976562,0.0004445827387946828,-0.021514003043633045,0.011581869677096677,-0.9997014146108778,27.800004243850708,drone1
1743534710.661506,0.8329039812088013,0.05849343538284302,1.9860930442810059,0.000777590257235322,-0.022544352561199694,0.011335816375490136,-0.9996812684172895,27.999979257583618,drone1
1743534710.8615096,0.8482609987258911,0.05447886511683464,1.9744558334350586,0.00045731701394554535,-0.022165701981455288,0.010382707543264811,-0.9997003187928165,28.19998288154602,drone1
1743534711.0614805,0.8628225326538086,0.05418262630701065,1.9676051139831543,-4.0730977818673726e-05,-0.021735268071414668,0.008944530631527501,-0.9997237945874371,28.399953842163086,drone1
1743534711.2615967,0.8757164478302002,0.057540833950042725,1.9669137001037598,-0.0012983040338751732,-0.022522130635322324,0.006455590639565243,-0.9997247218181042,28.600069999694824,drone1
1743534711.4614806,0.8854639530181885,0.062108300626277924,1.9698588848114014,-0.002708636366725884,-0.02320982890867344,0.0028802734803860517,-0.9997228673567697,28.799953937530518,drone1
1743534711.6615083,0.8955435156822205,0.06452100723981857,1.9738736152648926,-0.003527689244728248,-0.024170900861089323,-0.0007197417320204417,-0.9997013724640293,28.99998164176941,drone1
1743534711.8615205,0.9066082239151001,0.06314364075660706,1.9776604175567627,-0.003728362244289757,-0.02507727805793921,-0.0026646923502526305,-0.9996750306837099,29.19999384880066,drone1
1743534712.0614905,0.9202322959899902,0.05880671739578247,1.9823639392852783,-0.002661230381774241,-0.02396569444113486,-0.002318203108644669,-0.9997065986732445,29.399963855743408,drone1
1743534712.2615066,0.9360671639442444,0.053307682275772095,1.9899804592132568,-0.0013152227008297562,-0.022625230387858575,0.0001700203868930092,-0.9997431399909036,29.599979877471924,drone1
1743534712.4615016,0.9534549117088318,0.04984544590115547,2.0010714530944824,-0.0002792874087463952,-0.022562510608918302,0.00348916900082291,-0.9997393467745377,29.79997491836548,drone1
1743534712.6614966,0.9715912342071533,0.05172767490148544,2.0128014087677,-0.00021725515027245672,-0.0227967338169835,0.006412137238750502,-0.9997195377557375,29.999969959259033,drone1
1743534712.86152,0.9907746911048889,0.05533404275774956,2.022507429122925,-0.0008436389786633311,-0.02200746822416621,0.008089328928393034,-0.9997247639649528,30.1999933719635,drone1
1743534713.061487,1.009394645690918,0.05497334152460098,2.029273748397827,-0.001710755069036307,-0.021110443676418695,0.008463972264806328,-0.9997398946835683,30.39996027946472,drone1
1743534713.2614732,1.0252443552017212,0.05018115043640137,2.0335114002227783,-0.0017289355072681828,-0.021592817650348414,0.007262787082245868,-0.9997389674529009,30.59994649887085,drone1
1743534713.4614582,1.0376558303833008,0.042488567531108856,2.036771774291992,-0.001444874309383361,-0.022023349683520724,0.005123413051832891,-0.9997433507251461,30.799931526184082,drone1
1743534713.661456,1.0482072830200195,0.03514370694756508,2.040829658508301,-0.0005355981996093337,-0.023426979350369186,0.00325331523655603,-0.9997201278116166,30.999929428100586,drone1
1743534713.861452,1.0606573820114136,0.030003681778907776,2.0460290908813477,7.787552224704628e-05,-0.024733858292282862,0.002466644309100151,-0.9996910886329926,31.199925422668457,drone1
1743534714.0615337,1.0654971599578857,0.029077569022774696,2.048208475112915,0.00011482645458995836,-0.02451154552018904,0.002438743095385941,-0.999696567723299,31.400007009506226,drone1
1743534714.2614644,1.0852818489074707,0.029594661667943,2.0626320838928223,-9.897792246072719e-05,-0.022515827705836423,0.0024544638698805175,-0.9997434771656917,31.599937677383423,drone1
1743534714.4615316,1.0969356298446655,0.032568030059337616,2.0804378986358643,-0.0011861110987726963,-0.023337182855438694,0.0017842025380118128,-0.9997253961676805,31.800004959106445,drone1
1743534714.6615245,1.1106023788452148,0.03400897979736328,2.0943245887756348,-0.002355202773281146,-0.024341090493920824,-3.991306553974432e-05,-0.9997009509955441,31.999997854232788,drone1
1743534714.8615193,1.1279935836791992,0.03332388773560524,2.0929155349731445,-0.0028791085151513066,-0.023601956601773718,-0.0021397112052009572,-0.9997150701897953,32.199992656707764,drone1
1743534715.0614574,1.150338053703308,0.028815675526857376,2.082012176513672,-0.002172374354252444,-0.0222137658523704,-0.0037361916799451013,-0.9997439407810252,32.39993071556091,drone1
1743534715.261497,1.1729905605316162,0.024635588750243187,2.0707762241363525,-0.0014973905997169522,-0.021347737018980108,-0.004023253865152844,-0.9997629490097037,32.59997034072876,drone1
1743534715.461547,1.1956640481948853,0.020340077579021454,2.061535596847534,-0.0007728954934377944,-0.020648075626096978,-0.0029147496024677934,-0.9997822944131702,32.80002021789551,drone1
1743534715.6615033,1.2167258262634277,0.0170018021017313,2.05536150932312,-0.00029813100129781215,-0.0204987756836032,-0.0010356323616095855,-0.9997893329368714,32.99997663497925,drone1
1743534715.861536,1.2341852188110352,0.01494498923420906,2.054198980331421,-8.502863269263824e-05,-0.021328942158722282,0.0007077720270435282,-0.9997722634632246,33.2000093460083,drone1
1743534716.0615065,1.2465078830718994,0.013849365524947643,2.0557761192321777,-0.0001540256578830031,-0.020900768373433062,0.0012228486626952293,-0.9997808192734723,33.39997982978821,drone1
1743534716.2614753,1.2531315088272095,0.014375858940184116,2.0560262203216553,-0.00044432195516940415,-0.020843454586358813,-7.44734813186722e-05,-0.9997827158816552,33.59994864463806,drone1
1743534716.461491,1.2578942775726318,0.01781568117439747,2.055816411972046,-0.0013334683349679253,-0.02360186111282006,-0.0024663914280089196,-0.9997175568538574,33.799964427948,drone1
1743534716.6614866,1.2643014192581177,0.022722167894244194,2.057957649230957,-0.0025021148333889786,-0.026400921567392606,-0.0049410014914775275,-0.9996361291425344,33.99995994567871,drone1
1743534716.8614876,1.2747888565063477,0.028877099975943565,2.0613441467285156,-0.0030684710127882125,-0.02644554190907548,-0.006549535964895882,-0.9996241172907088,34.19996094703674,drone1
1743534717.0614896,1.289397120475769,0.03493295609951019,2.0639429092407227,-0.0032105091849924656,-0.02497714241423339,-0.006912715358514234,-0.9996589727344273,34.39996290206909,drone1
1743534717.261526,1.3064095973968506,0.037534862756729126,2.065847873687744,-0.0031099283651992503,-0.024003803094722803,-0.0058559252789520694,-0.9996899085212343,34.59999942779541,drone1
1743534717.461498,1.323547601699829,0.03622262552380562,2.068444013595581,-0.002421736183467148,-0.022853923797690245,-0.0032888028830019857,-0.9997304959363503,34.79997134208679,drone1
1743534717.661489,1.3390072584152222,0.033017598092556,2.0696144104003906,-0.0011452339240731932,-0.02245994361888901,-0.0002890852339361163,-0.9997470596478151,34.9999623298645,drone1
1743534717.8614638,1.3540124893188477,0.02924867533147335,2.071840286254883,-0.00012730850719414342,-0.022730971562416345,0.0024731349237708243,-0.9997385459844159,35.19993710517883,drone1
1743534718.0614777,1.370419979095459,0.028611497953534126,2.07488751411438,-0.00018519588653484066,-0.021835826500694613,0.004469462550337864,-0.9997516115074543,35.39995098114014,drone1
1743534718.2614572,1.385932207107544,0.032066863030195236,2.0782601833343506,-0.000929066689327866,-0.020809818108524582,0.005678149871933268,-0.9997669529603121,35.59993052482605,drone1
1743534718.4614954,1.4002407789230347,0.03611025959253311,2.083562135696411,-0.0015774669777096173,-0.021902210421277303,0.006361645314234441,-0.9997386724249614,35.79996871948242,drone1
1743534718.661511,1.4148122072219849,0.038288768380880356,2.0901761054992676,-0.002018697066414103,-0.02356870998228821,0.006095909434373268,-0.9997016253451203,35.99998426437378,drone1
1743534718.8615491,1.4303370714187622,0.03860225901007652,2.0987610816955566,-0.00256849216852659,-0.023262539469636884,0.004927514499954265,-0.9997140165185825,36.20002245903015,drone1
1743534719.0615516,1.4380769729614258,0.03785613924264908,2.1031060218811035,-0.0025461510460932763,-0.02256953003482889,0.004175741163065403,-0.9997333619220491,36.40002489089966,drone1
1743534719.2614655,1.4572099447250366,0.03289168328046799,2.116546869277954,-0.0022438922878193677,-0.02250605161261542,0.003133070277754445,-0.999739304627689,36.59993886947632,drone1
1743534719.4614851,1.4674423933029175,0.0289505235850811,2.1435561180114746,-0.0004290536007518267,-0.023906457704097307,0.003819600293148316,-0.9997068937011842,36.79995846748352,drone1
1743534719.6614642,1.4781759977340698,0.027117855846881866,2.1503264904022217,-0.00017679417570199855,-0.02465686126840952,0.005679414277388604,-0.9996798775712887,36.999937534332275,drone1
1743534719.8614717,1.4881960153579712,0.026918480172753334,2.1487176418304443,-0.00036127883416827697,-0.02541829677031946,0.006960847059513829,-0.9996526507071506,37.19994497299194,drone1
1743534720.061522,1.5032464265823364,0.02676314301788807,2.1457905769348145,-0.0005530614828720201,-0.024316229121655458,0.007141614892777036,-0.9996786553126819,37.39999532699585,drone1
1743534720.2614083,1.5199755430221558,0.027858255431056023,2.1294350624084473,-0.000714371960102386,-0.022664134563212163,0.005941736262520423,-0.9997252275802864,37.599881649017334,drone1
1743534720.4614828,1.5375241041183472,0.03128250688314438,2.1026482582092285,-0.0016192292362278509,-0.022538008801954296,0.003939508077161922,-0.9997369444041725,37.79995608329773,drone1
1743534720.661458,1.5567885637283325,0.03705251216888428,2.072946310043335,-0.0026286218919169663,-0.02290955500354659,0.0019264060048874696,-0.9997322239571393,37.99993133544922,drone1
1743534720.8614938,1.5775067806243896,0.043456561863422394,2.046241044998169,-0.0032241627882764723,-0.021637999730496602,0.0007217647807491443,-0.9997604623456415,38.1999671459198,drone1
1743534721.0617592,1.5959467887878418,0.04708569496870041,2.025527238845825,-0.003271585895385323,-0.020605341355884963,0.0004835929398140358,-0.9997822522663216,38.400232553482056,drone1
1743534721.261483,1.6126350164413452,0.04572693258523941,2.0115599632263184,-0.002860816124353071,-0.02124997345259204,0.0013983481398945328,-0.9997691867432833,38.59995627403259,drone1
1743534721.4614997,1.6278527975082397,0.042789533734321594,2.0021588802337646,-0.0019638870655592096,-0.0217050770984462,0.003216310303563451,-0.9997573013320032,38.799973011016846,drone1
1743534721.6616552,1.6404398679733276,0.0388639010488987,1.996025800704956,-0.0008456053925641674,-0.022785753245857396,0.005413383369587852,-0.9997253961676804,39.000128507614136,drone1
1743534721.8615267,1.651003122329712,0.03870200738310814,1.9930119514465332,-0.00012871910953024312,-0.024304543907905814,0.007670599988437219,-0.9996751571242555,39.200000047683716,drone1
1743534722.0615613,1.6620914936065674,0.04083672910928726,1.9916343688964844,-0.000765424964539242,-0.023641862423323952,0.009165928026755253,-0.9996782338441967,39.4000346660614,drone1
1743534722.261551,1.6734519004821777,0.042373865842819214,1.9915111064910889,-0.001301227971490617,-0.022597789496755446,0.009265226001846925,-0.9997009088486957,39.60002422332764,drone1
1743534722.4615378,1.6840885877609253,0.04387923330068588,1.9935331344604492,-0.0017417060023669855,-0.023672390571080504,0.008367751009655975,-0.9996832914660181,39.8000111579895,drone1
1743534722.6615248,1.698555588722229,0.04399188980460167,1.9966928958892822,-0.0022085673018666665,-0.02473419810124898,0.006787876393225088,-0.9996685822158877,39.99999809265137,drone1
1743534722.8615708,1.714641809463501,0.042107854038476944,2.0004732608795166,-0.002356638400308549,-0.02372016731659014,0.005335875315176318,-0.9997016674919689,40.20004415512085,drone1
1743534723.0615067,1.7314338684082031,0.037379439920186996,2.0047433376312256,-0.0015972075078809086,-0.02306953324523731,0.004561047652152038,-0.9997222351540422,40.39998006820679,drone1
1743534723.261499,1.7479426860809326,0.031240997835993767,2.011549711227417,-0.0007334460432315988,-0.022462393404458707,0.004676867191859889,-0.9997364807888389,40.59997224807739,drone1
1743534723.461519,1.7623738050460815,0.02626367099583149,2.0196564197540283,-0.00025187285942358237,-0.021972671390908912,0.005300345521881576,-0.9997445308369044,40.79999232292175,drone1
1743534723.661538,1.7738823890686035,0.022739212960004807,2.0268471240997314,-0.00017050902691781049,-0.023091640584370292,0.005989362201337665,-0.9997154495114319,41.00001120567322,drone1
1743534723.8615093,1.7854381799697876,0.019996261224150658,2.0338408946990967,-0.00018369703923467234,-0.023404516397201897,0.006171057265268174,-0.9997070622885782,41.19998264312744,drone1
1743534724.06155,1.791196346282959,0.019741659983992577,2.03692626953125,-0.00021428774871948573,-0.023044008060107903,0.0060444481323414494,-0.9997161660078566,41.400023221969604,drone1
1743534724.2615814,1.810425877571106,0.02303718961775303,2.040914297103882,-0.0012079971669509931,-0.02437461831191124,0.004401058215204699,-0.9996924794789934,41.60005474090576,drone1
1743534724.4616196,1.8236970901489258,0.0249788761138916,2.108090400695801,-0.002305061852987849,-0.024219943987687814,0.002259618989214561,-0.9997014567577263,41.800092935562134,drone1
1743534724.661519,1.8387449979782104,0.027709104120731354,2.155327081680298,-0.0028167634480360747,-0.02502773641314818,0.00017271778519772752,-0.999682785703836,41.99999237060547,drone1
1743534724.8615444,1.8591901063919067,0.02842816896736622,2.135468006134033,-0.0032196629536534265,-0.02512000705979516,-0.0010208809646307675,-0.9996787396063789,42.20001769065857,drone1
1743534725.0616043,1.8842036724090576,0.025207603350281715,2.070026159286499,-0.0025938388880943366,-0.022565195494877347,-0.0010486135909509322,-0.9997414541169631,42.40007758140564,drone1
1743534725.2617881,1.9127265214920044,0.021013908088207245,1.9918076992034912,-0.0015292720564374115,-0.01972470271258507,0.00020104046739699444,-0.9998043372149414,42.60026144981384,drone1
1743534725.4616318,1.9393121004104614,0.016412120312452316,1.9196171760559082,-0.0005735461683373291,-0.018970366320471187,0.0022025100094824044,-0.9998174870316767,42.80010509490967,drone1
1743534725.6615996,1.9617364406585693,0.014341790229082108,1.8609001636505127,-0.00010558575805382586,-0.019878343780475476,0.004464025606879861,-0.9997924518036614,43.000072956085205,drone1
1743534725.8615522,1.9819142818450928,0.01628166437149048,1.8177330493927002,-0.0002672525078630124,-0.01948129478426704,0.006222855742088028,-0.9997908080765694,43.20002555847168,drone1
1743534726.0615797,1.9993975162506104,0.021674683317542076,1.7877144813537598,-0.0013445516390372734,-0.019419485772381305,0.0070554245875723,-0.9997856661610511,43.40005302429199,drone1
1743534726.2615168,2.0119495391845703,0.0253466609865427,1.7670528888702393,-0.0025005415705594085,-0.02137979694126223,0.006531539260581863,-0.999746975354118,43.599990129470825,drone1
1743534726.4615145,2.0206472873687744,0.026612546294927597,1.752817153930664,-0.0027858717837111135,-0.023047746617279718,0.004940832904083701,-0.9997183154971306,43.79998779296875,drone1
1743534726.6615317,2.029937505722046,0.02718193270266056,1.745766043663025,-0.0025785534115195497,-0.0247643357321123,0.0033283787737539137,-0.999684429430928,44.00000500679016,drone1
1743534726.8615365,2.041043996810913,0.026351621374487877,1.7429568767547607,-0.002229939705328738,-0.025590747186446862,0.002706206996036074,-0.9996663905797651,44.20000982284546,drone1
1743534727.0615268,2.054348945617676,0.025242667645215988,1.746457576751709,-0.0019024916196244911,-0.024147187331901375,0.003461099199714711,-0.9997006559676045,44.40000009536743,drone1
1743534727.2615008,2.0683441162109375,0.023924626410007477,1.7540780305862427,-0.001613848927597633,-0.022731021611798952,0.005349699481487889,-0.9997260283704081,44.599974155426025,drone1
1743534727.4615262,2.0833165645599365,0.022771941497921944,1.763682246208191,-0.00101958363195009,-0.022844802297710173,0.007394538130690907,-0.9997111505328837,44.799999475479126,drone1
1743534727.6615376,2.09883451461792,0.021623648703098297,1.775371789932251,-0.0007738951640009149,-0.02315132974148483,0.00884438971946566,-0.999692605919539,45.00001096725464,drone1
1743534727.8615162,2.115586042404175,0.020264754071831703,1.7881989479064941,-0.0008683870812733226,-0.022422672633915224,0.00916597017360382,-0.9997062614984565,45.199989557266235,drone1
1743534728.061523,2.1333632469177246,0.018866021186113358,1.8031089305877686,-0.0012058931172479917,-0.02173857989174531,0.008563185946200978,-0.9997263233983478,45.399996280670166,drone1
1743534728.261534,2.15147066116333,0.015995416790246964,1.8199996948242188,-0.0012581209650870825,-0.021949127107659516,0.007419952680342954,-0.9997307488174413,45.60000729560852,drone1
1743534728.4615614,2.1706881523132324,0.011173561215400696,1.8357195854187012,-0.0009944884763843915,-0.021643168646339757,0.00605667071840965,-0.9997469332072695,45.80003476142883,drone1
1743534728.661518,2.1877877712249756,0.00629672734066844,1.8493092060089111,-0.0006113301594828398,-0.022024459331016672,0.004801664010300742,-0.9997457109486627,45.99999141693115,drone1
1743534728.861501,2.202812433242798,0.004336588550359011,1.862464189529419,-0.0004989699540753357,-0.022973763751619414,0.0038021936447134017,-0.9997287679155613,46.19997429847717,drone1
1743534729.0615222,2.2121381759643555,0.004391300957649946,1.8716778755187988,-0.0007093775585538456,-0.022537406892274,0.0032040034237982838,-0.9997406111799929,46.39999556541443,drone1
1743534729.2614872,2.2268013954162598,0.006096441764384508,1.888639211654663,-0.0009787512382771302,-0.02170625523457098,0.001952832078903842,-0.9997620217790364,46.59996056556702,drone1
1743534729.4614825,2.2359414100646973,0.008841943927109241,1.9255192279815674,-0.0015379115018376364,-0.023201930325844694,0.0008100624283794419,-0.9997293158245919,46.79995584487915,drone1
1743534729.6615329,2.2477149963378906,0.013302991166710854,1.9676814079284668,-0.002546631125039595,-0.02528396817867016,-0.0004017859068543033,-0.99967701158559,47.00000619888306,drone1
1743534729.8615735,2.262256622314453,0.015214302577078342,1.968576431274414,-0.003040307698359825,-0.02452802757213483,-0.0014847913261901728,-0.9996934488565092,47.20004677772522,drone1
1743534730.0615096,2.278411388397217,0.015012755058705807,1.943066120147705,-0.0027375820320297557,-0.023757665499419184,-0.0022167134974303573,-0.999711572001369,47.399982929229736,drone1
1743534730.2614694,2.2954978942871094,0.012881961651146412,1.9091589450836182,-0.002129644693851986,-0.023306702781431224,-0.002146370407265731,-0.9997238367342856,47.599942684173584,drone1
1743534730.4615197,2.31451678276062,0.009698727168142796,1.8789823055267334,-0.001622496275531952,-0.02205205498007918,-0.0011771193320607178,-0.9997548146679411,47.79999303817749,drone1
1743534730.6614707,2.335404396057129,0.004005228169262409,1.8534159660339355,-0.0006026538355901658,-0.021588910505782554,0.0003134039655270358,-0.9997667422260696,47.99994397163391,drone1
1743534730.8615148,2.3526206016540527,-0.0003174214798491448,1.838083028793335,0.00011277903971464042,-0.02169472873004776,0.001811766576937933,-0.9997629911565522,48.19998812675476,drone1
1743534731.0614645,2.3672003746032715,-0.0034071102272719145,1.8297548294067383,8.193610768380908e-06,-0.02085639959575223,0.0026643130286162484,-0.9997790069589862,48.399937868118286,drone1
1743534731.2614748,2.3778076171875,-0.006029094103723764,1.8275854587554932,-6.648204371431951e-05,-0.020381698982429523,0.002500909696939445,-0.9997891643494775,48.5999481678009,drone1
1743534731.4615955,2.3836307525634766,-0.00678968895226717,1.830430269241333,-0.0003447065616248921,-0.021978627267439106,0.0017111620495423572,-0.999756964157215,48.800068855285645,drone1
1743534731.6615353,2.3906607627868652,-0.0040956116281449795,1.8360214233398438,-0.0011136856908737724,-0.024657842499726416,-0.0003102008050401299,-0.9996953454646922,49.00000858306885,drone1
1743534731.8616135,2.3988900184631348,-0.0006991096306592226,1.8400640487670898,-0.002372755618596917,-0.025223857553070515,-0.0029000403523375424,-0.999674862096316,49.20008683204651,drone1
1743534732.0615575,2.4095847606658936,0.000909284339286387,1.8465442657470703,-0.0026208411885551525,-0.025004115738735858,-0.005067779211798297,-0.9996711110267984,49.400030851364136,drone1
1743534732.261562,2.422879934310913,0.00027321945526637137,1.8569972515106201,-0.002424845172089334,-0.024633831966965364,-0.006082886058183247,-0.999675114977407,49.600035429000854,drone1
1743534732.4614992,2.4379308223724365,0.000299633014947176,1.8676538467407227,-0.0018060879476454075,-0.023472190406475725,-0.006081958827516,-0.9997043648902736,49.79997253417969,drone1
1743534732.661525,2.4536290168762207,0.002926637651398778,1.8775343894958496,-0.0016376144818017135,-0.023027948793736232,-0.0050622158277949265,-0.9997206757206472,49.999998331069946,drone1
1743534732.861512,2.4695584774017334,0.009782413020730019,1.889420509338379,-0.0017147958981372862,-0.02301778350071101,-0.0034288568606037364,-0.9997277563911972,50.19998526573181,drone1
1743534733.0614645,2.486449718475342,0.01858087256550789,1.903766393661499,-0.00250927321219075,-0.022002996706957007,-0.0017554162404785924,-0.9997532552345462,50.399937868118286,drone1
1743534733.2614667,2.503904104232788,0.027809372171759605,1.917306661605835,-0.0031553435701032607,-0.020909152962108695,-0.0005711319441710785,-0.9997763095606815,50.599940061569214,drone1
1743534733.4614727,2.520883560180664,0.035193778574466705,1.9298796653747559,-0.003718042851849668,-0.021122113743644658,-1.3486991522495162e-06,-0.9997700296802535,50.79994606971741,drone1
1743534733.6614738,2.5364456176757812,0.038697388023138046,1.9428541660308838,-0.0037842575264938074,-0.02243658504519086,0.0009801249621209638,-0.9997406533268414,50.99994707107544,drone1
1743534733.8614702,2.551132917404175,0.04146290197968483,1.9560747146606445,-0.00322499255435653,-0.022645341020043352,0.002849126959336533,-0.9997342891527163,51.19994354248047,drone1
1743534734.0615168,2.5645999908447266,0.04214166849851608,1.9675943851470947,-0.002638366375001588,-0.022866050894804743,0.005053955045486889,-0.9997222773008907,51.39999008178711,drone1
1743534734.26149,2.5727884769439697,0.04073752090334892,1.9744806289672852,-0.0017623961537187867,-0.02274036965108977,0.006266014114963246,-0.9997202542521622,51.599963426589966,drone1
1743534734.4615672,2.583768367767334,0.039444368332624435,1.9820120334625244,-0.001342696519158288,-0.02319866526217412,0.008300906107917725,-0.9996955140520862,51.80004048347473,drone1
1743534734.6615496,2.5986900329589844,0.03830809146165848,1.9935758113861084,-0.0010071753363306824,-0.02409304048536602,0.010865246811865957,-0.999650206189937,52.000022888183594,drone1
1743534734.8615544,2.613070011138916,0.04016244411468506,2.00889253616333,-0.001000797991315376,-0.02362061646040741,0.012514495140945823,-0.9996421561418715,52.20002770423889,drone1
1743534735.0615535,2.627556085586548,0.04372389242053032,2.0279479026794434,-0.001692101795847696,-0.023065233608144692,0.013145096288365741,-0.9996461179456315,52.40002679824829,drone1
1743534735.261556,2.6416003704071045,0.046162717044353485,2.0376226902008057,-0.0023477039269687475,-0.02335101558282887,0.012729612655745457,-0.9996435891347208,52.6000292301178,drone1
1743534735.4615846,2.655679941177368,0.04382225126028061,2.0388684272766113,-0.0024392244914211397,-0.023115826948514974,0.011538458423130503,-0.999663229566127,52.800057888031006,drone1
1743534735.6615832,2.6709346771240234,0.03953148424625397,2.037006139755249,-0.001955746796896038,-0.023173429178083713,0.010185628879627815,-0.9996777280820147,53.00005650520325,drone1
1743534735.8615506,2.6869559288024902,0.034930214285850525,2.0352559089660645,-0.0013758924307166825,-0.023435156497524808,0.009312051150542509,-0.999681057683047,53.200023889541626,drone1
1743534736.0615525,2.704106330871582,0.028883013874292374,2.0327229499816895,-0.000868653133254548,-0.022307140219612765,0.009351416307051717,-0.9997071044354267,53.400025844573975,drone1
1743534736.261523,2.722468614578247,0.021429024636745453,2.0295891761779785,-0.000389025289923114,-0.020971577054564886,0.01033423866747729,-0.9997266184262873,53.59999632835388,drone1
1743534736.4615514,2.7403225898742676,0.016212917864322662,2.0287575721740723,0.0002968791081882556,-0.02126587269264827,0.011530745549853004,-0.9997073573165178,53.80002474784851,drone1
1743534736.661559,2.754467487335205,0.014964606612920761,2.030593156814575,1.723410977396611e-05,-0.02270012797184047,0.011519365900755084,-0.9996760000612257,54.00003242492676,drone1
1743534736.861581,2.767967462539673,0.015373382717370987,2.0351405143737793,-0.0011133643211538777,-0.022797567534330605,0.010059356921489125,-0.9996888548500216,54.20005440711975,drone1
1743534737.0616057,2.78220796585083,0.01660766266286373,2.0412652492523193,-0.001610361934427864,-0.02228400620959184,0.007928622995020949,-0.9997189898467067,54.400079011917114,drone1
1743534737.261552,2.796635866165161,0.01930966228246689,2.049372434616089,-0.002349797439959623,-0.023272425539790722,0.004998152618058525,-0.9997139322248856,54.60002541542053,drone1
1743534737.4615462,2.8126895427703857,0.0222023818641901,2.0570695400238037,-0.0032952875707721297,-0.023298612562150656,0.0019440655344136178,-0.999721223629678,54.80001950263977,drone1
1743534737.6615465,2.8273861408233643,0.02369733713567257,2.064159870147705,-0.003158901686079891,-0.023318933928577985,-0.000354370702279562,-0.9997230780910124,55.000019788742065,drone1
1743534737.861547,2.841609477996826,0.023106519132852554,2.072263717651367,-0.002877977794231099,-0.023793988838845988,-0.0013201235890581435,-0.9997118670293084,55.20002031326294,drone1
1743534738.0615346,2.857219696044922,0.021329402923583984,2.0801286697387695,-0.002127678279951148,-0.022747146732621418,-0.0006214552812930388,-0.999738798865507,55.40000796318054,drone1
1743534738.26157,2.8745779991149902,0.01885432004928589,2.086287260055542,-0.0014865351520473645,-0.021367301059223257,0.0016199984162132961,-0.9997693131838289,55.600043296813965,drone1
1743534738.4616191,2.8905112743377686,0.02029995433986187,2.0937247276306152,-0.0011281743285939008,-0.02189497367567908,0.004130264713522179,-0.9997511057452722,55.800092458724976,drone1
1743534738.6615624,2.904456615447998,0.02548280917108059,2.097766637802124,-0.0014325345023927824,-0.023410000755864375,0.006174091838360983,-0.9997058821768199,56.000035762786865,drone1
1743534738.861546,2.9191172122955322,0.027810780331492424,2.1000521183013916,-0.0020777131910414827,-0.023244068613276984,0.007146798955143861,-0.9997021311073024,56.20001935958862,drone1
1743534739.061545,2.9348256587982178,0.024156874045729637,2.1028006076812744,-0.002019314122618083,-0.02350088450777755,0.007041473980715139,-0.9996970313386326,56.40001821517944,drone1
1743534739.2615936,2.9488162994384766,0.020117085427045822,2.1038146018981934,-0.0018959285650579339,-0.022660761498242275,0.0065057032424446475,-0.9997202963990106,56.600066900253296,drone1
1743534739.4615135,2.9685466289520264,0.01610635407269001,2.1284823417663574,-0.0009743258191834842,-0.023152516438688212,0.005936510053305031,-0.9997138479311884,56.799986839294434,drone1
1743534739.6615555,2.987403154373169,0.015423184260725975,2.146845817565918,-0.0006360512617680012,-0.023215777541214046,0.006004661507347185,-0.9997122884977936,57.00002884864807,drone1
1743534739.8615363,3.0071864128112793,0.017869392409920692,2.146056890487671,-0.0009164094638844372,-0.02336896816466099,0.0063022604046825675,-0.9997066829669417,57.20000958442688,drone1
1743534740.061538,3.0314526557922363,0.022331777960062027,2.1325948238372803,-0.0016465371013403697,-0.021650201901685012,0.006333659806823209,-0.9997442358089648,57.40001130104065,drone1
1743534740.2614985,3.05655574798584,0.026802534237504005,2.1154556274414062,-0.0022995906652155287,-0.019422419588164368,0.005396145308546873,-0.9997942219712987,57.599971771240234,drone1
1743534740.461499,3.0793049335479736,0.029026374220848083,2.1010069847106934,-0.0030813416066522276,-0.01964821935342796,0.003719501527934986,-0.9997953599362086,57.79997229576111,drone1
1743534740.661524,3.0968284606933594,0.027495818212628365,2.0909554958343506,-0.0032174443172060317,-0.02126317858706611,0.002049643389933352,-0.9997667000792211,57.99999737739563,drone1
1743534740.8615584,3.1116132736206055,0.02428140491247177,2.085272789001465,-0.0023658553892422734,-0.021447364266325764,0.0014320656187032919,-0.9997661521701906,58.200031757354736,drone1
1743534741.0615087,3.1255440711975098,0.023155516013503075,2.0816075801849365,-0.0015503830177298144,-0.02160353348658231,0.0022753819105577043,-0.9997628225691582,58.39998197555542,drone1
1743534741.2615483,3.1392507553100586,0.02268197201192379,2.076829671859741,-0.0011375197337066818,-0.02329286149296244,0.004372019036580686,-0.9997184840845247,58.60002160072327,drone1
1743534741.4615145,3.1533567905426025,0.022637054324150085,2.072474718093872,-0.0008026854128009015,-0.023464500582256007,0.006904791750994342,-0.9997005295270591,58.79998779296875,drone1
1743534741.6615303,3.1669955253601074,0.02075933665037155,2.0693774223327637,-0.0010493867222033568,-0.02386899442412719,0.008852271180137204,-0.999675367858498,59.00000357627869,drone1
1743534741.8615177,3.179137706756592,0.016811778768897057,2.068192481994629,-0.0011206135790977532,-0.02442780763473199,0.00956118117209037,-0.9996553059586069,59.19999098777771,drone1
1743534742.0615063,3.190704584121704,0.011364251375198364,2.0686116218566895,-0.0008075046415103206,-0.02359406921420161,0.009056261926929874,-0.9996802568929253,59.39997959136963,drone1
1743534742.2614934,3.2046878337860107,0.005396441090852022,2.0700201988220215,-0.0004111609464699356,-0.022473044703330818,0.00794210998654443,-0.999715870979917,59.59996676445007,drone1
1743534742.461506,3.220762252807617,0.0002112674992531538,2.0708670616149902,-0.00022598876753732302,-0.022803881659073145,0.006963080842484868,-0.9997157445393714,59.7999792098999,drone1
1743534742.661506,3.2385149002075195,0.0008961263811215758,2.0715620517730713,-0.00037116227014407976,-0.023510582892746608,0.005989783669822777,-0.9997055871488805,59.99997925758362,drone1
1743534742.8614712,3.2581121921539307,0.00952773168683052,2.075044870376587,-0.0012448012438686248,-0.022407686136547054,0.004583722656650855,-0.9997376609005971,60.199944496154785,drone1
1743534743.061489,3.2750298976898193,0.02021128684282303,2.0806145668029785,-0.0032042108653181195,-0.022081127085928586,0.0029640614152257037,-0.9997466381793301,60.399962425231934,drone1
1743534743.2614732,3.288386583328247,0.0271620936691761,2.086860418319702,-0.004396277840621069,-0.022426479679715866,0.0014879944866771897,-0.9997377873411426,60.59994649887085,drone1
1743534743.4614902,3.2998709678649902,0.030215537175536156,2.0927529335021973,-0.004263892613814828,-0.02207889922985808,0.0003638958900430964,-0.9997471017946635,60.79996347427368,drone1
1743534743.661483,3.308560609817505,0.0313703715801239,2.098792791366577,-0.003454695512918935,-0.023587067568992738,-0.00016399338755579562,-0.999715870979917,60.999956369400024,drone1
1743534743.8614972,3.315463066101074,0.03148052096366882,2.1045663356781006,-0.0025733851542209005,-0.025388019528020445,0.0009057357744992596,-0.9996739348656487,61.19997048377991,drone1
1743534744.0614922,3.325758934020996,0.030496174469590187,2.109367609024048,-0.0020359680546804585,-0.024630166508233933,0.003923281540485156,-0.9996869160949899,61.39996552467346,drone1
1743534744.2614825,3.3380191326141357,0.028487887233495712,2.1108574867248535,-0.0020738192173657822,-0.023501215097120554,0.008053883428795315,-0.9996892341716581,61.599955797195435,drone1
1743534744.4614635,3.3490800857543945,0.02555076964199543,2.1392533779144287,-0.0005942047095527503,-0.02379711165690284,0.012343758257628177,-0.9996404281210824,61.79993677139282,drone1
1743534744.6614826,3.361649990081787,0.02131645567715168,2.1631240844726562,4.6788270203213455e-05,-0.024681673908381295,0.015272205585862118,-0.9995787251348626,61.999955892562866,drone1
1743534744.861471,3.378139019012451,0.015590955503284931,2.1620125770568848,-3.482778484911692e-05,-0.023978744817649555,0.016269863636963477,-0.9995801159808635,62.199944257736206,drone1
1743534745.0614736,3.3978211879730225,0.011349525302648544,2.142327070236206,-5.9920964781290586e-05,-0.023234831868008024,0.015446019189120972,-0.9996107567397309,62.39994692802429,drone1
1743534745.261467,3.4192330837249756,0.008525989018380642,2.1147854328155518,-0.00041500157804049163,-0.02231193837489793,0.013375049493841216,-0.9996615436921864,62.59994029998779,drone1
1743534745.4615405,3.4408438205718994,0.00778743252158165,2.0888893604278564,-0.0007665128800664294,-0.020668817143920402,0.010735687399543501,-0.9997285150344702,62.80001378059387,drone1
1743534745.661473,3.458111047744751,0.008605419658124447,2.0707685947418213,-0.001309516412668087,-0.02059755011581102,0.008960082818628088,-0.9997468489135726,62.9999463558197,drone1
1743534745.8614714,3.4790079593658447,0.00909280963242054,2.051496982574463,-0.0021306002419330668,-0.021231603353541864,0.006897711080444457,-0.9997485769343615,63.199944734573364,drone1
1743534746.0614662,3.496674060821533,0.008264695294201374,2.036790370941162,-0.002044085932830362,-0.020436371347482253,0.005075702819318516,-0.9997762252669846,63.39993953704834,drone1
1743534746.2614639,3.510010004043579,0.008182333782315254,2.0272040367126465,-0.0016319029252839768,-0.019711573310729424,0.0032324525465430285,-0.9997991531525745,63.599937200546265,drone1
1743534746.461485,3.520268678665161,0.007526054047048092,2.0207791328430176,-0.0018708630439950957,-0.02141584764326273,0.0017745930565512534,-0.9997673744287974,63.79995822906494,drone1
1743534746.66148,3.5338053703308105,0.0052655478939414024,2.0163893699645996,-0.001795549259884161,-0.024023986825347968,0.0013398061673128832,-0.9997088746030642,63.999953269958496,drone1
1743534746.861456,3.5505895614624023,0.001533585018478334,2.0129213333129883,-0.0012170863982501712,-0.02393089760787756,0.0018240734567030444,-0.9997112348265808,64.19992923736572,drone1
1743534747.061465,3.5684587955474854,-0.0017976011149585247,2.0116899013519287,-0.0008265036505656192,-0.02318072321705413,0.0025830960515357258,-0.9997276299506515,64.39993834495544,drone1
1743534747.2614748,3.5848042964935303,-0.003021049778908491,2.012763738632202,-0.000866156591024784,-0.022685109864335924,0.0032382688116375778,-0.9997371129915664,64.5999481678009,drone1
1743534747.4614735,3.5988900661468506,-0.005025262478739023,2.0162103176116943,-0.0009108717631168111,-0.02178780609371702,0.0033532875612238265,-0.999756626982427,64.79994678497314,drone1
1743534747.6614864,3.6116318702697754,-0.006572334095835686,2.020986795425415,-0.0009974736586390773,-0.02257591198965575,0.0026080891327027165,-0.9997412433827206,64.99995970726013,drone1
1743534747.8614604,3.623359203338623,-0.006164299789816141,2.0249876976013184,-0.0013975763257310261,-0.023725843970248954,0.0011464785731933865,-0.9997169246511298,65.19993376731873,drone1
1743534748.0615442,3.6345527172088623,-0.006399982143193483,2.028855800628662,-0.0018040313131469777,-0.023194976754384908,-0.000511072685043025,-0.999729231530895,65.4000174999237,drone1
1743534748.2615366,3.6422998905181885,-0.009262660518288612,2.0321438312530518,-0.0013942921642697173,-0.022401468159302683,-0.002027010532282826,-0.9997460902702993,65.60000991821289,drone1
1743534748.4616494,3.6485953330993652,-0.01210743561387062,2.0357367992401123,-0.0009715230537575102,-0.023609314519561407,-0.003060156229830359,-0.999716123861008,65.80012273788452,drone1
1743534748.6615446,3.6562085151672363,-0.012758745811879635,2.043663740158081,-0.0008875362384764424,-0.02515715884821301,-0.0035465730084946485,-0.9996768851450445,66.00001788139343,drone1
1743534748.8615646,3.6651132106781006,-0.012522953562438488,2.054990530014038,-0.0010942876038466348,-0.025232522681706553,-0.003656618429956628,-0.9996743141872853,66.2000379562378,drone1
1743534749.0615199,3.673790216445923,-0.010273418389260769,2.064732074737549,-0.001140426549164918,-0.024819263612434125,-0.003506449208712294,-0.9996852302210495,66.39999318122864,drone1
1743534749.2615073,3.684213638305664,-0.006294946651905775,2.068716526031494,-0.0014601406881674171,-0.02490620597546702,-0.003540798890248666,-0.9996824906758964,66.59998059272766,drone1
1743534749.461543,3.694462299346924,0.002581149572506547,2.0834920406341553,-0.00230103024350998,-0.023907689840871743,-0.0040329476403103155,-0.9997034376596063,66.80001640319824,drone1
1743534749.6615152,3.7065234184265137,0.011263791471719742,2.10770845413208,-0.003422318172183965,-0.024055454057572905,-0.004769168790098645,-0.9996934067096608,66.9999885559082,drone1
1743534749.8615227,3.7198076248168945,0.01981600560247898,2.112313747406006,-0.003931010877375215,-0.024461234695412684,-0.005212764370675806,-0.9996794561028036,67.19999599456787,drone1
1743534750.0615351,3.7358205318450928,0.027335084974765778,2.0984485149383545,-0.004250156692467324,-0.023421011620037846,-0.005014632035826029,-0.9997041120091825,67.4000084400177,drone1
1743534750.2614956,3.7566123008728027,0.03158700838685036,2.0766730308532715,-0.004362514922241305,-0.021670800515350204,-0.003680009930880136,-0.999748956255998,67.59996891021729,drone1
1743534750.4615214,3.7767951488494873,0.03267348185181618,2.057807445526123,-0.0035072282668652233,-0.02085326031408268,-0.0013527873966541217,-0.9997755509174084,67.79999470710754,drone1
1743534750.6615357,3.7973337173461914,0.03114529699087143,2.0397374629974365,-0.002015171877662874,-0.021353042912080924,0.0027108852962208206,-0.9997663207575845,68.000009059906,drone1
1743534750.8615468,3.8167941570281982,0.029773104935884476,2.026909351348877,-0.0010272359191328489,-0.020983988642906837,0.007098751547841397,-0.999754140318365,68.20002007484436,drone1
1743534751.0614922,3.836737871170044,0.029306432232260704,2.0175225734710693,-0.0008087802422222819,-0.021056576711299232,0.010440111550936658,-0.9997234995594975,68.39996552467346,drone1
1743534751.2615347,3.855074167251587,0.029226738959550858,2.0135583877563477,-0.0007575151864538608,-0.02147364875327288,0.012500713121482763,-0.9996910043392956,68.60000801086426,drone1
1743534751.4615564,3.8700551986694336,0.030886210501194,2.0118753910064697,-0.0012773478305421484,-0.02110048187364644,0.01370640801683387,-0.9996826171164419,68.80002975463867,drone1
1743534751.6615524,3.88232159614563,0.03278933838009834,2.0106706619262695,-0.00197633223967107,-0.02236165255835005,0.013985925916158158,-0.9996501640430886,69.00002574920654,drone1
1743534751.8614485,3.8935487270355225,0.0330805703997612,2.01047945022583,-0.002481480658320359,-0.023082384741310594,0.013504524612466649,-0.9996392901561728,69.19992184638977,drone1
1743534752.0614865,3.9050891399383545,0.031078753992915154,2.0112857818603516,-0.002371663751802685,-0.02302074826808595,0.01255402888484902,-0.9996533672035753,69.39995980262756,drone1
1743534752.2615054,3.9162886142730713,0.026389185339212418,2.0143985748291016,-0.0018379529407531697,-0.02395646098858844,0.011752733000959912,-0.9996422404355685,69.59997868537903,drone1
1743534752.4615061,3.929459571838379,0.020625470206141472,2.0185701847076416,-0.0011169402178322243,-0.024103978909643616,0.011590889102678024,-0.9996416503796892,69.79997944831848,drone1
1743534752.6614728,3.944633722305298,0.01579193025827408,2.023561954498291,-0.0006059597290202426,-0.023286677760032487,0.012210489922636734,-0.9996540837000001,69.99994611740112,drone1
1743534752.86162,3.9624133110046387,0.011606267653405666,2.030172824859619,-0.00015761604254052548,-0.023671042530472662,0.013229432132236095,-0.9996322516324714,70.20009326934814,drone1
1743534753.06149,3.9822890758514404,0.00769858667626977,2.0371832847595215,0.00011392161443598817,-0.022340541597057652,0.013851561763105423,-0.9996544630216366,70.39996337890625,drone1
1743534753.2614849,3.9998505115509033,0.002623111940920353,2.049696683883667,-0.00015396112052122206,-0.02192696642642139,0.013111463103254116,-0.9996735976908606,70.59995818138123,drone1
1743534753.461468,4.014695644378662,-0.0009883623570203781,2.060361385345459,-0.0005476436372048478,-0.021786566712952996,0.011128453880816512,-0.9997005716739076,70.79994130134583,drone1
1743534753.661572,4.031144142150879,-0.004035808611661196,2.0668082237243652,-0.000815169441038732,-0.02240774145428573,0.008710152006958459,-0.9997106869175502,71.00004529953003,drone1
1743534753.8614752,4.049700736999512,-0.006765443831682205,2.0673599243164062,-0.0011071904663915388,-0.022277034857430333,0.00684823068029272,-0.999727756391197,71.19994854927063,drone1
1743534754.0614836,4.068826675415039,-0.0098437974229455,2.0665712356567383,-0.0008264318692142494,-0.021337750191516548,0.0057530448217371615,-0.9997554468706688,71.39995694160461,drone1
1743534754.2615,4.080656051635742,-0.012164290994405746,2.06585955619812,-0.0008124384569641261,-0.02211706188409568,0.004770812517190746,-0.9997436878999342,71.59997320175171,drone1
1743534754.461489,4.0975341796875,-0.017084095627069473,2.0704662799835205,-0.0008905036400294117,-0.021877800810544412,0.0027770979952314576,-0.9997564162481845,71.79996228218079,drone1
1743534754.661491,4.113426208496094,-0.01998126693069935,2.0710084438323975,-0.0003026058112295562,-0.020795342641694615,0.0007127032083192862,-0.9997834323780799,71.99996423721313,drone1
1743534754.8614726,4.128774166107178,-0.020983383059501648,2.0724174976348877,-0.0006318352598278972,-0.022825277770137504,-0.0011387235530672126,-0.9997386724249614,72.19994592666626,drone1
1743534755.0614738,4.146263599395752,-0.019676214084029198,2.0735514163970947,-0.001117833204185049,-0.022472105618862433,-0.0027641589127384027,-0.9997430556972066,72.39994716644287,drone1
1743534755.2615075,4.163725852966309,-0.014836303889751434,2.0764031410217285,-0.001666061628913041,-0.021971524206376006,-0.004254766504023235,-0.9997481554658763,72.59998083114624,drone1
1743534755.4614823,4.1814446449279785,-0.008730009198188782,2.0821566581726074,-0.0024886350858550807,-0.021432667528541113,-0.006115254837839592,-0.9997485347875129,72.79995560646057,drone1
1743534755.6614811,4.197612762451172,-0.0037553475704044104,2.0899486541748047,-0.003152134482715861,-0.02221708096542359,-0.007863000351889306,-0.9997172618259178,72.99995446205139,drone1
1743534755.861477,4.214107036590576,-0.0010202063713222742,2.0967350006103516,-0.003340204257483596,-0.021847345102683737,-0.009028992915943225,-0.9997150280429468,73.19995021820068,drone1
1743534756.061456,4.235561847686768,-0.0017311491537839174,2.105215549468994,-0.0030213317383623,-0.021163636291961982,-0.0096194702635809,-0.9997252275802864,73.39992928504944,drone1
1743534756.2614589,4.2578630447387695,-0.005675108637660742,2.111412286758423,-0.0019582163388009682,-0.021587455122419913,-0.009202553638111012,-0.9997226987693757,73.5999321937561,drone1
1743534756.4614525,4.2803263664245605,-0.009709801524877548,2.114952325820923,-0.0008643482278058631,-0.02072952770356682,-0.007599708989241839,-0.9997559104860023,73.79992580413818,drone1
1743534756.6614635,4.303758144378662,-0.014019820839166641,2.1168506145477295,-0.00031637926961401497,-0.020076552506488113,-0.005592001713576878,-0.9997828001753524,73.99993681907654,drone1
1743534756.8614635,4.329504013061523,-0.018343018367886543,2.12056040763855,8.86796034450127e-05,-0.020913517795107604,-0.003855087939594383,-0.9997739071903166,74.19993686676025,drone1
1743534757.0614564,4.35317325592041,-0.020661387592554092,2.1259360313415527,0.0002455561005031333,-0.019386518375767183,-0.002745403565151018,-0.99980834116555,74.3999297618866,drone1
1743534757.2614174,4.374345779418945,-0.021793512627482414,2.132481575012207,-0.00044375033853647584,-0.020019284817529424,-0.002947834878548884,-0.9997951492019661,74.59989070892334,drone1
1743534757.4614942,4.390919208526611,-0.02438911609351635,2.1357505321502686,-0.0008637370985024555,-0.020202535363587744,-0.00440088962781049,-0.9997858768952936,74.79996752738953,drone1
1743534757.6614769,4.407215595245361,-0.027335863560438156,2.1353704929351807,-0.0008838944873472988,-0.02109062280381743,-0.006859146714056853,-0.9997536767030313,74.99995017051697,drone1
1743534757.8614712,4.421470642089844,-0.029131989926099777,2.134004592895508,-0.0010934914235364817,-0.022148469847314903,-0.009104393627929254,-0.9997127099662788,75.19994449615479,drone1
1743534758.0614622,4.439181804656982,-0.031422413885593414,2.1333773136138916,-0.001069295181224179,-0.0218337132313685,-0.010950509886403394,-0.9997010774360897,75.3999354839325,drone1
1743534758.2614803,4.457249641418457,-0.03292977809906006,2.13228440284729,-0.0007712023755077705,-0.02241705854198467,-0.012493379569841702,-0.9996703523835253,75.59995365142822,drone1
1743534758.4616325,4.475539207458496,-0.0326971672475338,2.131647825241089,-0.000907050887881493,-0.022209528777006042,-0.014032877505399057,-0.9996544630216366,75.8001058101654,drone1
1743534758.6615806,4.494777679443359,-0.0310077965259552,2.133763074874878,-0.0011288006044209895,-0.0214370962403573,-0.015483909205932124,-0.9996496582809065,76.00005388259888,drone1
1743534758.8615773,4.511743545532227,-0.029984978958964348,2.1367719173431396,-0.0015152845710878558,-0.022052432326082255,-0.017309626389727106,-0.999605825558455,76.20005059242249,drone1
1743534759.06164,4.5288262367248535,-0.028924299404025078,2.1377291679382324,-0.001489850923645055,-0.02163487098553918,-0.019810030324484418,-0.9995685677443714,76.4001133441925,drone1
1743534759.2614653,4.547143459320068,-0.026532653719186783,2.1356897354125977,-0.0015104653423784384,-0.021716299355406733,-0.02247105589891668,-0.999510531533972,76.59993863105774,drone1
1743534759.4615004,4.570545196533203,-0.021763766184449196,2.149484157562256,-0.002033431341235708,-0.021762189370901,-0.025019760122067414,-0.9994480699044788,76.79997372627258,drone1
1743534759.6614985,4.591336250305176,-0.01709640771150589,2.1658055782318115,-0.002133390495013388,-0.019945255853753566,-0.026822591567121024,-0.9994390083320489,76.99997186660767,drone1
1743534759.861511,4.607849597930908,-0.012985986657440662,2.168401002883911,-0.002294447432608183,-0.020814904047759736,-0.027725714237012367,-0.9993961871339618,77.1999843120575,drone1
1743534760.0615115,4.621030330657959,-0.008525142446160316,2.1560370922088623,-0.002237708554889408,-0.020757925459840055,-0.027714334587914446,-0.9993978730079023,77.39998483657837,drone1
1743534760.2614684,4.63170862197876,-0.0035594282671809196,2.1372692584991455,0.0029711038901940735,-0.018063059258776028,-0.02885065577061674,-0.9994161225933076,77.59994173049927,drone1
1743534760.4614925,4.638917922973633,0.006960366386920214,2.1229019165039062,0.013811725685534458,-0.013586288901771732,-0.0544050486660449,-0.9983310098315461,77.79996585845947,drone1
1743534760.6614692,4.639777660369873,0.030614029616117477,2.1109960079193115,0.0033811657258802485,-0.017209707407164397,-0.10856273747817946,-0.9939349249444658,77.99994254112244,drone1
1743534760.8614628,4.636691093444824,0.05564578250050545,2.1045165061950684,-0.0009349303696269308,-0.020501840549743345,-0.18443410332149002,-0.9826305922648133,78.19993615150452,drone1
1743534761.0614836,4.632445812225342,0.07729989290237427,2.099348306655884,-0.005204902007795003,-0.02141471560525349,-0.28014080867181584,-0.9597059309087981,78.39995694160461,drone1
1743534761.2614722,4.630703926086426,0.090761698782444,2.0915496349334717,-0.00830921496397474,-0.022546023947160935,-0.3706703426650333,-0.9284537477100305,78.59994554519653,drone1
1743534761.4615042,4.634091854095459,0.0980021134018898,2.0856502056121826,-0.006043080335398197,-0.02258694195161993,-0.4416474900187133,-0.8968839880077335,78.79997754096985,drone1
1743534761.6616096,4.642777442932129,0.10633233189582825,2.0857110023498535,-0.0011442210826198946,-0.022312475747216415,-0.4867368839786681,-0.8732628499800756,79.00008296966553,drone1
1743534761.861558,4.652836322784424,0.12084629386663437,2.0857644081115723,0.004557061482245194,-0.019949992764399464,-0.5133378674163189,-0.8579425548400628,79.20003128051758,drone1
1743534762.0615213,4.657360553741455,0.14688919484615326,2.084160804748535,0.005586383011834883,-0.01756220981867483,-0.5270212316437295,-0.8496523856418033,79.39999461174011,drone1
1743534762.261521,4.650744915008545,0.1843155026435852,2.0836081504821777,0.00559328521682305,-0.0157744307254403,-0.5355282463775775,-0.844351397380482,79.59999442100525,drone1
1743534762.4615746,4.631392002105713,0.23314359784126282,2.0843377113342285,0.0018555867870435625,-0.01523243279030233,-0.5465347694256519,-0.8372958042055159,79.80004787445068,drone1
1743534762.66158,4.601109027862549,0.291159987449646,2.087343692779541,-0.004983007411463742,-0.0160375857693747,-0.5593443978732952,-0.8287652609934866,80.00005340576172,drone1
1743534762.8615756,4.5679216384887695,0.35339537262916565,2.0909318923950195,-0.009503629650448644,-0.017563582225429464,-0.5750319290410956,-0.8178871910029613,80.20004892349243,drone1
1743534763.061561,4.5389604568481445,0.41405948996543884,2.09421706199646,-0.014120288093577175,-0.017046985010508896,-0.593368484468215,-0.8046264648357059,80.40003442764282,drone1
1743534763.2615504,4.5161614418029785,0.47040483355522156,2.099264621734619,-0.014679741656397925,-0.016612662806738954,-0.6113130109839102,-0.791078444675576,80.60002374649048,drone1
1743534763.4615166,4.501950740814209,0.5222449898719788,2.1059465408325195,-0.013647899300749741,-0.015104859877488165,-0.6257503875995367,-0.7797577432136332,80.79998993873596,drone1
1743534763.661514,4.492295742034912,0.5694601535797119,2.1110095977783203,-0.009262334003639966,-0.013752829807018183,-0.633148929680836,-0.7738524639750748,80.99998736381531,drone1
1743534763.8615212,4.484158992767334,0.6164231300354004,2.113802909851074,-0.00559887263770086,-0.01109717598013748,-0.6337454867113713,-0.7734417745464726,81.1999945640564,drone1
1743534764.0615277,4.473052024841309,0.6633675694465637,2.115952968597412,-0.006437919914782343,-0.009676249312514595,-0.6299270665299814,-0.7765673848320404,81.40000104904175,drone1
1743534764.2615418,4.4667534828186035,0.6848510503768921,2.1177420616149902,-0.006553278637970817,-0.008960824833652268,-0.6273567093634081,-0.7786529689470414,81.60001516342163,drone1
1743534764.461556,4.4445366859436035,0.7470749020576477,2.1289196014404297,-0.0008731644924064566,-0.009844947012763259,-0.6226814753619281,-0.7824130262799559,81.80002927780151,drone1
1743534764.66151,4.4287943840026855,0.7881700396537781,2.1492836475372314,-0.007357307316931937,-0.01080211807678611,-0.6219263460822266,-0.7829667779174724,81.99998331069946,drone1
1743534764.8615155,4.41715669631958,0.8200381994247437,2.151705265045166,-0.0033156747916502334,-0.014060252542051437,-0.6233742325741894,-0.7817902328362225,82.1999888420105,drone1
1743534765.0615072,4.40985631942749,0.8494252562522888,2.1344401836395264,-0.002705687404419111,-0.013106258626007351,-0.6266952988697267,-0.7791495009693482,82.39998054504395,drone1
1743534765.26152,4.3961100578308105,0.8943930268287659,2.124779224395752,-0.00481493269431963,-0.012590093087011764,-0.6310215833073168,-0.7756481989445103,82.59999322891235,drone1
1743534765.4615343,4.398735523223877,0.9271491169929504,2.108452558517456,-0.004820275465912893,-0.010960027500905,-0.6363588705419182,-0.7713003511255507,82.80000758171082,drone1
1743534765.6615717,4.408492088317871,0.9574357867240906,2.084238290786743,-0.0007063877664875773,-0.00987246857556862,-0.6408830713117595,-0.7675746645475968,83.00004506111145,drone1
1743534765.8615317,4.419823169708252,0.9866381883621216,2.059297800064087,0.0013947001325925576,-0.007605115310380055,-0.6433911090944533,-0.7654986319621396,83.20000505447388,drone1
1743534766.0615137,4.429649353027344,1.0177384614944458,2.0368051528930664,0.00041932393491878007,-0.006083447467376261,-0.6437479190455905,-0.765213387359774,83.39998698234558,drone1
1743534766.2615044,4.439911365509033,1.0463199615478516,2.0211827754974365,0.0024607004510072347,-0.006047616225333049,-0.6430744229430985,-0.7657759529569853,83.59997773170471,drone1
1743534766.4615219,4.450650215148926,1.0733041763305664,2.010711908340454,0.0030777922163904734,-0.004774222296016772,-0.6424135972369401,-0.7663370592195669,83.7999951839447,drone1
1743534766.6615293,4.457347393035889,1.097030520439148,2.002258539199829,0.002443269436425439,-0.0051456341545294375,-0.6422947009772909,-0.766436652222598,84.00000262260437,drone1
1743534766.8615417,4.460587024688721,1.1162198781967163,1.9953973293304443,0.0033887554513347697,-0.008515018683797936,-0.6429968674734824,-0.7658139746826982,84.2000150680542,drone1
1743534767.0615523,4.465482711791992,1.1362534761428833,1.9886913299560547,0.0024861747635734023,-0.008137530435110113,-0.6439768765317698,-0.764997663984027,84.4000256061554,drone1
1743534767.2615352,4.473280906677246,1.1584254503250122,1.9839093685150146,0.0027612980307597564,-0.008263909242095172,-0.6445181105552786,-0.7645394592520848,84.60000848770142,drone1
1743534767.461515,4.483203887939453,1.1783829927444458,1.9825677871704102,0.0027623334273624324,-0.007398926671291935,-0.6461811356354654,-0.7631432237229719,84.79998826980591,drone1
1743534767.6615214,4.493546009063721,1.1978726387023926,1.982654094696045,0.0036647442106407394,-0.007739660892444734,-0.6485800657640766,-0.7610983271218522,84.99999475479126,drone1
1743534767.8615148,4.505359649658203,1.2149828672409058,1.9851446151733398,0.0035900219641341,-0.006867441576043276,-0.6507283327795254,-0.7592711347983594,85.19998812675476,drone1
1743534768.0614963,4.518284797668457,1.2282911539077759,1.990534782409668,0.00422332092144911,-0.005950967821751187,-0.6524424661818877,-0.7578032232849977,85.3999695777893,drone1
1743534768.2615156,4.530439376831055,1.2368766069412231,1.997624158859253,0.005911461860194571,-0.006913631846674153,-0.6548337045106457,-0.7557183082512169,85.59998893737793,drone1
1743534768.4615345,4.540429592132568,1.2435932159423828,2.005129098892212,0.006391429553651156,-0.007132655147791569,-0.6576923619261017,-0.7532258226556235,85.8000078201294,drone1
1743534768.6614892,4.547780990600586,1.2483949661254883,2.0112690925598145,0.006716994901766113,-0.007623208203351404,-0.6604839584372207,-0.7507714852262888,85.99996256828308,drone1
1743534768.861505,4.553333759307861,1.249828815460205,2.017522096633911,0.007550447225866804,-0.009892107689885682,-0.664061259132458,-0.7475746019857109,86.19997835159302,drone1
1743534769.0614765,4.560973167419434,1.2511764764785767,2.0242795944213867,0.0076438196174756405,-0.010611094729900069,-0.6675110577084156,-0.7444851589645213,86.39994978904724,drone1
1743534769.2615564,4.5655622482299805,1.253466010093689,2.028099298477173,0.007731436000812456,-0.01030468878758714,-0.6686819050625823,-0.7434369589395212,86.60002970695496,drone1
1743534769.4614727,4.574896812438965,1.2701449394226074,2.0397989749908447,0.007528259791258041,-0.009897183503999022,-0.6695283955389653,-0.7426823485928921,86.79994606971741,drone1
1743534769.6614811,4.583714962005615,1.2845704555511475,2.0600879192352295,0.00635569659937576,-0.00877484157484001,-0.6694143514352509,-0.7428103854503122,86.99995446205139,drone1
1743534769.8614836,4.592138767242432,1.3016422986984253,2.072748899459839,0.006000921715404388,-0.007764764526770973,-0.6695360847046404,-0.7427146989333022,87.1999568939209,drone1
1743534770.061494,4.60106086730957,1.3209092617034912,2.0730040073394775,0.005299330745953839,-0.006509266585618158,-0.6699459074886702,-0.7423625330380353,87.3999674320221,drone1
1743534770.2614639,4.613031387329102,1.3402637243270874,2.065164089202881,0.0046786542347004275,-0.006192942263311468,-0.6698656625232835,-0.7424418507727548,87.59993720054626,drone1
1743534770.4614727,4.625178337097168,1.3586467504501343,2.054474353790283,0.004349062092714315,-0.005222761817169548,-0.6697553589523744,-0.7425507213508146,87.79994606971741,drone1
1743534770.6614563,4.637681484222412,1.373306155204773,2.0455875396728516,0.005206781617298043,-0.004623683672462509,-0.6701423776571818,-0.7421999489357266,87.99992966651917,drone1
1743534770.8614736,4.64799690246582,1.3821386098861694,2.0369296073913574,0.0066706133651146995,-0.006084479694733492,-0.6718537320017204,-0.7406288593030322,88.19994688034058,drone1
1743534771.0614808,4.656189918518066,1.390746831893921,2.0285487174987793,0.007387081338619201,-0.007692705444544372,-0.6744688517555902,-0.7382263282530512,88.39995408058167,drone1
1743534771.2614558,4.66408109664917,1.3990424871444702,2.0236165523529053,0.00732480445787116,-0.0072983765394155475,-0.6771377983033645,-0.7357836259880834,88.59992909431458,drone1
1743534771.4615703,4.671812534332275,1.4086323976516724,2.022210121154785,0.007213090267905131,-0.0062782081366631656,-0.6799519539151491,-0.733194365959953,88.80004358291626,drone1
1743534771.6614602,4.6828389167785645,1.4169645309448242,2.0235776901245117,0.007576446954052764,-0.007937685493528844,-0.6823181728209599,-0.7309730479193228,88.99993348121643,drone1
1743534771.8614593,4.69536018371582,1.4249153137207031,2.027052879333496,0.007981704625235139,-0.008538146458225553,-0.6836802931103813,-0.7296880563626764,89.19993257522583,drone1
1743534772.0614913,4.711096286773682,1.4346257448196411,2.0339162349700928,0.008160029978656802,-0.007460765605793751,-0.6848603943319741,-0.7285904786704678,89.39996457099915,drone1
1743534772.2614622,4.723361968994141,1.441480278968811,2.042654275894165,0.008896869213624873,-0.0064866066864839485,-0.6859502512483711,-0.7275652750196865,89.59993553161621,drone1
1743534772.4614844,4.731988430023193,1.4469188451766968,2.0511934757232666,0.008928842948894513,-0.007061492252032513,-0.6865352389689902,-0.7270075141632055,89.79995775222778,drone1
1743534772.6614594,4.738807678222656,1.4553930759429932,2.058431625366211,0.008963332900411092,-0.006649508783472047,-0.6863996920700011,-0.7271388463773435,89.9999327659607,drone1
1743534772.8614762,4.744565963745117,1.4660964012145996,2.0640223026275635,0.008442473955866146,-0.007398756231741465,-0.6868985513885991,-0.7266666238670043,90.19994950294495,drone1
1743534773.061554,4.7485809326171875,1.4770113229751587,2.0677149295806885,0.007322837862613341,-0.00818146778382015,-0.6886028395505671,-0.7250555645339425,90.40002727508545,drone1
1743534773.2615356,4.750374794006348,1.4884860515594482,2.070769786834717,0.006856367162324956,-0.007620390414878841,-0.6908329610141801,-0.7229418526659165,90.60000896453857,drone1
1743534773.4615326,4.751516819000244,1.5013325214385986,2.0724551677703857,0.005991545029427476,-0.008018828693044927,-0.6927445234258576,-0.7211135724268966,90.80000591278076,drone1
1743534773.6615276,4.754344940185547,1.5169860124588013,2.0713746547698975,0.005310313416190563,-0.007926778905762311,-0.6936604100054028,-0.720239074052589,91.00000095367432,drone1
1743534773.8616543,4.760448455810547,1.535219669342041,2.070436477661133,0.005441139374238029,-0.007413662592474811,-0.693462601674451,-0.7204340163978421,91.20012760162354,drone1
1743534774.0615487,4.76890230178833,1.5528565645217896,2.071483612060547,0.005614907990675254,-0.006743401466401222,-0.6923400401206985,-0.7215180557320556,91.40002202987671,drone1
1743534774.261502,4.7743239402771,1.5626542568206787,2.0722923278808594,0.0057755799189697496,-0.005690617732388759,-0.6910920232039973,-0.7227213126956382,91.59997534751892,drone1
1743534774.4615414,4.778951168060303,1.5727416276931763,2.0733611583709717,0.006025970649377432,-0.005300008388252381,-0.6893547722552269,-0.7243795804502994,91.80001473426819,drone1
1743534774.661505,4.78169059753418,1.5763529539108276,2.106072187423706,0.0068305570949572965,-0.00623739597265431,-0.6880268870605976,-0.7256262908146967,91.9999783039093,drone1
1743534774.8614867,4.786954402923584,1.578439712524414,2.1283457279205322,0.008734358070844722,-0.008614848160901216,-0.6875507343566347,-0.7260328169249194,92.19995999336243,drone1
1743534775.0615242,4.798443794250488,1.5826187133789062,2.1181464195251465,0.009468968796342658,-0.009228495362931539,-0.6882531418801161,-0.7253502184202382,92.39999747276306,drone1
1743534775.2615225,4.813303470611572,1.5875312089920044,2.0892138481140137,0.009856774719080993,-0.007999177560290597,-0.6896513280180616,-0.7240304254205229,92.59999585151672,drone1
1743534775.4614935,4.8282976150512695,1.5946091413497925,2.0549674034118652,0.010572576461628335,-0.007831909148578446,-0.6909715319495499,-0.7227623149937943,92.79996681213379,drone1
1743534775.6615121,4.839315414428711,1.6062899827957153,2.022911787033081,0.0104465710493793,-0.0070828946192696965,-0.6918059065240749,-0.7219732904282669,92.99998545646667,drone1
1743534775.8615117,4.8466477394104,1.6236045360565186,1.9968531131744385,0.009038205130429425,-0.0061144272120291655,-0.6920782871180217,-0.7217400221097383,93.19998502731323,drone1
1743534776.06147,4.852859973907471,1.6411958932876587,1.9826691150665283,0.007537636230280762,-0.006016470198191879,-0.6922558794496674,-0.7215877178871991,93.3999433517456,drone1
1743534776.2614613,4.857563018798828,1.65933096408844,1.9739389419555664,0.006684884230397844,-0.005120590283117299,-0.6932225569329352,-0.7206744826078431,93.5999345779419,drone1
1743534776.461476,4.864619255065918,1.674384593963623,1.9645884037017822,0.006422048662867877,-0.004162346697045137,-0.6958459848843177,-0.7181503526315521,93.79994940757751,drone1
1743534776.6614594,4.874136924743652,1.684625267982483,1.9561824798583984,0.006167315291896716,-0.0052077108235986345,-0.6994239572949531,-0.7146615629523658,93.9999327659607,drone1
1743534776.8614829,4.885374546051025,1.6910923719406128,1.9493577480316162,0.007239528582874748,-0.0072702431476032395,-0.7029224657739882,-0.7111925572672884,94.19995617866516,drone1
1743534777.061477,4.896983623504639,1.6973451375961304,1.9462144374847412,0.008667450211222505,-0.007491750289530465,-0.7051084840179932,-0.7090068761980715,94.3999502658844,drone1
1743534777.2617946,4.905737400054932,1.705846905708313,1.946563959121704,0.009459553760437911,-0.006696558166572618,-0.705577344493983,-0.7085381843094757,94.60026788711548,drone1
1743534777.4615293,4.911123275756836,1.716532826423645,1.9481511116027832,0.009878699723703324,-0.007138769980502379,-0.7052062220657817,-0.708897589913791,94.80000257492065,drone1
1743534777.6615112,4.914215087890625,1.732586145401001,1.9513907432556152,0.009145592583939087,-0.007373672394909496,-0.7048693597570634,-0.7092399313128156,94.99998450279236,drone1
1743534777.8615038,4.915125370025635,1.7510740756988525,1.9571304321289062,0.00752220931069337,-0.0070334116055193905,-0.7048224483390373,-0.7093090962668555,95.19997715950012,drone1
1743534778.061529,4.914412021636963,1.7673983573913574,1.9634103775024414,0.005932230913410235,-0.007483499508867045,-0.7050160115274545,-0.7091271656086273,95.40000224113464,drone1
1743534778.2615101,4.914119243621826,1.7823289632797241,1.9684007167816162,0.0054879406918542485,-0.006838117206488281,-0.7052928427298223,-0.7088618826427515,95.59998345375061,drone1
1743534778.461574,4.915484428405762,1.796844482421875,1.9729692935943604,0.0052456952180699006,-0.005958277912743985,-0.7058629341736709,-0.7083040980786682,95.80004739761353,drone1
1743534778.6615412,4.9193830490112305,1.8099232912063599,1.9781978130340576,0.005696509557748408,-0.006490832525432641,-0.7066137664504578,-0.7075468594809076,96.00001454353333,drone1
1743534778.861641,4.924460411071777,1.821637511253357,1.984785556793213,0.007098352552187683,-0.007596853457937094,-0.7068262389006615,-0.7073107847955378,96.2001142501831,drone1
1743534779.0615475,4.928954124450684,1.8351529836654663,1.9924418926239014,0.007626235820567996,-0.007190421601896987,-0.7061568997163197,-0.707977763756363,96.40002083778381,drone1
1743534779.2615113,4.934665679931641,1.8476669788360596,1.9985365867614746,0.007436396413230214,-0.006294018185097593,-0.7052713012450579,-0.7088706114855687,96.5999846458435,drone1
1743534779.461563,4.9431610107421875,1.8626891374588013,2.0055389404296875,0.007979651139402636,-0.005297235710078615,-0.7042338985511746,-0.7099034623198128,96.80003643035889,drone1
1743534779.6614952,4.954289436340332,1.871960163116455,2.0298867225646973,0.008972013998751447,-0.006177265035072495,-0.7034224656916741,-0.7106885112521454,96.99996852874756,drone1
1743534779.861498,4.962721347808838,1.8820970058441162,2.044919490814209,0.009287915000416598,-0.006021817085688318,-0.7032310419497272,-0.7108752988407562,97.19997143745422,drone1
1743534780.0614977,4.968068599700928,1.8918336629867554,2.04197096824646,0.009582657378630583,-0.00682402809948934,-0.7036219714210952,-0.7104771201114443,97.39997100830078,drone1
1743534780.261512,4.970955848693848,1.9008429050445557,2.0300912857055664,0.009012718470153731,-0.0066701304461950165,-0.70444893292473,-0.7096661744102435,97.59998536109924,drone1
1743534780.4614892,4.971673965454102,1.9108378887176514,2.016110420227051,0.008334610745108497,-0.00598828712742825,-0.7060874479661464,-0.708050334373326,97.79996252059937,drone1
1743534780.6615033,4.969988822937012,1.9234750270843506,2.0034878253936768,0.007495006627486485,-0.007091648857209469,-0.7081681215617056,-0.7059685649597056,97.99997663497925,drone1
1743534780.861616,4.968886375427246,1.9379080533981323,1.9950404167175293,0.0066016444515430185,-0.008575440965585986,-0.7106301039519156,-0.7034825588658443,98.2000892162323,drone1
1743534781.0615165,4.970372200012207,1.9533164501190186,1.9900243282318115,0.005939351672856989,-0.008175764870699083,-0.7123566703453164,-0.7017449499981337,98.39998984336853,drone1
1743534781.2614949,4.973519325256348,1.9690465927124023,1.9884040355682373,0.0061851737018641904,-0.0073369709274580175,-0.7130272839984969,-0.7010706274222842,98.59996819496155,drone1
1743534781.4615157,4.977645397186279,1.9814481735229492,1.989018440246582,0.006615618930638539,-0.006822138488341748,-0.7123590855572994,-0.7017507955684589,98.79998898506165,drone1
1743534781.6614783,4.9819817543029785,1.9914592504501343,1.9897267818450928,0.006975712446431054,-0.006313248158059554,-0.710608829342313,-0.7035244011375202,98.99995160102844,drone1
1743534781.8614612,4.985282897949219,2.0030109882354736,1.9888322353363037,0.008160190951629972,-0.006651406214835671,-0.7086503206097504,-0.7054813082898395,99.19993448257446,drone1
1743534782.061462,4.988787651062012,2.016509532928467,1.9883689880371094,0.00866929944535995,-0.007165915596711744,-0.7072615195336448,-0.7068626915206071,99.39993524551392,drone1
1743534782.2614582,4.994570255279541,2.032679796218872,1.9892303943634033,0.007733745351765826,-0.006305805843677261,-0.7068559946374487,-0.7072871824986331,99.59993147850037,drone1
1743534782.4614666,5.002355098724365,2.0493907928466797,1.991837978363037,0.0071041512012165985,-0.004802916973545039,-0.707490273879423,-0.7066711949889126,99.79993987083435,drone1
1743534782.661477,5.009115219116211,2.064500570297241,1.997349500656128,0.007245741974745741,-0.004980583309129856,-0.708630346625551,-0.705525221683993,99.99995040893555,drone1
1743534782.8615136,5.014664649963379,2.079021453857422,2.0048508644104004,0.007635608966868177,-0.005939032196452381,-0.7099803226957007,-0.7041551837139522,100.19998693466187,drone1
1743534783.061565,5.019041538238525,2.0908539295196533,2.012186288833618,0.007442472350656021,-0.005750938714082356,-0.711053369934259,-0.703075224392238,100.40003824234009,drone1
1743534783.261514,5.024885177612305,2.1053128242492676,2.0201332569122314,0.007636193672073202,-0.005868291427722942,-0.7118621370055912,-0.7022533075041704,100.59998726844788,drone1
1743534783.4614608,5.029883861541748,2.1192469596862793,2.0248031616210938,0.007969914147261795,-0.00652396031879349,-0.712279419123263,-0.7018205153462467,100.79993414878845,drone1
1743534783.6614769,5.037082672119141,2.134646415710449,2.027157783508301,0.007625451164786734,-0.005690904891235953,-0.7127236574432799,-0.7013804917110809,100.99995017051697,drone1
1743534783.8614788,5.044109344482422,2.148022413253784,2.032017469406128,0.00807560889443175,-0.005645338468049296,-0.7130954835262882,-0.7009977917411568,101.19995212554932,drone1
1743534784.0614958,5.0496625900268555,2.1580445766448975,2.0385901927948,0.0086264249874858,-0.006773646234224186,-0.7134488492896486,-0.7006214980922065,101.39996910095215,drone1
1743534784.261523,5.0525593757629395,2.1686038970947266,2.0464887619018555,0.008465941065931014,-0.006361797026425286,-0.713945223919818,-0.7001215831267622,101.59999632835388,drone1
1743534784.4616406,5.052748680114746,2.1831398010253906,2.051436185836792,0.007986605369406935,-0.005338385522204423,-0.7147858493988128,-0.6992774173124924,101.8001139163971,drone1
1743534784.6615138,5.054320335388184,2.198608160018921,2.0708720684051514,0.007260910724306487,-0.006191501944154447,-0.7161668336956653,-0.6978639799422864,101.99998712539673,drone1
1743534784.8615224,5.054739952087402,2.2172412872314453,2.099458694458008,0.0072205777851940415,-0.007373843256340044,-0.7178451943018095,-0.6961262765734391,102.19999575614929,drone1
1743534785.0615163,5.054605960845947,2.2404441833496094,2.1033546924591064,0.006101812545024738,-0.006913878430433359,-0.7193999171278469,-0.694534885989197,102.39998960494995,drone1
1743534785.2615616,5.055481910705566,2.260885000228882,2.087294101715088,0.00502059676154828,-0.00564465798577739,-0.7203647401497802,-0.6935543843396177,102.6000349521637,drone1
1743534785.461494,5.0603814125061035,2.277378797531128,2.0637545585632324,0.0052946094963195,-0.005543358426392259,-0.720577230071993,-0.6933323692296415,102.79996728897095,drone1
1743534785.6615357,5.067351341247559,2.2900238037109375,2.040477752685547,0.006246561862650292,-0.00538529265969127,-0.7200662258755788,-0.6938564389490941,103.000009059906,drone1
1743534785.8616378,5.074553489685059,2.300161600112915,2.0203797817230225,0.007796392937764411,-0.005661228817754664,-0.719162090364234,-0.6947755787385087,103.20011115074158,drone1
1743534786.0614974,5.079133987426758,2.3117198944091797,2.0047078132629395,0.009388323116912596,-0.0065323775877403345,-0.7182429835020449,-0.6956984788170639,103.3999707698822,drone1
1743534786.2615097,5.081401824951172,2.325902223587036,1.993734359741211,0.00876479177405805,-0.005862642103661211,-0.717721897647758,-0.6962500789896727,103.59998297691345,drone1
1743534786.4614964,5.082778453826904,2.340372323989868,1.9854278564453125,0.007591075223788099,-0.004871847979648478,-0.7181942472571871,-0.6957843042886112,103.79996967315674,drone1
1743534786.6615171,5.083719730377197,2.353912830352783,1.9805328845977783,0.007407169837534655,-0.005716837221507424,-0.7194676023323774,-0.6944629860998156,103.99999046325684,drone1
1743534786.8615367,5.085240840911865,2.3667097091674805,1.9795334339141846,0.007514934606178118,-0.007228674425283389,-0.7213635098240111,-0.6924781487578238,104.20001006126404,drone1
1743534787.0615704,5.087758541107178,2.377135753631592,1.982215404510498,0.007066259625506977,-0.007211027454406887,-0.723226513797848,-0.6905370888205448,104.40004372596741,drone1
1743534787.2617962,5.090574264526367,2.386664628982544,1.987185001373291,0.007583942775176329,-0.0069491414308842465,-0.7243660723853516,-0.6893389461136111,104.60026955604553,drone1
1743534787.461538,5.092458724975586,2.3939192295074463,1.9912331104278564,0.008266673112236316,-0.007431494866457127,-0.7244697905111807,-0.6892170205492252,104.80001139640808,drone1
1743534787.6615133,5.09428071975708,2.4016685485839844,1.9937243461608887,0.008355435404176053,-0.007351638730443349,-0.723809921011648,-0.6899096802968995,104.99998664855957,drone1
1743534787.8614824,5.096251487731934,2.4106087684631348,1.9962096214294434,0.008737796100201345,-0.00745276824128881,-0.7228616063834407,-0.6908974443753129,105.199955701828,drone1
1743534788.0614846,5.097406387329102,2.422811269760132,2.0003066062927246,0.0088198756471102,-0.007676061051087604,-0.7220949077938229,-0.6916951630454347,105.39995789527893,drone1
1743534788.261547,5.097893238067627,2.4390671253204346,2.0060806274414062,0.00785364280486235,-0.006668929713761806,-0.7216983770721423,-0.6921311432173215,105.60002040863037,drone1
1743534788.4615443,5.095788478851318,2.4582102298736572,2.011925220489502,0.006576831235344801,-0.005719548696200979,-0.7218590079314404,-0.6919852637550022,105.80001759529114,drone1
1743534788.661498,5.093346118927002,2.4765796661376953,2.0172998905181885,0.0056967518712580725,-0.005609177120281699,-0.722369038799072,-0.6914616616021502,105.99997138977051,drone1
1743534788.8616068,5.092466831207275,2.494422674179077,2.023343086242676,0.005727767022968038,-0.006296004458231248,-0.7230405974636214,-0.6907531822983052,106.2000801563263,drone1
1743534789.0614746,5.095178127288818,2.5125365257263184,2.0289394855499268,0.00552886352220972,-0.005853240629657429,-0.7235507692597776,-0.6902242973014102,106.39994788169861,drone1
1743534789.2615037,5.1029133796691895,2.5283124446868896,2.0319337844848633,0.00631657489853938,-0.005533941425143749,-0.7237370543789287,-0.6900248623655236,106.59997701644897,drone1
1743534789.4615493,5.109339714050293,2.542133092880249,2.0311014652252197,0.007102556535690518,-0.004554732292638354,-0.7234976049616482,-0.6902754385508111,106.8000226020813,drone1
1743534789.6615405,5.1185383796691895,2.553476572036743,2.0595216751098633,0.008438647112571225,-0.004766825853375364,-0.7229304137478128,-0.6908528293019861,107.00001382827759,drone1
1743534789.861569,5.120777606964111,2.567788600921631,2.0965421199798584,0.009869099791138206,-0.005879208449304024,-0.7224693061516794,-0.6913076148708429,107.20004224777222,drone1
1743534790.0615866,5.122511863708496,2.587040424346924,2.091905117034912,0.009556271228875049,-0.00642237875830233,-0.7226692916307744,-0.6910981042039842,107.40005993843079,drone1
1743534790.2614627,5.123513221740723,2.6087498664855957,2.0570285320281982,0.007871595180899308,-0.005102806370997289,-0.7237117781236232,-0.690038674678034,107.59993600845337,drone1
1743534790.4614801,5.121451377868652,2.630213737487793,2.0122671127319336,0.0063427643492821855,-0.003696676869196523,-0.7258352746459488,-0.6878293671721403,107.79995346069336,drone1
1743534790.66146,5.117303848266602,2.6495139598846436,1.9715418815612793,0.0051358072093248795,-0.005008598101192178,-0.7283049495768746,-0.6852157186067014,107.99993324279785,drone1
1743534790.861482,5.114017963409424,2.6663970947265625,1.9393227100372314,0.005168793189241837,-0.006744229544960978,-0.7303530783144395,-0.6830170413262555,108.19995522499084,drone1
1743534791.061465,5.1110663414001465,2.6833035945892334,1.9152328968048096,0.004963520215133036,-0.006336871734183615,-0.7313925434050856,-0.6819092983410217,108.39993834495544,drone1
1743534791.2614489,5.108262062072754,2.696908473968506,1.8977077007293701,0.005736639284431351,-0.006985339523377438,-0.7313489556611913,-0.6819435294845466,108.59992218017578,drone1
1743534791.4620693,5.106134414672852,2.708927631378174,1.8843824863433838,0.006000965549773201,-0.007128774797755375,-0.7304010677698253,-0.6829549748234671,108.80054259300232,drone1
1743534791.6615427,5.105841159820557,2.7209062576293945,1.8760204315185547,0.006174546954354516,-0.006756596125901712,-0.7290389896272524,-0.6844109561445223,109.0000159740448,drone1
1743534791.8614962,5.108344078063965,2.732606887817383,1.8716990947723389,0.007764266667123109,-0.00724461594595498,-0.7273062378545605,-0.6862309518936317,109.19996953010559,drone1
1743534792.0615425,5.110881328582764,2.742061138153076,1.8694028854370117,0.00825311059388957,-0.006867986686259759,-0.7259555077509492,-0.6876578834993506,109.40001583099365,drone1
1743534792.2614856,5.1126389503479,2.753378391265869,1.872293472290039,0.008122896670644211,-0.006430464120817152,-0.7245898365895409,-0.6891024535611715,109.59995889663696,drone1
1743534792.461476,5.111854553222656,2.7650136947631836,1.8786208629608154,0.008232372368788687,-0.006615255084797706,-0.7236993434862236,-0.6900346720445146,109.79994940757751,drone1
1743534792.6615143,5.110213279724121,2.776083469390869,1.8863890171051025,0.007863027393373356,-0.006610886588644971,-0.7233783544050536,-0.6903754701444846,109.99998760223389,drone1
1743534792.8614724,5.108399391174316,2.7885491847991943,1.895237684249878,0.0076147893292024945,-0.007065972165684191,-0.7235487844066305,-0.6901950934866592,110.19994568824768,drone1
1743534793.061523,5.106146812438965,2.800126791000366,1.9027278423309326,0.007372012446014356,-0.007439297595045806,-0.7239730121932278,-0.6897488650451391,110.39999628067017,drone1
1743534793.261476,5.103579044342041,2.8152918815612793,1.9134833812713623,0.006313863979492753,-0.0069684703501585316,-0.724757648218154,-0.6889396995543795,110.5999493598938,drone1
1743534793.461487,5.104565620422363,2.8277273178100586,1.9220590591430664,0.0056598097983967454,-0.006315171437295116,-0.725168884238698,-0.6885189383460721,110.79996037483215,drone1
1743534793.6616228,5.105982303619385,2.8405942916870117,1.930682897567749,0.006604270459507147,-0.006389485715479062,-0.7252563889987407,-0.688417609419718,111.00009608268738,drone1
1743534793.8615367,5.107236385345459,2.851649522781372,1.938169240951538,0.0073931954201776826,-0.006702703477546438,-0.7250338747120274,-0.6886409666434015,111.20001006126404,drone1
1743534794.0615096,5.107869625091553,2.86501407623291,1.9488623142242432,0.007517463777230299,-0.006534881620913876,-0.7244222343780813,-0.6892847228759128,111.39998292922974,drone1
1743534794.2614927,5.109189033508301,2.8769378662109375,1.961902379989624,0.0072613094730060715,-0.006083568145657349,-0.7237268113776516,-0.6900216183752773,111.59996604919434,drone1
1743534794.4614744,5.109999656677246,2.8866164684295654,1.9722037315368652,0.00697149259612148,-0.005338026615447573,-0.7234081206168145,-0.6903649228956448,111.79994773864746,drone1
1743534794.6614745,5.110359191894531,2.893179416656494,1.991823434829712,0.008254609358871675,-0.006861050977819748,-0.7234654442820563,-0.6902772534994751,111.99994778633118,drone1
1743534794.8614724,5.105924606323242,2.901827335357666,2.025390148162842,0.008676025119260945,-0.008232641178424868,-0.723898940424059,-0.6898023691522347,112.19994568824768,drone1
1743534795.0615017,5.1028265953063965,2.9138967990875244,2.0354440212249756,0.00851212170534846,-0.009286711057578738,-0.7245726959930872,-0.6890833478679058,112.39997506141663,drone1
1743534795.2614918,5.103504657745361,2.929694652557373,2.025423288345337,0.00754164520229117,-0.008358882966993234,-0.7253096033462527,-0.6883307618870941,112.59996509552002,drone1
1743534795.4614725,5.107024192810059,2.9498543739318848,2.0044057369232178,0.006580906277890925,-0.006386838706118983,-0.7259692502577418,-0.6876661416474807,112.79994583129883,drone1
1743534795.661504,5.111863136291504,2.9721105098724365,1.9829213619232178,0.0061160250056418305,-0.005195767666197019,-0.7263977296076827,-0.6872277156412913,112.99997735023499,drone1
1743534795.8615127,5.11794376373291,2.9934909343719482,1.9671099185943604,0.006284153805753661,-0.00454073278885153,-0.7260855821450769,-0.6875606836470615,113.19998598098755,drone1
1743534796.0615172,5.121781826019287,3.0113611221313477,1.956883192062378,0.006680241903206883,-0.0035365111069571567,-0.72526013743408,-0.6884335014157845,113.39999055862427,drone1
1743534796.2614841,5.124523639678955,3.0233538150787354,1.9521050453186035,0.006842194461332534,-0.0036771011397883557,-0.7244875936034095,-0.689244061703812,113.59995746612549,drone1
1743534796.461534,5.128106117248535,3.0347259044647217,1.9497694969177246,0.007896547761579026,-0.005018408294670986,-0.7245645814076597,-0.6891434716643956,113.80000734329224,drone1
1743534796.661526,5.130089282989502,3.045685291290283,1.9498984813690186,0.008125397658049403,-0.00601662437992481,-0.7258679213313876,-0.6877597998474061,113.99999928474426,drone1
1743534796.8614995,5.129673957824707,3.057936668395996,1.9518485069274902,0.008200745439520563,-0.006923495732109876,-0.7277655291849409,-0.6857421577692937,114.1999728679657,drone1
1743534797.061484,5.127805233001709,3.073647975921631,1.9538888931274414,0.007945932034812166,-0.00806406467094519,-0.7295098858289526,-0.6838766710826617,114.39995741844177,drone1
1743534797.2614655,5.127333164215088,3.089571952819824,1.9570555686950684,0.006763554795936731,-0.006847927981338412,-0.7308703940014183,-0.6824484750714875,114.59993886947632,drone1
1743534797.4614806,5.126143455505371,3.1041414737701416,1.9617812633514404,0.006029302977195646,-0.005751179772241552,-0.731927560768439,-0.6813316283669754,114.79995393753052,drone1
1743534797.6614692,5.127021789550781,3.1188719272613525,1.970085620880127,0.005994410969143861,-0.005985195883172071,-0.7326438965082642,-0.6805594059060246,114.99994254112244,drone1
1743534797.861477,5.128874778747559,3.1327624320983887,1.980046033859253,0.00691347243774436,-0.00666266625578735,-0.7328352036878333,-0.680338511638801,115.19995021820068,drone1
1743534798.0614667,5.130520343780518,3.147139310836792,1.9890832901000977,0.007204671023324762,-0.006295986615790985,-0.7326035988527317,-0.6805883239124592,115.3999400138855,drone1
1743534798.261547,5.134387969970703,3.1602189540863037,1.9966793060302734,0.007062785386492171,-0.005585163798996247,-0.7322028192018856,-0.6810272886080562,115.60002040863037,drone1
1743534798.4615555,5.13873815536499,3.1727001667022705,2.0035741329193115,0.008081111445386265,-0.005687733176249382,-0.7317876595731632,-0.6814610771438204,115.80002880096436,drone1
1743534798.6615782,5.13924503326416,3.185422420501709,2.008538007736206,0.008334210679319897,-0.005721033631748416,-0.7315850623065494,-0.6816753069406233,116.00005149841309,drone1
1743534798.861579,5.136035442352295,3.1996243000030518,2.012624502182007,0.007986429126432985,-0.006351770686291248,-0.7317049700905629,-0.6815451996192702,116.20005226135254,drone1
1743534799.0615256,5.130786418914795,3.2149648666381836,2.0188748836517334,0.007528955564110241,-0.0071381543031259626,-0.7321542133488405,-0.6810598786586672,116.39999890327454,drone1
1743534799.2615137,5.123991012573242,3.2326035499572754,2.028735876083374,0.006091152664494506,-0.00666531016793029,-0.7330121756705525,-0.6801557233909873,116.5999870300293,drone1
1743534799.4617047,5.120957851409912,3.2407145500183105,2.0339088439941406,0.005339391860530856,-0.006214464650285232,-0.7336779062162063,-0.6794480988779137,116.80017805099487,drone1
1743534799.6616127,5.117441654205322,3.2553670406341553,2.046349287033081,0.005028696653201309,-0.006799703111725728,-0.735151676141511,-0.6778499114558048,117.00008606910706,drone1
1743534799.8615575,5.117334365844727,3.2690839767456055,2.0547666549682617,0.005988971025899962,-0.00773979984533592,-0.7359044004166693,-0.6770148322386561,117.20003080368042,drone1
1743534800.0616133,5.122375965118408,3.283338785171509,2.0609548091888428,0.006738525633733564,-0.006833416814193281,-0.7354399842929278,-0.6775220695604848,117.40008664131165,drone1
1743534800.261528,5.128593921661377,3.298661231994629,2.067441463470459,0.0072959991281446954,-0.00554447949551952,-0.734207668394386,-0.6788632086218818,117.60000133514404,drone1
1743534800.4615505,5.133532524108887,3.3109288215637207,2.0739989280700684,0.00841593292467414,-0.005234613395725522,-0.7324549495522119,-0.6807434638276498,117.8000237941742,drone1
1743534800.6616096,5.135812282562256,3.320964813232422,2.079129695892334,0.00888222161972413,-0.005185117519777795,-0.7307419962616079,-0.6825762827554187,118.00008296966553,drone1
1743534800.8615918,5.1350836753845215,3.331130266189575,2.084024429321289,0.008894497053989056,-0.00595496115332953,-0.7297642473280719,-0.6836151446192956,118.20006513595581,drone1
1743534801.0616167,5.13383674621582,3.3434722423553467,2.0886471271514893,0.00849091451423983,-0.007260254443545078,-0.7299518956343545,-0.6834073501194248,118.40008997917175,drone1
1743534801.2615576,5.134243011474609,3.3560874462127686,2.092864513397217,0.0074109089297738845,-0.006720593518229812,-0.7313830577299927,-0.6818934959070081,118.60003089904785,drone1
1743534801.4615338,5.134241104125977,3.3699746131896973,2.0962936878204346,0.006764730694039161,-0.005827950802161316,-0.7337778785408741,-0.6793309306390534,118.80000710487366,drone1
1743534801.6617343,5.1325178146362305,3.3857486248016357,2.099470853805542,0.006387918364115598,-0.006272669607570025,-0.7361954323081711,-0.6767098918871457,119.0002076625824,drone1
1743534801.8615403,5.129958152770996,3.400630235671997,2.102273941040039,0.006499509466710963,-0.007369659142359787,-0.7377622624749879,-0.6749892257232641,119.20001363754272,drone1
1743534802.0616126,5.129119873046875,3.4177186489105225,2.104950189590454,0.006220657108930094,-0.006695897893385302,-0.7382549011821635,-0.6744600035515812,119.40008592605591,drone1
1743534802.2616074,5.130416393280029,3.43162202835083,2.108736515045166,0.006034638525378838,-0.005695152102011883,-0.7378875387138305,-0.674872800322609,119.60008072853088,drone1
1743534802.4615233,5.1319684982299805,3.442995548248291,2.1138947010040283,0.007068607455010151,-0.006105962651354841,-0.7370916270898386,-0.6757283075903953,119.79999661445618,drone1
1743534802.661618,5.133516311645508,3.4520349502563477,2.1186623573303223,0.00772881556989713,-0.006519541649781054,-0.7362500519896632,-0.6766340301940041,120.0000913143158,drone1
1743534802.8616369,5.137241363525391,3.463224172592163,2.1206705570220947,0.008516290333243023,-0.006780721307145698,-0.7356443780689593,-0.6772805865577636,120.20011019706726,drone1
1743534803.0615656,5.143139839172363,3.475470542907715,2.124552011489868,0.00935067964270148,-0.006723676617821028,-0.7355777149255053,-0.6773425292541844,120.40003895759583,drone1
1743534803.2615592,5.146726608276367,3.4895331859588623,2.121785879135132,0.008724505807690587,-0.005643261336353055,-0.7359720303034611,-0.6769321980737945,120.6000325679779,drone1
1743534803.4616556,5.148342609405518,3.5063071250915527,2.120211601257324,0.007571773201941063,-0.004637109872096102,-0.7367955507474055,-0.6760573427683637,120.80012893676758,drone1
1743534803.6618903,5.148103713989258,3.523937702178955,2.121009588241577,0.0071749439949621695,-0.004719150852992208,-0.7377671673144833,-0.675000673860991,121.00036358833313,drone1
1743534803.8615627,5.145773887634277,3.5386176109313965,2.1241090297698975,0.007038404669399571,-0.005690610027932505,-0.7390652797119067,-0.6735730020512452,121.20003604888916,drone1
1743534804.0616558,5.144216537475586,3.5515496730804443,2.1273133754730225,0.0064310417055098565,-0.006027924962522762,-0.7405487644857932,-0.6719449535869664,121.40012907981873,drone1
1743534804.2615795,5.142045021057129,3.5625884532928467,2.129960536956787,0.0061668736657758075,-0.005937615615766921,-0.7417953734343363,-0.6705716512117995,121.60005283355713,drone1
1743534804.461499,5.138547420501709,3.5719423294067383,2.1267404556274414,0.005878194352500451,-0.006382239585621601,-0.7426737690750419,-0.6695972450501859,121.79997229576111,drone1
1743534804.6615694,5.135957717895508,3.58144474029541,2.1431732177734375,0.006723797131466161,-0.007355437956027964,-0.743274746256315,-0.6689120584655883,122.00004267692566,drone1
1743534804.8615284,5.134857654571533,3.5954182147979736,2.1605141162872314,0.008081770380905049,-0.008137950360131534,-0.7433890774854348,-0.6687608908908699,122.20000171661377,drone1
1743534805.0615668,5.13383150100708,3.611589193344116,2.1648147106170654,0.008183781682846699,-0.007724012866538788,-0.7430336478435864,-0.6691594789055935,122.40004014968872,drone1
1743534805.261701,5.131818771362305,3.6270878314971924,2.1539599895477295,0.007154224414902667,-0.006632306078039363,-0.7423027898802711,-0.6699935966477604,122.60017442703247,drone1
1743534805.4615664,5.128104209899902,3.643275499343872,2.135002374649048,0.0060770667164512515,-0.005826339950846002,-0.7412801361138247,-0.6711430281345276,122.800039768219,drone1
1743534805.6616635,5.125846862792969,3.6596837043762207,2.1133921146392822,0.006079962264624546,-0.005726968949342254,-0.7402901040081258,-0.672235645669502,123.0001368522644,drone1
1743534805.8617349,5.123754501342773,3.6752169132232666,2.092895269393921,0.006777427884902418,-0.006048903885641313,-0.7396473013480618,-0.6729334078200241,123.20020818710327,drone1
1743534806.0616632,5.120016574859619,3.6886227130889893,2.077388286590576,0.006295208720380861,-0.006109080314242969,-0.739444116659747,-0.6731608690930814,123.40013647079468,drone1
1743534806.2616954,5.118109226226807,3.702054738998413,2.0672309398651123,0.006665347847737809,-0.006687103032767412,-0.7396089872285875,-0.6729705418277403,123.60016870498657,drone1
1743534806.4620907,5.119075298309326,3.7153637409210205,2.0611252784729004,0.006575546839462242,-0.006515669971438362,-0.7398241416218795,-0.6727365899400124,123.80056405067444,drone1
1743534806.661561,5.119873046875,3.728271484375,2.055835008621216,0.00684369022170532,-0.005837734098212876,-0.7399364893149413,-0.6726167401079155,124.00003433227539,drone1
1743534806.8616624,5.118358135223389,3.740086793899536,2.0520012378692627,0.007699305861222171,-0.006526317084951433,-0.7397110352855445,-0.6728490219267712,124.20013570785522,drone1
1743534807.0615177,5.116540908813477,3.752655506134033,2.050415277481079,0.007444638180065681,-0.006647317353144639,-0.7392579619324084,-0.6733483725195722,124.39999103546143,drone1
1743534807.2616308,5.115939617156982,3.7676711082458496,2.050389528274536,0.0075081666516617586,-0.00655025974646913,-0.738813357461645,-0.6738364725379988,124.60010409355164,drone1
1743534807.4615452,5.115156173706055,3.7837793827056885,2.052199363708496,0.007134310852161905,-0.006209403776900417,-0.7386245580195624,-0.674050728676582,124.80001854896545,drone1
1743534807.6615274,5.11342716217041,3.801119327545166,2.051955461502075,0.006392687455979467,-0.005640409015452855,-0.738709254745823,-0.6739703309288694,125.00000071525574,drone1
1743534807.8614917,5.111752510070801,3.8186287879943848,2.0531318187713623,0.005571604779167375,-0.0049783361906324914,-0.73891309271029,-0.6737594122938527,125.19996500015259,drone1
1743534808.0614967,5.111022472381592,3.8346025943756104,2.0569405555725098,0.006079832449038411,-0.005430274315934356,-0.7391046264291696,-0.6735413260604112,125.39997005462646,drone1
1743534808.2614696,5.110838890075684,3.8521575927734375,2.0623979568481445,0.006661950335589283,-0.006062097619063588,-0.7392988680830663,-0.6733173287314659,125.59994292259216,drone1
1743534808.4614887,5.113724708557129,3.870408773422241,2.065823554992676,0.006340439728328039,-0.005382116129097984,-0.7395407198707119,-0.6730603883720534,125.7999620437622,drone1
1743534808.6614764,5.117426872253418,3.888970375061035,2.0676870346069336,0.006222617266658103,-0.004253696451515769,-0.7397638242133043,-0.6728244713875136,125.99994969367981,drone1
1743534808.8614686,5.119274616241455,3.9058752059936523,2.070533037185669,0.0073508789347174345,-0.00477408317848946,-0.7398502463261759,-0.67271461562687,126.19994187355042,drone1
1743534809.0615187,5.1211113929748535,3.9188432693481445,2.071751117706299,0.007396005697126951,-0.004764804944916492,-0.7399217036736481,-0.6726355718466658,126.39999198913574,drone1
1743534809.2614932,5.120950222015381,3.933540105819702,2.0728721618652344,0.007595767764997794,-0.0050597401943532514,-0.7399940513732951,-0.6725515073231327,126.5999665260315,drone1
1743534809.461455,5.117308139801025,3.948991537094116,2.07232403755188,0.007829809873323297,-0.006116648153382337,-0.7403434513816284,-0.6721553243129523,126.79992842674255,drone1
1743534809.6614807,5.111571311950684,3.964733839035034,2.0860629081726074,0.006505226888390721,-0.006100285689003292,-0.7411397502297911,-0.6712915905071724,126.99995398521423,drone1
1743534809.8615308,5.107991695404053,3.979275703430176,2.114142656326294,0.00626584651538593,-0.006699895176230693,-0.742258730618509,-0.6700507214325608,127.20000410079956,drone1
1743534810.0614984,5.108450412750244,3.994187116622925,2.124753475189209,0.00648565401953526,-0.007198413533409739,-0.7434089681637539,-0.6687670469649304,127.39997172355652,drone1
1743534810.2614996,5.1092209815979,4.0075154304504395,2.1144073009490967,0.007023251251578151,-0.006814263757171901,-0.744221646330919,-0.6678612242625563,127.59997296333313,drone1
1743534810.4614573,5.109189510345459,4.023695468902588,2.0908865928649902,0.007353001896995528,-0.006770500552325195,-0.7444427803083435,-0.6676115147218414,127.79993057250977,drone1
1743534810.6614847,5.1095662117004395,4.044999599456787,2.0648064613342285,0.006559884991838945,-0.005598831478669112,-0.744111840619658,-0.6679994369497138,127.99995803833008,drone1
1743534810.8614664,5.111084461212158,4.0681586265563965,2.042139768600464,0.006633656793984439,-0.005042363674329492,-0.7434508542286395,-0.6687387321852652,128.1999397277832,drone1
1743534811.0614586,5.11325740814209,4.091958045959473,2.0247385501861572,0.0061965349528749405,-0.004040084369461415,-0.7429569221400504,-0.6692983290638346,128.3999319076538,drone1
1743534811.261478,5.113569736480713,4.114792823791504,2.0132486820220947,0.005484329933476011,-0.0030723186413941393,-0.7428394404340042,-0.6694401716483199,128.59995126724243,drone1
1743534811.46146,5.111481189727783,4.133696556091309,2.00711727142334,0.005545256824993302,-0.00362027212379005,-0.7432553086566173,-0.6689752444940402,128.79993343353271,drone1
1743534811.6614509,5.108616352081299,4.147519111633301,2.0059401988983154,0.0054868805586734916,-0.004296678581416974,-0.7442123977318489,-0.6679067191513458,128.99992418289185,drone1
1743534811.8615134,5.10634183883667,4.159720420837402,2.0060181617736816,0.005765767016712165,-0.005137413275902582,-0.745464535820081,-0.6665005764786549,129.1999866962433,drone1
1743534812.0614617,5.105969429016113,4.169692039489746,2.0078988075256348,0.007531295352167587,-0.007236172746818134,-0.7471836767948821,-0.6645355507896413,129.39993500709534,drone1
1743534812.2614622,5.110251426696777,4.177067279815674,2.013463258743286,0.007741166448667251,-0.006982532148139907,-0.749003801618715,-0.6624837868863923,129.5999355316162,drone1
1743534812.4616199,5.114974021911621,4.185937404632568,2.019437789916992,0.008894669016423702,-0.006837142684093561,-0.7503898665864467,-0.6609003060802356,129.8000931739807,drone1
1743534812.6614614,5.1167378425598145,4.197391510009766,2.0223917961120605,0.009209292194789177,-0.00643796502508114,-0.7509741694207774,-0.6602359242337342,129.99993467330933,drone1
1743534812.8614588,5.114927768707275,4.211166858673096,2.023780345916748,0.009002892327550121,-0.006406031049436168,-0.7509265908971647,-0.6602932808262015,130.19993209838867,drone1
1743534813.0615277,5.110907554626465,4.225611209869385,2.02767014503479,0.008244835982146767,-0.006004271978270514,-0.7507224210262659,-0.6605391760771262,130.40000104904175,drone1
1743534813.2615347,5.10549259185791,4.238068580627441,2.0326101779937744,0.0071683344718487686,-0.0057890950709880975,-0.7506929340373764,-0.6605870390919664,130.60000801086426,drone1
1743534813.4614615,5.098596096038818,4.252399444580078,2.0395100116729736,0.006255231529069579,-0.006146248154683196,-0.7512286731655105,-0.6599837807125178,130.7999348640442,drone1
1743534813.6614769,5.092569828033447,4.26833438873291,2.0440666675567627,0.005352954173082443,-0.0066929825991665255,-0.7523535198687057,-0.6587038336068026,130.99995017051697,drone1
1743534813.8614836,5.088752746582031,4.285736560821533,2.0446693897247314,0.004904683996633431,-0.00622734051250531,-0.7535497686016343,-0.6573431278709845,131.1999568939209,drone1
1743534814.0614603,5.086548805236816,4.302170276641846,2.044745445251465,0.005884752138710943,-0.006476005786846213,-0.7542060319114413,-0.6565795586848686,131.39993357658386,drone1
1743534814.261453,5.083853721618652,4.317629337310791,2.047602891921997,0.005964212196217322,-0.006059914899016275,-0.7539724013934332,-0.6568512056602335,131.59992623329163,drone1
1743534814.4615428,5.081928253173828,4.326137542724609,2.050510883331299,0.0055237420987443225,-0.0056694098287143925,-0.753496869038397,-0.6574038667480447,131.80001616477966,drone1
1743534814.6620247,5.0772600173950195,4.348541259765625,2.062619924545288,0.0065088472162438404,-0.005774255140931993,-0.7513229609339854,-0.6598772703579747,132.00049805641174,drone1
1743534814.861465,5.073493957519531,4.368029594421387,2.0709290504455566,0.0061049625692015785,-0.005387297639604855,-0.7496250935809703,-0.6618126773491974,132.19993829727173,drone1
1743534815.0614724,5.071382999420166,4.390810012817383,2.075014352798462,0.006712836954640289,-0.0060322896926240915,-0.7484371398746641,-0.6631444361026225,132.3999457359314,drone1
1743534815.2614655,5.071588039398193,4.4113593101501465,2.0888924598693848,0.005604199192635787,-0.004841012785515077,-0.7480443128072964,-0.6636075641133065,132.59993886947632,drone1
1743534815.4614625,5.071735382080078,4.4287824630737305,2.100126028060913,0.005619220140113524,-0.004567062015666155,-0.7479913816339228,-0.6636690089500793,132.7999358177185,drone1
1743534815.6614718,5.072896957397461,4.443812370300293,2.102540969848633,0.0060008704724098605,-0.00466772046139325,-0.7479533309322516,-0.6637078182950238,132.9999451637268,drone1
1743534815.8614674,5.074820518493652,4.457058906555176,2.0990984439849854,0.007070768592290192,-0.00519956985523192,-0.7478871788193356,-0.663767985555451,133.19994068145752,drone1
1743534816.0614388,5.074835300445557,4.470442295074463,2.096365213394165,0.0076610167664390395,-0.005407552698832039,-0.7479070405216965,-0.6637373342598716,133.39991211891174,drone1
1743534816.26146,5.073608875274658,4.486434459686279,2.0940463542938232,0.007680350398422459,-0.00595496773877461,-0.7480547362497688,-0.6635658677092391,133.599933385849,drone1
1743534816.461592,5.074068069458008,4.503762722015381,2.09264874458313,0.0075996486501013994,-0.005931153205322749,-0.7484777246556021,-0.663089858567979,133.80006527900696,drone1
1743534816.6615336,5.074159145355225,4.520796298980713,2.088219404220581,0.006967968724459264,-0.005120358557768552,-0.7492711074686834,-0.6622068715549636,134.0000069141388,drone1
1743534816.8615665,5.0733866691589355,4.537833213806152,2.080399513244629,0.0064259464231745,-0.004701178514824852,-0.750159971332888,-0.6612084258846307,134.20003986358643,drone1
1743534817.0615313,5.074588775634766,4.552548408508301,2.073615074157715,0.0069956178802630465,-0.005459051126310478,-0.751103070288592,-0.6601253993918705,134.40000462532043,drone1
1743534817.261519,5.075585842132568,4.566239356994629,2.0713372230529785,0.006991388213524399,-0.0050772630758939095,-0.7522491326616563,-0.6588222135675575,134.59999227523804,drone1
1743534817.4615524,5.074046611785889,4.579972743988037,2.0696842670440674,0.007071348358411406,-0.005376887985408141,-0.7535786708030006,-0.6572977883986989,134.80002570152283,drone1
1743534817.6615508,5.070699214935303,4.59574556350708,2.068639039993286,0.006951224324845105,-0.005664151932189473,-0.7550498170869855,-0.655606129803305,135.0000240802765,drone1
1743534817.8616092,5.0657854080200195,4.613982677459717,2.0697567462921143,0.007849447505915215,0.002945528655682081,-0.7583712943142957,-0.6517688594439185,135.20008254051208,drone1
1743534818.0615427,5.0548295974731445,4.626621246337891,2.073463201522827,0.009602541162811876,0.00995390869633991,-0.7770399247608324,-0.6292994261986694,135.40001606941223,drone1
1743534818.261517,5.03324556350708,4.627545356750488,2.0749008655548096,0.004860126298996876,0.000575718377397056,-0.8055668769298172,-0.5924847177385023,135.5999903678894,drone1
1743534818.461506,5.008612632751465,4.621030330657959,2.07480788230896,0.002730797047964154,-0.006930626452042314,-0.828457841880448,-0.5600020572974592,135.7999792098999,drone1
1743534818.6615107,4.988916397094727,4.613775730133057,2.074786901473999,0.0034776721308025955,-0.008731877390276647,-0.8383545119666851,-0.545044477935731,135.9999840259552,drone1
1743534818.861519,4.973745822906494,4.610470294952393,2.0759363174438477,0.005308929649543162,-0.007906401727687928,-0.8362663358205008,-0.5482408633166609,136.19999241828918,drone1
1743534819.0615406,4.962529182434082,4.611107349395752,2.0782692432403564,0.009027916195672829,-0.005203233256011767,-0.8284410674347407,-0.5599792979992634,136.40001392364502,drone1
1743534819.2615294,4.951883792877197,4.614141464233398,2.0837864875793457,0.010475459915219358,-0.0017529345155003191,-0.8319394665953874,-0.5547648477546471,136.60000276565552,drone1
1743534819.4615376,4.94256591796875,4.616344451904297,2.0885207653045654,0.008887134197117553,-0.0030068302590242446,-0.8437759243109142,-0.5366136120204301,136.80001091957092,drone1
1743534819.6615577,4.9208455085754395,4.6187357902526855,2.0978331565856934,0.008422824099041796,-0.0022615126339471836,-0.8791974002049249,-0.47637792618453956,137.00003099441528,drone1
1743534819.8615222,4.900557518005371,4.616571426391602,2.1389708518981934,0.004997695423533826,-0.008902763269289213,-0.9101891791001678,-0.4140671613356393,137.1999955177307,drone1
1743534820.0615077,4.8799662590026855,4.616955757141113,2.157989025115967,0.005132724377267362,-0.008714772849134692,-0.9354148265772111,-0.35340756249742616,137.3999810218811,drone1
1743534820.2615447,4.860623359680176,4.621130466461182,2.1402792930603027,0.004041093506601996,-0.008207267993599715,-0.951988484698241,-0.3059969940760066,137.60001802444458,drone1
1743534820.461526,4.843815803527832,4.628168106079102,2.1014156341552734,0.005208753855201862,-0.00510206565248243,-0.9625094549780457,-0.2711503801222603,137.79999923706055,drone1
1743534820.6615605,4.826671600341797,4.636970520019531,2.0574657917022705,0.005623579416643136,-0.0027215479549855055,-0.9699448123315193,-0.24324488850292453,138.00003385543823,drone1
1743534820.8614967,4.807645797729492,4.64268684387207,2.019308567047119,0.005067380627735026,-0.0026009961144432053,-0.9748477130719431,-0.22279924155604725,138.19997000694275,drone1
1743534821.0614989,4.78840970993042,4.645631790161133,1.9903700351715088,0.00723895369795744,-0.0007582224632554198,-0.9789808016243153,-0.20382287589510828,138.39997220039368,drone1
1743534821.2615092,4.765415191650391,4.642691135406494,1.969376802444458,0.00600494501075783,-0.00211749026714039,-0.9827021997604334,-0.18508337552280058,138.5999825000763,drone1
1743534821.461489,4.7430901527404785,4.637739181518555,1.9568870067596436,0.0055494731973646785,-0.0046444816604775075,-0.9849023916932476,-0.1729594552270053,138.7999622821808,drone1
1743534821.6614912,4.716877460479736,4.631639003753662,1.9452779293060303,0.00495224646822377,-0.004227061865844614,-0.9864115860447256,-0.16416425087975195,138.9999644756317,drone1
1743534821.861566,4.690804958343506,4.626208305358887,1.9359800815582275,0.0053543789958639945,-0.004825841257719704,-0.9876377221616046,-0.1565884391536157,139.20003938674927,drone1
1743534822.0616379,4.665561676025391,4.620320796966553,1.9294226169586182,0.005847184993924186,-0.0044763714230889986,-0.9891484759464776,-0.14673446382492022,139.4001111984253,drone1
1743534822.2614913,4.640632629394531,4.610677242279053,1.9265329837799072,0.004047071032782884,-0.005321325844407084,-0.9910475286466816,-0.1333420498294925,139.59996461868286,drone1
1743534822.4615655,4.617185592651367,4.598729133605957,1.9255504608154297,0.0043524414961750735,-0.006501965673089458,-0.9927095053240116,-0.1202773275812371,139.80003881454468,drone1
1743534822.66148,4.594624042510986,4.5874223709106445,1.9268100261688232,0.004364527845848144,-0.006408939593573755,-0.9940210309559735,-0.10891285134875967,139.9999532699585,drone1
1743534822.8615112,4.573096752166748,4.576720714569092,1.9297606945037842,0.005876883643134387,-0.0063752697563442895,-0.9948490057949699,-0.10099704099568607,140.19998455047607,drone1
1743534823.0615036,4.548435688018799,4.566370964050293,1.9329404830932617,0.005635370882433234,-0.006010351270157429,-0.9953615536197109,-0.0958516272889306,140.39997696876526,drone1
1743534823.261476,4.518984317779541,4.558258533477783,1.934755563735962,0.00534079301172427,-0.0054992506432766505,-0.9956524933149817,-0.0928303304534272,140.5999493598938,drone1
1743534823.461496,4.485388278961182,4.549932956695557,1.9367141723632812,0.004360125095091235,-0.004596153970458641,-0.9958706032560256,-0.09056261926929854,140.79996943473816,drone1
1743534823.6615036,4.4502105712890625,4.542374134063721,1.938586711883545,0.0016113746112451394,-0.005320587369059448,-0.9960674290385716,-0.08842408817585573,140.99997687339783,drone1
1743534823.8614748,4.417703628540039,4.534987926483154,1.9416444301605225,0.00039465798573614047,-0.005529490528609472,-0.9961947125210744,-0.08697878844672013,141.19994807243347,drone1
1743534824.0614643,4.391448974609375,4.5307745933532715,1.9480564594268799,0.002649670291481236,-0.004109578513437264,-0.9961883904937978,-0.08709148911963827,141.3999376296997,drone1
1743534824.2615871,4.368603706359863,4.528763294219971,1.9547789096832275,0.002196397193564112,-0.0034063262831472633,-0.9961262660390927,-0.08784220878531429,141.60006046295166,drone1
1743534824.4615202,4.355655670166016,4.527303218841553,1.959416389465332,0.001813475088345766,-0.003512049553526222,-0.996088502462827,-0.0882727809897016,141.79999351501465,drone1
1743534824.6614835,4.337615966796875,4.526538848876953,1.9684319496154785,0.00594000429046438,-0.002256826101956141,-0.9960337115597627,-0.08874895608417771,141.99995684623718,drone1
1743534824.8615754,4.319331169128418,4.517420291900635,2.01306414604187,0.0068279657840569115,-0.0031127405148844564,-0.9960525512010471,-0.08844806973265845,142.20004868507385,drone1
1743534825.0614731,4.306385517120361,4.511929512023926,2.061481237411499,0.008210307176504198,-0.003153444657014487,-0.9961872103820394,-0.08679679835485016,142.39994645118713,drone1
1743534825.261453,4.290149211883545,4.510769844055176,2.061660051345825,0.008996257656268302,-0.003105286614234727,-0.9964242864049133,-0.08395386698224477,142.59992623329163,drone1
1743534825.4614775,4.266914367675781,4.508816242218018,2.019787311553955,0.0075222389657757256,-0.003091266695568156,-0.9967527367953586,-0.08011230818102238,142.799950838089,drone1
1743534825.6614726,4.241657733917236,4.506383419036865,1.9603331089019775,0.0047877307313959495,-0.0036599353128481398,-0.9970401783022029,-0.07664556130360728,142.99994587898254,drone1
1743534825.8614516,4.217706203460693,4.50665807723999,1.9002292156219482,0.003995565361314854,-0.003198019888398568,-0.997202612256364,-0.074570756245113,143.1999249458313,drone1
1743534826.0614605,4.194680690765381,4.509881019592285,1.849031686782837,0.00416209422754454,-0.0017781682123669024,-0.9972361611477785,-0.07415990876582879,143.39993381500244,drone1
1743534826.2614543,4.1714277267456055,4.5149641036987305,1.809516429901123,0.0030542136065085765,-0.0009571146761492875,-0.9972160571010389,-0.07449889586840186,143.5999276638031,drone1
1743534826.4614573,4.150600910186768,4.520107746124268,1.782645583152771,0.003933076566860755,-0.000491209500957134,-0.9971836040276854,-0.07489566630028344,143.79993057250977,drone1
1743534826.6614835,4.131614685058594,4.521867752075195,1.7665187120437622,0.0038001523213747296,-9.67100598113559e-05,-0.9971988611868464,-0.07469934627991975,143.99995684623718,drone1
1743534826.861466,4.115286350250244,4.5198822021484375,1.7600104808807373,0.004017101248451032,-0.000781438955975976,-0.9972584568306408,-0.07388439481711306,144.19993925094604,drone1
1743534827.0614877,4.099725246429443,4.516783237457275,1.7588163614273071,0.006135371232288945,-0.001588624203399983,-0.997367364287193,-0.07223670592142817,144.39996099472046,drone1
1743534827.2614722,4.0843825340271,4.514106750488281,1.7628121376037598,0.005826321892320973,-0.0022008871911784393,-0.9975505766376698,-0.06967025787505426,144.59994554519653,drone1
1743534827.4615643,4.069769382476807,4.513097286224365,1.7709780931472778,0.0065784681300374345,-0.0026987005764616888,-0.997731175883539,-0.06694736072700802,144.80003762245178,drone1
1743534827.661434,4.055472373962402,4.514302730560303,1.782121181488037,0.006352402477428747,-0.0028626286034751608,-0.997874222287385,-0.06479626987270898,144.99990725517273,drone1
1743534827.8615851,4.04457426071167,4.518808841705322,1.7924613952636719,0.005988398092177997,-0.00240563674588049,-0.9979341129591189,-0.0639210905633803,145.2000584602356,drone1
1743534828.0615132,4.033600330352783,4.527031898498535,1.8036768436431885,0.0069293673149432005,-0.0010197278531973338,-0.9979111429266805,-0.06422172403380849,145.39998650550842,drone1
1743534828.2615213,4.024750232696533,4.537397384643555,1.8138887882232666,0.007873894653685036,0.000410737502351426,-0.9978194313843207,-0.06553072085485978,145.59999465942383,drone1
1743534828.4615142,4.017040252685547,4.551612854003906,1.8232171535491943,0.007538726779985961,0.0013879592710088254,-0.9977291949816589,-0.06691570844377631,145.79998755455017,drone1
1743534828.6615298,4.010118007659912,4.5663676261901855,1.831935167312622,0.006749158256695,0.0024024628906243956,-0.99768869186024,-0.0675721456093335,146.00000309944153,drone1
1743534828.8615239,4.002124786376953,4.579830169677734,1.8412678241729736,0.007525156153309962,0.0028313274891024905,-0.9977005351246715,-0.06729899188413435,146.19999718666077,drone1
1743534829.061562,3.9924094676971436,4.589870929718018,1.851686954498291,0.008414993346297354,0.0027304101530656946,-0.997835362893058,-0.06516362180433,146.40003538131714,drone1
1743534829.2615612,3.9787721633911133,4.596610069274902,1.8627831935882568,0.007820434010526999,0.0018290744436966684,-0.9981096967300154,-0.060930603074138334,146.60003447532654,drone1
1743534829.4615405,3.9649877548217773,4.599939346313477,1.8712713718414307,0.006833190182274865,0.0010832457880814114,-0.9983483743331325,-0.0570328203770023,146.80001378059387,drone1
1743534829.6614707,3.950890302658081,4.601955413818359,1.880357027053833,0.006331731917776057,-0.0013958058288213115,-0.9985979679700141,-0.05253667887155716,146.9999439716339,drone1
1743534829.8614736,3.9405221939086914,4.604937553405762,1.8850877285003662,0.006270746909705935,-0.0016938141762045723,-0.9988490367465934,-0.04752267903845864,147.19994688034058,drone1
1743534830.0614958,3.9317357540130615,4.610412120819092,1.8981232643127441,0.0067021592522492875,-0.0008605336087433692,-0.9990223024408218,-0.04369115118718181,147.39996910095215,drone1
1743534830.2614725,3.919787883758545,4.617613792419434,1.9145634174346924,0.008190135299680178,-0.0012052513656249562,-0.9990817294972221,-0.042039500487736914,147.5999457836151,drone1
1743534830.4617393,3.906705379486084,4.627114295959473,1.9318978786468506,0.007540083381672404,-2.692887274811188e-05,-0.9990563992412671,-0.04277230774279578,147.80021262168884,drone1
1743534830.6614928,3.892334222793579,4.636587142944336,1.9552717208862305,0.00650094245956031,0.001268440522163422,-0.9989909030386812,-0.044423284092664495,147.99996614456177,drone1
1743534830.8615339,3.8781545162200928,4.6447906494140625,1.9667558670043945,0.006565667835799647,0.0018451776679142412,-0.9989262919199139,-0.045823107372256866,148.2000072002411,drone1
1743534831.0614893,3.8636608123779297,4.648882865905762,1.968078374862671,0.0071529431754033335,0.00146552363097579,-0.9989198434520917,-0.04588999442084363,148.3999626636505,drone1
1743534831.2614975,3.8462088108062744,4.651406764984131,1.9663724899291992,0.0064730358128539086,0.0005709386613580955,-0.9989866883538301,-0.04453480465382437,148.59997081756592,drone1
1743534831.4615064,3.827655553817749,4.65556001663208,1.9662237167358398,0.00560246861998685,1.7912410623432113e-07,-0.9990671466876373,-0.042820565884340744,148.79997968673706,drone1
1743534831.6615436,3.8097214698791504,4.660722255706787,1.9660742282867432,0.005558849924500615,-0.0005541368860535515,-0.9990699283796391,-0.042757851373756595,149.00001692771912,drone1
1743534831.861682,3.793628692626953,4.670942783355713,1.9670147895812988,0.0054890766399714646,-9.34571792141768e-05,-0.9990146317143929,-0.044042908784853674,149.2001552581787,drone1
1743534832.0615652,3.7788655757904053,4.683451175689697,1.9680590629577637,0.006106445981864818,0.001362614362438475,-0.998945595176532,-0.04548264512998579,149.40003848075867,drone1
1743534832.2615447,3.7641944885253906,4.692920684814453,1.9694859981536865,0.006904836532020844,0.001876989483552981,-0.998903701209112,-0.0462621089463463,149.60001802444458,drone1
1743534832.4615273,3.7501585483551025,4.699906826019287,1.9700908660888672,0.005948728358833879,0.002092011838671181,-0.9989247324865189,-0.04593003392692896,149.80000066757202,drone1
1743534832.6616113,3.738213062286377,4.705648422241211,1.9716827869415283,0.005004912001206474,0.002292912283042136,-0.9990121450503306,-0.04409546590494684,150.00008463859558,drone1
1743534832.8615067,3.7292306423187256,4.711159706115723,1.9765517711639404,0.006524113841982064,0.0015092315592428575,-0.999104235914327,-0.0417840062920638,150.19998002052307,drone1
1743534833.061501,3.719090223312378,4.717813491821289,1.9852173328399658,0.008593005829339176,0.00013452385009597942,-0.9990767983159463,-0.04209290054480014,150.3999743461609,drone1
1743534833.261485,3.705554962158203,4.724582195281982,1.9968132972717285,0.008268230775792834,0.0003738586806321391,-0.9989796076832802,-0.04439909180161927,150.5999584197998,drone1
1743534833.4615571,3.6910786628723145,4.732018947601318,2.008549213409424,0.007217861834455761,0.0013768216370175662,-0.9988840607777061,-0.04665441181228569,150.8000304698944,drone1
1743534833.661509,3.6746816635131836,4.739374160766602,2.0179812908172607,0.007164575376320086,0.0014328384206833385,-0.998866822716665,-0.04702854938651696,150.99998235702515,drone1
1743534833.861502,3.65724515914917,4.744375705718994,2.0283377170562744,0.006548830334455671,0.001276731103610543,-0.9989619903006026,-0.045060797323240365,151.1999752521515,drone1
1743534834.0614843,3.6390793323516846,4.747900485992432,2.0393686294555664,0.006254200155762234,0.0006415813892739091,-0.9991056689071762,-0.041814099141900596,151.39995765686035,drone1
1743534834.2614837,3.622687339782715,4.75210428237915,2.050187587738037,0.006309070413439608,6.331773735358558e-05,-0.9992445427730197,-0.03834806876091024,151.59995698928833,drone1
1743534834.4615111,3.610114812850952,4.756031036376953,2.061361074447632,0.005572773366396766,0.00045414365259770873,-0.9993608259280613,-0.035308480193153025,151.79998445510864,drone1
1743534834.6615613,3.6013782024383545,4.7572126388549805,2.062053918838501,0.004434804505335579,0.00041027207602040806,-0.9993848496317124,-0.03478594356531495,152.00003457069397,drone1
1743534834.8615472,3.5985910892486572,4.761037349700928,2.099107027053833,0.007233818038611928,0.00038969865168264666,-0.999326982008707,-0.035960281205374034,152.20002055168152,drone1
1743534835.0615306,3.5960888862609863,4.7627997398376465,2.147439479827881,0.010793168786195028,0.0006154918315011584,-0.9992450063883533,-0.03731694611209124,152.4000039100647,drone1
1743534835.2616384,3.5901076793670654,4.7651519775390625,2.1467154026031494,0.011629403419682915,0.00043605261178278825,-0.9992240172577949,-0.037630602958709236,152.60011172294617,drone1
1743534835.461517,3.580120325088501,4.76702880859375,2.1117069721221924,0.010214911061175275,0.00048128474131358155,-0.9992702102037627,-0.03680250167916721,152.79999041557312,drone1
1743534835.6615171,3.563274383544922,4.768807888031006,2.0567758083343506,0.008296117501527868,0.0005022294201177178,-0.9993506685375702,-0.0350600245211814,152.99999046325684,drone1
1743534835.8614676,3.545222043991089,4.769772529602051,2.0054707527160645,0.007254649777032945,0.00013489065938692525,-0.9994370274301689,-0.032757162865394596,153.1999409198761,drone1
1743534836.0615158,3.5257060527801514,4.769505500793457,1.977236032485962,0.006505705876622676,-0.0002446644312392009,-0.9994961173117811,-0.03106758000228982,153.3999891281128,drone1
1743534836.2614956,3.5045006275177,4.770049571990967,1.9534075260162354,0.005143677948068623,-0.0004538529051973088,-0.9995342602096836,-0.030077845558708516,153.59996891021729,drone1
1743534836.4615512,3.4834842681884766,4.773621082305908,1.9266245365142822,0.004694815822424999,-0.00030619817152059773,-0.9995450076560539,-0.02979305930332049,153.80002450942993,drone1
1743534836.6614664,3.4676454067230225,4.778470039367676,1.9004597663879395,0.004249524819012038,3.975633194697967e-05,-0.9995361568178665,-0.030156112256393253,153.9999396800995,drone1
1743534836.8614864,3.4512343406677246,4.784060001373291,1.8743219375610352,0.00447264644839779,0.0009365498952083218,-0.9995116694988817,-0.03091218457183026,154.19995975494385,drone1
1743534837.061501,3.4394521713256836,4.789303302764893,1.8521738052368164,0.0064647384813255795,0.001179098916851818,-0.9994744959784951,-0.031742730368585825,154.3999743461609,drone1
1743534837.261485,3.429172992706299,4.79127311706543,1.8415422439575195,0.008053239042994254,0.0014839750602727042,-0.9994414528492626,-0.03239963114947669,154.5999584197998,drone1
1743534837.4614851,3.4183712005615234,4.789244651794434,1.833475112915039,0.007442968152352445,0.0010745398296858775,-0.9994455832404167,-0.032436383201378205,154.79995846748352,drone1
1743534837.6614687,3.407799243927002,4.786296844482422,1.831207513809204,0.006378738495483607,0.00040892387077644043,-0.9994886151727462,-0.03133276797312046,154.99994206428528,drone1
1743534837.8615644,3.3977694511413574,4.782141208648682,1.8267192840576172,0.00766912880000641,-0.0007031562885869302,-0.9995278960355585,-0.029745433364503138,155.2000377178192,drone1
1743534838.0614905,3.3853046894073486,4.778153896331787,1.8342797756195068,0.008813928413976648,-0.001933529810102475,-0.9995341759159866,-0.029154745282622907,155.3999638557434,drone1
1743534838.2615173,3.3726866245269775,4.775445938110352,1.8384227752685547,0.008194117189047693,-0.002039745465978245,-0.9995271795391337,-0.029566351405180324,155.59999060630798,drone1
1743534838.4614818,3.3552093505859375,4.772834777832031,1.8388960361480713,0.0073026280371620254,-0.001567816337217383,-0.9994928298575974,-0.030956565203312136,155.7999551296234,drone1
1743534838.661496,3.3426599502563477,4.774494171142578,1.835771083831787,0.006727318945176766,-0.0011653086655822806,-0.999445372506174,-0.03259472891123355,155.9999692440033,drone1
1743534838.8615708,3.3342645168304443,4.780342102050781,1.834761619567871,0.006533917264800147,-0.0005359511794656093,-0.9994080303983934,-0.033773323382992215,156.20004415512085,drone1
1743534839.0614839,3.3232808113098145,4.792494773864746,1.8361589908599854,0.0071353771591974,0.0008441941316836821,-0.9993534080827233,-0.03523067711080197,156.3999571800232,drone1
1743534839.2614782,3.3118972778320312,4.804128170013428,1.8411147594451904,0.00730519026920646,0.002536058028327928,-0.9992942760542625,-0.036758036753988255,156.599951505661,drone1
1743534839.4614549,3.300133466720581,4.811758041381836,1.8477401733398438,0.006947962471578981,0.00287749458719849,-0.9992466501154451,-0.03807386136449831,156.79992818832397,drone1
1743534839.6614652,3.285616636276245,4.815116882324219,1.8644216060638428,0.006927680288549875,0.0028509450360869127,-0.9992346382636197,-0.03839354521045346,156.9999384880066,drone1
1743534839.8614852,3.2746098041534424,4.817269802093506,1.8736727237701416,0.007057404995543867,0.001689791457077686,-0.9992463550875056,-0.038131307519018665,157.19995856285095,drone1
1743534840.061488,3.2643918991088867,4.816706657409668,1.917189121246338,0.008561813868718576,-0.00015024989294648005,-0.9991766020532202,-0.03965799281262877,157.39996123313904,drone1
1743534840.2616396,3.252883195877075,4.820979118347168,1.9261448383331299,0.008909521746938659,-0.000731552727771144,-0.9991111058506342,-0.04119567843370031,157.60011291503906,drone1
1743534840.4615176,3.239072322845459,4.827763557434082,1.908935546875,0.007649931569054206,0.00044889752241099144,-0.9991339072956786,-0.04089942823551712,157.79999089241028,drone1
1743534840.661491,3.2258217334747314,4.832250118255615,1.8852028846740723,0.006362861975212907,0.0009766382982233893,-0.9992257452785838,-0.038813791436955625,157.99996423721313,drone1
1743534840.8615217,3.2116236686706543,4.837281703948975,1.8567817211151123,0.006589373956361881,0.00046443258735430357,-0.999344472950839,-0.0355949101756331,158.19999504089355,drone1
1743534841.0615058,3.199815273284912,4.840466499328613,1.8365240097045898,0.00755542252962459,0.0004440348297640473,-0.9994313376056201,-0.03286130772806495,158.39997911453247,drone1
1743534841.2615023,3.1846230030059814,4.843390464782715,1.824023962020874,0.007066426232122594,0.0005830305263414192,-0.999514746218823,-0.03033245467056289,158.5999755859375,drone1
1743534841.4614618,3.168844223022461,4.844422340393066,1.815434455871582,0.0070673468773447545,0.00018334998627908729,-0.9995705907931001,-0.0284389232075139,158.79993510246277,drone1
1743534841.6616168,3.151320219039917,4.844588279724121,1.8165109157562256,0.006253992384969965,-0.00022273292348985334,-0.9996115575298525,-0.027161620816542775,159.0000901222229,drone1
1743534841.8614986,3.1349761486053467,4.848667144775391,1.811805248260498,0.005740160069166162,-0.00015834933185016048,-0.9996337267721693,-0.026449676251496745,159.19997191429138,drone1
1743534842.0614817,3.1185462474823,4.8545026779174805,1.823282241821289,0.006479049641300805,0.00024339442815568118,-0.9996505433647251,-0.025629287845232218,159.39995503425598,drone1
1743534842.2614894,3.1034371852874756,4.86061954498291,1.827681064605713,0.006099080326179158,0.0006140736559032161,-0.9996740613061943,-0.02478500217586188,159.59996271133423,drone1
1743534842.4615223,3.0890579223632812,4.865157127380371,1.8282980918884277,0.006707413449606226,0.0010014927557714182,-0.999686663213899,-0.024096617699133516,159.79999566078186,drone1
1743534842.6615863,3.074479579925537,4.868875980377197,1.8258998394012451,0.007122791385833088,0.0010835418038377476,-0.9996960619611169,-0.02357665202905468,160.00005960464478,drone1
1743534842.861502,3.059790849685669,4.871656894683838,1.8294239044189453,0.006395690912844226,0.001026334207065415,-0.9997143115465221,-0.023006868784035905,160.1999752521515,drone1
1743534843.061532,3.04795503616333,4.873437404632568,1.8276340961456299,0.006993392987642803,0.00044919847725113845,-0.9997259440767112,-0.0223398527595024,160.40000534057617,drone1
1743534843.2614849,3.035825729370117,4.874022483825684,1.834592580795288,0.008003101415423498,-0.00030645401606195104,-0.9997357221455656,-0.021551369517560592,160.59995818138123,drone1
1743534843.4614766,3.024165391921997,4.877943515777588,1.8449902534484863,0.007106937585347912,-0.00023322650095230387,-0.9997629068628552,-0.020582455617143725,160.79994988441467,drone1
1743534843.6615355,3.012202739715576,4.883605480194092,1.8541021347045898,0.006097097777937876,0.0004677770056380933,-0.9997779954346221,-0.0201636845303394,161.00000882148743,drone1
1743534843.8614502,2.9998865127563477,4.889091968536377,1.8637115955352783,0.006884569166243165,0.0008365635764696861,-0.9997669529603123,-0.020445394065786215,161.19992351531982,drone1
1743534844.0615094,2.9909446239471436,4.892454147338867,1.873793601989746,0.007804962495128703,0.000921779565074903,-0.9997510635984237,-0.02088342626235995,161.39998269081116,drone1
1743534844.2615314,2.9785494804382324,4.894776344299316,1.8861439228057861,0.007909791914815173,0.0011611562131873198,-0.9997436457530857,-0.02118477622921283,161.60000467300415,drone1
1743534844.4615314,2.965702533721924,4.896823406219482,1.8949170112609863,0.007648841019348987,0.0006938879331817054,-0.9997502628083019,-0.02098934129266783,161.80000472068787,drone1
1743534844.6616783,2.9496591091156006,4.89694881439209,1.910452127456665,0.007689428434464977,0.00041347770604913955,-0.9997624432475216,-0.020392836945693216,162.0001516342163,drone1
1743534844.861549,2.93827748298645,4.902715682983398,1.9227347373962402,0.006616099009584834,0.0001727671760358044,-0.9997972565443916,-0.019017416691388622,162.20002222061157,drone1
1743534845.0615327,2.927011013031006,4.906823635101318,2.0141234397888184,0.008535649895416423,-0.00021532923685885861,-0.9997907659297209,-0.018591312052943565,162.4000060558319,drone1
1743534845.2615616,2.9135122299194336,4.908886432647705,2.0415425300598145,0.008643387776922395,0.0004282083588759505,-0.9997834745249284,-0.01892549441478636,162.6000349521637,drone1
1743534845.461596,2.8967878818511963,4.90755033493042,1.9982519149780273,0.00812383238007197,0.0004336584732240164,-0.9997730221064978,-0.019691386945926315,162.8000693321228,drone1
1743534845.661536,2.8790438175201416,4.9050726890563965,1.9292271137237549,0.006999831248025094,4.179946628299527e-05,-0.9997702825613446,-0.02026108589724812,163.00000929832458,drone1
1743534845.8614933,2.8574960231781006,4.9027509689331055,1.848315715789795,0.005680327020076629,-0.0004885853657289532,-0.9997698610928595,-0.02068322873193329,163.19996666908264,drone1
1743534846.061476,2.8385753631591797,4.9018449783325195,1.7686634063720703,0.005782131744837932,-0.000890757508937238,-0.9997458795360568,-0.021773104087576378,163.39994931221008,drone1
1743534846.2614682,2.823392868041992,4.8999176025390625,1.7177146673202515,0.005205125583655602,-0.0009226159165999177,-0.9997183154971306,-0.02313773474866221,163.5999414920807,drone1
1743534846.4614906,2.809904098510742,4.900601387023926,1.6791529655456543,0.005424746390436918,-0.0007518479170542839,-0.9996950504367527,-0.02408173986160922,163.79996395111084,drone1
1743534846.6615286,2.7980411052703857,4.90260648727417,1.656463861465454,0.006597338393641423,-0.00012512674923919465,-0.9996778123757116,-0.024513197149815202,164.00000190734863,drone1
1743534846.8615005,2.7826414108276367,4.902836799621582,1.6460740566253662,0.006720011406043936,0.0003699683289512296,-0.9996757050332861,-0.024559727270571263,164.19997382164001,drone1
1743534847.0614896,2.766157388687134,4.901411533355713,1.6270500421524048,0.007429227621193386,6.2923927737811e-05,-0.9996795403965006,-0.024200425387015834,164.3999629020691,drone1
1743534847.2614613,2.750683307647705,4.900389194488525,1.6266573667526245,0.007657501867445722,-1.4099108643594113e-05,-0.9996955983457833,-0.023455226958494724,164.5999345779419,drone1
1743534847.461506,2.737121343612671,4.89919376373291,1.631438136100769,0.006380238989145046,-0.0001780681300526873,-0.9997273770695605,-0.022460729921031708,164.7999792098999,drone1
1743534847.661481,2.7281932830810547,4.898728370666504,1.6355984210968018,0.005689409336658474,-0.0004093759615810452,-0.9997548568147896,-0.021395426178070276,164.9999542236328,drone1
1743534847.861746,2.720372200012207,4.898457050323486,1.6426693201065063,0.007146075544001832,-0.0005750749794126096,-0.9997653935269173,-0.020441811583662817,165.2002193927765,drone1
1743534848.061497,2.7136595249176025,4.897557258605957,1.6449205875396729,0.008762904385498147,-0.0006006172866992275,-0.9997590293527922,-0.02012187485661665,165.39997029304504,drone1
1743534848.261549,2.702700614929199,4.896492958068848,1.6562072038650513,0.00899200905637505,-0.00041662818297520616,-0.9997551518427292,-0.02021746390903939,165.600022315979,drone1
1743534848.4615505,2.689382553100586,4.895962238311768,1.6731878519058228,0.008170692760898749,-0.0005279729127513998,-0.9997537188498797,-0.020628142800929505,165.8000237941742,drone1
1743534848.6614945,2.674827814102173,4.8985185623168945,1.688675045967102,0.007414723836949574,-0.000289897877859011,-0.9997499677803623,-0.02109466626709655,165.99996781349182,drone1
1743534848.861449,2.657578945159912,4.905940055847168,1.7046360969543457,0.0068622962031664285,0.0004935636329371726,-0.9997470175009666,-0.02141565666535561,166.19992232322693,drone1
1743534849.0615582,2.639810085296631,4.9136223793029785,1.717969536781311,0.0066866446021857226,0.0013505249669970524,-0.9997422127602363,-0.02165639946404979,166.40003156661987,drone1
1743534849.2614882,2.6215524673461914,4.918349266052246,1.733522653579712,0.005931792075813704,0.0017512748187042222,-0.9997429714035095,-0.02181107839808477,166.59996151924133,drone1
1743534849.4614897,2.6038482189178467,4.919989585876465,1.7508214712142944,0.005179057099307107,0.001502164059583186,-0.9997440250747223,-0.02197776918394534,166.79996299743652,drone1
1743534849.661536,2.5989017486572266,4.920232772827148,1.7572509050369263,0.005198530754316536,0.0013601635890520152,-0.9997408640610841,-0.022120014797669563,167.00000929832458,drone1
1743534849.8614597,2.579671621322632,4.92201042175293,1.7887301445007324,0.007388512448442846,0.0003482956291935183,-0.9996793718091066,-0.024219644349936786,167.199933052063,drone1
1743534850.061469,2.566303014755249,4.92188835144043,1.835880994796753,0.006638702232732326,7.257555604680551e-05,-0.9996188067877965,-0.02679957938783417,167.3999423980713,drone1
1743534850.2614627,2.5526976585388184,4.921576976776123,1.8638496398925781,0.00820488241611969,-0.0004944747292638423,-0.9995621192765493,-0.02842750141156747,167.59993600845337,drone1
1743534850.4615405,2.5358591079711914,4.922327041625977,1.8658504486083984,0.007296781808292409,-0.0003627276320858352,-0.9995762384708005,-0.02817887715220163,167.80001378059387,drone1
1743534850.6615644,2.5187244415283203,4.923551559448242,1.8486475944519043,0.005785207476962467,-0.0003767704351740593,-0.9996375621353839,-0.026290740485762132,168.0000376701355,drone1
1743534850.861538,2.4999475479125977,4.925388336181641,1.832775354385376,0.005858209769850383,-0.0004098056618725043,-0.9996963991359049,-0.02393001120696997,168.20001125335693,drone1
1743534851.0615335,2.4799656867980957,4.92827844619751,1.8220088481903076,0.006522890266286231,-0.00020620378561174126,-0.9997406111799929,-0.02182220516609168,168.40000677108765,drone1
1743534851.2615454,2.4546852111816406,4.931797504425049,1.814546823501587,0.005449222184892857,0.0002998121007906875,-0.9997837274060195,-0.02006944417706913,168.60001873970032,drone1
1743534851.4615524,2.4293105602264404,4.935974597930908,1.817098617553711,0.004525943113973339,0.0005125068303454225,-0.9998081304313073,-0.019053072925228898,168.80002570152283,drone1
1743534851.661532,2.4105472564697266,4.939759254455566,1.8204607963562012,0.004093314110451488,0.0009415612542779428,-0.9998182456749499,-0.018596791143249913,169.00000524520874,drone1
1743534851.8615258,2.38403582572937,4.944950103759766,1.8273229598999023,0.0033590300693334225,0.0011890712563362002,-0.99982220747871,-0.018519578116777957,169.1999990940094,drone1
1743534852.061523,2.363450527191162,4.947727680206299,1.8366031646728516,0.004340436559066797,0.0009422161767911316,-0.9998062338231244,-0.0191790498554279,169.39999628067017,drone1
1743534852.2615178,2.345266342163086,4.948024749755859,1.8470897674560547,0.004709576768299177,0.0008142241003976422,-0.9997889536152349,-0.019984560424168185,169.59999108314514,drone1
1743534852.4615295,2.328226089477539,4.946897983551025,1.8562521934509277,0.004620081557481088,0.00042893012365670093,-0.9997829687627463,-0.020311451381218648,169.80000281333923,drone1
1743534852.6615126,2.3105783462524414,4.946014881134033,1.866377830505371,0.00610795059142943,-0.0005023756169983653,-0.9997570063040637,-0.021174703132418815,169.99998593330383,drone1
1743534852.8615808,2.2911481857299805,4.947311878204346,1.877690076828003,0.006364440177126287,-0.0006082369759288414,-0.9997157445393715,-0.02296859944558788,170.20005416870117,drone1
1743534853.0615535,2.270266056060791,4.951886177062988,1.8860435485839844,0.0065840502825593485,4.657885305023723e-06,-0.9996731762223754,-0.024704712429448716,170.4000267982483,drone1
1743534853.2615423,2.254204273223877,4.955122470855713,1.9011008739471436,0.007027986001374881,0.0006255530744941168,-0.9996534093504239,-0.025364774223977815,170.6000156402588,drone1
1743534853.4615483,2.2398414611816406,4.958686828613281,1.9134187698364258,0.0060507031527143665,0.000798037899572062,-0.9996744827746793,-0.024774043995249073,170.80002164840698,drone1
1743534853.661538,2.22192120552063,4.961922645568848,1.924811601638794,0.004828742043379921,0.0006773518805862599,-0.9997214343639205,-0.0230934805577257,171.00001120567322,drone1
1743534853.8615184,2.2031357288360596,4.965486526489258,1.9335544109344482,0.0054566390424140125,0.0008184992067073392,-0.9997511478921206,-0.021616275664267437,171.19999170303345,drone1
1743534854.0615172,2.183223247528076,4.968191146850586,1.943352222442627,0.006836021594386934,0.0006276702950872814,-0.9997438986341768,-0.021565277977569186,171.39999055862427,drone1
1743534854.2615645,2.1644089221954346,4.969458103179932,1.9524531364440918,0.005980405666756863,0.0004016821860944077,-0.9997141429591281,-0.023148060726547348,171.60003781318665,drone1
1743534854.4615011,2.1489193439483643,4.9701995849609375,1.9604501724243164,0.005367891279612484,0.00041293094947138714,-0.9996614593984895,-0.025458045199732493,171.79997444152832,drone1
1743534854.661532,2.1440205574035645,4.970235824584961,1.9631965160369873,0.005326918122050942,0.0003725922995432871,-0.9996425354635081,-0.026197511656856076,172.00000524520874,drone1
1743534854.8614626,2.122446060180664,4.970249176025391,1.9768221378326416,0.008049550864477296,-0.00044456759227087973,-0.999520098868584,-0.02991001680793809,172.19993591308594,drone1
1743534855.0614586,2.1046903133392334,4.966395378112793,2.009888172149658,0.0058528317661259415,-0.0003036189819550839,-0.9994600817563044,-0.032331100373797994,172.3999319076538,drone1
1743534855.2614472,2.086503744125366,4.961643218994141,2.028193235397339,0.007599214093044171,-0.001005479254950367,-0.999446763352175,-0.03236405920933344,172.59992051124573,drone1
1743534855.4614587,2.064743995666504,4.957745552062988,2.0284523963928223,0.006115728989885469,-0.0015772661216346805,-0.9995411301459909,-0.02962750648236967,172.79993200302124,drone1
1743534855.6614678,2.0416419506073,4.957559585571289,2.0194950103759766,0.004256659243257332,-0.0018300727148525798,-0.9996601528461856,-0.025654323073247665,172.99994111061096,drone1
1743534855.8615427,2.0176753997802734,4.959715843200684,2.0084304809570312,0.0038678007297308064,-0.0013362563654605306,-0.9997530023534551,-0.02184597598865179,173.20001602172852,drone1
1743534856.0615344,1.994795799255371,4.963075637817383,1.9977307319641113,0.0049232782477704904,-0.0004916599454005973,-0.9997953177893599,-0.01961935798182124,173.40000772476196,drone1
1743534856.2614982,1.9719969034194946,4.966415882110596,1.9878180027008057,0.004377681860804776,0.0005335606629017572,-0.9998111650044001,-0.018926463792302117,173.59997153282166,drone1
1743534856.4615035,1.948668360710144,4.969428062438965,1.9821364879608154,0.0037182106160631987,0.000742817954760949,-0.9998064867042155,-0.019304984638778444,173.7999768257141,drone1
1743534856.6615188,1.9258041381835938,4.973063945770264,1.9821641445159912,0.004793521601367861,0.0010299848485454174,-0.999789459377417,-0.019923868962312463,173.9999921321869,drone1
1743534856.8614886,1.9011800289154053,4.978246212005615,1.9854621887207031,0.004159420619160191,0.0012193048700615593,-0.9997789648121378,-0.020571539583379372,174.19996190071106,drone1
1743534857.061493,1.8767575025558472,4.982752323150635,1.989915132522583,0.004949186376531293,0.0010061429031784112,-0.9997657728485538,-0.021048768349068214,174.3999662399292,drone1
1743534857.2614975,1.8508529663085938,4.987342357635498,1.994692087173462,0.0051211939214770765,0.0010297862973762608,-0.9997707461766783,-0.0207679860442887,174.59997081756592,drone1
1743534857.4615526,1.8307466506958008,4.992324352264404,1.9975988864898682,0.003561064527347124,0.001041528063635529,-0.9997868462728093,-0.020311282793824603,174.8000259399414,drone1
1743534857.661478,1.808605432510376,4.997819900512695,2.0003011226654053,0.001993584212464877,0.0013844932689452464,-0.9997756352111055,-0.021045480894884394,174.99995136260986,drone1
1743534857.8614643,1.794315218925476,4.999776840209961,2.0035712718963623,0.004051957021441793,0.0015056956691433703,-0.9997270398947724,-0.02296194024352327,175.199937582016,drone1
1743534858.0614893,1.7816365957260132,4.999309539794922,2.0081627368927,0.007734870639693817,0.0006692096362895615,-0.9996658005238861,-0.024657550105964987,175.3999626636505,drone1
1743534858.2615168,1.7684086561203003,4.999630451202393,2.014296770095825,0.007662504830072867,0.00011108954377941304,-0.9996357919677463,-0.02587652125859713,175.59999012947083,drone1
1743534858.4614513,1.7512964010238647,5.002299785614014,2.0206737518310547,0.006964374553170798,0.00017514024117032016,-0.9996204505148883,-0.026654130613623095,175.7999246120453,drone1
1743534858.6614847,1.7325031757354736,5.00383996963501,2.0269951820373535,0.007186154892029917,-6.604016034946093e-05,-0.9995804531556515,-0.02805859004655159,175.99995803833008,drone1
1743534858.8615258,1.7157140970230103,5.003084659576416,2.032834768295288,0.006586227759974993,-0.0003607338885879174,-0.9995346395313202,-0.02978277547228375,176.1999990940094,drone1
1743534859.0614996,1.696139931678772,5.000586986541748,2.0404744148254395,0.0063700750132088405,-0.0003981820220343547,-0.9994767297614662,-0.03171074091056608,176.3999729156494,drone1
1743534859.2614834,1.6829029321670532,4.9986252784729,2.0476324558258057,0.00652655967628471,-0.0008765480940884939,-0.9994259428090106,-0.03323464451217456,176.59995675086975,drone1
1743534859.461508,1.6672148704528809,4.9986419677734375,2.054839849472046,0.0057541627010393994,-0.001215957323691231,-0.9992969734525672,-0.03702600641682052,176.79998135566711,drone1
1743534859.661542,1.6605573892593384,4.999461650848389,2.0595765113830566,0.005251204766059788,-0.0009311965869028046,-0.9991960738972321,-0.03973478437061567,177.00001525878906,drone1
1743534859.861511,1.6394120454788208,5.001279354095459,2.069589853286743,0.006958575080961249,0.00015570033656692574,-0.9987805481177633,-0.04887833242081163,177.1999843120575,drone1
1743534860.0616274,1.6221306324005127,5.002620697021484,2.0877256393432617,0.008073438907959862,0.0008004924595894428,-0.9985350848720358,-0.053496868374332374,177.4001007080078,drone1
1743534860.261483,1.607348084449768,4.999548435211182,2.098414897918701,0.007254425542627978,0.0007688526887034124,-0.9985333147043984,-0.053646995448728085,177.5999562740326,drone1
1743534860.461477,1.5923326015472412,4.995959281921387,2.102835178375244,0.006713637024478919,-0.0005774009586148026,-0.9987221325857272,-0.050088452735256306,177.79995036125183,drone1
1743534860.6614769,1.577126145362854,4.994729042053223,2.1005585193634033,0.006991590551324455,-0.00148067871573787,-0.9989125941941479,-0.0460713944568345,177.99995017051697,drone1
1743534860.8614626,1.5607457160949707,4.995978832244873,2.0941200256347656,0.006143634813411237,-0.0015299082104321183,-0.9989257861577318,-0.045905378020550114,178.19993591308594,drone1
1743534861.0614815,1.5443381071090698,4.997946262359619,2.0888726711273193,0.006844771016719994,-0.00048294591983484136,-0.9987496123309563,-0.049518795930783066,178.3999547958374,drone1
1743534861.2615302,1.5304769277572632,4.998856544494629,2.0861356258392334,0.007177450579995656,0.0004032106678974372,-0.9985430927732528,-0.05348009392862502,178.60000348091125,drone1
1743534861.4614763,1.5079232454299927,4.999240875244141,2.085275173187256,0.0054609327526060625,0.001008532102653374,-0.9984171579899024,-0.05596819098361716,178.7999496459961,drone1
1743534861.6616516,1.489717721939087,4.99768590927124,2.0863327980041504,0.0038602652518801533,7.188754167209268e-05,-0.9985450315282843,-0.05378582716772301,179.00012493133545,drone1
1743534861.8615448,1.4763028621673584,4.9970011711120605,2.088778495788574,0.004361825096869316,-0.0006981355452580684,-0.9987211210613629,-0.050364683180396774,179.20001816749573,drone1
1743534862.061521,1.4664486646652222,4.998021125793457,2.09789776802063,0.006408767795775366,-0.0007484783094430618,-0.9989007509297163,-0.04642808323578218,179.39999437332153,drone1
1743534862.2615128,1.460456132888794,4.996646881103516,2.102919340133667,0.0072912118388438925,-0.0008970719629520282,-0.9989724848658819,-0.044721641633273135,179.59998607635498,drone1
1743534862.461527,1.4575284719467163,4.995126724243164,2.105945348739624,0.007907162017322543,-0.0006721806598371997,-0.9989622010348451,-0.044850863870807556,179.80000042915344,drone1
1743534862.6615229,1.4546619653701782,4.992986679077148,2.107990264892578,0.00977611956278385,-0.0001584840042020423,-0.9989630861186639,-0.04446661105293376,179.99999618530273,drone1
1743534862.8615475,1.4493319988250732,4.990304946899414,2.1097986698150635,0.010331045385158031,-0.0004588955451310596,-0.9990123557845731,-0.04321354309985631,180.2000207901001,drone1
1743534863.0615513,1.441294550895691,4.98981237411499,2.112487316131592,0.0100661392713769,-0.000745894510065992,-0.9990848905108605,-0.041562524603139084,180.40002465248108,drone1
1743534863.261552,1.430039405822754,4.989842891693115,2.1119191646575928,0.009590510768842445,-0.0002693163863510257,-0.9992037024768126,-0.03872819118762999,180.60002541542053,drone1
1743534863.4615574,1.414035439491272,4.990408897399902,2.111406087875366,0.008036381291406656,-0.0004422047345762382,-0.9993819414991651,-0.03422012212405623,180.800030708313,drone1
1743534863.6615276,1.3950979709625244,4.989613056182861,2.1114063262939453,0.006075079671585728,-0.0007138615881086971,-0.9995545749906658,-0.029209873360475258,181.00000095367432,drone1
1743534863.8615425,1.3822447061538696,4.98825216293335,2.1105971336364746,0.005291973610187728,-0.0009268274733645938,-0.9996548844901219,-0.02571716402437746,181.20001578330994,drone1
1743534864.0615067,1.3741272687911987,4.987664222717285,2.109344959259033,0.006324294974647406,-0.0003538027076413997,-0.9997079895192456,-0.023322717266776538,181.3999800682068,drone1
1743534864.2615047,1.3683562278747559,4.9877848625183105,2.1104507446289062,0.007212072569686084,-0.00023283697187583208,-0.9997451208927836,-0.021392012283340922,181.5999779701233,drone1
1743534864.4615781,1.3592199087142944,4.988841533660889,2.1115057468414307,0.0076169101717904275,-0.000336548512259999,-0.9997790069589862,-0.019591751796046608,181.80005145072937,drone1
1743534864.661533,1.354506492614746,4.990354537963867,2.1144070625305176,0.007629710301392088,-0.00030601970595893604,-0.9997937583559651,-0.018818188538477665,182.00000643730164,drone1
1743534864.8614924,1.344627022743225,4.993508815765381,2.1197633743286133,0.008809016989036113,0.00018720872782361126,-0.999808846927732,-0.01745305211520981,182.19996571540833,drone1
1743534865.0614922,1.3347948789596558,4.998680591583252,2.131538152694702,0.009321590826285161,0.0004517911669790665,-0.99982815018435,-0.016018120510807865,182.39996552467346,drone1
1743534865.2614825,1.317199945449829,5.003758907318115,2.1311733722686768,0.008358598887356253,0.0009132125595705559,-0.9998603925234608,-0.014440690411590684,182.59995579719543,drone1
1743534865.461492,1.2974910736083984,5.004892349243164,2.132385492324829,0.006365083410474459,0.0009984273957228847,-0.9998896002894788,-0.013391528911608996,182.79996538162231,drone1
1743534865.6615102,1.276028037071228,5.003328323364258,2.130119562149048,0.0045448532195200625,0.0004373902803146272,-0.9998960909041495,-0.013673912796631937,182.99998354911804,drone1
1743534865.8615198,1.2588132619857788,5.000362873077393,2.1300272941589355,0.004431672303019486,-1.722291451721048e-05,-0.999872952284317,-0.015315743280373828,183.19999313354492,drone1
1743534866.0614896,1.244429349899292,4.995469093322754,2.1315224170684814,0.005730779267286074,-0.0009938419503136777,-0.9998105328016725,-0.01858182901202854,183.3999629020691,drone1
1743534866.2614717,1.2320512533187866,4.989385604858398,2.1334471702575684,0.006043725050471654,-0.001819528841053332,-0.9996999816180284,-0.023667562781292673,183.59994506835938,drone1
1743534866.4614785,1.2217381000518799,4.983718395233154,2.135554313659668,0.0061270793337528055,-0.0018012828776429084,-0.9995601383746693,-0.02896255565341327,183.7999517917633,drone1
1743534866.6615057,1.2121368646621704,4.977786540985107,2.137972831726074,0.00794722457246567,-0.0019894540682648745,-0.9994115285868199,-0.03331126748276725,183.99997901916504,drone1
1743534866.8614726,1.2020081281661987,4.972758769989014,2.1414926052093506,0.008642104273676338,-0.00215994136321398,-0.9993108397657273,-0.03603483898038973,184.19994592666626,drone1
1743534867.0615077,1.1884244680404663,4.968562602996826,2.148024559020996,0.008591197466120257,-0.001994066513998785,-0.9992775437554038,-0.036968054500117975,184.3999810218811,drone1
1743534867.2614937,1.173175573348999,4.965628147125244,2.151076555252075,0.008536857995316316,-0.0013752365203867252,-0.9993233573797351,-0.035751738598942095,184.59996700286865,drone1
1743534867.4614704,1.1556967496871948,4.966023921966553,2.154696226119995,0.007046024523265288,-0.0015760563753735167,-0.9994421693456873,-0.03260712008469574,184.79994368553162,drone1
1743534867.661585,1.1361926794052124,4.970335006713867,2.1576311588287354,0.005441966670776158,-0.0015911121845511443,-0.9995506131869057,-0.029437129167645903,185.00005841255188,drone1
1743534867.8614562,1.1174646615982056,4.976444721221924,2.1593363285064697,0.004984053180142565,-0.0002418023968075084,-0.9996042661250601,-0.02768580117147268,185.1999294757843,drone1
1743534868.061478,1.1008762121200562,4.982875823974609,2.1600418090820312,0.0055997941061038045,0.001158291050669215,-0.9996058677053036,-0.027484507822984727,185.39995121955872,drone1
1743534868.2614484,1.0850427150726318,4.985830783843994,2.163534164428711,0.005606018998065512,0.0016122998662788514,-0.9995965532517828,-0.027799218340815612,185.59992170333862,drone1
1743534868.4614363,1.067947506904602,4.986451148986816,2.1626996994018555,0.005080474962095617,0.0010821061768103448,-0.9995932236507503,-0.028045060908179653,185.7999095916748,drone1
1743534868.6615214,1.0520936250686646,4.983294486999512,2.16290545463562,0.005859148195774258,0.0002726347921268762,-0.9995601383746693,-0.02907314898390584,185.99999475479126,drone1
1743534868.8615627,1.034911036491394,4.977172374725342,2.1610121726989746,0.0061822039542463875,-0.0008828814812578906,-0.9994816609427419,-0.031581476526183205,186.20003604888916,drone1
1743534869.0615163,1.0162849426269531,4.970260143280029,2.1631760597229004,0.006137231620523993,-0.0018628289656338298,-0.9993907923373525,-0.03430669175089757,186.39998960494995,drone1
1743534869.2615008,0.9981276988983154,4.9655656814575195,2.162313461303711,0.006627219356782758,-0.002384553937365805,-0.9993580442360596,-0.03512623722019187,186.59997415542603,drone1
1743534869.4614906,0.9822157025337219,4.9647297859191895,2.1593947410583496,0.005359960428102848,-0.002283701138690792,-0.9994366059616837,-0.033055646846548714,186.79996395111084,drone1
1743534869.6615267,0.974121630191803,4.965451240539551,2.159876823425293,0.004542762505343345,-0.002128033893985456,-0.9995189187568256,-0.030607209976005356,187.0,drone1
1743534869.8614788,0.9651888608932495,4.968402862548828,2.163806915283203,0.005770460689795209,-0.0018929598464159445,-0.9995998407059665,-0.027627259198891085,187.19995212554932,drone1
1743534870.0619388,0.9620998501777649,4.972398281097412,2.1803908348083496,0.008463970947717296,-5.019887220993702e-05,-0.9996087336910022,-0.026662138514840117,187.40041208267212,drone1
1743534870.2615223,0.9568603038787842,4.9785661697387695,2.1782102584838867,0.009756130761333049,0.0011872760640074388,-0.9995977755103895,-0.026604818800865404,187.59999561309814,drone1
1743534870.461534,0.9506391286849976,4.985250949859619,2.170107841491699,0.008943186871458987,0.001524228593323147,-0.9996022009294832,-0.02670542332826087,187.80000734329224,drone1
1743534870.6615515,0.944414496421814,4.989245414733887,2.161386489868164,0.008142195235132559,0.0014923003799426206,-0.9996158143615521,-0.026451235684891605,188.00002479553223,drone1
1743534870.861547,0.9402643442153931,4.989037036895752,2.153292179107666,0.00871642958248079,0.001184168063202015,-0.9996242858781028,-0.025962121507922653,188.20002031326294,drone1
1743534871.0615299,0.9366840124130249,4.984216690063477,2.147440195083618,0.009989968720861076,8.092853458605828e-05,-0.9996056148242125,-0.026246149120037643,188.40000319480896,drone1
1743534871.2615526,0.9271689057350159,4.976867198944092,2.141181468963623,0.0096437379579724,-0.0014709681476954123,-0.9995554600744846,-0.02817419885201694,188.6000258922577,drone1
1743534871.4615324,0.9141896367073059,4.972140789031982,2.1393816471099854,0.008726605082945885,-0.0018083421454962298,-0.9994900060187472,-0.030664529689980236,188.80000567436218,drone1
1743534871.661536,0.8971368670463562,4.9699506759643555,2.1356749534606934,0.007979041162552094,-0.0019798989167263,-0.9994595759941223,-0.031827951296274914,189.00000929832458,drone1
1743534871.861526,0.8761122226715088,4.967698097229004,2.1320459842681885,0.00635057666278036,-0.0019607785708454025,-0.9994976345983275,-0.030989186864059604,189.19999933242798,drone1
1743534872.0615327,0.8557620644569397,4.96814489364624,2.131606101989746,0.005402366743149888,-0.0016028734601914616,-0.9995541535221808,-0.029322068271211255,189.4000060558319,drone1
1743534872.2615297,0.836661159992218,4.97011137008667,2.1320104598999023,0.00466017407639933,-0.0008786165823880676,-0.9996090287189419,-0.02755560955642261,189.6000030040741,drone1
1743534872.4615526,0.8195916414260864,4.9740424156188965,2.1338460445404053,0.0043945610150888815,-0.0004973617883868383,-0.9996448956870247,-0.026278349312299887,189.8000259399414,drone1
1743534872.661554,0.8028677701950073,4.979374885559082,2.135143995285034,0.005378607115846378,0.0004122480388166093,-0.9996549266369703,-0.025709872619585017,190.0000274181366,drone1
1743534872.8615358,0.7885300517082214,4.985619068145752,2.136378288269043,0.005739610184501996,0.0011304163433714489,-0.9996560224550316,-0.025567079096830092,190.20000910758972,drone1
1743534873.0615366,0.7742191553115845,4.9909210205078125,2.138036012649536,0.006821359594825079,0.0013436446586137765,-0.9996514284485438,-0.02547052066689165,190.40000987052917,drone1
1743534873.2615144,0.7594397664070129,4.992724895477295,2.1394119262695312,0.007834332592367972,0.0013364442975996207,-0.9996580033569116,-0.024916626783761497,190.59998774528503,drone1
1743534873.461537,0.7441738247871399,4.988047122955322,2.140383720397949,0.006611987386949245,0.0006193225849040926,-0.9996994337089977,-0.02360076002640288,190.80001020431519,drone1
1743534873.6615148,0.7307376861572266,4.9785637855529785,2.144085645675659,0.0054294505384935654,-0.0007908645388826091,-0.9997223194477391,-0.022916758821919625,190.99998807907104,drone1
1743534873.861635,0.7200549840927124,4.9677252769470215,2.14913272857666,0.006465322116395778,-0.002141635966161713,-0.999696483429602,-0.023675528535661183,191.20010828971863,drone1
1743534874.0615246,0.709159791469574,4.956877708435059,2.150881290435791,0.008228248069171296,-0.0034869399922994168,-0.999620745542828,-0.026049449778037248,191.39999794960022,drone1
1743534874.2615108,0.6992091536521912,4.949063301086426,2.1554267406463623,0.008327936067247814,-0.0038637524096859217,-0.9995556708087272,-0.028358338433161046,191.59998416900635,drone1
1743534874.461522,0.6876881122589111,4.946887016296387,2.152036666870117,0.007866563406949915,-0.0034001993085220916,-0.9995314785176819,-0.029384529900704337,191.79999542236328,drone1
1743534874.661542,0.6776411533355713,4.9484100341796875,2.1491270065307617,0.008134287432680702,-0.002541604125537906,-0.9995152941278537,-0.029944071461534993,192.00001525878906,drone1
1743534874.8614905,0.6610753536224365,4.955173969268799,2.1390597820281982,0.007603336910936396,-0.0012718167152195965,-0.9994860020681385,-0.03111908345117015,192.1999638080597,drone1
1743534875.0615,0.6489048004150391,4.964550971984863,2.187171459197998,0.008131700011308838,0.0005309544730114158,-0.9994375331923511,-0.03253218298804339,192.39997339248657,drone1
1743534875.2614925,0.6338793635368347,4.972699165344238,2.2236902713775635,0.00864539699621625,0.0021846367822634582,-0.9993859875966222,-0.033884043154030374,192.59996581077576,drone1
1743534875.4615674,0.6139299273490906,4.979281425476074,2.2135581970214844,0.0068890920499239915,0.0020387029900222338,-0.9993563583621191,-0.03514714205705338,192.8000407218933,drone1
1743534875.6614926,0.5916597843170166,4.983964443206787,2.168164014816284,0.0059142142058066305,0.0016116014798281358,-0.9993392045947751,-0.03582844586323197,192.9999659061432,drone1
1743534875.8614717,0.5688464641571045,4.988007068634033,2.1128785610198975,0.00535617313863744,0.0013591612843108667,-0.999358086382908,-0.03539728360296551,193.19994497299194,drone1
1743534876.0614872,0.5463854074478149,4.990034580230713,2.0608878135681152,0.004283413354756701,0.0008070859718394912,-0.9994114864399714,-0.034026710236239766,193.3999605178833,drone1
1743534876.2614617,0.5261431932449341,4.990263938903809,2.0118865966796875,0.0038750620884300153,-8.88463798415367e-05,-0.9994883622916553,-0.03175010606707529,193.59993505477905,drone1
1743534876.4614441,0.511037290096283,4.991493225097656,1.976473331451416,0.0038134735243183283,-0.0004410196837341224,-0.9995585367944257,-0.029462080101964383,193.79991745948792,drone1
1743534876.6614892,0.49754267930984497,4.993995666503906,1.9509949684143066,0.005641002364054697,-0.0006641444412062877,-0.9995736675130413,-0.028641944576790923,193.99996256828308,drone1
1743534876.8614912,0.4868623912334442,4.997554779052734,1.9337995052337646,0.006547456610612018,-0.00026783367339130304,-0.9995292868815593,-0.029972225556340215,194.19996452331543,drone1
1743534877.0614858,0.4764825701713562,5.001944541931152,1.920811414718628,0.007154113079721763,0.000329935079038707,-0.9994543497849069,-0.032244867921744635,194.39995908737183,drone1
1743534877.261502,0.46621987223625183,5.005333423614502,1.9128057956695557,0.009207759432446823,0.0009497996460728071,-0.9994032678045117,-0.033280078814869274,194.59997534751892,drone1
1743534877.4614456,0.454415887594223,5.006756782531738,1.9076578617095947,0.00863726858135422,0.0006687582040293401,-0.9994567943021205,-0.03179819562122621,194.7999188899994,drone1
1743534877.6614597,0.4394969344139099,5.008198261260986,1.9058234691619873,0.007889973017847432,-9.006057127813053e-05,-0.9995319421330155,-0.029558469944508725,194.99993300437927,drone1
1743534877.8614821,0.42350608110427856,5.011117935180664,1.906571626663208,0.007191370893805393,-0.0001684711609378549,-0.9995681041290378,-0.028495863599852067,195.19995546340942,drone1
1743534878.0614634,0.40478989481925964,5.015547275543213,1.907984972000122,4.1560249990472085e-05,0.0036972606689029985,-0.9994745381253436,-0.032203690450749556,195.3999366760254,drone1
1743534878.2613945,0.3895045220851898,5.0159783363342285,1.9176058769226074,-0.004634332831064992,0.005353728086356397,-0.9973938746549064,-0.07180103394837112,195.59986782073975,drone1
1743534878.461484,0.38655367493629456,5.009883880615234,1.9265875816345215,-0.0019104335017546235,0.0058112629550569365,-0.9895354683095046,-0.1441599657304808,195.79995727539062,drone1
1743534878.6614811,0.3924630284309387,4.994338512420654,1.9380652904510498,0.0003893897943084154,0.002159378636932047,-0.9656771910387003,-0.2597362759756612,195.9999544620514,drone1
1743534878.861465,0.40290212631225586,4.972513675689697,1.951798439025879,0.002906149124381063,0.0026426955334098693,-0.9102367207452882,-0.41406977444024706,196.19993829727173,drone1
1743534879.0614595,0.41429418325424194,4.946249961853027,1.9554526805877686,0.00917342226325612,0.007476234528173212,-0.8262446897917167,-0.5631870314191547,196.39993286132812,drone1
1743534879.2614586,0.4199323058128357,4.921632766723633,1.9553804397583008,0.008970259636182181,0.0021923108014150045,-0.7203716140373546,-0.6935269427899701,196.59993195533752,drone1
1743534879.4615428,0.4214459955692291,4.905135154724121,1.9592864513397217,0.008835586955027463,0.0008421710829551822,-0.6139736308949256,-0.7892766089498187,196.80001616477966,drone1
1743534879.66155,0.42142587900161743,4.8920698165893555,1.9649181365966797,0.010543700931314558,0.0024272643353395506,-0.4706123848222189,-0.8822737197511594,197.00002336502075,drone1
1743534879.8615527,0.4200025200843811,4.887463092803955,1.969921588897705,0.006419645963230494,0.000399589002375801,-0.3599395864467656,-0.9329535138444477,197.20002603530884,drone1
1743534880.0615234,0.42375510931015015,4.889672756195068,1.9766817092895508,0.003162172512015048,0.0001400485446095828,-0.21396564142980035,-0.9768360749441416,197.39999675750732,drone1
1743534880.2615223,0.4319632649421692,4.8926920890808105,1.983203411102295,-0.0018661938399563958,-0.0009346055013893417,-0.09014249948334174,-0.9959267428582421,197.59999561309814,drone1
1743534880.461522,0.4413754642009735,4.890693664550781,1.991567850112915,-0.001986558941971657,-0.0011025455873406084,0.00863470914812392,-0.9999601962607347,197.79999542236328,drone1
1743534880.6615288,0.4559301733970642,4.885576248168945,1.9985570907592773,-0.00589346330372385,-0.0008461938020820531,0.08699160108866744,-0.9961912564794966,198.0000021457672,drone1
1743534880.8615131,0.4795050323009491,4.873873710632324,2.004300594329834,-0.004070479079637073,0.0005603179848055929,0.14413505694301082,-0.9895495032100587,198.1999864578247,drone1
1743534881.0615156,0.5056539177894592,4.857600212097168,2.0099570751190186,-0.006596185117571708,0.003344914990985435,0.19195343827062183,-0.9813761334657352,198.3999888896942,drone1
1743534881.2615476,0.5438669919967651,4.834970474243164,2.0162196159362793,-0.0046767632241456235,0.005873096744679759,0.2399285215809963,-0.9707615339619635,198.60002088546753,drone1
1743534881.4615355,0.5746590495109558,4.806232452392578,2.021495819091797,-0.003992162661842002,0.008246630186658723,0.29644854125216646,-0.9550049346461658,198.8000087738037,drone1
1743534881.661522,0.6018958687782288,4.775933742523193,2.027595281600952,-0.002299233075547718,0.00904555399323008,0.3628026850863835,-0.9318191946370497,198.99999523162842,drone1
1743534881.861533,0.6267854571342468,4.746269702911377,2.035165548324585,-9.82205962765766e-05,0.00903712001371634,0.43286516153368015,-0.9014134465969266,199.20000624656677,drone1
1743534882.0615306,0.6517704725265503,4.720534324645996,2.0443553924560547,-9.226043920708622e-05,0.007026173028344364,0.5003723799228825,-0.8657818897365133,199.4000039100647,drone1
1743534882.2615314,0.6708405613899231,4.697554111480713,2.0514609813690186,-0.0008513749009986468,0.004745987364873241,0.5661931659259063,-0.8242585933126257,199.60000467300415,drone1
1743534882.4615192,0.6938560605049133,4.675486087799072,2.058807373046875,-0.0020550236985634957,0.004197768159768353,0.61836030122972,-0.7858808110235154,199.79999256134033,drone1
1743534882.6614861,0.7128428816795349,4.652872562408447,2.066195011138916,-0.0035568324425152937,0.0037306586198584324,0.6574439431326224,-0.7534859582729888,199.99995946884155,drone1
1743534882.861516,0.726454496383667,4.6267828941345215,2.0738372802734375,-0.0033538786872377253,0.0052851044147429645,0.682981856610283,-0.7304084935176972,200.19998931884766,drone1
1743534883.061504,0.7352331876754761,4.600539684295654,2.080873966217041,-0.003677111059115092,0.004579329465079008,0.6966785188269432,-0.7173594597752555,200.39997720718384,drone1
1743534883.2614903,0.7393730282783508,4.575097560882568,2.0848898887634277,-0.003679371471979712,0.002039658208831,0.7070453294762165,-0.7071557574297193,200.59996366500854,drone1
1743534883.4615016,0.7392557859420776,4.548233985900879,2.0849685668945312,-0.0017013787123317072,0.00300687504005087,0.7169259926092112,-0.6971407301436718,200.79997491836548,drone1
1743534883.6616266,0.7474524974822998,4.520931720733643,2.0965559482574463,-0.0008350619612245723,0.0008816886616485939,0.7243628165413041,-0.6894178976975841,201.00009989738464,drone1
1743534883.8615596,0.7524576187133789,4.498448371887207,2.105112314224243,-0.000673155881935525,0.0023293233735245614,0.7305773364270101,-0.6828256577555235,201.20003294944763,drone1
1743534884.061505,0.7576497197151184,4.478813171386719,2.10768723487854,-0.0011704573311818827,0.0022094548552273555,0.7355794034336239,-0.677433985281275,201.39997839927673,drone1
1743534884.2615032,0.764125406742096,4.452974796295166,2.108017921447754,-0.0025683155139623864,0.0005907234786474796,0.7415977310566007,-0.6708397631202453,201.59997653961182,drone1
1743534884.461483,0.7655402421951294,4.427557945251465,2.1024160385131836,-0.0012859356213575906,0.0022387322211680914,0.7469843827875203,-0.6648366715830052,201.7999563217163,drone1
1743534884.6614842,0.7655697464942932,4.402435779571533,2.0953571796417236,-0.001861982365509855,0.0007241601129197467,0.7513739006687671,-0.6598737879746164,201.99995756149292,drone1
1743534884.8615236,0.7639737725257874,4.387470245361328,2.0909712314605713,-0.0008658945314697037,0.0018696544090278419,0.7533247255040105,-0.6576456368761713,202.1999969482422,drone1
1743534885.06156,0.7688234448432922,4.360097408294678,2.0973925590515137,-0.0008978622986797408,0.0016895658232655695,0.7562010529857046,-0.6543365455539673,202.40003323554993,drone1
1743534885.2615283,0.7665116190910339,4.3377156257629395,2.1129038333892822,-0.0018984436288520495,0.00013452261532495685,0.7600237721456427,-0.6498925818469786,202.60000157356262,drone1
1743534885.461572,0.7618429660797119,4.316989421844482,2.113384485244751,-0.0004854508713693489,0.0005587411694370351,0.7634965038755464,-0.6458116710930627,202.8000452518463,drone1
1743534885.6615257,0.7580187320709229,4.296935558319092,2.1016194820404053,-0.0012089889761391142,-0.0006174042035932524,0.7656689842554646,-0.6432333165619846,202.99999904632568,drone1
1743534885.861518,0.7527665495872498,4.278353691101074,2.085660696029663,-0.0002837757497098929,0.0003407296627900251,0.7666051974697932,-0.6421186535910609,203.1999912261963,drone1
1743534886.0615144,0.7469456195831299,4.262864589691162,2.070310354232788,-0.00039119689188704204,-0.00011028997813884602,0.7665605376154399,-0.6421719114025105,203.39998769760132,drone1
1743534886.2615125,0.7452535629272461,4.248586177825928,2.0602409839630127,-0.002101256980382568,-0.0025878495904304273,0.7659143368657148,-0.6429341002793376,203.5999858379364,drone1
1743534886.4615772,0.7421970367431641,4.237356662750244,2.049673080444336,-0.0018765973974716067,-0.0017466071426945283,0.7653007156298886,-0.6436677557397227,203.80005049705505,drone1
1743534886.6615596,0.7387818694114685,4.224643230438232,2.0417988300323486,-0.0021414122874037424,-0.0016038080377459383,0.7648570357556144,-0.6441944649055634,204.00003290176392,drone1
1743534886.8614872,0.7332208156585693,4.210300445556641,2.0375566482543945,-0.003408112770340883,-0.0027416214823032413,0.7646169725748524,-0.6444701843201656,204.19996047019958,drone1
1743534887.0615137,0.7264924645423889,4.1948065757751465,2.0348868370056152,-0.0020719461624387767,-0.0019558826114111165,0.764466392421835,-0.6446572636439933,204.39998698234558,drone1
1743534887.2614973,0.718563973903656,4.1774773597717285,2.033895969390869,-0.002240471869383519,-0.0026630679884852844,0.7643815034005781,-0.6447548810135005,204.59997057914734,drone1
1743534887.461489,0.7123016715049744,4.160317420959473,2.03290057182312,-0.00149379251832056,-0.0021864373664253227,0.7643200058802446,-0.6448317199866921,204.7999622821808,drone1
1743534887.66151,0.7065629363059998,4.141984939575195,2.0335001945495605,-0.0002441406002422027,-0.0011464981237334275,0.7642542936750601,-0.6449140380501899,204.99998331069946,drone1
1743534887.8615177,0.7008907794952393,4.12348747253418,2.036320447921753,0.0005914880333866075,-0.0004703913604513033,0.7641145241886858,-0.645080191463732,205.1999909877777,drone1
1743534888.0615094,0.6973579525947571,4.1089067459106445,2.0401365756988525,-0.000452626201415134,-0.0010258651587395497,0.7635104544824034,-0.6457945173257188,205.39998269081116,drone1
1743534888.261516,0.697953462600708,4.096723556518555,2.042459011077881,-0.002477749015865939,-0.00156147389506107,0.7623277717663393,-0.6471845625364566,205.5999894142151,drone1
1743534888.4615138,0.7017461657524109,4.086763858795166,2.0447094440460205,-0.0023151595628830056,-0.0006492568078324553,0.7610435625605684,-0.6486963647241863,205.799987077713,drone1
1743534888.6615138,0.7057005763053894,4.080652236938477,2.050001859664917,-0.0035583270401454477,-0.0008330051312207457,0.7601535317554956,-0.649733319443168,205.99998712539673,drone1
1743534888.8614867,0.7048037052154541,4.074820041656494,2.0556812286376953,-0.0053171524009058835,-0.0022579889269211833,0.7598452960472672,-0.6500783914969949,206.19995999336243,drone1
1743534889.0616004,0.7027779221534729,4.068630695343018,2.060413360595703,-0.0046203915673081655,-0.0024257580794135912,0.7600477695075136,-0.6498463309490939,206.40007376670837,drone1
1743534889.2614791,0.7001594305038452,4.058590412139893,2.066854953765869,-0.004889291424257956,-0.0035117108146950006,0.760832664998976,-0.6489201592214231,206.59995245933533,drone1
1743534889.4614813,0.6984282732009888,4.047765254974365,2.0709798336029053,-0.00416845799007931,-0.0035653280268098117,0.7621181912937628,-0.6474147949648035,206.79995465278625,drone1
1743534889.6614695,0.6969610452651978,4.032655715942383,2.0738141536712646,-0.00295058687430927,-0.002380216660338722,0.7638147231185157,-0.6454244996059296,206.99994277954102,drone1
1743534889.8614814,0.6952359080314636,4.018102645874023,2.0740487575531006,-0.0023199004247959737,-0.001815981344106962,0.7652259155104939,-0.6437550313262766,207.1999547481537,drone1
1743534890.061597,0.6970879435539246,4.005936622619629,2.0899453163146973,-0.001958770112993704,-0.0017062177591149184,0.7660089038570611,-0.6428247818910124,207.40007042884827,drone1
1743534890.2614639,0.6935442090034485,3.98753023147583,2.107520580291748,-0.0027201114636185176,-0.0017213142128363983,0.7663278448648112,-0.6424416090861317,207.59993720054626,drone1
1743534890.4614599,0.6892855167388916,3.970670223236084,2.1179943084716797,-0.001681113774936911,-0.001138768539889044,0.7660360411591459,-0.6427945257221377,207.79993319511414,drone1
1743534890.6614687,0.6849832534790039,3.9569904804229736,2.1107351779937744,-0.0010601136816656477,-0.0009258688692254733,0.7655528222726126,-0.6433716477871534,207.99994206428528,drone1
1743534890.8614612,0.6823611855506897,3.9431676864624023,2.0911192893981934,-0.0022419378331897596,-0.002167191174232414,0.7652812174440962,-0.6436886026246674,208.19993448257446,drone1
1743534891.061524,0.6813746094703674,3.9312727451324463,2.070007562637329,-0.0018559695403143576,-0.001771750968815269,0.7653697047525448,-0.6435857853877252,208.39999723434448,drone1
1743534891.2614756,0.6808549165725708,3.9169979095458984,2.045607805252075,-0.002737779410166575,-0.002536502566450276,0.7657042769727364,-0.6431820923359757,208.59994888305664,drone1
1743534891.4614625,0.6799961924552917,3.899336576461792,2.0213701725006104,-0.0028410496434123295,-0.002292099330426491,0.765998261777812,-0.6428323893971687,208.7999358177185,drone1
1743534891.6614926,0.6777657270431519,3.8852763175964355,2.0051610469818115,-0.001928563437854624,-0.001235613848278792,0.7658621801406825,-0.6430006712265606,208.9999659061432,drone1
1743534891.8615098,0.6761127710342407,3.873819589614868,1.993241548538208,-0.0015062423022439732,-0.001046061195915205,0.7654779378595208,-0.6434595134295864,209.1999831199646,drone1
1743534892.0615344,0.6757252216339111,3.8643109798431396,1.9856951236724854,-0.0024527655247533766,-0.0016588334032344584,0.7651759293481599,-0.6438145426763741,209.40000772476196,drone1
1743534892.2614772,0.6751633882522583,3.8506019115448,1.9795489311218262,-0.00381088095806744,-0.002810627336105917,0.7652252464292737,-0.6437452479890661,209.5999505519867,drone1
1743534892.4614744,0.6726275682449341,3.834780693054199,1.977940320968628,-0.0028157335667437196,-0.002053088483208743,0.7656674933106985,-0.6432272210740186,209.79994773864746,drone1
1743534892.6615417,0.6697968244552612,3.821911573410034,1.9776203632354736,-0.0031064216568533402,-0.0025945125379670374,0.7660940352226969,-0.6427157111154223,210.00001502037048,drone1
1743534892.8615396,0.6663426756858826,3.8065249919891357,1.978867530822754,-0.0021522735076275326,-0.0018569164810129258,0.7664944882354672,-0.6422447042782448,210.200012922287,drone1
1743534893.0615432,0.6629158854484558,3.795269250869751,1.9815850257873535,-0.0018728660842893769,-0.0017692116829310354,0.7667390663973759,-0.6419537645829742,210.4000165462494,drone1
1743534893.261532,0.6586151123046875,3.7874839305877686,1.986135721206665,-0.00267124157538466,-0.0029975490620010813,0.7669218888895041,-0.641727952305365,210.6000053882599,drone1
1743534893.4615605,0.6554097533226013,3.782867431640625,1.9917209148406982,-0.0024245038813981395,-0.003282812926793607,0.7669962886138378,-0.6416385483029612,210.80003380775452,drone1
1743534893.6616182,0.654998242855072,3.777067184448242,1.996929407119751,-0.003108068388554583,-0.0038473410689567446,0.7669660851285238,-0.6416686674945783,211.00009155273438,drone1
1743534893.8615632,0.6577315926551819,3.766793966293335,2.001699686050415,-0.004445321471417766,-0.004295296780113436,0.7667094160894485,-0.6419645331027687,211.20003652572632,drone1
1743534894.0615187,0.6620142459869385,3.7529611587524414,2.006791591644287,-0.0041520240942006644,-0.002828051147857155,0.7662749136914375,-0.642493191560353,211.39999198913574,drone1
1743534894.2615225,0.663475751876831,3.736927032470703,2.011460781097412,-0.004441905343810911,-0.0021435061502463894,0.7658633181055923,-0.6429845289835808,211.59999585151672,drone1
1743534894.4615133,0.6630493998527527,3.7176477909088135,2.018717050552368,-0.0036109226850922498,-0.0013143712027810011,0.7654689869225683,-0.6434614679896862,211.79998660087585,drone1
1743534894.6615498,0.6641244292259216,3.6975691318511963,2.0283212661743164,-0.00230122237387025,-0.0002616746358804648,0.7654118674061239,-0.6435366263572931,212.00002312660217,drone1
1743534894.8615446,0.6642044186592102,3.680830717086792,2.0344903469085693,-0.0016112302253617054,0.0006701602452867651,0.7658209499861267,-0.6430515108625767,212.20001792907715,drone1
1743534895.06153,0.6690778732299805,3.6642701625823975,2.0490634441375732,-0.0017397018044750699,0.00011453447241866464,0.7667802860152195,-0.6419073187559151,212.40000343322754,drone1
1743534895.2615309,0.671639084815979,3.6502554416656494,2.069905996322632,-0.0032816053208020936,-0.001421043230000804,0.7681831017210562,-0.6402203489974181,212.600004196167,drone1
1743534895.4615269,0.67086261510849,3.6332876682281494,2.07826566696167,-0.00259981336850695,-0.0007715742885187221,0.7695779622092362,-0.638547235015369,212.80000019073486,drone1
1743534895.6615624,0.6673043370246887,3.616325855255127,2.068235158920288,-0.0017361487922183767,-0.0003545156643894247,0.7706543505733561,-0.6372510086894164,213.00003576278687,drone1
1743534895.8615062,0.663323163986206,3.6036558151245117,2.053227186203003,-0.0027215336007732653,-0.0024798735113179663,0.7716936602474983,-0.6359837688585273,213.1999795436859,drone1
1743534896.0615191,0.6586228609085083,3.594756841659546,2.0390357971191406,-0.002278398589761376,-0.0025544748325893284,0.7727201888898296,-0.6347375708417572,213.3999924659729,drone1
1743534896.2615397,0.6547054648399353,3.587653636932373,2.027299642562866,-0.0027380619463400167,-0.0044606876094050235,0.7733579655382086,-0.633948065538739,213.60001301765442,drone1
1743534896.4615328,0.6521672010421753,3.577458381652832,2.0158848762512207,-0.003149664199948424,-0.004724601872839066,0.7734160597005248,-0.6338734498118065,213.80000615119934,drone1
1743534896.661512,0.6528510451316833,3.5627288818359375,2.006803512573242,-0.0024219605001902476,-0.003314832101634299,0.772873671907038,-0.634546661423071,213.9999852180481,drone1
1743534896.861544,0.6539703011512756,3.5447685718536377,2.0002503395080566,-0.0019217626487206874,-0.0016845712982399479,0.7719199940923579,-0.6357146138155807,214.2000172138214,drone1
1743534897.0615113,0.6530799865722656,3.524874448776245,1.9959490299224854,-0.0027856553695222446,-0.0016229698513513236,0.7706543189632196,-0.6372453083281553,214.3999845981598,drone1
1743534897.2615044,0.6521751880645752,3.5067689418792725,1.9940063953399658,-0.0028796940435370337,-0.0010928219307261217,0.7694533234414774,-0.6386957288993851,214.5999777317047,drone1
1743534897.4615467,0.6526424884796143,3.491286516189575,1.9945151805877686,-0.002043348362981489,-0.00025947657894894577,0.7685504483843211,-0.6397859888450209,214.80001997947693,drone1
1743534897.6615148,0.653073251247406,3.47973895072937,1.997663974761963,-0.00229668146253352,-0.0003014741848107183,0.7683634744276145,-0.6400095462662347,214.99998807907104,drone1
1743534897.8615541,0.6515671014785767,3.4704442024230957,2.0020673274993896,-0.003515109809854892,-0.0021618612674090118,0.7690487979894699,-0.6391768773219855,215.2000274658203,drone1
1743534898.061589,0.6483116745948792,3.4598631858825684,2.0073423385620117,-0.0028421097971726033,-0.0021310563251639453,0.7701522393619776,-0.6378502262397641,215.40006232261658,drone1
1743534898.2615144,0.6456369757652283,3.4489119052886963,2.013902187347412,-0.003941393397480317,-0.0037674693439596917,0.7712736932438675,-0.6364802745390538,215.59998774528503,drone1
1743534898.461507,0.6431348919868469,3.433274745941162,2.0215020179748535,-0.003301623129080519,-0.003549611831257532,0.772102073746281,-0.63548010348211,215.7999804019928,drone1
1743534898.6615126,0.6409504413604736,3.416612386703491,2.0291905403137207,-0.002219059065759348,-0.0021376204935967978,0.7724855363107452,-0.6350249069814803,215.99998593330383,drone1
1743534898.861516,0.6388890147209167,3.4000771045684814,2.03594708442688,-0.0015224531161705404,-0.001134947993925983,0.7725005563938833,-0.6350113198911915,216.19998931884766,drone1
1743534899.0615187,0.6380795240402222,3.3869788646698,2.042175054550171,-0.0020186479431097797,-0.0016853817401545998,0.7721720533198773,-0.6354081851534822,216.39999198913574,drone1
1743534899.26151,0.6385072469711304,3.3762154579162598,2.0474798679351807,-0.0030565810740147163,-0.0019838165156862955,0.7716326368792106,-0.6360581106309444,216.59998321533203,drone1
1743534899.461544,0.6398510336875916,3.3671042919158936,2.05051326751709,-0.002955405012304347,-0.0015101316249490882,0.7711077927114166,-0.6366959083527477,216.80001735687256,drone1
1743534899.6614943,0.6404579281806946,3.3569369316101074,2.0539512634277344,-0.004480185136652867,-0.0025130563857530524,0.7707355201352319,-0.6371345200684885,216.99996757507324,drone1
1743534899.8614943,0.637627363204956,3.346155881881714,2.055001735687256,-0.004454093603246592,-0.00288722293594261,0.7705815313558414,-0.637319360340989,217.19996762275696,drone1
1743534900.061484,0.6299459934234619,3.333951473236084,2.068972110748291,-0.0031774700276065563,-0.0025583907337391938,0.7706403788930747,-0.6372573096432689,217.39995741844177,drone1
1743534900.261487,0.6202453374862671,3.3204896450042725,2.1066651344299316,-0.003367293732773726,-0.004552821525748535,0.7708133495593634,-0.6370358701011926,217.59996032714844,drone1
1743534900.4614794,0.6118199825286865,3.30208420753479,2.114025831222534,-0.0018267830380810858,-0.0041712647067723325,0.7711586797626373,-0.63662681386297,217.79995274543762,drone1
1743534900.6615522,0.6091876029968262,3.28100323677063,2.0940308570861816,-0.0004201244780862196,-0.0025460650237169877,0.7716813744411574,-0.6360042311534793,218.00002551078796,drone1
1743534900.8614872,0.6103913187980652,3.260629653930664,2.06387996673584,1.4014197561149626e-05,-0.0010530978263010651,0.7721818366570878,-0.6354007620397882,218.19996047019958,drone1
1743534901.0614743,0.6122445464134216,3.237863063812256,2.0324716567993164,-0.0007678502894250562,-0.0007541593381783976,0.7720343279556557,-0.6355800494649975,218.39994764328003,drone1
1743534901.2614648,0.6136664748191833,3.2156758308410645,2.0055015087127686,-0.002145977256194532,4.894006438298179e-05,0.7709374667598718,-0.636907369628439,218.59993815422058,drone1
1743534901.4614596,0.6146602034568787,3.194344997406006,1.9824628829956055,-0.0016227370147087194,0.001133481332988626,0.7689243910293779,-0.6393367719285236,218.79993295669556,drone1
1743534901.6614544,0.6150375604629517,3.176933765411377,1.9737393856048584,-0.0030456794459115064,5.0794196445207434e-05,0.767515943450909,-0.6410226300638913,218.99992775917053,drone1
1743534901.861525,0.6141407489776611,3.1609621047973633,1.9653315544128418,-0.0028086153591569346,-0.00027831926600166483,0.7672335121506815,-0.6413617067285174,219.19999837875366,drone1
1743534902.0614607,0.6096470355987549,3.1453213691711426,1.9538977146148682,-0.0018961220125072208,-6.350838598859122e-05,0.7681790608919552,-0.6402323977277361,219.39993405342102,drone1
1743534902.2615552,0.6034152507781982,3.134732484817505,1.941695213317871,-0.0026780236423040314,-0.0025590373987216383,0.7695247570813474,-0.6386063407020495,219.60002851486206,drone1
1743534902.461474,0.594957709312439,3.1230251789093018,1.923783779144287,-0.00236966712717261,-0.003923726634254422,0.7714549615709569,-0.6362674803692784,219.7999472618103,drone1
1743534902.661457,0.5895588994026184,3.112656354904175,1.9108493328094482,-0.0015645111023318884,-0.0032955839158007893,0.7730782843198464,-0.6343001550428429,219.9999303817749,drone1
1743534902.8614683,0.5858432054519653,3.1027374267578125,1.905472755432129,-0.0010954802279506586,-0.0027465599693071523,0.7744044665183781,-0.6326840025265563,220.19994163513184,drone1
1743534903.0614698,0.5826727747917175,3.095266819000244,1.9075207710266113,-0.002189805121880116,-0.004017879730377475,0.7747220588269758,-0.6322854882688176,220.39994311332703,drone1
1743534903.2615018,0.5794046521186829,3.08850359916687,1.9123103618621826,-0.0038977179128200272,-0.004610707423364091,0.7738805653863194,-0.6333029026551585,220.59997510910034,drone1
1743534903.4615152,0.5745334029197693,3.0795555114746094,1.9166052341461182,-0.003270190604209103,-0.003982747286375295,0.772132103375845,-0.6354411387206617,220.7999885082245,drone1
1743534903.661474,0.5697454810142517,3.0667898654937744,1.9229342937469482,-0.0038697483069434647,-0.0038889511072271524,0.7704231329624253,-0.6375093688707882,220.99994730949402,drone1
1743534903.8616407,0.565403163433075,3.051178455352783,1.930631399154663,-0.0030688049257231015,-0.003233785409757909,0.7692700426023718,-0.6389082596513572,221.20011401176453,drone1
1743534904.0614743,0.5612409114837646,3.035223960876465,1.937359094619751,-0.0018721642867839047,-0.002323369102196615,0.7686617055276777,-0.6396486006555875,221.39994764328003,drone1
1743534904.2615194,0.5579784512519836,3.022606134414673,1.9440202713012695,-0.0020123968534243647,-0.0024485566433257644,0.7685195389392944,-0.639818415576594,221.5999927520752,drone1
1743534904.4614668,0.5561526417732239,3.00289249420166,1.9549319744110107,-0.0016237527990327673,-0.0020689739555688506,0.7685222047274627,-0.6398176885434571,221.79994010925293,drone1
1743534904.6614711,0.5594442486763,2.988283157348633,1.9637136459350586,-0.0012234297304706816,-0.0011090246105990385,0.7683892050786305,-0.6399808653358231,221.99994444847107,drone1
1743534904.8615353,0.5610310435295105,2.984348773956299,1.9665822982788086,-0.0012920645098777458,-0.0007987176615608569,0.7682856871503316,-0.6401054566883774,222.20000863075256,drone1
1743534905.0614634,0.5676917433738708,2.9681038856506348,1.9804987907409668,-0.0037058685041667858,-0.0010886196759026204,0.7676184551231996,-0.6408955889257673,222.3999366760254,drone1
1743534905.2615268,0.5697555541992188,2.958843231201172,1.9904584884643555,-0.0056994198717242655,-0.002453267623781681,0.767318285268105,-0.6412363883428263,222.60000014305115,drone1
1743534905.4614992,0.5681106448173523,2.944011688232422,2.003127336502075,-0.00456593405240117,-0.0017072351486412045,0.7672017176218361,-0.6413874321111772,222.7999725341797,drone1
1743534905.661494,0.5632149577140808,2.9264116287231445,2.015806198120117,-0.0038960997866458484,-0.00271247074212368,0.7674843965347986,-0.6410500465888475,222.99996733665466,drone1
1743534905.8614953,0.5582650303840637,2.9059348106384277,2.0250608921051025,-0.002516129023232886,-0.002441932063724062,0.7683637167719936,-0.6400039091252465,223.19996857643127,drone1
1743534906.0614793,0.5546903610229492,2.884644031524658,2.0304763317108154,-0.0010279110507306942,-0.0013106366380352633,0.7697350224402122,-0.6383614306337088,223.3999526500702,drone1
1743534906.2614927,0.5521721839904785,2.8647968769073486,2.033442974090576,-0.0009041753944464877,-0.0017411883452247462,0.7709771111392525,-0.6368598859352353,223.59996604919434,drone1
1743534906.4614973,0.5478264689445496,2.8434457778930664,2.0343399047851562,-0.0006791475874028639,-0.001316431932603091,0.7717096497081521,-0.6359733427818769,223.79997062683105,drone1
1743534906.661492,0.544755220413208,2.826397657394409,2.037142753601074,0.00027658081911547224,-0.0003589658740823792,0.7717295746307856,-0.6359507204609387,223.99996542930603,drone1
1743534906.861632,0.5430518984794617,2.814680337905884,2.039964199066162,0.0003550397423406674,-5.6808354164375557e-05,0.7712263886747701,-0.6365609594121718,224.20010542869568,drone1
1743534907.0615156,0.5406815409660339,2.8057937622070312,2.0442028045654297,-0.002163194099754621,-0.0017369498087147581,0.7705619752181323,-0.6373591469659833,224.3999888896942,drone1
1743534907.261478,0.5382113456726074,2.796640157699585,2.0480141639709473,-0.004303643389292527,-0.0036722558574119346,0.7701767688278108,-0.6378054662866455,224.59995126724243,drone1
1743534907.4614573,0.5350624322891235,2.7841410636901855,2.0516109466552734,-0.0032217700954287587,-0.0030636447407395555,0.7701806199960936,-0.6378103816628531,224.79993057250977,drone1
1743534907.6615279,0.5313670635223389,2.7694127559661865,2.0571234226226807,-0.0028157323898526563,-0.002848451070155239,0.7704394912080035,-0.6375006813516388,225.0000011920929,drone1
1743534907.8614733,0.5271936655044556,2.755150079727173,2.0603556632995605,-0.0032726337374502923,-0.003328970048969289,0.7708103834748994,-0.6370475184364498,225.199946641922,drone1
1743534908.061474,0.5218451023101807,2.7418925762176514,2.064068078994751,-0.002138431714960614,-0.0026418826116634815,0.7710677532053312,-0.6367440400537471,225.39994740486145,drone1
1743534908.261476,0.5152472257614136,2.7298245429992676,2.06671142578125,-0.0017033122813252155,-0.0026516366230639517,0.7711017920538599,-0.636704100646427,225.5999493598938,drone1
1743534908.46146,0.5086343884468079,2.7193663120269775,2.067974328994751,-0.0020944454899003762,-0.003302694220853479,0.7709356439086738,-0.6369011002847229,225.79993343353271,drone1
1743534908.6615112,0.5027787685394287,2.7093160152435303,2.0711276531219482,-0.0013484719544933632,-0.003115874363561893,0.7706163762628477,-0.6372903316990771,225.99998450279236,drone1
1743534908.86156,0.49986860156059265,2.7008681297302246,2.0740551948547363,-0.0009252192253581073,-0.0027815911620912293,0.7701933061974953,-0.6378038489013338,226.2000334262848,drone1
1743534909.0615132,0.5009216070175171,2.6948838233947754,2.077342987060547,-0.0027805977477009373,-0.003723640891757906,0.7696214261467631,-0.6384836248842539,226.39998650550842,drone1
1743534909.2614849,0.505008339881897,2.6865549087524414,2.0809457302093506,-0.004825534108445355,-0.0037670248984451086,0.7687277654443624,-0.6395468002113656,226.59995818138123,drone1
1743534909.4615424,0.508812427520752,2.6728386878967285,2.0858449935913086,-0.004517841864072208,-0.002397850115618174,0.7678174356633756,-0.6406483080971977,226.8000156879425,drone1
1743534909.6615672,0.509690523147583,2.6569859981536865,2.0912041664123535,-0.004108831641647221,-0.001485121997851364,0.7670396050373949,-0.6415849480483675,227.00004053115845,drone1
1743534909.8615324,0.5086818933486938,2.648656129837036,2.0932469367980957,-0.004164139996058531,-0.001568319382903488,0.7667391875695653,-0.641943359579748,227.20000576972961,drone1
1743534910.0614986,0.5025386810302734,2.6251332759857178,2.101498603820801,-0.0026384605057072643,-0.0014354611153453557,0.7667154536254976,-0.6419800747531571,227.3999719619751,drone1
1743534910.2615452,0.49809613823890686,2.6158573627471924,2.162729501724243,-0.0031594636959376343,-0.003132703197071025,0.7671097057831807,-0.641500685961482,227.60001850128174,drone1
1743534910.46149,0.4916312098503113,2.6027677059173584,2.2058353424072266,-0.002657510840075157,-0.0037805012709384036,0.7683207322548684,-0.6400483266352208,227.7999632358551,drone1
1743534910.661501,0.4874381124973297,2.5891613960266113,2.1727657318115234,-0.0016477378749326804,-0.0029526024938325633,0.7696941505338688,-0.6384038198265987,227.99997425079346,drone1
1743534910.8615055,0.4837815761566162,2.5733697414398193,2.1003432273864746,-0.0011471935467338584,-0.00244545946734569,0.7709928898656637,-0.6368380380626385,228.19997882843018,drone1
1743534911.0615115,0.4806969165802002,2.554198980331421,2.0214715003967285,-0.0014000684227854282,-0.002795853178182548,0.7716229905192575,-0.6360726460253245,228.39998483657837,drone1
1743534911.261489,0.4778347611427307,2.5329837799072266,1.952174186706543,-0.0021065511637388527,-0.0025786538601366,0.7713454798635937,-0.6364078978634484,228.59996223449707,drone1
1743534911.461473,0.474637508392334,2.5131425857543945,1.899965763092041,-0.0011897933092301174,-0.0010000204560466734,0.7704592580799552,-0.637487489388055,228.799946308136,drone1
1743534911.6614578,0.46955233812332153,2.4910614490509033,1.8592884540557861,-0.0006888639537239203,-0.0005341542018639171,0.769312874337171,-0.6388717499438348,228.99993109703064,drone1
1743534911.8615704,0.4670930802822113,2.475518226623535,1.8315489292144775,-0.0010858445204696312,-0.0010636704368217913,0.7686393308194744,-0.6396806691389483,229.2000436782837,drone1
1743534912.0614707,0.4645535349845886,2.4567625522613525,1.8058991432189941,-0.0008584294973018883,-0.00048237691680049996,0.7682246795871122,-0.6401795297746353,229.39994406700134,drone1
1743534912.2614574,0.4611872732639313,2.445016384124756,1.792675495147705,-0.0020110597405394535,-0.0018390920786954333,0.7683652920104566,-0.6400058742220583,229.59993076324463,drone1
1743534912.4614506,0.45658546686172485,2.4335546493530273,1.78629469871521,-0.0029587274105061516,-0.00334614478169502,0.7687845583227308,-0.6394923675565137,229.79992389678955,drone1
1743534912.6614742,0.45222604274749756,2.418794631958008,1.7868216037750244,-0.0017337684830942732,-0.002473574913820155,0.769287965549701,-0.6388950571510612,229.9999475479126,drone1
1743534912.8616083,0.44893282651901245,2.401198387145996,1.7934598922729492,-0.0025137524467184745,-0.0031423006227938666,0.7697462756487645,-0.638337364783209,230.20008158683777,drone1
1743534913.061545,0.44795942306518555,2.389204502105713,1.7996799945831299,-0.0018246615369486195,-0.0023411128842606693,0.7699780675105062,-0.6380635103666534,230.40001821517944,drone1
1743534913.2615619,0.44913625717163086,2.377501964569092,1.8085753917694092,-0.0029040282406339996,-0.0027675941381360685,0.7700506970672026,-0.6379700602667926,230.60003519058228,drone1
1743534913.4615614,0.45180845260620117,2.368184804916382,1.817568302154541,-0.002886820318294042,-0.0018993217979534455,0.7698389565686401,-0.6382288366482934,230.80003476142883,drone1
1743534913.6615574,0.45522409677505493,2.356482744216919,1.8256287574768066,-0.003438690741105371,-0.0017642353038935217,0.7694308960497136,-0.6387184091722399,231.0000307559967,drone1
1743534913.8615563,0.4564085304737091,2.3421454429626465,1.8341314792633057,-0.0045891434657682586,-0.0022671168477102067,0.7690362856438182,-0.6391846692206038,231.20002961158752,drone1
1743534914.0615673,0.45258742570877075,2.3276925086975098,1.8408176898956299,-0.0035164485485215573,-0.0015817488341005896,0.7688893248514168,-0.6393704051136352,231.40004062652588,drone1
1743534914.2615156,0.4458051025867462,2.314578056335449,1.8507013320922852,-0.002774583157811952,-0.0022491417313082076,0.7691763817682684,-0.6390265342449909,231.59998893737793,drone1
1743534914.4615622,0.4370462894439697,2.302809238433838,1.8631205558776855,-0.0021552546665868652,-0.0032728583680109407,0.7701616855244,-0.6378366496861875,231.80003547668457,drone1
1743534914.6615157,0.4316745102405548,2.29167103767395,1.8737154006958008,-0.001194711690047018,-0.0031138684369905775,0.7716212150832642,-0.636073747111742,231.99998903274536,drone1
1743534914.8615289,0.43035948276519775,2.282700300216675,1.8810248374938965,-0.0014995969707729529,-0.003937173289926796,0.7728747466516751,-0.6345447437414637,232.20000219345093,drone1
1743534915.0614676,0.43068650364875793,2.26418137550354,1.8993017673492432,-0.001470640027894381,-0.0029663464000322264,0.7743452660012884,-0.6327546669864409,232.39994096755981,drone1
1743534915.2614844,0.4345037341117859,2.25472092628479,1.9498357772827148,-0.004168970605240228,-0.0035368285871486466,0.7745121727897476,-0.6325354981058282,232.59995770454407,drone1
1743534915.4615405,0.43588173389434814,2.2463159561157227,2.0028975009918213,-0.004628408441194157,-0.002995059516806717,0.7738332976957145,-0.6333654275049244,232.80001378059387,drone1
1743534915.6614468,0.4350983500480652,2.237104892730713,1.9951071739196777,-0.005277673316196829,-0.0028653111845285003,0.7726952590289353,-0.6347488451237338,232.999920129776,drone1
1743534915.861467,0.43308618664741516,2.228050470352173,1.9587602615356445,-0.00506059737234855,-0.002828586709178273,0.7718695285096222,-0.6357545426861887,233.19994020462036,drone1
1743534916.0614755,0.43048951029777527,2.214075803756714,1.9005024433135986,-0.003736875825370962,-0.0021960135502291224,0.7713162879026438,-0.6364372584117923,233.39994883537292,drone1
1743534916.261468,0.4300866425037384,2.198127508163452,1.8412225246429443,-0.0032849020769271193,-0.0023211918305761285,0.7714321021739958,-0.6362990220170327,233.5999412536621,drone1
1743534916.4614654,0.42862385511398315,2.182525157928467,1.7972004413604736,-0.00305814439693812,-0.0025925316566665422,0.7721293216838433,-0.6354527712508506,233.79993867874146,drone1
1743534916.6615,0.4253596365451813,2.1667325496673584,1.760816216468811,-0.0020823179503262836,-0.0017880841125290728,0.7730311694115672,-0.6343622742291919,233.99997329711914,drone1
1743534916.861978,0.4183754324913025,2.150294542312622,1.7327576875686646,-0.002143245459229051,-0.002051956023319447,0.7737297955724839,-0.6335088005468463,234.20045137405396,drone1
1743534917.061576,0.4091445505619049,2.133030414581299,1.7181651592254639,-0.0009048544773113136,-0.0019215474281436727,0.7739818548000033,-0.6332042263460823,234.40004920959473,drone1
1743534917.261577,0.4003901481628418,2.118382453918457,1.711332082748413,-0.0012698280754416865,-0.0032528682494711255,0.7738397303584685,-0.6333718917778148,234.60005021095276,drone1
1743534917.4615376,0.39247992634773254,2.1059157848358154,1.7029414176940918,-0.0006653565746913648,-0.0029044064201074666,0.7735438805553462,-0.6337358508881306,234.80001091957092,drone1
1743534917.661521,0.38723841309547424,2.0918595790863037,1.7015352249145508,-0.0006554281930528903,-0.003311690679695095,0.7730836369696072,-0.6342952238615672,234.9999942779541,drone1
1743534917.8615458,0.3856836259365082,2.074268102645874,1.707890510559082,-0.00204582226774379,-0.003462761613006965,0.7722780842540186,-0.6352719770758071,235.20001912117004,drone1
1743534918.0615668,0.38414183259010315,2.0560030937194824,1.7150957584381104,-0.0014923754334369612,-0.0019986154307672626,0.7711274963630954,-0.6366758675262808,235.40004014968872,drone1
1743534918.2615347,0.38148564100265503,2.0398378372192383,1.7270931005477905,-0.0021062844840823935,-0.001771349385287374,0.7698183889065666,-0.6382571593304929,235.60000801086426,drone1
1743534918.4615211,0.379720538854599,2.024219274520874,1.7478731870651245,-0.0032788405863214557,-0.002071172691624393,0.7682651563667507,-0.6401200869131668,235.79999446868896,drone1
1743534918.661552,0.3779415786266327,2.0106818675994873,1.7594692707061768,-0.002482376443487407,-0.0012415962723844659,0.7670747818508333,-0.6415517099899606,236.00002527236938,drone1
1743534918.8615477,0.37686794996261597,1.9952723979949951,1.7781286239624023,-0.003327723563127409,-0.00216111616545726,0.7665547371554134,-0.642166753681924,236.20002102851868,drone1
1743534919.0615647,0.37525221705436707,1.9795417785644531,1.793666124343872,-0.002452496550480897,-0.001481697731045981,0.766806633063895,-0.6418718679879615,236.4000380039215,drone1
1743534919.2615488,0.3742339015007019,1.9655579328536987,1.8053839206695557,-0.003175000115270335,-0.002539197824485323,0.7674756352586644,-0.6410652141859554,236.60002207756042,drone1
1743534919.4615805,0.37485331296920776,1.9530564546585083,1.816713809967041,-0.002641835361095033,-0.0020363969935298975,0.7682661099391983,-0.6401219993264179,236.80005383491516,drone1
1743534919.6615343,0.37456801533699036,1.9378688335418701,1.8356947898864746,-0.0027293921255743597,-0.0017192324301695705,0.7691307419996872,-0.639083300781579,237.00000762939453,drone1
1743534919.86154,0.37275004386901855,1.9266504049301147,1.8444569110870361,-0.003549676975715032,-0.002372160705952086,0.7696872384507129,-0.6384069386933884,237.20001339912415,drone1
1743534920.0615227,0.368426650762558,1.9160388708114624,1.85858154296875,-0.002957682423849078,-0.0017930372418585268,0.7699801432427955,-0.6380584843549685,237.3999960422516,drone1
1743534920.2615163,0.3585897386074066,1.9031884670257568,1.865823745727539,-0.002529686764559509,-0.0027302442101393844,0.7702918824078063,-0.6376805746377956,237.59998965263367,drone1
1743534920.461528,0.3493429124355316,1.8918944597244263,1.881333351135254,-0.0023742099318248017,-0.004218075449806824,0.7706893166525518,-0.6371928618435396,237.80000138282776,drone1
1743534920.6615174,0.3398264944553375,1.8783130645751953,1.8898379802703857,-0.00126555017031783,-0.0038704331790833497,0.7713181529006904,-0.6364368264065952,237.99999070167542,drone1
1743534920.8615458,0.33366990089416504,1.8597491979599,1.896488904953003,-0.001370276198516544,-0.004294986615939935,0.7718940737805237,-0.6357353079181995,238.20001912117004,drone1
1743534921.0614953,0.3299201428890228,1.839495301246643,1.901231050491333,-0.00031382362301472864,-0.002929555823277009,0.7720114053384219,-0.6356018762641701,238.399968624115,drone1
1743534921.2615001,0.3281305134296417,1.822290301322937,1.9048330783843994,-0.001589990148186708,-0.002306060906165559,0.7716255614770168,-0.6360709180045356,238.5999734401703,drone1
1743534921.4615145,0.3274555802345276,1.8071403503417969,1.9113543033599854,-0.0011203771513296947,-0.0013365951145816526,0.7705909406397714,-0.6373278213208275,238.79998779296875,drone1
1743534921.6615229,0.32687705755233765,1.798109531402588,1.9192872047424316,-0.0018884361601340708,-0.0013108771096782563,0.7690996376254862,-0.6391247732805138,238.99999618530273,drone1
1743534921.861513,0.32635602355003357,1.7925750017166138,1.9299437999725342,-0.003979366565825502,-0.002504646196159668,0.7674698084568579,-0.6410679221209722,239.19998621940613,drone1
1743534922.0615208,0.32521936297416687,1.7892355918884277,1.9390172958374023,-0.00393521280292653,-0.002601121978762374,0.7663429176315099,-0.6424143980270618,239.39999413490295,drone1
1743534922.2615516,0.3234497308731079,1.7837611436843872,1.9501821994781494,-0.004734845738455897,-0.0040405364191072055,0.765935647365993,-0.6428871644951646,239.60002493858337,drone1
1743534922.4615593,0.3213482201099396,1.7750520706176758,1.962747573852539,-0.0051750743867589,-0.005048015138660966,0.7663187095353964,-0.6424200615098306,239.80003261566162,drone1
1743534922.6615345,0.3199650049209595,1.7603182792663574,1.9748249053955078,-0.003956113899460924,-0.0040891946212959,0.7671945789993695,-0.6413891759370344,240.0000078678131,drone1
1743534922.8615086,0.31984779238700867,1.7431468963623047,1.9848978519439697,-0.0032853014790263316,-0.003172460381781631,0.7680856898174353,-0.6403307421303802,240.1999819278717,drone1
1743534923.0615191,0.3211788833141327,1.7241005897521973,1.9959053993225098,-0.002312002253557547,-0.0018845956726201267,0.7685848349443499,-0.6397408969854703,240.3999924659729,drone1
1743534923.2614973,0.32053354382514954,1.705073356628418,2.0069520473480225,-0.0022361464049984784,-0.0008271365941559224,0.7686643397057096,-0.6396479895262841,240.59997057914734,drone1
1743534923.4615188,0.3172801434993744,1.6889128684997559,2.015955924987793,-0.0015211956665915783,-0.00022339064481727072,0.7684646005222604,-0.6398905499078203,240.79999208450317,drone1
1743534923.661589,0.3114650547504425,1.675854206085205,2.0253095626831055,-0.002089580451188622,-0.001470435426347556,0.7681732815053531,-0.6402369970025799,241.00006222724915,drone1
1743534923.861487,0.3031401038169861,1.6648540496826172,2.034052610397339,-0.002027088837340848,-0.002618858043507976,0.7682248218327259,-0.6401717168025925,241.199960231781,drone1
1743534924.0615513,0.2966446578502655,1.655315637588501,2.041274070739746,-0.0011314583254191507,-0.0027374946102463886,0.7686916561319007,-0.6396126651988758,241.40002465248108,drone1
1743534924.2615402,0.2924017012119293,1.6468075513839722,2.0479378700256348,-0.001600091027327242,-0.0038089574730367183,0.7693319984696828,-0.6388357670719185,241.60001349449158,drone1
1743534924.461503,0.2909304201602936,1.6367032527923584,2.0539069175720215,-0.0031381310276620586,-0.004920480092156017,0.7698480708246305,-0.6382005877230791,241.79997634887695,drone1
1743534924.6615,0.2899414896965027,1.6231778860092163,2.0609424114227295,-0.0025249804042049052,-0.0038594768917859777,0.7697103296553409,-0.6383765982308166,241.99997329711914,drone1
1743534924.8615375,0.2887372672557831,1.6093988418579102,2.0669050216674805,-0.003284742282131233,-0.0031926935958527143,0.7688425207761455,-0.6394217610485458,242.20001077651978,drone1
1743534925.0615714,0.28695717453956604,1.589290738105774,2.0700345039367676,-0.002830690758881277,-0.001724523176746703,0.7670438039171779,-0.6415861439651939,242.40004467964172,drone1
1743534925.2614355,0.2846032977104187,1.575413703918457,2.1123242378234863,-0.00351046888207101,-0.0020590876590403386,0.7654278147199293,-0.6435088779259048,242.59990882873535,drone1
1743534925.4615316,0.2821761667728424,1.5603363513946533,2.1631603240966797,-0.003405238161824991,-0.0019874102753844203,0.7644909271560245,-0.6446224450787673,242.80000495910645,drone1
1743534925.66151,0.27811285853385925,1.543665885925293,2.1634488105773926,-0.0025041972746003825,-0.001793962702687401,0.7644107796552249,-0.6447222330109728,242.99998331069946,drone1
1743534925.8615105,0.27346500754356384,1.5237092971801758,2.1191208362579346,-0.0025317895897813184,-0.0026427610894576136,0.7651169237602446,-0.6438809661096273,243.19998383522034,drone1
1743534926.0615034,0.27026084065437317,1.5021346807479858,2.057476043701172,-0.0010174258285516882,-0.0016517541732507393,0.7662065620398649,-0.6425914674743682,243.39997673034668,drone1
1743534926.261532,0.26753151416778564,1.4829462766647339,2.0001142024993896,-0.000999432314062497,-0.0015041550248464065,0.7671691117661568,-0.6414423757965672,243.6000053882599,drone1
1743534926.461533,0.26610472798347473,1.4663747549057007,1.9551153182983398,-0.0016564135505706028,-0.0018752579127974908,0.7676971748995058,-0.6408079340175766,243.80000638961792,drone1
1743534926.6615272,0.2650783061981201,1.450188398361206,1.9183778762817383,-0.0009379698911286978,-0.0009342938770349519,0.7676943510606556,-0.640814888247581,244.00000047683716,drone1
1743534926.86151,0.2630421817302704,1.4376463890075684,1.8895063400268555,-0.0026656951489023024,-0.0019514845322043122,0.7672530472149662,-0.6413361025180471,244.19998335838318,drone1
1743534927.061576,0.2592368721961975,1.4256532192230225,1.8715260028839111,-0.002101501557638978,-0.0017914161419443058,0.7666978731213125,-0.6420021228232843,244.40004920959473,drone1
1743534927.2615216,0.2554079294204712,1.4147546291351318,1.8599567413330078,-0.003426015246196725,-0.0034980659319808483,0.7663611619485591,-0.6423913489692824,244.5999948978424,drone1
1743534927.4615293,0.25231337547302246,1.405339002609253,1.8538858890533447,-0.0026702779601333543,-0.003253923237772913,0.766408845839293,-0.6423393661000003,244.80000257492065,drone1
1743534927.661499,0.24915948510169983,1.394605040550232,1.8486881256103516,-0.0025364107200709285,-0.0034255784202478945,0.7667356050874419,-0.6419489651106,244.99997234344482,drone1
1743534927.861534,0.24484746158123016,1.3814109563827515,1.8507421016693115,-0.0031945828622934156,-0.004113631278657526,0.7672701114202571,-0.641302938216625,245.20000743865967,drone1
1743534928.061538,0.24309411644935608,1.3662691116333008,1.8525116443634033,-0.0021442901886421753,-0.003421788578922518,0.7676644109931448,-0.6408394335184825,245.40001130104065,drone1
1743534928.2614703,0.24368496239185333,1.351547122001648,1.8627684116363525,-0.0024891419181721046,-0.002907308625754146,0.7677063892542616,-0.6407904588805129,245.5999436378479,drone1
1743534928.4614625,0.2462022602558136,1.33735990524292,1.8694467544555664,-0.0033273083096560943,-0.002556954798019053,0.7674084689872063,-0.6411447716308757,245.7999358177185,drone1
1743534928.661479,0.24761433899402618,1.3204872608184814,1.8771345615386963,-0.0027853232161360302,-0.0011650692846536992,0.7667313166456059,-0.641961008572562,245.99995231628418,drone1
1743534928.8614726,0.24564990401268005,1.3068739175796509,1.883756160736084,-0.0033867930710189662,-0.001365542004366719,0.766052615407323,-0.6427674990555301,246.19994592666626,drone1
1743534929.0614586,0.23998576402664185,1.2942163944244385,1.894890546798706,-0.002583820738607684,-0.00133887239235953,0.765592292796243,-0.6433195332089696,246.3999319076538,drone1
1743534929.2614567,0.23622694611549377,1.2815630435943604,1.9024195671081543,-0.0031464771094910525,-0.003159891295832254,0.7655853965181554,-0.6433189273480223,246.5999300479889,drone1
1743534929.4614599,0.23464517295360565,1.264696478843689,1.9069361686706543,-0.002350486159182824,-0.0024700484439940597,0.7661610223700489,-0.642639704542489,246.79993319511414,drone1
1743534929.6614716,0.23305600881576538,1.2444978952407837,1.9123666286468506,-0.001874855246272573,-0.0019305764617864767,0.7671810551293536,-0.6414250376367611,246.99994492530823,drone1
1743534929.8614533,0.23024310171604156,1.2268738746643066,1.916755199432373,-0.0021447059154423554,-0.00239830551972496,0.768132198864767,-0.6402832215586842,247.19992661476135,drone1
1743534930.0615356,0.2290152758359909,1.2196125984191895,1.9237608909606934,-0.0016489983702799912,-0.0022024409034680013,0.7683682370214964,-0.6400020862740484,247.40000891685486,drone1
1743534930.2615628,0.22716598212718964,1.2039302587509155,1.9440491199493408,-0.002097452892887327,-0.0019272935633929543,0.7686071622373485,-0.6397148607698027,247.6000361442566,drone1
1743534930.4614995,0.22515174746513367,1.1888082027435303,1.9742403030395508,-0.0035732102283439213,-0.002754283626250964,0.7686014882178677,-0.6397121054195813,247.79997277259827,drone1
1743534930.6615362,0.22374442219734192,1.174254059791565,1.976327896118164,-0.002789431875321335,-0.0020885577727267567,0.7686233571638889,-0.6396920909348947,248.00000953674316,drone1
1743534930.861549,0.2189842313528061,1.1598478555679321,1.955148458480835,-0.0033965319564752696,-0.0028893464950266634,0.7686868724645948,-0.639609778139753,248.20002222061157,drone1
1743534931.0616138,0.2097553014755249,1.1438294649124146,1.9254963397979736,-0.002204668070124726,-0.0025259587440998187,0.7687905747853557,-0.6394918301841952,248.4000871181488,drone1
1743534931.2615192,0.19875814020633698,1.1278201341629028,1.8937578201293945,-0.0011250114216401902,-0.002817820658925645,0.7689549791046847,-0.6392958157284832,248.59999251365662,drone1
1743534931.4615114,0.19232766330242157,1.1114416122436523,1.8714697360992432,-0.0014608059004386107,-0.003926765487886509,0.769252483171611,-0.6389312981724246,248.79998469352722,drone1
1743534931.6615121,0.19171535968780518,1.0962034463882446,1.8541040420532227,-0.0008350342714859694,-0.0030352215944886144,0.7696430369433371,-0.6384666502410162,248.99998545646667,drone1
1743534931.8614986,0.1941756010055542,1.0803484916687012,1.8413786888122559,-0.002528544539689929,-0.0027668846181672646,0.7698669736861877,-0.6381933173917109,249.19997191429138,drone1
1743534932.0615287,0.19634760916233063,1.0657615661621094,1.8378775119781494,-0.0024720966460358607,-0.001656175641077336,0.7695364739052334,-0.6385960568710127,249.40000200271606,drone1
1743534932.2615278,0.19481366872787476,1.0514580011367798,1.8393843173980713,-0.0027991743004543677,-0.0012251401506286764,0.7685844872328497,-0.6397410761095765,249.60000109672546,drone1
1743534932.4614937,0.19054272770881653,1.0381702184677124,1.847038745880127,-0.004026226288107774,-0.002147889916399903,0.7671007495778721,-0.6415105693974578,249.79996705055237,drone1
1743534932.6614997,0.1857382357120514,1.0255823135375977,1.8575093746185303,-0.0030187294585800437,-0.0017142519815327916,0.7659300154933608,-0.6429145441416285,249.99997305870056,drone1
1743534932.8614774,0.1782095730304718,1.0084326267242432,1.8697941303253174,-0.002244435167730884,-0.0023043108730119444,0.765406014262537,-0.6435396978088784,250.19995069503784,drone1
1743534933.0614862,0.16807013750076294,0.9886325001716614,1.8766558170318604,-0.0017546970275579634,-0.0032275533869939514,0.7659805021495207,-0.6428532678922497,250.39995956420898,drone1
1743534933.261475,0.16081303358078003,0.9689920544624329,1.8860604763031006,0.00010652583033902272,-0.002809537568422301,0.7672049260506789,-0.6413959405062204,250.59994840621948,drone1
1743534933.4614785,0.15939605236053467,0.9477705359458923,1.894334077835083,-0.0005793117255047863,-0.0028608793446259035,0.7682531392465691,-0.6401395218786863,250.7999517917633,drone1
1743534933.6615593,0.1618233621120453,0.9294118285179138,1.903334617614746,-0.0010814817531396277,-0.0017865875804244395,0.7686342784660092,-0.6396851314365343,251.00003266334534,drone1
1743534933.8615623,0.16769680380821228,0.9111748337745667,1.9101953506469727,-0.000737156005166176,-0.00048439581875657397,0.7678876470446386,-0.6405840815684232,251.200035572052,drone1
1743534934.0615373,0.17266100645065308,0.899145245552063,1.9267423152923584,-0.001368047972014752,0.0005383898109377565,0.7659809921066346,-0.6428616287733231,251.4000105857849,drone1
1743534934.2615418,0.17616622149944305,0.8917608857154846,1.9372906684875488,-0.004547852889753868,-0.0004394469148130022,0.7638149022426219,-0.6454192628600021,251.60001516342163,drone1
1743534934.4615483,0.1768665611743927,0.8865156173706055,1.9417932033538818,-0.0066019778397001065,-0.002512658789506356,0.7625498171693629,-0.6468910360783586,251.80002164840698,drone1
1743534934.661516,0.1740877628326416,0.8784975409507751,1.9450201988220215,-0.006064686275206498,-0.0035929558622351467,0.7627633172988507,-0.6466393509041197,251.99998927116394,drone1
1743534934.86154,0.16904209554195404,0.8672922849655151,1.9477818012237549,-0.004551994723118763,-0.0029037366803428472,0.7646494203798497,-0.6444238280551596,252.20001339912415,drone1
1743534935.0614872,0.1633034497499466,0.8587415814399719,1.9520010948181152,-0.003561510073865751,-0.002838947878035587,0.7668040726428478,-0.6418650718086389,252.3999605178833,drone1
1743534935.2614677,0.1523379534482956,0.8475472331047058,1.9540374279022217,-0.002574351979876751,-0.004666478569928384,0.7703709024804082,-0.6375737376451766,252.59994101524353,drone1
1743534935.461462,0.14196665585041046,0.8334041833877563,1.9608757495880127,-0.0015498016875654598,-0.00527737137353992,0.7730226610165242,-0.6343546825281039,252.79993534088135,drone1
1743534935.6615348,0.13425450026988983,0.8162140250205994,1.9673476219177246,-0.0002527018023230747,-0.004183650447242345,0.7743222274802212,-0.6327777055075081,253.0000081062317,drone1
1743534935.8615031,0.1276019960641861,0.7990162968635559,1.9762701988220215,-0.0009037557781178082,-0.00352939792077234,0.7742410105031406,-0.6328805016710262,253.19997644424438,drone1
1743534936.0615036,0.12457583099603653,0.7844733595848083,1.9894766807556152,-0.0003681556028748906,-0.0026512508806184006,0.7730457364160838,-0.6343445883578855,253.39997696876526,drone1
1743534936.2615006,0.12498098611831665,0.7721384167671204,1.9997525215148926,-0.0011568378898942336,-0.0022586291145010083,0.7710228141281065,-0.6368026347098894,253.59997391700745,drone1
1743534936.4614937,0.12382670491933823,0.7601060271263123,2.0081512928009033,-0.0033111623212045333,-0.002239754117608366,0.7682529864642432,-0.6401339426896147,253.79996705055237,drone1
1743534936.661511,0.1203489676117897,0.7466369867324829,2.015697479248047,-0.0036805576341156915,-0.0024336422154221933,0.7653166418702696,-0.6436388482700004,253.99998426437378,drone1
1743534936.8615377,0.11496797204017639,0.7328456044197083,2.0215330123901367,-0.0022677403761719285,-0.0020445348440999564,0.7629739251008598,-0.6464221681937431,254.20001101493835,drone1
1743534937.0615308,0.11131227016448975,0.7226341366767883,2.0254435539245605,-0.001421557079932673,-0.0018375800193460722,0.7613414828276236,-0.6483469410082507,254.40000414848328,drone1
1743534937.2614963,0.10736482590436935,0.713275134563446,2.030031681060791,-0.0029736441536052567,-0.0032042896334151948,0.7607552307015493,-0.6490242303271087,254.59996962547302,drone1
1743534937.4614892,0.1052548885345459,0.7010313868522644,2.0341997146606445,-0.00323529651215978,-0.0044125237632017845,0.7610125266749961,-0.6487142507930231,254.79996252059937,drone1
1743534937.6615014,0.10685008764266968,0.6861608028411865,2.0372281074523926,-0.002410808460537877,-0.0033315633303582968,0.7616076717861063,-0.6480254553845217,254.99997472763062,drone1
1743534937.8614905,0.11091801524162292,0.6680048704147339,2.04075288772583,-0.003539342766023513,-0.0027263394425076047,0.7621106312028111,-0.6474314587750334,255.1999638080597,drone1
1743534938.0614815,0.11539685726165771,0.6489282250404358,2.0437755584716797,-0.0034836801146669086,-0.0017316650919357746,0.7620744639384327,-0.6474777412830545,255.3999547958374,drone1
1743534938.2614894,0.12161139398813248,0.628470778465271,2.046013116836548,-0.002868605059521302,-0.0002312650261353461,0.761423679718932,-0.648248138258629,255.59996271133423,drone1
1743534938.461499,0.12673188745975494,0.6110332012176514,2.049128770828247,-0.004066330743145222,-4.540219864998633e-05,0.7606526505406298,-0.6491464509194342,255.7999722957611,drone1
1743534938.6614707,0.12855444848537445,0.5970439314842224,2.052656650543213,-0.003950350518577337,-0.00018972189830214475,0.7603317707778482,-0.6495229645222502,255.9999439716339,drone1
1743534938.8614714,0.12656845152378082,0.5834100246429443,2.0565602779388428,-0.003326332840603644,0.0002690113156077593,0.7610433254845455,-0.6486925557027522,256.19994473457336,drone1
1743534939.0615451,0.12004334479570389,0.5688883066177368,2.059704303741455,-0.002082116219621923,-0.0002003435626713988,0.7631078730537834,-0.6462678211661401,256.400018453598,drone1
1743534939.2614655,0.11454299837350845,0.5557494759559631,2.066565990447998,-0.002388534808047357,-0.002681370185422835,0.7659361952750237,-0.6429066784860251,256.5999388694763,drone1
1743534939.4614801,0.111086905002594,0.5418047904968262,2.0743813514709473,-0.0028336838436700596,-0.004317934340183164,0.7694330982225482,-0.6387066818116418,256.79995346069336,drone1
1743534939.6615016,0.10818824917078018,0.5258001685142517,2.081864595413208,-0.001876853411793965,-0.00327251781818225,0.7723822396534011,-0.6351469168395631,256.9999749660492,drone1
1743534939.8614655,0.10338117182254791,0.5052862763404846,2.090315103530884,-0.0022415902631737184,-0.0029298682203279837,0.7744706844857447,-0.6325991556521479,257.1999387741089,drone1
1743534940.061586,0.09884506464004517,0.4893313944339752,2.0887882709503174,-0.001499621048806526,-0.002403815911475022,0.7751804110728879,-0.6317335700192114,257.40005922317505,drone1
1743534940.2614746,0.08843531459569931,0.46646639704704285,2.1215531826019287,-0.0005367779409364216,-0.0013019450029827814,0.7747489906631743,-0.6322674915645035,257.5999479293823,drone1
1743534940.4615312,0.0792875811457634,0.45249080657958984,2.157647132873535,-0.0018630344315203923,-0.002419602663897479,0.7738367221271559,-0.633377850288523,257.8000044822693,drone1
1743534940.6614842,0.06984656304121017,0.4390071928501129,2.155740976333618,-0.0008407911029386278,-0.002633800685927811,0.7731019550436413,-0.6342758099694717,257.9999575614929,drone1
1743534940.8614988,0.06017988175153732,0.42464256286621094,2.125861406326294,0.0004572281104369016,-0.0022858223105510756,0.7727189771679349,-0.6347440930665642,258.19997215270996,drone1
1743534941.0615244,0.055039115250110626,0.4148092567920685,2.091524362564087,0.0011328403633871992,-0.0020404669838048743,0.7726051121883266,-0.6348827403930969,258.39999771118164,drone1
1743534941.2614903,0.05291204899549484,0.40427425503730774,2.032008171081543,-0.0007136124216203181,-0.0005521660990056637,0.772591277485303,-0.6349030657107912,258.59996366500854,drone1
1743534941.4614813,0.05065920576453209,0.39707663655281067,1.925915002822876,-0.00022560409522666484,0.0002161122051198709,0.7725100394347982,-0.6350025954935496,258.79995465278625,drone1
1743534941.6615636,0.04819565638899803,0.3933883011341095,1.748435616493225,0.0008749886195346135,0.00021675938973509081,0.7723226808880991,-0.6352299092526372,259.00003695487976,drone1
1743534941.8614838,0.045894429087638855,0.3946496844291687,1.5965161323547363,-2.3453115994082785e-05,-0.0009462689008522351,0.7721839914147179,-0.63539827010737,259.1999571323395,drone1
1743534942.061463,0.04514724761247635,0.39797061681747437,1.4630268812179565,-0.0024949095950296284,-0.0031703380729031674,0.7721041494785702,-0.6354833382527332,259.3999364376068,drone1
1743534942.2614648,0.043519873172044754,0.400844007730484,1.3343347311019897,-0.002376373662123842,-0.003264883229383143,0.7720830865910268,-0.6355088687062187,259.5999381542206,drone1
1743534942.4614542,0.04267575591802597,0.4029347002506256,1.2065600156784058,-0.0022042273700820323,-0.003439045984708396,0.7721425610626318,-0.6354362444178784,259.79992747306824,drone1
1743534942.6614523,0.04472675547003746,0.40340855717658997,1.0745681524276733,-0.0023667111266714343,-0.003379513808140949,0.7723159848075419,-0.6352252256840965,259.9999256134033,drone1
1743534942.861535,0.047902338206768036,0.4026440382003784,0.9589818716049194,-0.002637779015039082,-0.002908814737623419,0.7724624293010491,-0.6350484354596614,260.200008392334,drone1
1743534943.0615258,0.05308298394083977,0.4005056619644165,0.8286457061767578,-0.0028177022443913033,-0.002432604431595677,0.7725659577660601,-0.6349237492766979,260.3999991416931,drone1
1743534943.2615,0.06032556667923927,0.3970601558685303,0.6938302516937256,-0.003107776612178516,-0.001878324312111576,0.7725990957257017,-0.6348837835275976,260.5999732017517,drone1
1743534943.461493,0.06821931898593903,0.39129891991615295,0.563269317150116,-0.0035875319250312757,-0.00102658387775195,0.7725656047862038,-0.6349240179628572,260.79996633529663,drone1
1743534943.6615348,0.07231277972459793,0.3848726749420166,0.42293280363082886,-0.0034708652501318827,-0.0002105674661578316,0.7724969106914871,-0.6350090650347961,261.0000081062317,drone1
1743534943.8615024,0.07111799716949463,0.37969687581062317,0.29058289527893066,-0.002833679974721075,-0.00027462145627127864,0.7724108310217597,-0.6351169767720523,261.19997572898865,drone1
1743534944.061628,0.10314105451107025,0.3398320972919464,0.2513425350189209,0.015337978377141296,-0.09793323642928131,0.7794480745125555,-0.6185746074176857,261.40010142326355,drone1
1743534944.2615063,0.14794190227985382,0.31490272283554077,0.19681178033351898,0.04176035664169305,-0.21248810462991008,0.7550782029894577,-0.6188391789908567,261.59997963905334,drone1
1743534944.4614959,0.23309345543384552,0.3155074715614319,0.09127472341060638,0.10127772847005641,-0.2826120785975401,0.6934091923977647,-0.6550243505115287,261.7999691963196,drone1
1743534944.661493,0.3982808291912079,0.2882295846939087,-0.013128474354743958,0.002182619248845129,0.0011325629515132227,0.6850204601600844,-0.7285196798675034,261.99996638298035,drone1
1743534944.8614736,0.46090394258499146,0.2911403775215149,-0.029470771551132202,-0.0027053081548108985,-0.0023927193233281617,0.6580680009818112,-0.7529499030434909,262.1999468803406,drone1
1743534945.0614202,0.4438742995262146,0.2985512316226959,-0.03812436759471893,-0.002593045136167112,-0.0017271191180381258,0.6574508920942708,-0.7534910633100146,262.3998935222626,drone1
1743534945.2614877,0.42678138613700867,0.30440059304237366,-0.05494990944862366,-0.0026721000704688657,-0.0012773253577108641,0.6569471634975806,-0.7539308972843621,262.5999610424042,drone1
1743534945.461495,0.4112967550754547,0.30783402919769287,-0.021269753575325012,-0.0027897542328579783,-0.001096214505077044,0.6563875903266136,-0.7544179778758905,262.79996824264526,drone1
1743534945.6615212,0.40017884969711304,0.30946776270866394,0.02937433123588562,-0.0028713551413866254,-0.001063825969085438,0.6560466750057212,-0.7547142175373615,262.9999945163727,drone1
1743534945.861475,0.38936758041381836,0.3097243309020996,0.07789526879787445,-0.0029265489913716095,-0.0010954536392161335,0.6558686098391187,-0.7548686804687977,263.19994831085205,drone1
1743534946.061509,0.3825482130050659,0.3092747926712036,0.11013893783092499,-0.002925394151258798,-0.0011132907288051626,0.655935201859766,-0.7548107706989439,263.399982213974,drone1
1743534946.2614927,0.37781035900115967,0.30690839886665344,0.12804056704044342,-0.0029083593335166185,-0.0011620242571668367,0.6559467711696823,-0.7548007186755741,263.59996604919434,drone1
1743534946.4614632,0.37327179312705994,0.3026871681213379,0.13564713299274445,-0.0029062150302805634,-0.0011877256852701956,0.6559031017662688,-0.7548385718138928,263.79993653297424,drone1
1743534946.6614594,0.37069326639175415,0.2975933849811554,0.1364370733499527,-0.002895246559909794,-0.0012554165697470406,0.6558774396038817,-0.754860862228399,263.9999327659607,drone1
1743534946.8614364,0.36727216839790344,0.2934918701648712,0.13255511224269867,-0.0028640564102865892,-0.0012995072770093728,0.655948989147585,-0.7547986692850652,264.19990968704224,drone1
1743534947.061531,0.36474141478538513,0.2903474271297455,0.12781016528606415,-0.002813699898984992,-0.001335496322780311,0.6560021626653376,-0.7547526607315594,264.40000438690186,drone1
1743534947.261491,0.3639627993106842,0.28858789801597595,0.12307558953762054,-0.002728987861564508,-0.0013991879487782407,0.6560924675566282,-0.7546743255452458,264.5999643802643,drone1
1743534947.461484,0.3634820580482483,0.28713303804397583,0.1190875917673111,-0.002676606860968277,-0.0014257023089176725,0.6561723621763368,-0.7546049676376652,264.7999572753906,drone1
1743534947.661514,0.36626899242401123,0.2857315242290497,0.1129172295331955,-0.0025950182178310914,-0.001507338367259433,0.6562219374068977,-0.7545620516091689,264.9999873638153,drone1
1743534947.8614917,0.3741462528705597,0.2862677574157715,0.10283313691616058,-0.0024861733230071995,-0.0016123123374654025,0.6562700006192682,-0.754520310424075,265.1999650001526,drone1
1743534948.0615048,0.3794027864933014,0.29344117641448975,0.09286357462406158,-0.002439452965206429,-0.001737504200292886,0.6563392268179474,-0.7544599350635831,265.39997816085815,drone1
1743534948.2614975,0.38500863313674927,0.2984008193016052,0.07979755103588104,-0.0024476124139783985,-0.0018473157561364327,0.6564085478470356,-0.7543994648726821,265.5999708175659,drone1
1743534948.461475,0.38862690329551697,0.29844895005226135,0.06676967442035675,-0.002468345453041282,-0.0019065069712848718,0.6565322119689226,-0.7542915636721381,265.7999482154846,drone1
1743534948.6614919,0.38477709889411926,0.29255375266075134,0.057131603360176086,-0.002495897514689168,-0.0018898811508411813,0.6566162527848535,-0.7542183967431233,265.99996519088745,drone1
1743534948.8614807,0.37611353397369385,0.28408369421958923,0.047389909625053406,-0.0024997244608816666,-0.0018604634943407284,0.6566950568548566,-0.7541498765041567,266.19995403289795,drone1
1743534949.0614893,0.3696926534175873,0.2767029404640198,0.040346428751945496,-0.002499632449866192,-0.0018205262067107274,0.6567538675135975,-0.7540986522781478,266.3999626636505,drone1
1743534949.2615054,0.36444705724716187,0.2699326276779175,0.03777848184108734,-0.0024892132673536276,-0.001799190702320619,0.6568105392197765,-0.7540494827110037,266.599978685379,drone1
1743534949.4614623,0.36134523153305054,0.26685160398483276,0.03739236295223236,-0.002491131195915064,-0.0018030478798219372,0.6568621743775584,-0.7540045067552864,266.7999355792999,drone1
1743534949.66147,0.3607082664966583,0.26717180013656616,0.03885979950428009,-0.0024628268294848714,-0.00180574210888119,0.6568964713755342,-0.7539745930295558,266.9999432563782,drone1
1743534949.8614857,0.35846999287605286,0.2693657875061035,0.04262538254261017,-0.0024709745067737605,-0.0017896099087052644,0.6569609823955361,-0.753918427085559,267.1999590396881,drone1
1743534950.0615292,0.3574172258377075,0.2707761824131012,0.04406444728374481,-0.0024606649101832274,-0.001809272812942676,0.6569956007632318,-0.7538882762838056,267.4000024795532,drone1
1743534950.261504,0.35552722215652466,0.2762613892555237,0.042582735419273376,-0.002444628939823531,-0.0017977648299837415,0.6570696527760654,-0.7538238337524323,267.59997725486755,drone1
1743534950.461521,0.35745498538017273,0.2844834327697754,0.04331029951572418,-0.002450163471345713,-0.0018010515021459881,0.6570779662419343,-0.7538166161046249,267.7999942302704,drone1
1743534950.6615748,0.35953348875045776,0.2893456518650055,0.04461415112018585,-0.00244791215462711,-0.0018077558968275695,0.6571055513542846,-0.7537924870338524,268.000048160553,drone1
1743534950.8614907,0.3627185523509979,0.2941564917564392,0.044517770409584045,-0.002432350233415582,-0.0018115315177074775,0.6571888967472149,-0.7537199312341409,268.19996404647827,drone1
1743534951.0618997,0.3663245141506195,0.2963770627975464,0.04268442094326019,-0.002416519831839955,-0.0018131732485863628,0.6572579280167197,-0.7536597508028234,268.40037298202515,drone1
1743534951.261474,0.36957964301109314,0.29799017310142517,0.04160086810588837,-0.0023937852908016695,-0.001813275590518806,0.6573334762426755,-0.7535938120583282,268.5999472141266,drone1
1743534951.4615047,0.37309959530830383,0.2962900698184967,0.036944225430488586,-0.0023905121393813524,-0.0018322530528209872,0.6574257620358461,-0.7535133273827405,268.799978017807,drone1
1743534951.661543,0.377812922000885,0.29410767555236816,0.03190241754055023,-0.0023639604068410925,-0.00183895559534614,0.6574921907374554,-0.7534554123445305,269.0000162124634,drone1
1743534951.8615508,0.3834591507911682,0.2918383777141571,0.023279830813407898,-0.00231903540600521,-0.0018467255150416376,0.6576055025396769,-0.7533566833518937,269.2000241279602,drone1
1743534952.0615027,0.38612037897109985,0.2881605923175812,0.01757766306400299,-0.00231258251358713,-0.0018602900296014226,0.657696176215892,-0.7532775579121707,269.39997601509094,drone1
1743534952.2615006,0.3895506262779236,0.2818697988986969,0.014400407671928406,-0.0023053543908060593,-0.0018490011979070357,0.6578265311499801,-0.7531637245426988,269.59997391700745,drone1
1743534952.4615095,0.39066174626350403,0.27752596139907837,0.012668684124946594,-0.0023011609645948684,-0.0018379858679786194,0.657918506110143,-0.7530834664064219,269.7999827861786,drone1
1743534952.6615267,0.38987967371940613,0.27762553095817566,0.01042678952217102,-0.0022988590016876985,-0.0017916072330389447,0.6579637191418831,-0.7530439853460793,270.0,drone1
1743534952.8614743,0.38858887553215027,0.27912190556526184,0.004465416073799133,-0.00228141119422095,-0.001761294758608754,0.6580171402723707,-0.7529974762987476,270.1999475955963,drone1
1743534953.0614636,0.3876514136791229,0.27997738122940063,-0.002801075577735901,-0.002267683422361733,-0.0017562856221268468,0.6581045054209778,-0.7529211536244503,270.39993691444397,drone1
1743534953.2614667,0.3875284194946289,0.279572457075119,-0.008952796459197998,-0.0022565572511608176,-0.0017370937212692543,0.6581865600666723,-0.7528494671034894,270.5999400615692,drone1
1743534953.46146,0.38766220211982727,0.2788602411746979,-0.01821720600128174,-0.002228977180791827,-0.0017076395567076398,0.658290473121676,-0.7527587881589182,270.7999334335327,drone1
1743534953.661471,0.388310045003891,0.27867454290390015,-0.023902103304862976,-0.0022126095509542973,-0.0016975811125288386,0.6583471869747034,-0.7527092392701376,270.9999442100525,drone1
1743534953.861554,0.3903215825557709,0.27791595458984375,-0.028821289539337158,-0.002186993466103269,-0.0016717391880706049,0.6584540450407468,-0.7526158681956178,271.20002722740173,drone1
1743534954.0614498,0.39108800888061523,0.2774028778076172,-0.030551239848136902,-0.0022019597543868432,-0.0016582628567363418,0.658529477362869,-0.7525498767675618,271.3999230861664,drone1
1743534954.2614336,0.3905852138996124,0.2748951017856598,-0.028324827551841736,-0.0022534221677125025,-0.0016624303321780148,0.6586063321411287,-0.7524824628833686,271.5999069213867,drone1
1743534954.4614854,0.38887616991996765,0.26940685510635376,-0.024924442172050476,-0.0023194294008366265,-0.0016746140641202031,0.6587060621214177,-0.7523950397828449,271.7999587059021,drone1
1743534954.661472,0.38975316286087036,0.26540181040763855,-0.020747214555740356,-0.002348627329846088,-0.0016749334170475432,0.6588141319093556,-0.7523002883990364,271.9999454021454,drone1
1743534954.8614678,0.39344194531440735,0.2640041410923004,-0.01807849109172821,-0.0022896212686019713,-0.0016728380724797532,0.6589005013386665,-0.7522247928566412,272.1999411582947,drone1
1743534955.0615537,0.3968133330345154,0.2635391354560852,-0.01612137258052826,-0.0022429872007112624,-0.0016736568696778503,0.6589557189785719,-0.7521764872998917,272.40002703666687,drone1
1743534955.2614841,0.4040250778198242,0.26306185126304626,-0.016244202852249146,-0.0021623530355203337,-0.001643423420588618,0.659068588238884,-0.7520780322617703,272.5999574661255,drone1
1743534955.461498,0.4106503129005432,0.2631445825099945,-0.007664710283279419,-0.0021103619550113762,-0.0016625337030862525,0.6591493363322749,-0.752007315118325,272.7999713420868,drone1
1743534955.6616018,0.4135592579841614,0.264125257730484,0.0043019503355026245,-0.002048727848431059,-0.0016137463592905672,0.6592315332235833,-0.7519355706454474,273.0000751018524,drone1
1743534955.8614976,0.41339075565338135,0.2646031081676483,0.01303727924823761,-0.0020074089961618583,-0.0015311933188804725,0.6592927936678938,-0.7518820652212628,273.19997096061707,drone1
1743534956.0614865,0.41163715720176697,0.268209844827652,0.017036035656929016,-0.001973737738945797,-0.0014473463208302556,0.6593515832532104,-0.7518308620686781,273.39995980262756,drone1
1743534956.2614849,0.4097001850605011,0.27337148785591125,0.02439694106578827,-0.0018865245906430261,-0.0013742700651622865,0.6594061423486077,-0.7517832993501335,273.5999581813812,drone1
1743534956.4614882,0.4078458249568939,0.2796178460121155,0.029521286487579346,-0.00181714311951661,-0.001336216914528656,0.659470674442034,-0.7517270280390155,273.79996156692505,drone1
1743534956.6614842,0.40691232681274414,0.28427809476852417,0.03117389976978302,-0.0018003501934040188,-0.0013067296375259994,0.65957445051978,-0.7516359803095197,273.9999575614929,drone1
1743534956.8615084,0.4065995514392853,0.288385808467865,0.030969083309173584,-0.0017617234299244194,-0.0012893834105496076,0.6596653454669498,-0.7515562964240539,274.1999816894531,drone1
1743534957.0614736,0.4023594260215759,0.29359057545661926,0.029893815517425537,-0.0017663164897543768,-0.0012548015509151334,0.6597446711042034,-0.7514867488556548,274.3999469280243,drone1
1743534957.2614722,0.3972194790840149,0.29793208837509155,0.029297754168510437,-0.0018152249645804993,-0.0011954999266640277,0.6598063740904233,-0.7514325480084698,274.59994554519653,drone1
1743534957.4614747,0.3935367465019226,0.30059581995010376,0.030539289116859436,-0.0018434039605999845,-0.0011813801973454654,0.6598772071377019,-0.7513703972119844,274.79994797706604,drone1
1743534957.6615052,0.3904624879360199,0.3041946291923523,0.03062799572944641,-0.0018720945633841088,-0.0011719388505296757,0.6599645880913771,-0.75129346867674,274.9999785423279,drone1
1743534957.861746,0.38774290680885315,0.31004059314727783,0.029469594359397888,-0.0018664985814275258,-0.0011609316083509987,0.6600490345707248,-0.7512193903221259,275.2002193927765,drone1
1743534958.0615115,0.38526514172554016,0.3145619332790375,0.027371004223823547,-0.0018498478597696272,-0.001131474994826995,0.660120162645943,-0.7511570287913981,275.39998483657837,drone1
1743534958.2615306,0.3835351765155792,0.3159673511981964,0.02748870849609375,-0.001858591149406955,-0.0011482196825543765,0.6601948784716407,-0.7510911638038876,275.6000039577484,drone1
1743534958.4615092,0.3829304575920105,0.315974622964859,0.029980510473251343,-0.001907593322768854,-0.0011970959915971872,0.6602762851095395,-0.7510194509411463,275.79998254776,drone1
1743534958.6615057,0.38423407077789307,0.3149693012237549,0.03031867742538452,-0.0018891794922474426,-0.0012599266735485088,0.6603650832509959,-0.7509412738055148,275.99997901916504,drone1
1743534958.8615315,0.38623714447021484,0.3150201439857483,0.02795165777206421,-0.001831913881819861,-0.0013073826049851806,0.6604653453352473,-0.7508532343073315,276.2000048160553,drone1
1743534959.061487,0.3857698142528534,0.3163635730743408,0.025722622871398926,-0.0017915025450416918,-0.0013129276320604586,0.6605487012648896,-0.7507799093276347,276.3999602794647,drone1
1743534959.2614799,0.38369816541671753,0.31840983033180237,0.021757036447525024,-0.0018106566413286231,-0.0012652539487663195,0.6606428099092584,-0.7506971803323639,276.59995317459106,drone1
1743534959.4614758,0.3815455138683319,0.31986504793167114,0.016076326370239258,-0.0018366497840695026,-0.0012544465131072674,0.660714712432818,-0.7506338757659006,276.79994916915894,drone1
1743534959.661482,0.37980911135673523,0.3226677477359772,0.009471029043197632,-0.0018648643826514508,-0.001243889797690114,0.6608106123182484,-0.7505494398232649,276.9999554157257,drone1
1743534959.861484,0.3783065974712372,0.3258762061595917,0.0046338289976119995,-0.001863805196128424,-0.0012441666333376572,0.6608908335760328,-0.7504788280469411,277.19995737075806,drone1
1743534960.0615494,0.3774576783180237,0.32608267664909363,0.0005427300930023193,-0.0018858349299070414,-0.0012679406457227619,0.6609539800918144,-0.7504230993764975,277.40002274513245,drone1
1743534960.2614691,0.37427428364753723,0.3252110183238983,-0.008800595998764038,-0.001982119837500012,-0.001293612583379873,0.6610583989090001,-0.7503308188516828,277.599942445755,drone1
1743534960.461494,0.3719494640827179,0.32245177030563354,0.030316725373268127,-0.0020733660564262804,-0.0013369185319633643,0.6611241848711695,-0.7502725350285485,277.79996728897095,drone1
1743534960.6614842,0.3702395260334015,0.32035738229751587,0.10591684281826019,-0.0021199459796107235,-0.001360721540886336,0.661196577351843,-0.7502085719175771,277.9999575614929,drone1
1743534960.8614678,0.368694007396698,0.31812044978141785,0.16650651395320892,-0.0021373707791787237,-0.0013938429957562953,0.661279727815599,-0.7501351152289786,278.1999411582947,drone1
1743534961.0614734,0.36686304211616516,0.314558207988739,0.21030451357364655,-0.002163688440305428,-0.0014063412650191086,0.6613805957607977,-0.7500461326950599,278.3999466896057,drone1
1743534961.2614691,0.3656798303127289,0.31099119782447815,0.2322857826948166,-0.002197760339536533,-0.0014021722255342288,0.6614729921894457,-0.7499645258596308,278.599942445755,drone1
1743534961.4615605,0.3653578460216522,0.30929431319236755,0.24542419612407684,-0.0022074254680079413,-0.0014134639589403546,0.6615783751157911,-0.7498714498130507,278.8000338077545,drone1
1743534961.6614866,0.366098552942276,0.3087601959705353,0.25113558769226074,-0.002223893237769716,-0.0014378796200509093,0.6616836289674131,-0.7497784185474969,278.9999599456787,drone1
1743534961.8614569,0.36674249172210693,0.3080812096595764,0.24848522245883942,-0.0022250395168039233,-0.0014502002469326944,0.6617569065319052,-0.7497137389401007,279.19993019104004,drone1
1743534962.0615432,0.3683197498321533,0.30684638023376465,0.23845522105693817,-0.002225843970079456,-0.001460659209649444,0.6618521926538543,-0.7496297481735528,279.4000165462494,drone1
1743534962.2615142,0.37377825379371643,0.3042258620262146,0.22818152606487274,-0.002212956398114845,-0.0015283643557307905,0.6619249960663008,-0.7495653741308084,279.59998750686646,drone1
1743534962.461472,0.38311606645584106,0.3017984926700592,0.21637286245822906,-0.0021449187487955156,-0.0016243614999532886,0.6620043612162249,-0.7494951969938597,279.79994535446167,drone1
1743534962.661458,0.39391958713531494,0.3002655804157257,0.2073058933019638,-0.002050318326025659,-0.0017158414095720688,0.6620417270316078,-0.7494622144507219,279.9999313354492,drone1
1743534962.8614607,0.4008575677871704,0.2998583912849426,0.19523204863071442,-0.002004577810424461,-0.0017009961597111106,0.6621144435161792,-0.7493981802169437,280.1999340057373,drone1
1743534963.061476,0.40368255972862244,0.3036614656448364,0.18403474986553192,-0.0019791523536289786,-0.0016310176150906286,0.6622217889051584,-0.7493034788825177,280.3999493122101,drone1
1743534963.2614667,0.40578365325927734,0.3085343837738037,0.1719978302717209,-0.0019724485351738414,-0.0015655041257113648,0.662311764524195,-0.7492241242693058,280.5999400615692,drone1
1743534963.4614656,0.40777143836021423,0.31251275539398193,0.15861304104328156,-0.0019525684553054069,-0.0015425208606442203,0.6623829795272883,-0.7491612543422177,280.79993891716003,drone1
1743534963.6615355,0.4085453450679779,0.31584814190864563,0.1460614651441574,-0.0019432808992117473,-0.0015236032847332343,0.6624527720742444,-0.7490997225775698,281.0000088214874,drone1
1743534963.8615777,0.40835461020469666,0.31894901394844055,0.13631828129291534,-0.0019428204942826038,-0.0014948424234819144,0.662529218554909,-0.7490321269350925,281.20005106925964,drone1
1743534964.061492,0.40558141469955444,0.3239288330078125,0.12576653063297272,-0.0019437025117534676,-0.0013906588095831034,0.6626236143246832,-0.7489487736396281,281.3999652862549,drone1
1743534964.2615008,0.40016457438468933,0.3293212950229645,0.11444102227687836,-0.0019678459058690024,-0.001256649776656303,0.6627305461477114,-0.7488544015774561,281.599974155426,drone1
1743534964.4614997,0.39251232147216797,0.332980751991272,0.10107599198818207,-0.002017639814365624,-0.0011612519902541327,0.6628366113261671,-0.7487605589850685,281.79997301101685,drone1
1743534964.6615047,0.3862655758857727,0.3341754078865051,0.08938677608966827,-0.002109977550234357,-0.0011318579384583876,0.6629296083474064,-0.7486779300885631,281.9999780654907,drone1
1743534964.8615093,0.3828561305999756,0.33248230814933777,0.07867990434169769,-0.0021693413863619515,-0.0011596988953501187,0.6630077327994774,-0.7486085721809822,282.19998264312744,drone1
1743534682.6615267,0.0014798156917095184,0.006156284827739,-0.2395319640636444,-0.002150384976904457,0.0006336560530745235,0.04525366130202618,-0.9989730327749125,0.0,drone2
1743534682.8615305,-0.0010362460743635893,0.006767056416720152,-0.24586956202983856,-0.0021865760312032192,0.0006743388748261084,0.04521821580242846,-0.9989745922083073,0.20000386238098145,drone2
1743534683.061516,-0.0038910049479454756,0.007339300587773323,-0.2516826093196869,-0.0022160780842982735,0.0007067018098999667,0.04519566723847512,-0.9989754772921262,0.39998936653137207,drone2
1743534683.2615197,-0.006158246658742428,0.007671296130865812,-0.25706201791763306,-0.002247316883897005,0.000695730376078911,0.04519170543471518,-0.9989755615858231,0.5999929904937744,drone2
1743534683.461613,-0.007260003127157688,0.007468498777598143,-0.2548324465751648,-0.002293446362637988,0.0006986186699728598,0.04519608870696029,-0.9989753087047321,0.800086259841919,drone2
1743534683.6615193,-0.0074113886803388596,0.006443734746426344,-0.2510368525981903,-0.0023356840902909837,0.0006884039861095399,0.045214380439214,-0.9989743814740649,0.9999926090240479,drone2
1743534683.8615067,-0.00811301451176405,0.0035478053614497185,-0.24909432232379913,-0.002356807810883228,0.0006910458197213759,0.04521227309678849,-0.9989743814740648,1.1999800205230713,drone2
1743534684.0615194,-0.008773238398134708,-0.0006287738215178251,-0.251733660697937,-0.002424174773780209,0.0007200035034625192,0.04520232644053984,-0.9989747186488529,1.3999927043914795,drone2
1743534684.2614768,-0.007380717433989048,-0.0050237420946359634,-0.2256740927696228,-0.0024647584845833427,0.0006927582823963215,0.04522066031964217,-0.9989737492713372,1.5999500751495361,drone2
1743534684.4615083,-0.0050349668599665165,-0.008112604729831219,-0.1774888038635254,-0.002481210243481767,0.0006658590441510053,0.04523309363995287,-0.9989732013623065,1.7999815940856934,drone2
1743534684.6615431,-0.004374303855001926,-0.011142836883664131,-0.1373794972896576,-0.0024799623839572033,0.0006530835276503311,0.045268960608035536,-0.9989715576352147,2.000016450881958,drone2
1743534684.8615007,-0.004635712131857872,-0.016104845330119133,-0.10669457912445068,-0.002510968388072363,0.0006674314837999413,0.045267569762034776,-0.998971515488366,2.1999740600585938,drone2
1743534685.0615072,-0.0063813901506364346,-0.020750699564814568,-0.08654579520225525,-0.0025277589681201446,0.00069880059289319,0.04527422896409944,-0.998971178313578,2.3999805450439453,drone2
1743534685.261499,-0.008720286190509796,-0.02399488352239132,-0.07163769006729126,-0.0025186114556320104,0.0007389253804923232,0.04527418681725093,-0.9989712204604264,2.5999722480773926,drone2
1743534685.461479,-0.00978961493819952,-0.025201812386512756,-0.06435252726078033,-0.0024988184065362086,0.0007224240661196733,0.04528337483022632,-0.9989707989919414,2.799952268600464,drone2
1743534685.6614761,-0.00895035918802023,-0.024309325963258743,-0.062022075057029724,-0.0024746887595372778,0.0006912626455006293,0.04525770739948315,-0.9989721055442453,2.9999494552612305,drone2
1743534685.8615007,-0.006381003651767969,-0.02430826425552368,-0.061872825026512146,-0.0024695604264994256,0.0006387084065397669,0.04520654112539102,-0.9989744657677619,3.1999740600585938,drone2
1743534686.0615373,-0.004028631374239922,-0.02452676370739937,-0.0631328672170639,-0.0024983619528741135,0.0006282509667071917,0.04518959809228962,-0.9989751401173381,3.400010585784912,drone2
1743534686.2614813,-0.001044707023538649,-0.023221533745527267,-0.06682717800140381,-0.0025201067632554487,0.000634187745446656,0.04516401495524347,-0.9989761937885508,3.599954605102539,drone2
1743534686.4614727,0.0025894339196383953,-0.021991904824972153,-0.07372722029685974,-0.002489212382434392,0.0005972662006524144,0.045119381442670414,-0.998978343277825,3.7999460697174072,drone2
1743534686.6614635,0.005081500858068466,-0.021850187331438065,-0.07805019617080688,-0.0024878175851664845,0.0005950143077073674,0.04510901331793671,-0.9989788490400071,3.999936819076538,drone2
1743534686.861467,0.005950985476374626,-0.02352726086974144,-0.08226276934146881,-0.0024747522267642343,0.0006026842109557154,0.04512212098782359,-0.9989783011309764,4.199940204620361,drone2
1743534687.0614963,0.005512165371328592,-0.02543657459318638,-0.08702175319194794,-0.0024668985895981593,0.000605209893779956,0.0451230903653394,-0.9989782589841278,4.399969577789307,drone2
1743534687.2614825,0.005179242696613073,-0.026781264692544937,-0.0918429046869278,-0.0024577951995920604,0.0006338157501177094,0.045097212200353676,-0.9989794390958862,4.599955797195435,drone2
1743534687.461577,0.0056907604448497295,-0.02558324858546257,-0.09672999382019043,-0.0024207765194828915,0.0006536510283800854,0.045098560899506035,-0.9989794390958862,4.800050258636475,drone2
1743534687.6617792,0.006057872902601957,-0.023970581591129303,-0.10138337314128876,-0.0023818176026170782,0.0006670050762310225,0.04508751842519626,-0.9989800291517653,5.0002524852752686,drone2
1743534687.8615212,0.005473610013723373,-0.02164558880031109,-0.10485836863517761,-0.002354359424720612,0.0006812673392765313,0.045078035384281234,-0.998980492767099,5.1999945640563965,drone2
1743534688.0615072,0.0034269834868609905,-0.0190809965133667,-0.10770590603351593,-0.0023467943123670967,0.0007141304389042024,0.04507521154543098,-0.9989806192076445,5.399980545043945,drone2
1743534688.261523,0.0031315640080720186,-0.01962517760694027,-0.11031228303909302,-0.002336203187999401,0.0006975924929932958,0.04508456814580042,-0.9989801977391592,5.599996328353882,drone2
1743534688.4615064,0.004477300681173801,-0.021895049139857292,-0.11323361098766327,-0.002362572874142236,0.0006334404620662227,0.04506863663706334,-0.9989809563824326,5.7999796867370605,drone2
1743534688.6615145,0.007132054306566715,-0.02304164506494999,-0.118290975689888,-0.0023709440449735217,0.0005800874086171773,0.04506813087488121,-0.9989809563824326,5.999987840652466,drone2
1743534688.861503,0.009559262543916702,-0.0221774373203516,-0.12561525404453278,-0.0023469340061208527,0.0005621313694263933,0.04508507390798261,-0.9989802820328564,6.199976205825806,drone2
1743534689.0615532,0.010883701965212822,-0.019880954176187515,-0.13495653867721558,-0.002331071068330628,0.0005823914088964183,0.04508890927119702,-0.9989801555923108,6.400026559829712,drone2
1743534689.261508,0.010137874633073807,-0.014742160215973854,-0.1200009137392044,-0.0022816638489372883,0.0006078648159638882,0.045090805879380025,-0.9989801134454623,6.599981307983398,drone2
1743534689.4615319,0.0077390242367982864,-0.010058971121907234,-0.07357403635978699,-0.0022308740153494386,0.0006540593259750346,0.045073062056156965,-0.998980998529281,6.800005197525024,drone2
1743534689.661528,0.0050283679738640785,-0.007714958395808935,-0.02930387854576111,-0.0022369029903200202,0.000716736958066798,0.045039260283651295,-0.9989825158158274,7.000001430511475,drone2
1743534689.8615015,0.0018577653681859374,-0.007374140899628401,0.0056160688400268555,-0.0022851270521867056,0.000733961683581467,0.045022401544246915,-0.9989831058717067,7.199974775314331,drone2
1743534690.061507,-0.0031852067913860083,-0.008519979193806648,0.029903709888458252,-0.0023172509356041665,0.0007748209952611912,0.04499917863071745,-0.9989840752492224,7.399980306625366,drone2
1743534690.261518,-0.009427385404706001,-0.009077818132936954,0.043942540884017944,-0.002334167791561353,0.0008514378743172978,0.04493764423189145,-0.99898668835383,7.599991321563721,drone2
1743534690.461495,-0.01340880710631609,-0.010131578892469406,0.0497361421585083,-0.002343869469252955,0.0008919640447940463,0.04491307261920957,-0.9989877420250428,7.799968242645264,drone2
1743534690.6615136,-0.015513112768530846,-0.010386484675109386,0.052059173583984375,-0.0023199293184361955,0.0008867632718603163,0.0448922942228937,-0.9989887956962555,7.999986886978149,drone2
1743534690.8614824,-0.015723541378974915,-0.010097472928464413,0.053456127643585205,-0.0022791989991619724,0.0008421942966490618,0.04493414604346507,-0.9989870676754666,8.199955701828003,drone2
1743534691.0614703,-0.01431953813880682,-0.00887677539139986,0.05468738079071045,-0.002263330628379557,0.0008239997820283249,0.045000400889324166,-0.9989841173960708,8.399943590164185,drone2
1743534691.2614772,-0.010170054621994495,-0.008658700622618198,0.05377832055091858,-0.0022395163418818865,0.000759438383371477,0.04505106140123433,-0.9989819257599484,8.599950551986694,drone2
1743534691.4614987,-0.005363423842936754,-0.007878050208091736,0.05092611908912659,-0.0022073287442832784,0.0007025041648880214,0.04512089872921682,-0.9989788490400071,8.79997205734253,drone2
1743534691.6614876,0.00033409707248210907,-0.008149366825819016,0.04629737138748169,-0.0021974030791408992,0.000660342910716015,0.045195035035747455,-0.9989756037326717,8.999960899353027,drone2
1743534691.8614933,0.006399668753147125,-0.008565563708543777,0.03981158137321472,-0.002190802405219325,0.0006103597941504442,0.04526811767106542,-0.9989723162784878,9.199966669082642,drone2
1743534692.0614862,0.01279211975634098,-0.007834714837372303,0.03972092270851135,0.005132315791559172,-0.00431186638760945,0.036993679784012634,-0.9992930537956557,9.399959564208984,drone2
1743534692.2614594,0.02328174002468586,0.00021360802929848433,0.10044002532958984,0.007255404962947472,-0.003969579688938112,0.009346738006867028,-0.9999220955096808,9.599932670593262,drone2
1743534692.4614537,0.03919241577386856,0.016878893598914146,0.25588899850845337,-0.001428028535074002,-0.0006892198815957772,-0.022271026955883955,-0.9997507685704841,9.799926996231079,drone2
1743534692.6614585,0.05578921362757683,0.03528331592679024,0.4514543414115906,-0.005915236760791272,0.0003544954964639242,-0.04538482229459195,-0.998952043644354,9.999931812286377,drone2
1743534692.8614664,0.07018814980983734,0.05138206109404564,0.6303743124008179,-0.007490513090195147,0.00039750339191900577,-0.053724461356291,-0.9985276670266979,10.199939727783203,drone2
1743534693.0614655,0.07955868542194366,0.05985022336244583,0.7535181641578674,-0.008412682184346461,-0.00044241744445231443,-0.04979119101270879,-0.9987241134876071,10.399938821792603,drone2
1743534693.2614763,0.09034242480993271,0.06392393261194229,0.9052730202674866,-0.006412346985176125,-0.0014027007898198905,-0.03141647161426292,-0.9994848219563803,10.599949598312378,drone2
1743534693.4614756,0.09917277097702026,0.06267400085926056,0.9999975562095642,-0.0035050339142465594,-0.0016457749183904405,-0.01667649643139646,-0.9998534804403052,10.799948930740356,drone2
1743534693.6614761,0.11278834193944931,0.05966439098119736,1.0996708869934082,-0.0013414282781956874,-0.0013745737442157925,-0.003030906316963844,-0.9999936187116039,10.99994945526123,drone2
1743534693.861482,0.12941429018974304,0.056437522172927856,1.1884751319885254,-0.0004900148600606258,-0.0009035321610982461,0.002308298599244696,-0.9999968640189392,11.199955224990845,drone2
1743534694.0614643,0.14106221497058868,0.05542459338903427,1.2432119846343994,-0.0006219434479891294,-0.0001302171953883224,0.0015793688542488638,-0.9999985920397281,11.399937629699707,drone2
1743534694.2614858,0.1558624505996704,0.052962176501750946,1.3158988952636719,-0.0016369620905689738,0.0010258906156007407,-0.003983973002340657,-0.9999902048168745,11.599959135055542,drone2
1743534694.4614553,0.1700521856546402,0.054184574633836746,1.4027867317199707,-0.0025575037771844505,0.0010952397768872347,-0.010071537360708649,-0.9999454027169074,11.799928665161133,drone2
1743534694.661565,0.18181772530078888,0.05710595101118088,1.4692630767822266,-0.004474629161275074,0.0004734207320715053,-0.012823642274773062,-0.9999077234343385,12.000038385391235,drone2
1743534694.861533,0.19303350150585175,0.06019413098692894,1.5159287452697754,-0.005125868270394614,-8.85345590170073e-05,-0.010637316655118911,-0.9999303141451404,12.200006246566772,drone2
1743534695.061531,0.20544329285621643,0.06210711970925331,1.5525803565979004,-0.0035317015917792566,-0.0007004791405258542,-0.005109715326066688,-0.9999805110417168,12.400004386901855,drone2
1743534695.2615306,0.2193799763917923,0.06543169915676117,1.5569000244140625,-0.002851223188823347,-0.0005262428340108647,-0.01863636703400151,-0.9998221653318615,12.600003957748413,drone2
1743534695.4615474,0.23244652152061462,0.068466417491436,1.4896116256713867,-0.004080227513988731,-0.00070332125398618,-0.010104369755698672,-0.9999403872419346,12.800020694732666,drone2
1743534695.6615758,0.24595338106155396,0.06715463846921921,1.4228630065917969,-0.003131039985036158,-0.0007894137653315233,-1.913466922381928e-05,-0.9999948409702106,13.000049114227295,drone2
1743534695.8615196,0.26322633028030396,0.06149471178650856,1.3828206062316895,-0.0016998186203922346,-0.00021014533912814585,0.009410084720178846,-0.9999542535550946,13.199992895126343,drone2
1743534696.0615125,0.28120365738868713,0.05405919626355171,1.3700141906738281,-0.0006622900416103582,-7.673412055798302e-05,0.01545516505524791,-0.999880370129655,13.399985790252686,drone2
1743534696.2615206,0.29767224192619324,0.04570159316062927,1.3678703308105469,0.00045920670741120414,0.00011333777357063228,0.018065487970921557,-0.9998367059945978,13.59999394416809,drone2
1743534696.4615128,0.313642293214798,0.039617542177438736,1.3588135242462158,0.0029455039602630058,-0.0008059906476864661,0.01632022912093395,-0.9998622048379469,13.799986124038696,drone2
1743534696.661497,0.3317655026912689,0.03971888870000839,1.3439605236053467,0.004020352894277256,-0.0016647123535342477,0.008378119134389683,-0.9999554758137015,13.999970436096191,drone2
1743534696.8615096,0.3508220314979553,0.04569622129201889,1.3315174579620361,0.0004693064340988508,-0.0006439509558906019,-0.005880581185330913,-0.9999824497967484,14.19998288154602,drone2
1743534697.0614827,0.3692793846130371,0.05340546369552612,1.3246605396270752,-0.003657853859453568,0.0007177875011931616,-0.023565567407896115,-0.9997153230708864,14.399955987930298,drone2
1743534697.2614846,0.3869820833206177,0.05935684219002724,1.3225157260894775,-0.005461459752848447,0.0014502328860449404,-0.03954213112607219,-0.9992019323091752,14.599957942962646,drone2
1743534697.4615023,0.4026271104812622,0.06459586322307587,1.3225510120391846,-0.0056075487969574275,0.0015950440245361824,-0.0494865957385206,-0.9987577888195673,14.799975633621216,drone2
1743534697.6614728,0.4165849983692169,0.06947042047977448,1.3220086097717285,-0.004785622359994482,0.0012973809191112315,-0.05200170892340822,-0.9986347621687641,14.999946117401123,drone2
1743534697.8614805,0.43045470118522644,0.0731477364897728,1.3227765560150146,-0.0035199294501545545,0.0006627126008099331,-0.04846200585122079,-0.9988186488688171,15.19995379447937,drone2
1743534698.061483,0.4453657865524292,0.07538250833749771,1.3282389640808105,-0.001702144846548617,-0.0001981087095654251,-0.04268004829140526,-0.9990873771749226,15.399956226348877,drone2
1743534698.2614648,0.462336003780365,0.07893618941307068,1.3354084491729736,-0.0009227901427813095,-0.0001701523839077017,-0.038793223774882146,-0.9992468187028394,15.599938154220581,drone2
1743534698.461469,0.47868916392326355,0.08441465348005295,1.3452894687652588,-0.0011150358305922281,8.238980369024185e-05,-0.03921275350495956,-0.999230297138223,15.799942255020142,drone2
1743534698.6614525,0.4912967085838318,0.09194382280111313,1.3591485023498535,-0.0018029539343319126,0.003613182151299195,-0.04372495295968737,-0.9990354522575571,15.9999258518219,drone2
1743534698.8616173,0.4997941255569458,0.10020400583744049,1.375108242034912,-0.002919824644849329,0.0031725997719875844,-0.04968847914288782,-0.9987555128897478,16.200090646743774,drone2
1743534699.0614562,0.5039594769477844,0.10536312311887741,1.3855836391448975,-0.003368011422810259,0.0020089419231403846,-0.05302031395821949,-0.9985857875307944,16.399929523468018,drone2
1743534699.2615092,0.5093540549278259,0.11268037557601929,1.4013910293579102,-0.0036304959449584406,0.0005085237885250184,-0.055920986513284754,-0.9984284533453033,16.599982500076294,drone2
1743534699.461471,0.5182448029518127,0.1200852170586586,1.4186217784881592,-0.003643897819604269,-0.0005328028428090689,-0.05883818063296625,-0.9982607510350784,16.799944400787354,drone2
1743534699.6614552,0.527930736541748,0.12331776320934296,1.4344768524169922,-0.00310693099987116,-0.00029850340821707195,-0.06081866104449318,-0.9981440042647032,16.99992847442627,drone2
1743534699.8614562,0.5377772450447083,0.12515294551849365,1.452666997909546,-0.002431598381382565,0.0004022137961484797,-0.06229042899449366,-0.9980550744143453,17.1999294757843,drone2
1743534700.0614643,0.5486469864845276,0.12959915399551392,1.4733176231384277,-0.002022911751265188,0.000665984579197846,-0.06280272393814357,-0.9980237593059016,17.399937629699707,drone2
1743534700.261553,0.5618934035301208,0.134799525141716,1.4946153163909912,-0.002279186198703092,0.0012462623483368036,-0.06286408974957541,-0.9980187859777774,17.60002636909485,drone2
1743534700.4614606,0.5751933455467224,0.1374218761920929,1.5158016681671143,-0.0023759495594606276,0.0015534613840325032,-0.06289797581577816,-0.9980159199920786,17.799933910369873,drone2
1743534700.6614664,0.5852113366127014,0.13836462795734406,1.5383844375610352,-0.002335575595083287,0.0014860615762281862,-0.06267695774218707,-0.9980299970394813,17.999939680099487,drone2
1743534700.861458,0.5931776762008667,0.13900285959243774,1.5598030090332031,-0.002328182733277641,0.0012687132830668233,-0.06210279122492307,-0.9980662854760491,18.199931383132935,drone2
1743534701.0614583,0.6006942987442017,0.13899938762187958,1.5807983875274658,-0.002069646597045134,0.0006416522651265831,-0.06151804584868298,-0.9981036275838298,18.39993166923523,drone2
1743534701.261485,0.6082889437675476,0.138480082154274,1.5981485843658447,-0.0018366422725461492,0.00021938916375069812,-0.06128392010520495,-0.9981186740087482,18.599958419799805,drone2
1743534701.4614549,0.6183014512062073,0.13810047507286072,1.6179256439208984,-0.0015442345580900588,-0.0002041885982582792,-0.06135717132791685,-0.9981146279112911,18.799928188323975,drone2
1743534701.661573,0.6303863525390625,0.13606899976730347,1.6413912773132324,-0.0013864575837353366,4.826460351302318e-05,-0.061569422857017775,-0.9981018995630409,19.000046253204346,drone2
1743534701.8614988,0.6420521140098572,0.134137824177742,1.6606531143188477,-0.0012591204504345515,0.0008016253413588166,-0.06168233426417846,-0.9980946924519456,19.19997215270996,drone2
1743534702.061505,0.6556214094161987,0.1333540976047516,1.681199550628662,-0.0010339078804974067,0.0014032341285534213,-0.0615098272132234,-0.9981050184298306,19.399978399276733,drone2
1743534702.261509,0.6668183207511902,0.13303333520889282,1.7009038925170898,-0.0011728399246321798,0.0017522079968515525,-0.06109885329339365,-0.9981295057488155,19.599982261657715,drone2
1743534702.4614933,0.6757190227508545,0.13494564592838287,1.7174530029296875,-0.0016806007378958464,-0.0018622854091707936,-0.061061932654098094,-0.9981308544479679,19.79996657371521,drone2
1743534702.6615183,0.6861420273780823,0.13909494876861572,1.7335667610168457,-0.002397634956779634,-0.0026595976647233017,-0.062205798122683786,-0.9980569288756798,19.99999165534973,drone2
1743534702.861514,0.6988988518714905,0.143079936504364,1.7476446628570557,-0.0029717286842958954,-0.0018873291262365627,-0.06431756596732208,-0.9979233655127486,20.199987411499023,drone2
1743534703.0615907,0.7128368616104126,0.1466548889875412,1.763213872909546,-0.003377802786032041,-0.0012954378012222346,-0.06693024910651246,-0.9977511534897332,20.40006399154663,drone2
1743534703.2615097,0.7262341380119324,0.149357870221138,1.7811470031738281,-0.0034070084117804396,-0.0008246138747818942,-0.06917570675462725,-0.9975983711638812,20.599982976913452,drone2
1743534703.461536,0.7403531074523926,0.15200281143188477,1.800795078277588,-0.0031795384130084772,-0.0005420562986449239,-0.07052204568345932,-0.9975049737475812,20.80000925064087,drone2
1743534703.6614869,0.757597029209137,0.15350773930549622,1.8167529106140137,-0.0029948279560940236,-5.825451790383162e-05,-0.07001657852926824,-0.9975414307715429,20.99996018409729,drone2
1743534703.8615298,0.7720934748649597,0.15293870866298676,1.8318402767181396,-0.00253216693578432,9.281485136483227e-05,-0.06778279555819072,-0.9976968683488512,21.200003147125244,drone2
1743534704.0615106,0.7844656109809875,0.15175685286521912,1.8415718078613281,-0.0018981058778374462,-0.00033056975130814744,-0.06488085859767012,-0.9978911231736378,21.399983882904053,drone2
1743534704.2614782,0.7943808436393738,0.15172334015369415,1.8795950412750244,-0.0014896181281614804,-0.0004197177445344032,-0.062051582803982375,-0.9980718067132042,21.59995150566101,drone2
1743534704.4614701,0.8067812919616699,0.15766532719135284,1.9319443702697754,-0.001868922848397478,-0.0010617365308386454,-0.06055237725560142,-0.998162717465442,21.799943447113037,drone2
1743534704.661516,0.8256092667579651,0.16567517817020416,1.952467918395996,-0.002959857843313063,-0.0008965405998521486,-0.06017882973724936,-0.9981828215121817,21.99998927116394,drone2
1743534704.8616543,0.8467431664466858,0.1708584874868393,1.9407463073730469,-0.0037846208784260804,8.198335825172264e-05,-0.06003034638994542,-0.998189438567398,22.200127601623535,drone2
1743534705.0615373,0.8677314519882202,0.17304246127605438,1.9160313606262207,-0.0038304969821676173,0.001110060979583897,-0.05960027994774031,-0.9982143895017164,22.400010585784912,drone2
1743534705.2615643,0.8852986693382263,0.1728978157043457,1.8975255489349365,-0.0035643616950623382,0.0016663111349636281,-0.058572065431468534,-0.9982754181383602,22.600037574768066,drone2
1743534705.4615345,0.898345947265625,0.17103655636310577,1.890871286392212,-0.0029404439512177327,0.0011403703259276737,-0.05584571224184437,-0.9984344381977918,22.800007820129395,drone2
1743534705.6615405,0.9089676737785339,0.1657210886478424,1.8887856006622314,-0.0017212511983587192,9.666009274694253e-05,-0.05122317233771495,-0.9986857598554623,23.000013828277588,drone2
1743534705.8615587,0.9192521572113037,0.1610705703496933,1.8865888118743896,-0.00024816047939595315,-0.0010611808427510043,-0.04634905789482413,-0.9989247324865191,23.200031995773315,drone2
1743534706.0615826,0.9308568835258484,0.1602858006954193,1.881749153137207,-9.248508520233106e-05,-0.0018187259929800359,-0.04280577234051325,-0.9990817716440706,23.40005588531494,drone2
1743534706.261608,0.9426398277282715,0.16512653231620789,1.8760616779327393,-0.0011249504856936144,-0.0014149009236362304,-0.04152535108275229,-0.9991358039038616,23.600081205368042,drone2
1743534706.461571,0.9570698738098145,0.1742711365222931,1.8748841285705566,-0.003034033744832269,-0.0011550021147600955,-0.04249085108843992,-0.9990916340066222,23.800044298171997,drone2
1743534706.661555,0.9723702669143677,0.18522100150585175,1.8763206005096436,-0.004911602912188338,-0.00047111796656309037,-0.04442910035775888,-0.9990004282264446,24.000028371810913,drone2
1743534706.8615334,0.9876939058303833,0.19283974170684814,1.879075050354004,-0.005962643404287424,0.00019323111734911573,-0.04539118646871704,-0.9989514957353235,24.20000672340393,drone2
1743534707.0615578,1.0037339925765991,0.19536137580871582,1.8787546157836914,-0.005669931895017996,0.0003155646500577637,-0.04361709917434803,-0.9990322069502218,24.400031089782715,drone2
1743534707.2615821,1.0183801651000977,0.19425435364246368,1.8765316009521484,-0.004561734349437565,0.0007345696847984673,-0.03875250991922058,-0.9992382207457431,24.6000554561615,drone2
1743534707.4616168,1.0322272777557373,0.19068601727485657,1.8731567859649658,-0.0030742642288249336,0.0001678356654877771,-0.030798851696184237,-0.9995208996587057,24.800090074539185,drone2
1743534707.6615732,1.0461516380310059,0.1857454627752304,1.8693909645080566,-0.0018982057296484714,-5.227880272033609e-05,-0.020776584001384657,-0.9997823787068671,25.000046491622925,drone2
1743534707.861595,1.060530185699463,0.1825423538684845,1.867358684539795,-0.0013030763001293617,2.279399525970905e-05,-0.010170034545678663,-0.9999474679124845,25.20006823539734,drone2
1743534708.0615444,1.0760416984558105,0.1833912432193756,1.869443655014038,-0.0016217815077865993,-1.881980263100524e-05,-0.0005871898934537434,-0.9999985498928796,25.400017738342285,drone2
1743534708.2615483,1.0904507637023926,0.18501552939414978,1.8750653266906738,-0.0023783200727351796,0.0005186109617079767,0.006758668627207032,-0.9999742733081373,25.600021600723267,drone2
1743534708.4615562,1.1007461547851562,0.18589359521865845,1.8816337585449219,-0.003419051791424369,0.0003117144695918389,0.012678741409592742,-0.9999137925805242,25.800029516220093,drone2
1743534708.6615918,1.110621690750122,0.18246696889400482,1.889932632446289,-0.003832833745036135,-0.0004189209056797488,0.01745528589818085,-0.9998402463298728,26.000065088272095,drone2
1743534708.8615468,1.123247742652893,0.17620162665843964,1.8993957042694092,-0.0033479461067194433,-0.0005283479538486978,0.022284345360013558,-0.9997459638297537,26.20002007484436,drone2
1743534709.0615306,1.1352543830871582,0.170601025223732,1.905423879623413,-0.0025539618778663317,-0.0004331311437091274,0.02645469172646958,-0.9996466658546621,26.400003910064697,drone2
1743534709.261578,1.1507023572921753,0.1632392853498459,1.9191272258758545,-0.001551290821334068,-0.00015147495036745907,0.035296089019690835,-0.9993757459124342,26.600051403045654,drone2
1743534709.4615455,1.164823055267334,0.1577937752008438,1.9436891078948975,-0.0010726666409918316,1.088207756318717e-05,0.04373034775629697,-0.9990427858091981,26.800018787384033,drone2
1743534709.6615376,1.1779752969741821,0.1547987163066864,1.9561867713928223,-0.0013118934290696506,5.2793372935381796e-05,0.05102853819129183,-0.998696380861287,27.00001096725464,drone2
1743534709.861519,1.1916844844818115,0.15445418655872345,1.9521996974945068,-0.0021301754807254206,0.00012839625808532166,0.055392802207746394,-0.998462423705203,27.199992418289185,drone2
1743534710.061496,1.2070765495300293,0.15507404506206512,1.9406073093414307,-0.0029757802147451396,0.00013704014866097578,0.057529352399309175,-0.9983393970543997,27.399969339370728,drone2
1743534710.2615414,1.2222577333450317,0.15414918959140778,1.9300034046173096,-0.003471318493389436,0.00033316556912261146,0.05784831974883958,-0.9983193351545085,27.600014686584473,drone2
1743534710.461531,1.2402734756469727,0.15196052193641663,1.925694227218628,-0.00358191742151034,0.0005052139438278905,0.057558475871630155,-0.9983355616911852,27.800004243850708,drone2
1743534710.661506,1.2578455209732056,0.15075354278087616,1.923905611038208,-0.0033789694799460034,0.0009292586550520592,0.05801024794081838,-0.9983098942604421,27.999979257583618,drone2
1743534710.8615096,1.27375066280365,0.1503594070672989,1.922663688659668,-0.0031127854605471346,0.0012893491456557398,0.05947076268226653,-0.9982243783048135,28.19998288154602,drone2
1743534711.0614805,1.2871060371398926,0.15169170498847961,1.920581579208374,-0.0028655262816283554,0.0009421191237942629,0.06147075708465388,-0.9981043862271031,28.399953842163086,drone2
1743534711.2615967,1.296242117881775,0.15232141315937042,1.9179561138153076,-0.002830644496129527,0.0005537711468975515,0.06265175392677763,-0.9980312614449366,28.600069999694824,drone2
1743534711.4614806,1.3062914609909058,0.15067318081855774,1.9161574840545654,-0.002545540739970505,-0.0006935670573700719,0.06298500905795329,-0.9980110731045,28.799953937530518,drone2
1743534711.6615083,1.3151705265045166,0.14666998386383057,1.9186427593231201,-0.00198998746873683,-0.0014977175876446829,0.06190449030267947,-0.998079055971148,28.99998164176941,drone2
1743534711.8615205,1.3257298469543457,0.14161799848079681,1.9237432479858398,-0.0014885510082350915,-0.0014166773577362782,0.06032760811249288,-0.9981764994849052,29.19999384880066,drone2
1743534712.0614905,1.3365205526351929,0.1377837210893631,1.929093837738037,-0.0009531528723892714,-0.001478977612955693,0.05842181191652729,-0.9982904645632786,29.399963855743408,drone2
1743534712.2615066,1.3489680290222168,0.1364874243736267,1.9348578453063965,-0.0010383297965715903,-0.0010442110196217317,0.05588916564265917,-0.9984359133374897,29.599979877471924,drone2
1743534712.4615016,1.3616766929626465,0.13841736316680908,1.9386324882507324,-0.0014615267597205953,-0.0008254435585438967,0.052022529466572764,-0.9986445402376185,29.79997491836548,drone2
1743534712.6614966,1.3745852708816528,0.14235934615135193,1.9413502216339111,-0.0026360660790352053,-0.000762949495733733,0.04660657513922589,-0.9989095596210551,29.999969959259033,drone2
1743534712.86152,1.3882455825805664,0.1454831063747406,1.9454987049102783,-0.0034672658104873094,-0.00042948955721611095,0.040591587653993566,-0.9991697321169128,30.1999933719635,drone2
1743534713.061487,1.401970386505127,0.14451110363006592,1.9495575428009033,-0.003705908016837198,-0.0003883491293495413,0.03482058827479095,-0.99938661979935,30.39996027946472,drone2
1743534713.2614732,1.4142507314682007,0.13996349275112152,1.9537866115570068,-0.0030057169072154606,-0.00035950216340380236,0.03039377833514617,-0.9995334172727134,30.59994649887085,drone2
1743534713.4614582,1.42650306224823,0.13452526926994324,1.958481788635254,-0.0017068200186469177,-0.0007951678802880879,0.027849668118483106,-0.9996104195649427,30.799931526184082,drone2
1743534713.661456,1.4404352903366089,0.13065262138843536,1.9633009433746338,-0.0008134046652344312,-0.0008667669383065884,0.02665590078126051,-0.9996439684563574,30.999929428100586,drone2
1743534713.861452,1.4567660093307495,0.1299414485692978,1.9702630043029785,-0.0007547813109572739,-0.000482862048017899,0.02562899281729264,-0.999671153173647,31.199925422668457,drone2
1743534714.0615337,1.462515950202942,0.1305261254310608,1.9728379249572754,-0.0009220246053702993,-0.0005605438038331716,0.02517439690925405,-0.999682532822745,31.400007009506226,drone2
1743534714.2614644,1.4839838743209839,0.1343885362148285,1.9850893020629883,-0.001827326584254294,-0.00011834859757272104,0.02167448046206094,-0.9997634126250374,31.599937677383423,drone2
1743534714.4615316,1.5026339292526245,0.13825632631778717,2.011626720428467,-0.003326635112532741,-1.844994757171011e-05,0.017146939554475216,-0.9998474112941196,31.800004959106445,drone2
1743534714.6615245,1.5180739164352417,0.14211153984069824,2.0268988609313965,-0.0035658216059184776,0.00020769670601146085,0.011846762619987738,-0.9999234863556816,31.999997854232788,drone2
1743534714.8615193,1.5324325561523438,0.14593233168125153,2.030447244644165,-0.0038671198770274928,4.8855770686029086e-05,0.007184773265652145,-0.9999667711691023,32.199992656707764,drone2
1743534715.0614574,1.547200322151184,0.1466270387172699,2.027425527572632,-0.003606719195497728,-0.00014176586405014057,0.0041709785691837475,-0.9999847678734166,32.39993071556091,drone2
1743534715.261497,1.5611944198608398,0.1432916522026062,2.0221009254455566,-0.002657194985665447,-5.553011927375878e-06,0.0030424967003044867,-0.9999918906908148,32.59997034072876,drone2
1743534715.461547,1.575722336769104,0.13800488412380219,2.0209107398986816,-0.0015318303372147955,-0.0005041783825889687,0.0029948707614871894,-0.9999942509143314,32.80002021789551,drone2
1743534715.6615033,1.590250015258789,0.13344134390354156,2.023409128189087,-0.0007649825795486817,-0.0007308074277415555,0.0033953079691891874,-0.9999937030053008,32.99997663497925,drone2
1743534715.861536,1.6075167655944824,0.1299375742673874,2.026803970336914,-0.0001632818302149524,-0.0007585357658051033,0.003312615852410772,-0.9999942087674829,33.2000093460083,drone2
1743534716.0615065,1.6280324459075928,0.12940333783626556,2.0323543548583984,-0.00038883398788842053,-0.0003488661705466198,0.0019453720867174118,-0.9999980019838489,33.39997982978821,drone2
1743534716.2614753,1.650187373161316,0.13149172067642212,2.038332223892212,-0.0013095872062026922,0.000866830282056571,-0.0009913781706731295,-0.9999982970117884,33.59994864463806,drone2
1743534716.461491,1.6703306436538696,0.1349654346704483,2.042905569076538,-0.0022348217427206013,0.0012786952949236632,-0.005280662943626835,-0.9999827869715365,33.799964427948,drone2
1743534716.6614866,1.6878429651260376,0.14061339199543,2.0449535846710205,-0.003309803044180955,0.0015277578979775532,-0.010274347995743172,-0.9999405979761771,33.99995994567871,drone2
1743534716.8614876,1.70204758644104,0.14738358557224274,2.0467112064361572,-0.00423000638297594,0.001343542913487294,-0.014261102690085625,-0.9998885044714176,34.19996094703674,drone2
1743534717.0614896,1.7148970365524292,0.15297654271125793,2.050039768218994,-0.004407160288615482,0.0001712778776310019,-0.016071815595810668,-0.9998611090198855,34.39996290206909,drone2
1743534717.261526,1.724390983581543,0.15732769668102264,2.055678367614746,-0.004181949262142028,-0.0002570213603869893,-0.01562682916923258,-0.9998691169211027,34.59999942779541,drone2
1743534717.461498,1.7331682443618774,0.16005246341228485,2.061673402786255,-0.0038968543140158003,-0.0012016071449539075,-0.013206757127737112,-0.9999045202738517,34.79997134208679,drone2
1743534717.661489,1.7427833080291748,0.16090995073318481,2.0687808990478516,-0.0031066863505864483,-0.0016174126412025777,-0.00918459908064545,-0.999951724744184,34.9999623298645,drone2
1743534717.8614638,1.753688931465149,0.1598842442035675,2.076744556427002,-0.002565148079515051,-0.001478517043390419,-0.004411805661574786,-0.9999859479851747,35.19993710517883,drone2
1743534718.0614777,1.7668116092681885,0.15692804753780365,2.0858981609344482,-0.00207870228373344,-0.0012171173910010761,0.00010549356182282248,-0.9999971590468787,35.39995098114014,drone2
1743534718.2614572,1.7826519012451172,0.15101754665374756,2.096351146697998,-0.0014936675183410699,-0.0004403904444567467,0.003559301356745148,-0.999992480746694,35.59993052482605,drone2
1743534718.4614954,1.8017725944519043,0.14338505268096924,2.105457067489624,-0.0006946481816570172,0.00014716654640119738,0.00578309552472539,-0.999983081999476,35.79996871948242,drone2
1743534718.661511,1.8230191469192505,0.13603757321834564,2.1131391525268555,-0.0002504136482709873,0.0009262553216643753,0.00688780657104443,-0.9999758748883807,35.99998426437378,drone2
1743534718.8615491,1.8429782390594482,0.13150212168693542,2.1200919151306152,-0.0002342212324316129,0.0017133773932672123,0.006896573115534654,-0.9999747790703194,36.20002245903015,drone2
1743534719.0615516,1.8521422147750854,0.1304911971092224,2.1240904331207275,-0.0003955923369157461,0.001647890863053744,0.006467813225633334,-0.9999776872028667,36.40002489089966,drone2
1743534719.2614655,1.8735198974609375,0.13061872124671936,2.1378400325775146,-0.0015150646892504959,0.0012801064014579006,0.0034822990645156926,-0.9999920171313603,36.59993886947632,drone2
1743534719.4614851,1.8807013034820557,0.13053613901138306,2.2125651836395264,-0.00253111087734771,-0.0001501621418907933,0.00016041090543256198,-0.9999967797252421,36.79995846748352,drone2
1743534719.6614642,1.8877731561660767,0.13239076733589172,2.2548744678497314,-0.0029739518482367854,-0.0011439447408807509,-0.0025893759319637333,-0.9999915956628752,36.999937534332275,drone2
1743534719.8614717,1.895573616027832,0.13817864656448364,2.2279515266418457,-0.0036679597188369454,-0.0020492945259801224,-0.003496628993009232,-0.9999851050482045,37.19994497299194,drone2
1743534720.061522,1.9068737030029297,0.14312432706356049,2.1612346172332764,-0.003968325820194911,-0.002490199293697665,-0.0024971586274218915,-0.9999859479851747,37.39999532699585,drone2
1743534720.2614083,1.9221994876861572,0.14457708597183228,2.090491771697998,-0.0037335807979252014,-0.0014125121974901363,-0.0004700638014419335,-0.9999919328376634,37.599881649017334,drone2
1743534720.4614828,1.937653660774231,0.14347819983959198,2.0476412773132324,-0.0035099373543349363,-0.000252148295664045,0.0015622993806018726,-0.9999925650403911,37.79995608329773,drone2
1743534720.661458,1.9580347537994385,0.14117032289505005,2.0082554817199707,-0.0027270860673434625,0.0008782847582742319,0.004690817798717106,-0.9999849364608107,37.99993133544922,drone2
1743534720.8614938,1.9775738716125488,0.13993649184703827,1.9768991470336914,-0.0018010772471202924,0.001346454338757084,0.008135353286966907,-0.9999644109455857,38.1999671459198,drone2
1743534721.0617592,1.9955623149871826,0.139113187789917,1.946807622909546,-0.0009539720991847593,0.0009097557797025299,0.011038849680882423,-0.999938195605812,38.400232553482056,drone2
1743534721.261483,2.011587142944336,0.13852724432945251,1.9159209728240967,-0.0008661638864631602,0.0006680487355093237,0.012151821509509608,-0.9999255936981073,38.59995627403259,drone2
1743534721.4614997,2.0269949436187744,0.13540343940258026,1.884568452835083,-0.0009236642782975959,-0.0001525084124956412,0.010810245174559252,-0.9999411458852078,38.799973011016846,drone2
1743534721.6616552,2.0454530715942383,0.12958019971847534,1.8546452522277832,-0.0007107145222372658,-0.0007866220768299692,0.007072578354916204,-0.9999744418955313,39.000128507614136,drone2
1743534721.8615267,2.0664470195770264,0.12573960423469543,1.8304765224456787,-0.00040611552830153996,-0.00019842018053818777,0.002256247241333831,-0.9999974119279698,39.200000047683716,drone2
1743534722.0615613,2.0859975814819336,0.12659575045108795,1.810483455657959,-0.0005139582830204088,-0.00015029366557674684,-0.0029217881261691114,-0.9999955996134838,39.4000346660614,drone2
1743534722.261551,2.1027562618255615,0.12962506711483002,1.794769048690796,-0.0012165255241245263,8.967544621817998e-05,-0.008169028618926988,-0.9999658860852836,39.60002422332764,drone2
1743534722.4615378,2.118640422821045,0.13556309044361115,1.7809040546417236,-0.0018088452323412967,-0.0006900784589980605,-0.0131984541985804,-0.999911053035371,39.8000111579895,drone2
1743534722.6615248,2.1366844177246094,0.14448335766792297,1.7643609046936035,-0.0030841905525118216,-0.0012574116303339185,-0.01809680307936501,-0.9998307632889577,39.99999809265137,drone2
1743534722.8615708,2.1574954986572266,0.15309199690818787,1.7498481273651123,-0.004157068133541424,-0.000763819762301028,-0.02243156430186205,-0.9997395153619316,40.20004415512085,drone2
1743534723.0615067,2.180527448654175,0.15964291989803314,1.7387278079986572,-0.004100191620020481,0.00011265753825292077,-0.025964692465681727,-0.9996545051684852,40.39998006820679,drone2
1743534723.261499,2.2009663581848145,0.1654438078403473,1.7307019233703613,-0.0037866036736215543,0.0011244663114237628,-0.028143305212058323,-0.9995961317832975,40.59997224807739,drone2
1743534723.461519,2.2185943126678467,0.1679668426513672,1.7248928546905518,-0.0032924430700879575,0.0009685038741427235,-0.029255054782078682,-0.9995661232271578,40.79999232292175,drone2
1743534723.661538,2.2327120304107666,0.1654825061559677,1.7189817428588867,-0.002337185736405307,0.0005820169440255711,-0.02937723849591173,-0.9995655753181272,41.00001120567322,drone2
1743534723.8615093,2.246093273162842,0.16026365756988525,1.714510440826416,-0.0012782289630938232,-7.041981059923203e-06,-0.028990330426581834,-0.9995788937222565,41.19998264312744,drone2
1743534724.06155,2.255038022994995,0.15823271870613098,1.711707592010498,-0.0008112740165071554,-0.000530292111003113,-0.028519297247623976,-0.9995928021822652,41.400023221969604,drone2
1743534724.2615814,2.268643379211426,0.15809732675552368,1.7085411548614502,-0.0010416518700029048,2.5619768584432114e-05,-0.02768289303892535,-0.9996161936831889,41.60005474090576,drone2
1743534724.4616196,2.2845959663391113,0.16062845289707184,1.7060222625732422,-0.0012652509647364603,-0.0006481104259005987,-0.026989830262012238,-0.9996347382965336,41.800092935562134,drone2
1743534724.661519,2.30092716217041,0.1673092246055603,1.7199816703796387,-0.0021880650003357634,-0.000210437238981307,-0.026872619876303405,-0.9996364663173225,41.99999237060547,drone2
1743534724.8615444,2.3157455921173096,0.17585720121860504,1.733299970626831,-0.0036230412211280777,0.00030396965690571083,-0.027391405434623983,-0.9996182167319173,42.20001769065857,drone2
1743534725.0616043,2.327385663986206,0.1843932420015335,1.7381203174591064,-0.0046130583449394535,0.0003453991858112849,-0.02800198682900129,-0.9995971854545104,42.40007758140564,drone2
1743534725.2617881,2.3379619121551514,0.19048276543617249,1.7381095886230469,-0.004942143736926673,0.00013932826155396745,-0.027866990473220887,-0.9995994192374814,42.60026144981384,drone2
1743534725.4616318,2.347430944442749,0.1925715208053589,1.737381935119629,-0.004572271555473671,-0.0006090647663753746,-0.025970930199261333,-0.9996521449449686,42.80010509490967,drone2
1743534725.6615996,2.3590517044067383,0.19202104210853577,1.7407166957855225,-0.0044382821142459825,0.0024816660385994756,-0.022366110246124504,-0.9997369444041724,43.000072956085205,drone2
1743534725.8615522,2.373250961303711,0.1886695921421051,1.7477450370788574,-0.0033338575142083963,0.0027825721670335034,-0.018930172714970994,-0.9998114178854913,43.20002555847168,drone2
1743534726.0615797,2.3878443241119385,0.18371596932411194,1.7596311569213867,-0.002250697306043814,0.002545126402287766,-0.01691888295718258,-0.99985107806994,43.40005302429199,drone2
1743534726.2615168,2.4011900424957275,0.1767219752073288,1.771888256072998,-0.0015390019692247895,0.0025044909442919656,-0.016268388497265418,-0.9998633849497052,43.599990129470825,drone2
1743534726.4615145,2.4136855602264404,0.1693636178970337,1.779604196548462,0.0003790964966944418,-0.0017256680563737612,-0.016514020330386958,-0.9998621205442499,43.79998779296875,drone2
1743534726.6615317,2.4252736568450928,0.16503755748271942,1.7828385829925537,0.0008192545572579951,-0.002412274380612577,-0.016710087469659685,-0.9998571472161255,44.00000500679016,drone2
1743534726.8615365,2.436471939086914,0.1651604324579239,1.7849621772766113,-2.182696380864411e-05,-0.002139706924661704,-0.016859245166539694,-0.9998555877827306,44.20000982284546,drone2
1743534727.0615268,2.4466712474823,0.1703442633152008,1.7871718406677246,-0.0009427872995155554,-0.0024003063219967522,-0.017874183425530488,-0.9998369167288403,44.40000009536743,drone2
1743534727.2615008,2.458742141723633,0.17737559974193573,1.7895781993865967,-0.00232622069766881,-0.002367379122322011,-0.020468406245073123,-0.9997849918114748,44.599974155426025,drone2
1743534727.4615262,2.473585844039917,0.18388433754444122,1.7944974899291992,-0.003717827343159428,-0.0023134149961632263,-0.02441520572702721,-0.999692353038448,44.799999475479126,drone2
1743534727.6615376,2.4918580055236816,0.1877608597278595,1.7984917163848877,-0.004104017105067352,-0.0016236309477192033,-0.029133840445761394,-0.9995657860523697,45.00001096725464,drone2
1743534727.8615162,2.5131819248199463,0.18680109083652496,1.8029093742370605,-0.0035851722777410387,-0.0002986976788469286,-0.03288701730565646,-0.9994525796172695,45.199989557266235,drone2
1743534728.061523,2.535731315612793,0.18272021412849426,1.8090834617614746,-0.002327380420271761,0.000670878881981172,-0.034917863201153976,-0.9993872941489261,45.399996280670166,drone2
1743534728.261534,2.557990312576294,0.17775286734104156,1.8151235580444336,-0.0013999867632663668,0.0017974792892010531,-0.03554205802760024,-0.9993656306687915,45.60000729560852,drone2
1743534728.4615614,2.5771431922912598,0.17259706556797028,1.820464849472046,-0.0006817617004067453,0.001957320183202825,-0.03529575184490258,-0.9993748186817668,45.80003476142883,drone2
1743534728.661518,2.5941431522369385,0.16965210437774658,1.8274619579315186,-0.0006220242637479663,0.0012212521861716657,-0.03490838016023895,-0.9993896122255942,45.99999141693115,drone2
1743534728.861501,2.6099798679351807,0.16796886920928955,1.8363916873931885,-0.0014189821503268745,0.0006716363728014791,-0.03467252639597196,-0.9993975358331142,46.19997429847717,drone2
1743534729.0615222,2.619974374771118,0.1670713722705841,1.8437378406524658,-0.0017483278320308741,0.0002503781280267122,-0.03448918760494968,-0.9994035206856027,46.39999556541443,drone2
1743534729.2614872,2.636073112487793,0.16735807061195374,1.8533117771148682,-0.0019683108382915807,0.000389639218040802,-0.033947558454736126,-0.9994216016836139,46.59996056556702,drone2
1743534729.4614825,2.6506173610687256,0.16800346970558167,1.872265100479126,-0.003196292773108322,-0.001139605755753778,-0.03263805587150265,-0.9994614726023053,46.79995584487915,drone2
1743534729.6615329,2.6687562465667725,0.16863900423049927,1.892059564590454,-0.0031315957966008934,-0.0005065573746240543,-0.03007253505579599,-0.9995426895793857,47.00000619888306,drone2
1743534729.8615735,2.6888890266418457,0.16823908686637878,1.895613670349121,-0.003051766537434847,0.00026561948211946396,-0.026642413789736863,-0.9996403438273855,47.20004677772522,drone2
1743534730.0615096,2.7084155082702637,0.16626206040382385,1.8901073932647705,-0.002694291703298811,0.0010615074808270903,-0.02292426096095429,-0.9997330247472609,47.399982929229736,drone2
1743534730.2614694,2.7256548404693604,0.16072604060173035,1.882413625717163,-0.0021478438594433064,0.001398408108603763,-0.01943585060340458,-0.9998078775502163,47.599942684173584,drone2
1743534730.4615197,2.7413437366485596,0.15472960472106934,1.8791325092315674,-0.0016163136538958497,0.0011166104928290043,-0.01612837666651229,-0.9998680211030414,47.79999303817749,drone2
1743534730.6614707,2.7548394203186035,0.15009547770023346,1.8812718391418457,-0.0014180494043493817,0.00042595802997411113,-0.012597187257723963,-0.9999195666987701,47.99994397163391,drone2
1743534730.8615148,2.767421007156372,0.14831531047821045,1.8857526779174805,-0.0013612531920993804,6.277900678702276e-05,-0.008580508300938872,-0.9999623036031602,48.19998812675476,drone2
1743534731.0614645,2.781309127807617,0.14894770085811615,1.8915276527404785,-0.0016639090938706349,-0.00048066414543274674,-0.004606734835937709,-0.9999879288870548,48.399937868118286,drone2
1743534731.2614748,2.797482967376709,0.1501649171113968,1.8964800834655762,-0.0021292182862830645,-0.00022294250527951938,-0.0015416052779828604,-0.9999965689909995,48.5999481678009,drone2
1743534731.4615955,2.816009283065796,0.15210875868797302,1.9001586437225342,-0.00257902838674593,-0.00011674034956616243,0.0002615633418586172,-0.9999966954315451,48.800068855285645,drone2
1743534731.6615353,2.835179090499878,0.15320853888988495,1.9031949043273926,-0.0029821047938817383,0.00043976490949234904,0.0008638418070793796,-0.9999951781449987,49.00000858306885,drone2
1743534731.8616135,2.8532965183258057,0.15466241538524628,1.9047482013702393,-0.003024354622290068,0.0011707398467758656,0.0009422770921581615,-0.99999429306118,49.20008683204651,drone2
1743534732.0615575,2.869220733642578,0.15645712614059448,1.9046680927276611,-0.0026426171974825506,0.0011694200412638044,0.0009467025112518402,-0.9999954310260898,49.400030851364136,drone2
1743534732.261562,2.8825793266296387,0.1580899953842163,1.9048030376434326,-0.0027104207753883246,0.0009651670291207731,0.0011891733307349828,-0.9999951359981503,49.600035429000854,drone2
1743534732.4614992,2.8920364379882812,0.15879930555820465,1.9077281951904297,-0.0025437610234376774,4.097315756160312e-05,0.0017822637829802424,-0.9999952202918472,49.79997253417969,drone2
1743534732.661525,2.8985280990600586,0.15813791751861572,1.913877248764038,-0.0023014058196746874,-0.0011872511627931076,0.0029243590839284628,-0.9999923543061484,49.999998331069946,drone2
1743534732.861512,2.9004855155944824,0.15626010298728943,1.9231138229370117,-0.0019234902167602158,-0.002222578577136568,0.004240689456620705,-0.999986706628448,50.19998526573181,drone2
1743534733.0614645,2.9054148197174072,0.15655730664730072,1.9316399097442627,-0.0013834464301316217,-0.0032481132288511667,0.005306583255461184,-0.9999797102515953,50.399937868118286,drone2
1743534733.2614667,2.91603684425354,0.16202883422374725,1.9390954971313477,-0.00162742589276452,-0.0029525990364738268,0.005574763652536008,-0.9999788251677766,50.599940061569214,drone2
1743534733.4614727,2.9314470291137695,0.16960573196411133,1.9461627006530762,-0.002733183242829653,-0.0020740184682384766,0.004728918549770922,-0.999982997705779,50.79994606971741,drone2
1743534733.6614738,2.947356939315796,0.1792852282524109,1.9525411128997803,-0.003634988206319648,-0.0007534993820441778,0.0026087634822788974,-0.9999897412015408,50.99994707107544,drone2
1743534733.8614702,2.9645473957061768,0.188711017370224,1.9582512378692627,-0.004543457434435269,0.0002637264959312667,-7.434704077313724e-05,-0.9999896147609952,51.19994354248047,drone2
1743534734.0615168,2.979308843612671,0.19441033899784088,1.964332103729248,-0.004845514678089735,0.00039622861438767516,-0.0019834728377711164,-0.999986285159963,51.39999008178711,drone2
1743534734.26149,3.0011143684387207,0.19863341748714447,1.9716079235076904,-0.004915475153895279,0.001094587735506268,-0.0032732085490529417,-0.9999820283282633,51.599963426589966,drone2
1743534734.4615672,3.0192947387695312,0.20006829500198364,1.9961247444152832,-0.0034690724450268935,0.0008634783728290031,-0.003186386041120537,-0.999988603236631,51.80004048347473,drone2
1743534734.6615496,3.040104627609253,0.19704005122184753,2.024435520172119,-0.002361499940502602,0.001418838916896513,-0.0017929690825018718,-0.9999946302359681,52.000022888183594,drone2
1743534734.8615544,3.060703992843628,0.1935092806816101,2.0296359062194824,-0.001369000597804512,0.0017355326415131485,0.00042720045650651583,-0.9999975383685153,52.20002770423889,drone2
1743534735.0615535,3.0790886878967285,0.19115282595157623,2.0179333686828613,-0.0009117806780149201,0.0017443668926106412,0.0024212943001024056,-0.9999951359981503,52.40002679824829,drone2
1743534735.261556,3.0950090885162354,0.18937237560749054,2.0012576580047607,-0.0011035565869272148,0.0013612113642334886,0.0036961100270114233,-0.9999916378097238,52.6000292301178,drone2
1743534735.4615846,3.1077520847320557,0.1887972354888916,1.9919381141662598,-0.0015646512899939557,0.0005339927504170564,0.004003739874292422,-0.9999906684322081,52.800057888031006,drone2
1743534735.6615832,3.117185592651367,0.18749327957630157,1.992150068283081,-0.0021409159300602985,-0.0002591340534866623,0.0034484972920099666,-0.9999917642502694,53.00005650520325,drone2
1743534735.8615506,3.1271848678588867,0.18575339019298553,1.995795488357544,-0.0023454158552347914,-0.0010291644255654429,0.0024748629445597303,-0.9999936608584523,53.200023889541626,drone2
1743534736.0615525,3.1367506980895996,0.1803564876317978,1.9975526332855225,-0.001962421052876618,-0.0016670574408169311,0.001726503502400334,-0.9999951781449987,53.400025844573975,drone2
1743534736.261523,3.149327516555786,0.17427434027194977,1.9993987083435059,-0.0010241093556041044,-0.0015362496236127087,0.0013679181152697062,-0.9999973697811213,53.59999632835388,drone2
1743534736.4615514,3.165537118911743,0.1696239411830902,2.0020391941070557,-0.000485100265874646,-0.0010383464704812142,0.001225166739363237,-0.9999985920397281,53.80002474784851,drone2
1743534736.661559,3.181056499481201,0.1676071733236313,2.0062124729156494,-0.0003199994450500924,-0.00031315360349724647,0.0004820335064192327,-0.9999997721514864,54.00003242492676,drone2
1743534736.861581,3.19484543800354,0.16925710439682007,2.011155128479004,-0.0009106335758000775,6.208745273557694e-05,-0.0015132825957835938,-0.9999985077460309,54.20005440711975,drone2
1743534737.0616057,3.2089974880218506,0.17484207451343536,2.015613079071045,-0.0018328625563425857,-6.301809960232865e-05,-0.005074269826468969,-0.9999855265166897,54.400079011917114,drone2
1743534737.261552,3.221186637878418,0.18375907838344574,2.019395589828491,-0.0029664320108181937,-0.00012910946178734678,-0.009904930868545159,-0.9999465406818171,54.60002541542053,drone2
1743534737.4615462,3.2326338291168213,0.19355052709579468,2.025783061981201,-0.004244118333237502,-0.000871625967799704,-0.015213242144795247,-0.9998748910393486,54.80001950263977,drone2
1743534737.6615465,3.2473132610321045,0.1986001580953598,2.034055471420288,-0.004710919540550829,-0.0010242457977943506,-0.019364538135724252,-0.9998008811733634,55.000019788742065,drone2
1743534737.861547,3.2607905864715576,0.19919215142726898,2.0458076000213623,-0.004037798643792293,-0.0005954649991048967,-0.02191964867984869,-0.9997514850669087,55.20002031326294,drone2
1743534738.0615346,3.2733981609344482,0.19691328704357147,2.056560516357422,-0.002979433655039296,-0.0006977909618442678,-0.022314480356698696,-0.9997463431513904,55.40000796318054,drone2
1743534738.26157,3.2855982780456543,0.19609905779361725,2.0630149841308594,-0.0019480908054004165,-0.00036533373965811326,-0.02062367523498726,-0.99978541327996,55.600043296813965,drone2
1743534738.4616191,3.299553871154785,0.2002374827861786,2.0679831504821777,-0.001570533286062161,-0.0005199556684341223,-0.017442431109384926,-0.9998465262103009,55.800092458724976,drone2
1743534738.6615624,3.315380096435547,0.20655721426010132,2.072916030883789,-0.0022743952462484893,-0.00047189126245159106,-0.013880811675971771,-0.9999010220854254,56.000035762786865,drone2
1743534738.861546,3.330833673477173,0.20868884027004242,2.0792548656463623,-0.0029303538145844872,-6.543331158535464e-05,-0.011369618147995753,-0.9999311149352621,56.20001935958862,drone2
1743534739.061545,3.346891164779663,0.2087337076663971,2.086066961288452,-0.0026582056868490723,-0.00013272174304975902,-0.010414317679647844,-0.9999422417032691,56.40001821517944,drone2
1743534739.2615936,3.3613860607147217,0.20769912004470825,2.088296413421631,-0.0018889076574222007,-0.0010118462278896712,-0.010913420659713846,-0.999938195605812,56.600066900253296,drone2
1743534739.4615135,3.3773627281188965,0.20486651360988617,2.124236583709717,-0.0018744096354428338,0.0004419240299798347,-0.012115069457607874,-0.9999247507611371,56.799986839294434,drone2
1743534739.6615555,3.396571159362793,0.20101581513881683,2.184781789779663,-0.0013815780570444096,0.0005676682470133885,-0.013123306367685439,-0.9999127810561599,57.00002884864807,drone2
1743534739.8615363,3.417228937149048,0.19651713967323303,2.1891674995422363,-0.001044458666441552,0.0011279026815569186,-0.014131669718308704,-0.9998989990366969,57.20000958442688,drone2
1743534740.061538,3.435800790786743,0.19330759346485138,2.147429943084717,-0.0007118352466576346,0.0014313474759172643,-0.01535375973773051,-0.9998808758918372,57.40001130104065,drone2
1743534740.2614985,3.4513885974884033,0.19074328243732452,2.0890491008758545,-0.0008580440532592475,0.00106756659449867,-0.017056408123873656,-0.9998536490276992,57.599971771240234,drone2
1743534740.461499,3.4660234451293945,0.18883942067623138,2.038184642791748,-0.0013620705693108818,0.000408925681773837,-0.019046118695224434,-0.9998176134722223,57.79997229576111,drone2
1743534740.661524,3.480546236038208,0.18927523493766785,2.0043790340423584,-0.0020001290747392745,2.3188339942896226e-05,-0.02073705025748146,-0.9997830530564433,57.99999737739563,drone2
1743534740.8615584,3.495152473449707,0.19378064572811127,1.979377031326294,-0.002554740771383145,-0.00026736808242415933,-0.021493249013463944,-0.999765772848554,58.200031757354736,drone2
1743534741.0615087,3.5117762088775635,0.19863614439964294,1.9541606903076172,-0.002975170484848806,-0.0004073913553881755,-0.021623145600574545,-0.999761726751097,58.39998197555542,drone2
1743534741.2615483,3.5289416313171387,0.203328937292099,1.9281542301177979,-0.0033432322451313,0.0004035949286178441,-0.021801468916624156,-0.9997567112761241,58.60002160072327,drone2
1743534741.4615145,3.545011281967163,0.20833751559257507,1.9030215740203857,-0.003875762779786383,0.0003396362628219276,-0.02209776126165569,-0.9997482819064218,58.79998779296875,drone2
1743534741.6615303,3.559950590133667,0.21117888391017914,1.8801465034484863,-0.004141814596375274,0.000399972933823939,-0.02182266878142508,-0.9997532130876977,59.00000357627869,drone2
1743534741.8615177,3.5725088119506836,0.2121608853340149,1.861142873764038,-0.003960662008483261,0.0004353461581618499,-0.019824402399826635,-0.9997955285236027,59.19999098777771,drone2
1743534742.0615063,3.5838968753814697,0.21056051552295685,1.8471059799194336,-0.0033787887094785577,6.134045746836667e-05,-0.01573274419954046,-0.9998705920608005,59.39997959136963,drone2
1743534742.2614934,3.5970327854156494,0.2082526534795761,1.8379733562469482,-0.0027159223385260747,-9.936629908430731e-05,-0.009926931523467797,-0.9999470464439992,59.59996676445007,drone2
1743534742.461506,3.6116740703582764,0.20393504202365875,1.82997465133667,-0.0022561533987412413,-7.761095199084458e-05,-0.002839011715693729,-0.9999934079773612,59.7999792098999,drone2
1743534742.661506,3.6248645782470703,0.1991799920797348,1.8210036754608154,-0.0018811265424700683,0.000155167162469648,0.0046802810865893,-0.9999872966843273,59.99997925758362,drone2
1743534742.8614712,3.6374547481536865,0.19357027113437653,1.8096401691436768,-0.0016928409708988723,0.00035583320615479187,0.012720003174284955,-0.9999176279437387,60.199944496154785,drone2
1743534743.061489,3.651554584503174,0.18806977570056915,1.8019647598266602,-0.0014860867655554914,0.00022087162975622583,0.020253583758213234,-0.9997938005028137,60.399962425231934,drone2
1743534743.2614732,3.6676580905914307,0.1835688203573227,1.7957897186279297,-0.0013588146017863229,0.0005924494826439346,0.026890026524738597,-0.9996373514011412,60.59994649887085,drone2
1743534743.4614902,3.682542324066162,0.18352513015270233,1.7920408248901367,-0.0017625637944550996,0.0007782886025270066,0.03282586222846734,-0.9994592809661826,60.79996347427368,drone2
1743534743.661483,3.6953959465026855,0.18603648245334625,1.7923345565795898,-0.0027353802707853797,0.0005377551798272863,0.03809805365554353,-0.9992701680569143,60.999956369400024,drone2
1743534743.8614972,3.7074086666107178,0.18982897698879242,1.79541015625,-0.003582958251105206,0.0003795382977412314,0.042932381473440195,-0.999071487813034,61.19997048377991,drone2
1743534744.0614922,3.716270685195923,0.19368167221546173,1.7988190650939941,-0.004028534733562377,-0.00011026043624374243,0.04745486475920463,-0.9988652632832702,61.39996552467346,drone2
1743534744.2614825,3.7244045734405518,0.19570137560367584,1.805408239364624,-0.004189828582543918,-0.002591214094321645,0.05138552199817903,-0.9986667937736324,61.599955797195435,drone2
1743534744.4614635,3.7333502769470215,0.1963648647069931,1.8225955963134766,-0.004283614869376024,-0.0008534863593273251,0.05636323339470978,-0.9984008471595286,61.79993677139282,drone2
1743534744.6614826,3.742614507675171,0.1938745379447937,1.8570032119750977,-0.0034831795385227133,-0.0009042333052040925,0.06253239405179478,-0.998036487654152,61.999955892562866,drone2
1743534744.861471,3.7527389526367188,0.190324068069458,1.863344430923462,-0.0026812428085092655,-0.0009662129624354582,0.06975632173971352,-0.9975600175317363,62.199944257736206,drone2
1743534745.0614736,3.7628700733184814,0.18525929749011993,1.8437376022338867,-0.0019645136706585593,-0.0007105612923069477,0.0771614808762291,-0.9970164496264913,62.39994692802429,drone2
1743534745.261467,3.7746875286102295,0.18152198195457458,1.8142938613891602,-0.0015839559871780617,-0.00047776938957081914,0.08364918741435956,-0.9964939551455017,62.59994029998779,drone2
1743534745.4615405,3.7881317138671875,0.17929647862911224,1.7907099723815918,-0.0015075810820696074,-0.0003806591404937036,0.08843108455270854,-0.996081084617489,62.80001378059387,drone2
1743534745.661473,3.802624225616455,0.17907780408859253,1.7803845405578613,-0.0017574896678620646,-0.0001592569708182944,0.09097738640549419,-0.9958514264399532,62.9999463558197,drone2
1743534745.8614714,3.816615581512451,0.1797417849302292,1.7749197483062744,-0.0028866048919218043,0.0004969780215749297,0.09152875147771372,-0.9957981528234353,63.199944734573364,drone2
1743534746.0614662,3.8300578594207764,0.17714430391788483,1.7728078365325928,-0.0037044137793485884,0.0008223263381154743,0.09113606929013773,-0.9958312380995165,63.39993953704834,drone2
1743534746.2614639,3.8428778648376465,0.1715494841337204,1.7683799266815186,-0.0032706259021288153,0.0007506855859978123,0.09117749964222399,-0.9958290886102423,63.599937200546265,drone2
1743534746.461485,3.854248046875,0.16276420652866364,1.761664867401123,-0.002260824619572496,0.00019867250598244103,0.09268614608467135,-0.9956928278490067,63.79995822906494,drone2
1743534746.66148,3.8650362491607666,0.15286007523536682,1.7550930976867676,-0.000829740870151225,-0.00043967899001345667,0.09573108730218949,-0.9954067350413147,63.999953269958496,drone2
1743534746.861456,3.876459836959839,0.14259874820709229,1.7502551078796387,0.0004186789111526962,-0.0004690491284117561,0.09911113811221761,-0.9950761773084438,64.19992923736572,drone2
1743534747.061465,3.8904292583465576,0.13433989882469177,1.7485742568969727,0.001038148968867483,-0.0005924510261075108,0.10090992345981414,-0.9948948194193015,64.39993834495544,drone2
1743534747.2614748,3.9058644771575928,0.1307380348443985,1.7489845752716064,0.0006474050835736352,-0.00011040595400049424,0.09956109786691991,-0.9950312487679311,64.5999481678009,drone2
1743534747.4614735,3.9208898544311523,0.12896646559238434,1.7499399185180664,-0.0005573704630648502,-1.6433319652145533e-05,0.09414118173581293,-0.9955586744301965,64.79994678497314,drone2
1743534747.6614864,3.937317371368408,0.12786971032619476,1.7522919178009033,-0.0016139722400567553,0.00019697115624606813,0.08531390363684282,-0.9963528474966872,64.99995970726013,drone2
1743534747.8614604,3.9536499977111816,0.1258506029844284,1.755678653717041,-0.0024089487308472696,0.00048507417104863494,0.07438050537093482,-0.9972268888411062,65.19993376731873,drone2
1743534748.0615442,3.969984769821167,0.12195942550897598,1.7599310874938965,-0.002230469504385411,0.00031680123200762136,0.06339497145341877,-0.9979860800233329,65.4000174999237,drone2
1743534748.2615366,3.9872050285339355,0.11854246258735657,1.7642509937286377,-0.0017064807035891813,0.00044622342011825896,0.05414719424685549,-0.9985314602430639,65.60000991821289,drone2
1743534748.4616494,4.0040178298950195,0.11866120249032974,1.7685468196868896,-0.001078761285197569,0.0003917055454912039,0.04668817143794296,-0.9989088852714789,65.80012273788452,drone2
1743534748.6615446,4.018033027648926,0.12174243479967117,1.7715747356414795,-0.001186750545489948,3.196780836912752e-05,0.041091575717878304,-0.9991547699856915,66.00001788139343,drone2
1743534748.8615646,4.034032344818115,0.12777090072631836,1.7764923572540283,-0.0017176052490083414,0.00019301034030280956,0.03368422494524026,-0.9994310425776805,66.2000379562378,drone2
1743534749.0615199,4.049992561340332,0.1362907737493515,1.7851207256317139,-0.0028564616634301613,7.930686873569007e-06,0.025467486093798897,-0.9996715746421321,66.39999318122864,drone2
1743534749.2615073,4.062297344207764,0.14194895327091217,1.7928946018218994,-0.003761108699221451,2.33230122947765e-05,0.018225435261020495,-0.9998268857788948,66.59998059272766,drone2
1743534749.461543,4.080141067504883,0.14771799743175507,1.811842679977417,-0.003953726217725189,-0.00018329812589896037,0.009274540455367852,-0.9999491959332734,66.80001640319824,drone2
1743534749.6615152,4.098390102386475,0.14981143176555634,1.849766731262207,-0.0037297153886175333,0.00035977027333673544,0.0014526332807765496,-0.9999918906908148,66.9999885559082,drone2
1743534749.8615227,4.117298603057861,0.14906224608421326,1.8643989562988281,-0.003037150142080172,0.0011475706046237637,-0.005055514478881695,-0.9999819440345663,67.19999599456787,drone2
1743534750.0615351,4.134015083312988,0.14727412164211273,1.8546946048736572,-0.0018366290193379288,0.0009891192806928673,-0.00945535043547946,-0.9999531577370333,67.4000084400177,drone2
1743534750.2614956,4.1487956047058105,0.14492656290531158,1.836338758468628,-0.0010010654992973454,0.0009119085025330188,-0.012155108963693206,-0.9999252565233192,67.59996891021729,drone2
1743534750.4615214,4.164287567138672,0.14471586048603058,1.8216235637664795,-0.0004907672677405109,-5.1210869903063184e-05,-0.014061242334447,-0.9999010642322739,67.79999470710754,drone2
1743534750.6615357,4.181343078613281,0.14616794884204865,1.8160147666931152,-0.0010445442798000292,-0.0001733151673843852,-0.016338563000036055,-0.9998660402011613,68.000009059906,drone2
1743534750.8615468,4.197931289672852,0.14730395376682281,1.8141207695007324,-0.0018589451993980023,9.669573646843524e-05,-0.019646205524322558,-0.999805306592457,68.20002007484436,drone2
1743534751.0614922,4.217414379119873,0.14785416424274445,1.8149244785308838,-0.0025205668389123343,0.0006074919151362474,-0.023831598315696867,-0.9997126256725817,68.39996552467346,drone2
1743534751.2615347,4.238950729370117,0.14678986370563507,1.814340353012085,-0.002771037945191704,0.0015987828698212207,-0.026936472351797358,-0.9996320408982289,68.60000801086426,drone2
1743534751.4615564,4.258676052093506,0.14340311288833618,1.817821741104126,-0.0022989437687135276,0.0018834045714004,-0.028365545544256243,-0.9995932236507503,68.80002975463867,drone2
1743534751.6615524,4.2753472328186035,0.13622428476810455,1.817246437072754,-0.0013045926739018738,0.0013053278710774597,-0.028265573219588447,-0.9995987870347538,69.00002574920654,drone2
1743534751.8614485,4.288992404937744,0.12933948636054993,1.8171439170837402,-0.00014828638075738224,0.0007819285632382735,-0.02722243871894381,-0.9996291327656817,69.19992184638977,drone2
1743534752.0614865,4.301938056945801,0.1254168152809143,1.8177695274353027,0.00037030362071361516,5.6355388730275235e-05,-0.025935273965421113,-0.9996636088877635,69.39995980262756,drone2
1743534752.2615054,4.3170695304870605,0.12625883519649506,1.8202300071716309,2.2221761241869333e-06,-0.00047340319832385523,-0.025387407081627955,-0.9996775594946206,69.59997868537903,drone2
1743534752.4615061,4.334485054016113,0.13249526917934418,1.8241848945617676,-0.0010510940811583613,-0.00027083836502703765,-0.02603743792621155,-0.9996604057272767,69.79997944831848,drone2
1743534752.6614728,4.35098934173584,0.14040794968605042,1.8298277854919434,-0.0027515399651945097,-0.00013878981910050143,-0.02884534526770427,-0.999580158127712,69.99994611740112,drone2
1743534752.86162,4.366598129272461,0.14767183363437653,1.835160732269287,-0.0038071959487958567,0.0003340993852349363,-0.03338574096408592,-0.9994352572625314,70.20009326934814,drone2
1743534753.06149,4.379486083984375,0.15228843688964844,1.8388540744781494,-0.0041148198691763,0.00040656496434884713,-0.037814236777671095,-0.9992763214967968,70.39996337890625,drone2
1743534753.2614849,4.391282081604004,0.15127922594547272,1.844127893447876,-0.003770475342394613,-5.436449549460418e-06,-0.04079755930266621,-0.999160333369695,70.59995818138123,drone2
1743534753.461468,4.402548313140869,0.14751194417476654,1.8507969379425049,-0.002426326814914228,-0.000638000306557436,-0.04130399583437305,-0.9991434746302905,70.79994130134583,drone2
1743534753.661572,4.413495063781738,0.14263758063316345,1.858381986618042,-0.001241396530175757,-0.0011688200634854355,-0.03925237154255984,-0.9992279369147063,71.00004529953003,drone2
1743534753.8614752,4.426283836364746,0.13809749484062195,1.8663160800933838,-0.0005014560830700614,-0.0010108576291060927,-0.03535597969142462,-0.9993741864790392,71.19994854927063,drone2
1743534754.0614836,4.438773155212402,0.13614392280578613,1.8781330585479736,-0.00023581781185266721,-0.0008073670674466945,-0.03142991645893789,-0.9995056003526961,71.39995694160461,drone2
1743534754.2615,4.448337078094482,0.13594090938568115,1.8867828845977783,-0.0009698081215406569,-0.0004548151210415347,-0.02928426254809674,-0.9995706329399485,71.59997320175171,drone2
1743534754.461489,4.4613356590271,0.13683156669139862,1.895967960357666,-0.0013269132035149778,-0.0009651542492412907,-0.028167033887769977,-0.9996019059015435,71.79996228218079,drone2
1743534754.661491,4.4777374267578125,0.1384459286928177,1.902895212173462,-0.0017716783797178306,-0.0007596977264304051,-0.0287147743310176,-0.9995858058054125,71.99996423721313,drone2
1743534754.8614726,4.495061874389648,0.14085765182971954,1.9081873893737793,-0.0022472679869672825,-0.00032902365343953275,-0.03039441053787373,-0.9995353981745934,72.19994592666626,drone2
1743534755.0614738,4.513120651245117,0.14465390145778656,1.9142882823944092,-0.0023616321433125777,0.0003506746212286075,-0.03255536375472429,-0.9994671202800056,72.39994716644287,drone2
1743534755.2615075,4.530155181884766,0.1482962965965271,1.9205429553985596,-0.002623079416701654,0.0009413790020853599,-0.03472946678831029,-0.9993928575329295,72.59998083114624,drone2
1743534755.4614823,4.54697847366333,0.150827094912529,1.9251956939697266,-0.0026006279057451897,0.0007272599230779221,-0.036689758859400345,-0.9993231044986439,72.79995560646057,drone2
1743534755.6614811,4.563484191894531,0.15174223482608795,1.9297113418579102,-0.002485703081069411,0.0003803066545459252,-0.03828725085850887,-0.9992636352953951,72.99995446205139,drone2
1743534755.861477,4.577826976776123,0.15066374838352203,1.9366095066070557,-0.0022825125481719458,0.0003007089560924986,-0.03921730536459872,-0.9992281055021004,73.19995021820068,drone2
1743534756.061456,4.592075824737549,0.1498110592365265,1.9470484256744385,-0.002038131291071115,-0.00010642235653315011,-0.03918278709566836,-0.9992300021102833,73.39992928504944,drone2
1743534756.2614589,4.606237411499023,0.14862525463104248,1.957432508468628,-0.001979357346186546,-0.00019381137737858406,-0.03812591272240917,-0.999270968847036,73.5999321937561,drone2
1743534756.4614525,4.620804309844971,0.14879557490348816,1.968078374862671,-0.0017573730231660802,-0.00047173148309034033,-0.03592639513917112,-0.9993528601736927,73.79992580413818,drone2
1743534756.6614635,4.637185096740723,0.14992202818393707,1.9788970947265625,-0.0019847777437136884,-0.0003478784412475861,-0.033109089050460394,-0.9994497557784192,73.99993681907654,drone2
1743534756.8614635,4.65437126159668,0.15108954906463623,1.990530252456665,-0.002150511664404176,0.00017256253332994978,-0.030225022353708386,-0.9995408351180513,74.19993686676025,drone2
1743534757.0614564,4.671834945678711,0.15397687256336212,2.003431558609009,-0.0023249387018722885,0.00039960102081305616,-0.027550299053510086,-0.9996177109697352,74.3999297618866,drone2
1743534757.2614174,4.687326431274414,0.15513384342193604,2.016183853149414,-0.002486624549472206,0.0005697704034009337,-0.025390315214175285,-0.9996743984809823,74.59989070892334,drone2
1743534757.4614942,4.699250221252441,0.15648451447486877,2.02663516998291,-0.0022446647605272275,0.00012102648649649213,-0.024083847204034503,-0.9997074416102147,74.79996752738953,drone2
1743534757.6614769,4.712065696716309,0.15918801724910736,2.040062189102173,-0.0022966663983278288,-0.00038214481690370533,-0.022983561576809197,-0.9997331511878065,74.99995017051697,drone2
1743534757.8614712,4.724272727966309,0.15942713618278503,2.0548665523529053,-0.0025063510032546383,-0.0008552470603874752,-0.022219607800700758,-0.9997496727524227,75.19994449615479,drone2
1743534758.0614622,4.737898826599121,0.15654809772968292,2.070370674133301,-0.001903017590891206,-0.0010927168517179961,-0.021561779789142643,-0.9997650984989778,75.3999354839325,drone2
1743534758.2614803,4.750351428985596,0.15285488963127136,2.0864524841308594,-0.0013467611793386487,-0.0010019315522087685,-0.02086361724355973,-0.9997809035671692,75.59995365142822,drone2
1743534758.4616325,4.764009475708008,0.1509229838848114,2.104800224304199,-0.000967559608781093,-0.0009426799516158748,-0.020074543945738765,-0.9997975937191796,75.8001058101654,drone2
1743534758.6615806,4.778920650482178,0.15076833963394165,2.1245551109313965,-0.0009087741548022715,-0.0006528092232831194,-0.019414271416967055,-0.9998109121233091,76.00005388259888,drone2
1743534758.8615773,4.793656826019287,0.15230602025985718,2.1415679454803467,-0.0013161237955118322,-0.00036324817036036377,-0.019311685987691563,-0.9998125979972495,76.20005059242249,drone2
1743534759.06164,4.80686092376709,0.1557345688343048,2.1603775024414062,-0.0018717971070616026,-0.0004262640885340714,-0.020074291064647698,-0.9997966664885123,76.4001133441925,drone2
1743534759.2614653,4.814254283905029,0.1579650342464447,2.1683614253997803,-0.002287914671088993,-0.0005934536395413907,-0.020989594173758785,-0.9997768996165608,76.59993863105774,drone2
1743534759.4615004,4.833578586578369,0.16170422732830048,2.19049334526062,-0.0029285572228486463,-0.0008045465418985205,-0.023854357613892707,-0.9997108555049442,76.79997372627258,drone2
1743534759.6614985,4.8447370529174805,0.16382557153701782,2.2795753479003906,-0.002576685943931034,-0.0011703532811495549,-0.025762303299132372,-0.9996641146499456,76.99997186660767,drone2
1743534759.861511,4.857392311096191,0.164683535695076,2.3193399906158447,-0.0029809297035253055,-0.0009320159809068622,-0.026957503629204405,-0.9996317458702892,77.1999843120575,drone2
1743534760.0615115,4.872616767883301,0.1649264693260193,2.2849955558776855,-0.002718861916573582,-0.0009681723793008913,-0.02709212066334815,-0.9996287955908936,77.39998483657837,drone2
1743534760.2614684,4.890963554382324,0.1637478768825531,2.2133243083953857,-0.0023236142865486723,-0.0008280318854144543,-0.026134965733665694,-0.9996554323991524,77.59994173049927,drone2
1743534760.4614925,4.9113850593566895,0.15941311419010162,2.143505334854126,-0.0017811352846476213,1.9541896684132495e-05,-0.024278692084700404,-0.9997036905406974,77.79996585845947,drone2
1743534760.6614692,4.932663440704346,0.1527981162071228,2.0954506397247314,-0.0014047940044077884,0.0010985147701742229,-0.021704236137109534,-0.9997628225691582,77.99994254112244,drone2
1743534760.8614628,4.952979564666748,0.1474638283252716,2.063323497772217,-0.000836626549788137,0.001543575560832854,-0.01847304799602173,-0.9998278551564104,78.19993615150452,drone2
1743534761.0614836,4.971582889556885,0.1437312215566635,2.0335922241210938,0.00013874158071541703,0.0010563369186226633,-0.015089794025506809,-0.9998856384857189,78.39995694160461,drone2
1743534761.2614722,4.98792028427124,0.14383167028427124,2.0010464191436768,8.460029064934782e-05,0.000659995322692899,-0.012726198761015883,-0.9999188502023455,78.59994554519653,drone2
1743534761.4615042,5.00203800201416,0.14910322427749634,1.9680709838867188,-0.0012376557478437867,-8.045335356439302e-05,-0.012279147138860858,-0.9999238656773183,78.79997754096985,drone2
1743534761.6616096,5.013576984405518,0.15688467025756836,1.9417691230773926,-0.0029628728247067374,-0.000756044244977213,-0.013371340571172063,-0.9999059111198526,79.00008296966553,drone2
1743534761.861558,5.028059959411621,0.1676868349313736,1.9135606288909912,-0.004901060437796171,-0.0008468707858362524,-0.014954039026453203,-0.999875902563713,79.20003128051758,drone2
1743534762.0615213,5.042015075683594,0.17646735906600952,1.889725923538208,-0.006195106158246659,-0.0010918488488974435,-0.015409857193098508,-0.9998615304883707,79.39999461174011,drone2
1743534762.261521,5.0576066970825195,0.18165840208530426,1.868337631225586,-0.0063181830230686934,-0.0007022326799144843,-0.013186484493603268,-0.9998928455968142,79.59999442100525,drone2
1743534762.4615746,5.074291229248047,0.18169249594211578,1.8483951091766357,-0.005718488027952834,-5.6447142501121245e-06,-0.007358249694122854,-0.9999565716317628,79.80004787445068,drone2
1743534762.66158,5.091275215148926,0.17655853927135468,1.8313841819763184,-0.004239263543124654,0.0003323020526365226,0.0026201852782253843,-0.9999875917122667,80.00005340576172,drone2
1743534762.8615756,5.106049537658691,0.168161079287529,1.817734718322754,-0.0023766062929712188,0.0005552282589395298,0.016380962729638182,-0.9998628370406746,80.20004892349243,drone2
1743534763.061561,5.119419097900391,0.1592368632555008,1.805971622467041,-0.0009438753179403252,0.0002637197252705412,0.03194103129082965,-0.9994892895223224,80.40003442764282,drone2
1743534763.2615504,5.134598255157471,0.15226216614246368,1.795297622680664,-0.00019563506204707843,0.0004089188390848045,0.046493663732065205,-0.9989185368997879,80.60002374649048,drone2
1743534763.4615166,5.15138578414917,0.14951694011688232,1.7854580879211426,-0.0006856324398090307,0.0003118257430341691,0.058561739453583506,-0.9982835524801228,80.79998993873596,drone2
1743534763.661514,5.1666035652160645,0.1491539478302002,1.7777886390686035,-0.00205463869698047,0.0005549777650723025,0.06794430228168469,-0.9976868373989055,80.99998736381531,drone2
1743534763.8615212,5.17874002456665,0.14641594886779785,1.7728991508483887,-0.002831363379778054,0.000537467148923105,0.07491842559847939,-0.997185542782717,81.1999945640564,drone2
1743534764.0615277,5.1885457038879395,0.14127250015735626,1.7722249031066895,-0.0017186098586552715,0.004494235348366854,0.0796898703183977,-0.9968081599011505,81.40000104904175,drone2
1743534764.2615418,5.191959381103516,0.13862872123718262,1.772871971130371,-0.0013507567746637444,0.004277644669502893,0.08109782793975262,-0.9966961335778084,81.60001516342163,drone2
1743534764.461556,5.195651054382324,0.13461434841156006,1.7750508785247803,-0.0007588678368732584,0.002583433226323816,0.08148777058217532,-0.996670761175005,81.80002927780151,drone2
1743534764.66151,5.191920280456543,0.13276135921478271,1.7790870666503906,5.537705912511274e-05,0.0003973252041807983,0.08001161935992984,-0.9967939142663538,81.99998331069946,drone2
1743534764.8615155,5.1897993087768555,0.13450290262699127,1.7876217365264893,-0.0005911332991265518,-0.0007497194600454577,0.07874422147835874,-0.9968944345000522,82.1999888420105,drone2
1743534765.0615072,5.189767837524414,0.13839010894298553,1.794529914855957,-0.000914101779871858,-0.0012218058368871165,0.07825506515454128,-0.996932198076318,82.39998054504395,drone2
1743534765.26152,5.193019866943359,0.14268608391284943,1.8013286590576172,-0.0013407459720641932,-0.0010602147785373172,0.07831689458130675,-0.9969270140139512,82.59999322891235,drone2
1743534765.4615343,5.199531078338623,0.147218257188797,1.8096320629119873,-0.0014800400922012611,-6.183848175240987e-05,0.0787094503283372,-0.9968965839893263,82.80000758171082,drone2
1743534765.6615717,5.206612586975098,0.15056627988815308,1.8191468715667725,-0.0016362265992511415,0.0007692664192905453,0.07894467188987653,-0.9968774071732539,83.00004506111145,drone2
1743534765.8615317,5.213496685028076,0.15262457728385925,1.8301138877868652,-0.0015118626297677719,0.0011416820436899878,0.07901450921785902,-0.9968717173487049,83.20000505447388,drone2
1743534766.0615137,5.220643043518066,0.15501795709133148,1.8440310955047607,-0.0005112596293652482,0.001755166734428331,0.07901505712688967,-0.9968718437892504,83.39998698234558,drone2
1743534766.2615044,5.2279253005981445,0.15889360010623932,1.8594920635223389,-0.0006603943595055863,0.001755569022804645,0.07907359909947137,-0.9968669969016717,83.59997773170471,drone2
1743534766.4615219,5.234686851501465,0.16269049048423767,1.872856616973877,-0.0007185077430896167,0.0018947610068044281,0.0791106040324639,-0.9968637937411848,83.7999951839447,drone2
1743534766.6615293,5.240742206573486,0.16661159694194794,1.883683681488037,-0.0005386409221904076,0.0016986621339182707,0.07909774924366808,-0.9968652688808826,84.00000262260437,drone2
1743534766.8615417,5.244497776031494,0.17130421102046967,1.8936357498168945,-0.0008553566051504814,0.0013975432544491326,0.07895444995873108,-0.9968769014110717,84.2000150680542,drone2
1743534767.0615523,5.245645046234131,0.17766013741493225,1.904167890548706,-0.000581474612043612,0.0007939924812390342,0.07875003774345324,-0.9968939287378701,84.4000256061554,drone2
1743534767.2615352,5.24535608291626,0.18693633377552032,1.9165573120117188,-0.000769699124191209,4.683877233516843e-05,0.0787314509832599,-0.996895572464962,84.60000848770142,drone2
1743534767.461515,5.243766784667969,0.19623339176177979,1.9300744533538818,-0.001121646650215136,-0.000682275838451844,0.07871476083124956,-0.9968963311082352,84.79998826980591,drone2
1743534767.6615214,5.243220329284668,0.2052193135023117,1.9432487487792969,-0.001008859491881543,-0.0012494135969947165,0.07875745558879116,-0.9968925800387177,84.99999475479126,drone2
1743534767.8615148,5.243059158325195,0.2132256180047989,1.956897497177124,-0.001088197761099197,-0.0011164655242879673,0.07885325537545645,-0.9968849514591374,85.19998812675476,drone2
1743534768.0614963,5.242480754852295,0.21967491507530212,1.9684553146362305,-0.0006531923212608867,-0.000979098651374367,0.07898627082935672,-0.9968750048028887,85.3999695777893,drone2
1743534768.2615156,5.24345588684082,0.22916631400585175,1.978661298751831,-0.00031286721059391425,-0.0009699297464794819,0.07912640910065549,-0.9968640887691245,85.59998893737793,drone2
1743534768.4615345,5.248723030090332,0.2428426742553711,1.9897594451904297,-0.000660691481410903,-0.0005619583008426533,0.07928521842584457,-0.9968516133019651,85.8000078201294,drone2
1743534768.6614892,5.259766578674316,0.25913599133491516,2.001497745513916,0.00047918137073459425,0.0002118904614949014,0.07458685634124412,-0.9972144133739469,85.99996256828308,drone2
1743534768.861505,5.271681785583496,0.27498582005500793,2.014910936355591,0.0009543793292174415,0.001318741633408279,0.05164038399112453,-0.9986644756969643,86.19997835159302,drone2
1743534769.0614765,5.283350467681885,0.2927340567111969,2.0298666954040527,-0.0013006150723488404,0.00238485024123549,0.00480415067436285,-0.9999848100202651,86.39994978904724,drone2
1743534769.2615564,5.2889227867126465,0.30185598134994507,2.0372238159179688,-0.0023970888175873597,0.002582109572442294,-0.02592722391735558,-0.9996576661821235,86.60002970695496,drone2
1743534769.4614727,5.298865795135498,0.3216840922832489,2.0524981021881104,-0.0036783836552176704,0.002462642004852876,-0.11018265160069574,-0.9939015867872938,86.79994606971741,drone2
1743534769.6614811,5.303287982940674,0.33822762966156006,2.0684845447540283,-0.004100421616689886,0.0012449387150347965,-0.1846070739877788,-0.9828031414626169,86.99995446205139,drone2
1743534769.8614836,5.306258678436279,0.35147160291671753,2.075181245803833,-0.00472049016788533,0.0003435109740707832,-0.246856704832914,-0.9690404252561726,87.1999568939209,drone2
1743534770.061494,5.311332702636719,0.3645983338356018,2.08514142036438,-0.0028957308370772808,-0.0008638500388855571,-0.2944030914736599,-0.9556765657506111,87.3999674320221,drone2
1743534770.2614639,5.318781852722168,0.3784931004047394,2.100008726119995,-0.001920021745154717,-0.00029860548261579625,-0.3275966638819604,-0.9448156811375661,87.59993720054626,drone2
1743534770.4614727,5.325985431671143,0.3923407196998596,2.117405414581299,-0.0011347268876073407,-2.8122443509783416e-05,-0.3498171146196315,-0.9368173472551082,87.79994606971741,drone2
1743534770.6614563,5.331676006317139,0.40662190318107605,2.1357581615448,-0.0001931972537556006,0.00026398335915867114,-0.36614280175744757,-0.9305586034715132,87.99992966651917,drone2
1743534770.8614736,5.336538314819336,0.4215015769004822,2.1538314819335938,-0.0005191516164591316,0.0002186467474257839,-0.3807492767976557,-0.9246781276533034,88.19994688034058,drone2
1743534771.0614808,5.341716766357422,0.43526679277420044,2.1699767112731934,-0.0012610670874206175,0.00018777495262339996,-0.395772120554303,-0.9183478185209368,88.39995408058167,drone2
1743534771.2614558,5.348428249359131,0.44645336270332336,2.1841702461242676,-0.0011665517095001115,-0.00037110131361803913,-0.4117912525894752,-0.911277473948992,88.59992909431458,drone2
1743534771.4615703,5.356304168701172,0.45645180344581604,2.1958577632904053,-0.0008521903437355913,-0.0006397776358664001,-0.42768322758268984,-0.9039281593867533,88.80004358291626,drone2
1743534771.6614602,5.3662004470825195,0.4656811058521271,2.2069406509399414,0.00026239269634843103,-0.001032606431913489,-0.4426719534654676,-0.8966830739808821,88.99993348121643,drone2
1743534771.8614593,5.378140926361084,0.4735914468765259,2.2184669971466064,0.00122103062710378,-0.0009164889419747216,-0.45588547516239075,-0.8900372113937145,89.19993257522583,drone2
1743534772.0614913,5.390731334686279,0.48375362157821655,2.2312679290771484,0.0018729939705459746,-0.0008689105829981125,-0.46720297873220284,-0.8841478004436205,89.39996457099915,drone2
1743534772.2614622,5.401782989501953,0.4976949393749237,2.243877649307251,0.001456934358435287,-0.00042572502869523543,-0.4768549231425614,-0.8789807021833062,89.59993553161621,drone2
1743534772.4614844,5.410848140716553,0.5130223035812378,2.255502700805664,0.00045015635081753665,-0.0002345257063689533,-0.484831783205703,-0.874607313374149,89.79995775222778,drone2
1743534772.6614594,5.418263912200928,0.5295904874801636,2.267343282699585,-0.0002123604976373342,-0.0006068249124470937,-0.4915242180604751,-0.8708636406285931,89.9999327659607,drone2
1743534772.8614762,5.4251484870910645,0.5474837422370911,2.2778804302215576,-0.0012805998467996357,-0.0008383192972868539,-0.4971914518986439,-0.8676395753049038,90.19994950294495,drone2
1743534773.061554,5.429891586303711,0.5649504661560059,2.2879085540771484,-0.0021178129127902576,-0.0009887838757429994,-0.5019168933334126,-0.8649127374265216,90.40002727508545,drone2
1743534773.2615356,5.432481288909912,0.577883243560791,2.2955784797668457,-0.0022457557218227434,-0.0015620157948729857,-0.5049809692201547,-0.863126132518145,90.60000896453857,drone2
1743534773.4615326,5.435454368591309,0.5925228595733643,2.303903818130493,-0.0022350619879888977,-0.0016841062834991565,-0.5076910326528293,-0.8615347307386463,90.80000591278076,drone2
1743534773.6615276,5.43934440612793,0.605025589466095,2.3135898113250732,-0.0018940523203058771,-0.0020539720544329636,-0.5092283916358249,-0.8606268770850095,91.00000095367432,drone2
1743534773.8616543,5.446895122528076,0.6175699234008789,2.324418067932129,-0.0013194784623945064,-0.0021493869527025836,-0.5099796276003952,-0.8601828073523866,91.20012760162354,drone2
1743534774.0615487,5.461181640625,0.6304982900619507,2.333683729171753,-0.0007492823305487407,-0.0011227127514554687,-0.510291208714724,-0.860000701356683,91.40002202987671,drone2
1743534774.261502,5.4748311042785645,0.6425548195838928,2.3400580883026123,-7.734993170122879e-05,-0.00014543900923072898,-0.5105415083113181,-0.8598531557767586,91.59997534751892,drone2
1743534774.4615414,5.492869853973389,0.658109724521637,2.3473987579345703,0.0001614894778595273,0.0013087340206337137,-0.5110359119177752,-0.8595584439385462,91.80001473426819,drone2
1743534774.661505,5.5105462074279785,0.6745434999465942,2.363373041152954,0.0010292118819291947,0.0024250210034731092,-0.5122065933187259,-0.8588583742480681,91.9999783039093,drone2
1743534774.8614867,5.521027088165283,0.6917378306388855,2.367586374282837,0.00044906849702889786,0.0024667686916941024,-0.5145722748522181,-0.8574433570295876,92.19995999336243,drone2
1743534775.0615242,5.525728702545166,0.7092193365097046,2.3753256797790527,-0.000851689314842109,0.00165119980225219,-0.5183308359720105,-0.8551782273399302,92.39999747276306,drone2
1743534775.2615225,5.523808002471924,0.7247670888900757,2.382953405380249,-0.0019025330256104043,0.0002620841682464435,-0.5232958611671394,-0.8521490068969068,92.59999585151672,drone2
1743534775.4614935,5.519412040710449,0.7380697727203369,2.3912272453308105,-0.0030386812580612092,-0.0014978148670161946,-0.5287361763729255,-0.8487794506521578,92.79996681213379,drone2
1743534775.6615121,5.517307758331299,0.7491888999938965,2.399684429168701,-0.003144004997718981,-0.002896615673941811,-0.5337334228337409,-0.845642060322431,92.99998545646667,drone2
1743534775.8615117,5.519359111785889,0.7592858672142029,2.4097323417663574,-0.0024721044250927693,-0.0031461172380693033,-0.5372925029195313,-0.8433864979673857,93.19998502731323,drone2
1743534776.06147,5.5263447761535645,0.7680044174194336,2.4192395210266113,-0.0017124259199301274,-0.0025231199748107294,-0.538900984709389,-0.8423636887844355,93.3999433517456,drone2
1743534776.2614613,5.535691261291504,0.7764957547187805,2.4270782470703125,-0.0004061958089929429,-0.001406860856635828,-0.538371198823607,-0.8427065955439201,93.5999345779419,drone2
1743534776.461476,5.54582405090332,0.7870617508888245,2.4341681003570557,0.0003576315471495056,-0.00015055251472739268,-0.5364423272280817,-0.8439370095659229,93.79994940757751,drone2
1743534776.6614594,5.552672386169434,0.7988595962524414,2.441788673400879,0.000382639003108304,0.0004022496559549103,-0.5343059140137766,-0.8452910929781687,93.9999327659607,drone2
1743534776.8614829,5.5562334060668945,0.8107312321662903,2.448761224746704,-0.00031983352591888066,0.00021159394668533125,-0.5329938720829204,-0.8461190362070289,94.19995617866516,drone2
1743534777.061477,5.557612895965576,0.8221051096916199,2.4561920166015625,-0.0012417306566230343,-0.00022732985226877245,-0.532891465777751,-0.8461827517052652,94.3999502658844,drone2
1743534777.2617946,5.557380199432373,0.8315896391868591,2.4630093574523926,-0.0018068905487644861,-0.0012524678543944065,-0.5335525601700686,-0.8457640016918853,94.60026788711548,drone2
1743534777.4615293,5.557346343994141,0.8361271619796753,2.4666996002197266,-0.0018863350906021161,-0.0018697821705209712,-0.5342009788976966,-0.8453533754835558,94.80000257492065,drone2
1743534777.6615112,5.557811737060547,0.8393283486366272,2.469428062438965,-0.0010199951399494907,-0.0027384066120717883,-0.5348806495134955,-0.8449226241550624,94.99998450279236,drone2
1743534777.8615038,5.55997896194458,0.8426145315170288,2.4706175327301025,-0.00012104360865355251,-0.003172124765891779,-0.5353412618841589,-0.8446299248288663,95.19997715950012,drone2
1743534778.061529,5.564542770385742,0.8490400314331055,2.472547769546509,0.0003473609899005862,-0.0027051110133385,-0.535750781737715,-0.8443717964551612,95.40000224113464,drone2
1743534778.2615101,5.568317890167236,0.8570976257324219,2.475332736968994,0.00028752077913953,-0.002324695122722377,-0.5360020191016883,-0.8442135350390029,95.59998345375061,drone2
1743534778.461574,5.570779323577881,0.865142285823822,2.4792754650115967,-0.00017316559546298784,-0.001981398587207081,-0.5358185854802568,-0.8443307981082723,95.80004739761353,drone2
1743534778.6615412,5.575217247009277,0.8762737512588501,2.4807276725769043,-0.0005690677775698006,-0.0017401522900774697,-0.5351768470281179,-0.8447381157889937,96.00001454353333,drone2
1743534778.861641,5.582123756408691,0.8905215263366699,2.4814646244049072,-0.0009450669748070104,-0.0012268058978024948,-0.5343362492079924,-0.8452706201465047,96.2001142501831,drone2
1743534779.0615475,5.590109348297119,0.9071065187454224,2.482930898666382,-0.001413386662278651,-0.00031110037683799996,-0.5333983764615037,-0.845862888735204,96.40002083778381,drone2
1743534779.2615113,5.596047878265381,0.9202487468719482,2.4852070808410645,-0.0015125420624843393,5.5931008243691784e-05,-0.5325570937550897,-0.8463927062311223,96.5999846458435,drone2
1743534779.461563,5.602837562561035,0.9323499798774719,2.4852991104125977,-0.0018465656327827306,0.0007136346372077809,-0.5313421370897784,-0.8471550057434266,96.80003643035889,drone2
1743534779.6614952,5.605672359466553,0.9411883354187012,2.511603593826294,-0.00083184467290001,-0.00015515821038009688,-0.5303625705734003,-0.8477705920760646,96.99996852874756,drone2
1743534779.861498,5.603402137756348,0.9501767158508301,2.5273261070251465,-0.0007959675179568813,-0.0012699618422947771,-0.5298196664810193,-0.8481090839531678,97.19997143745422,drone2
1743534780.0614977,5.599545478820801,0.9586104154586792,2.5266709327697754,-0.0010589581727184789,-0.0027075232618712407,-0.5296134314145434,-0.8482342284831088,97.39997100830078,drone2
1743534780.261512,5.595420837402344,0.9691051840782166,2.513291597366333,-0.0012246225346453097,-0.003554188993411383,-0.5297134669594841,-0.8481683318854619,97.59998536109924,drone2
1743534780.4614892,5.593724727630615,0.9794265627861023,2.4963574409484863,-0.001946022152464694,-0.0035674718361373946,-0.5301485172665257,-0.8478950411830052,97.79996252059937,drone2
1743534780.6615033,5.594943523406982,0.987316906452179,2.4875638484954834,-0.0017206224529897026,-0.0034708985889475067,-0.530300087870483,-0.8478012117615079,97.99997663497925,drone2
1743534780.861616,5.600288391113281,0.9963783025741577,2.4800970554351807,-0.0012396289529848395,-0.00281550110053231,-0.529656874278646,-0.8482064642466522,98.2000892162323,drone2
1743534781.0615165,5.6096014976501465,1.0068042278289795,2.4740657806396484,-0.0005340960595866006,-0.0019574509454465434,-0.5278893724293569,-0.849310743287774,98.39998984336853,drone2
1743534781.2614949,5.620567798614502,1.0186399221420288,2.4679853916168213,0.0004310296047072034,-0.0009767913686623162,-0.5253531647467895,-0.8508837268944733,98.59996819496155,drone2
1743534781.4615157,5.6303863525390625,1.032657504081726,2.46340274810791,0.00035691968111589185,7.41213658022219e-05,-0.5229844275667803,-0.8523421764403444,98.79998898506165,drone2
1743534781.6614783,5.634334087371826,1.0482465028762817,2.4590020179748535,-8.413664444630792e-05,0.0003237125228520735,-0.5215872700753563,-0.8531979998094944,98.99995160102844,drone2
1743534781.8614612,5.635374069213867,1.0631612539291382,2.4545485973358154,-0.0011632948776358798,-0.0003879230098938196,-0.5214734419742404,-0.8532666464890065,99.19993448257446,drone2
1743534782.061462,5.636806964874268,1.0751290321350098,2.448411226272583,-0.0019689295408568098,-0.0012414146787362978,-0.5226852270892014,-0.8525226070988194,99.39993524551392,drone2
1743534782.2614582,5.639163970947266,1.0849095582962036,2.4401936531066895,-0.0017994784245319825,-0.0021307850048265637,-0.5248341684542264,-0.851199996845699,99.59993147850037,drone2
1743534782.4614666,5.643199920654297,1.0943858623504639,2.4322049617767334,-0.0014925463463162064,-0.0023039683398323194,-0.52711185790474,-0.8497915439988742,99.79993987083435,drone2
1743534782.661477,5.649511337280273,1.1036971807479858,2.4269518852233887,-0.0005621647905600306,-0.0024322933927926576,-0.5285559037651324,-0.8488949014069412,99.99995040893555,drone2
1743534782.8615136,5.658956050872803,1.1143100261688232,2.424051284790039,0.00024543245877178295,-0.0018348912026994034,-0.5290074334899417,-0.8486152465303595,100.19998693466187,drone2
1743534783.061565,5.670400142669678,1.1280955076217651,2.420228958129883,0.0005519317086096874,-0.0007702086730042325,-0.5289697647440852,-0.8486401869279657,100.40003824234009,drone2
1743534783.261514,5.679342746734619,1.1447227001190186,2.415339231491089,0.0005116171161356442,3.892691571871273e-05,-0.5291608374818092,-0.8485214381822863,100.59998726844788,drone2
1743534783.4614608,5.683547496795654,1.163514256477356,2.4114978313446045,-0.0004988559487022447,0.00037106200159800544,-0.5300833687754399,-0.8479452696897181,100.79993414878845,drone2
1743534783.6614769,5.6851959228515625,1.183010458946228,2.4087488651275635,-0.0013768699988797237,-0.00021009006254848328,-0.5320408580811041,-0.8467175952128685,100.99995017051697,drone2
1743534783.8614788,5.686203956604004,1.2016032934188843,2.406545877456665,-0.002330040528493673,-0.0009171683541117985,-0.5349354614899838,-0.8448892227776175,101.19995212554932,drone2
1743534784.0614958,5.688724994659424,1.2177094221115112,2.404520273208618,-0.0028343920259702392,-0.0015206293183146202,-0.5382062571319597,-0.8428070525573459,101.39996910095215,drone2
1743534784.261523,5.692018508911133,1.230127215385437,2.4035069942474365,-0.0024594865065246606,-0.001812060040834087,-0.5406379090200835,-0.8412498634821259,101.59999632835388,drone2
1743534784.4616406,5.695089340209961,1.2432587146759033,2.403268337249756,-0.0022866338431799756,-0.0013905354559648727,-0.5417660431774625,-0.8405250746649962,101.8001139163971,drone2
1743534784.6615138,5.696406364440918,1.2597582340240479,2.4081597328186035,-0.0008844053120903093,-0.002002917887253464,-0.5414880109545482,-0.8407057476678503,101.99998712539673,drone2
1743534784.8615224,5.696763515472412,1.277113914489746,2.4070661067962646,-0.0012282275924976503,-0.0018247722341644152,-0.5402734968311462,-0.8414866550137723,102.19999575614929,drone2
1743534785.0615163,5.6964240074157715,1.2935528755187988,2.406886100769043,-0.0018188511447333662,-0.0019006329317719122,-0.5391302951754247,-0.8422182505469366,102.39998960494995,drone2
1743534785.2615616,5.698042869567871,1.3065838813781738,2.4072370529174805,-0.00203207374144272,-0.002267526143411584,-0.538578266290341,-0.8425700819015933,102.6000349521637,drone2
1743534785.461494,5.703068256378174,1.3168987035751343,2.4080190658569336,-0.0016609752780875487,-0.002010677064441675,-0.5386290321693724,-0.8425390407476652,102.79996728897095,drone2
1743534785.6615357,5.7108473777771,1.32582688331604,2.4096338748931885,-0.0006071287689989794,-0.0019563576380861964,-0.5386381358886507,-0.8425347417691169,103.000009059906,drone2
1743534785.8616378,5.718108654022217,1.3360662460327148,2.4129369258880615,0.0003703540302377712,-0.0016863789205962042,-0.5382114938778871,-0.842808053544998,103.20011115074158,drone2
1743534786.0614974,5.723948955535889,1.3497918844223022,2.4175925254821777,0.00043183080641922807,-0.0012399766233260221,-0.5376155690500795,-0.8431891980327941,103.3999707698822,drone2
1743534786.2615097,5.728343963623047,1.3656361103057861,2.4224133491516113,-6.860016980539752e-06,-0.0009113590448936609,-0.5375795440313148,-0.8432125789970055,103.59998297691345,drone2
1743534786.4614964,5.732671737670898,1.3815597295761108,2.4277548789978027,-0.000952703451776699,-0.0008713374069729695,-0.5386335840290116,-0.8425391250413621,103.79996967315674,drone2
1743534786.6615171,5.738217830657959,1.3983930349349976,2.4309580326080322,-0.0014088646223579763,-0.000910464268122955,-0.5409439478238334,-0.8410570311134765,103.99999046325684,drone2
1743534786.8615367,5.74620246887207,1.412074089050293,2.431964874267578,-0.001656021788616566,-0.0009286544404658424,-0.5440280118534816,-0.8390649076350485,104.20001006126404,drone2
1743534787.0615704,5.755085468292236,1.4200403690338135,2.4343459606170654,-0.0010518424861223879,-0.0008046300432841593,-0.5471389444990555,-0.8370407736251764,104.40004372596741,drone2
1743534787.2617962,5.7642316818237305,1.4249787330627441,2.437809705734253,0.00024197258940393743,-0.0010229620064350477,-0.5495690158803602,-0.835447654361601,104.60026955604553,drone2
1743534787.461538,5.772362232208252,1.4309436082839966,2.4418728351593018,0.001277276095494831,-0.0013153054664976987,-0.5511234864838512,-0.8344217895321336,104.80001139640808,drone2
1743534787.6615133,5.7770771980285645,1.4403403997421265,2.4446351528167725,0.0017443632577536735,-0.0016848943271832177,-0.5521936792612399,-0.8337122894843013,104.99998664855957,drone2
1743534787.8614824,5.778714656829834,1.4509621858596802,2.4463417530059814,0.001144753927445081,-0.0022293136764558108,-0.5536282420807173,-0.8327602237865765,105.199955701828,drone2
1743534788.0614846,5.7792134284973145,1.461861252784729,2.447592258453369,0.00010148862339755558,-0.002459765811714109,-0.5559107046618248,-0.8312384275273937,105.39995789527893,drone2
1743534788.261547,5.7810163497924805,1.4749183654785156,2.4484312534332275,-0.0007199810306310409,-0.002680004580198103,-0.5588686442473042,-0.8292516356253024,105.60002040863037,drone2
1743534788.4615443,5.785048007965088,1.4892727136611938,2.4492602348327637,-0.0013575297814512229,-0.0023067679360128488,-0.5618053839679826,-0.8272651387511505,105.80001759529114,drone2
1743534788.661498,5.7909321784973145,1.504178524017334,2.4488582611083984,-0.0012670013966181721,-0.0019305818767714987,-0.5641411623124564,-0.8256751067442284,105.99997138977051,drone2
1743534788.8616068,5.797540664672852,1.519778847694397,2.4477944374084473,-0.000822141163631495,-0.0013589100084218909,-0.5654770488228577,-0.8247626274739677,106.2000801563263,drone2
1743534789.0614746,5.8039093017578125,1.5378752946853638,2.445769786834717,-0.0009110476562389639,-0.000536685559489567,-0.5659548360342893,-0.824435641686508,106.39994788169861,drone2
1743534789.2615037,5.806360721588135,1.5581082105636597,2.44616436958313,-0.0013418682759623777,-0.000181091960638162,-0.5661199884601792,-0.8243217398284073,106.59997701644897,drone2
1743534789.4615493,5.807796001434326,1.572651982307434,2.4417362213134766,-0.0015398672555492242,-0.0014825589837852346,-0.5662179588095427,-0.8242527665108192,106.8000226020813,drone2
1743534789.6615405,5.807938098907471,1.5903440713882446,2.476573944091797,-0.002421607767288066,-0.0007317088028195142,-0.5666275629567958,-0.8239701929649779,107.00001382827759,drone2
1743534789.861569,5.811957836151123,1.6071414947509766,2.5258913040161133,-0.002675408021850447,-0.0009563253282383868,-0.5675755404102151,-0.8233164005141649,107.20004224777222,drone2
1743534790.0615866,5.82134485244751,1.6209145784378052,2.522189140319824,-0.0024584009782213146,-0.0010664525738554478,-0.5687966189052727,-0.822473969306129,107.40005993843079,drone2
1743534790.2614627,5.832887649536133,1.6326569318771362,2.476612091064453,-0.0008788663714068504,-0.000715448808994887,-0.5698538199166079,-0.8217454294194819,107.59993600845337,drone2
1743534790.4614801,5.846338272094727,1.643519639968872,2.4146807193756104,0.00015462555334332746,0.0001001714906501194,-0.5703382979402406,-0.8214098140647896,107.79995346069336,drone2
1743534790.66146,5.857919216156006,1.6508936882019043,2.375021457672119,0.0007972903280784294,0.0003313570001085593,-0.5700813496782939,-0.8215877791326268,107.99993324279785,drone2
1743534790.861482,5.867726802825928,1.65906822681427,2.3534951210021973,0.0011387701862503917,7.718944234685082e-05,-0.5696716085537831,-0.8218716697674842,108.19995522499084,drone2
1743534791.061465,5.87559700012207,1.6717948913574219,2.3234734535217285,0.0014534275266122178,-0.000571485706048922,-0.5698096078725199,-0.8217753958287731,108.39993834495544,drone2
1743534791.2614489,5.8806962966918945,1.690197229385376,2.2839012145996094,0.0012571425428742498,-0.001390804502265657,-0.5711140001503715,-0.8208686169197734,108.59992218017578,drone2
1743534791.4620693,5.8849592208862305,1.710869312286377,2.242544651031494,-0.00029390145803623676,-0.001050783536263793,-0.5738970408512428,-0.8189267430214824,108.80054259300232,drone2
1743534791.6615427,5.890037536621094,1.7312276363372803,2.2025249004364014,-0.001443908512703348,-0.0008663512320858985,-0.5779394399223319,-0.8160779427002219,109.0000159740448,drone2
1743534791.8614962,5.8941121101379395,1.7500083446502686,2.1664509773254395,-0.0021387988741032363,-0.00048550806956118965,-0.5825327193768824,-0.8128043653662445,109.19996953010559,drone2
1743534792.0615425,5.896853446960449,1.7623182535171509,2.140254497528076,-0.002293020202023233,-0.00043521148580981904,-0.5859434425559145,-0.8103486897744693,109.40001583099365,drone2
1743534792.2614856,5.899244785308838,1.7747224569320679,2.111212730407715,-0.0013023648868450738,-0.0011022800910062873,-0.5892397265045272,-0.8079564557264152,109.59995889663696,drone2
1743534792.461476,5.898293972015381,1.7898231744766235,2.081094264984131,-0.0008329927217725815,-0.0013946720415532177,-0.5912339994722292,-0.8064984592591657,109.79994940757751,drone2
1743534792.6615143,5.896472454071045,1.8060330152511597,2.0541794300079346,-0.0011490887143506435,-0.0017482213124566856,-0.5924228777750246,-0.8056245022084438,109.99998760223389,drone2
1743534792.8614724,5.893871784210205,1.822738766670227,2.0286221504211426,-0.00138448623075067,-0.0022006303999793364,-0.5933647123252732,-0.8049294796030749,110.19994568824768,drone2
1743534793.061523,5.89169454574585,1.8389720916748047,2.0054755210876465,-0.0020624267986782143,-0.002268540548908066,-0.5943493259267605,-0.8042012031342309,110.39999628067017,drone2
1743534793.261476,5.892129421234131,1.854797601699829,1.9850075244903564,-0.002172887473611474,-0.0023844894514527897,-0.5952147377039468,-0.8035602654722136,110.5999493598938,drone2
1743534793.461487,5.894526481628418,1.8684704303741455,1.9654841423034668,-0.0018300725862305822,-0.0019770077880040156,-0.5956159546283463,-0.8032648371375766,110.79996037483215,drone2
1743534793.6616228,5.896662712097168,1.8792850971221924,1.9482343196868896,-0.0010596561475788757,-0.0018594513731704275,-0.5951930952972364,-0.8035798848301955,111.00009608268738,drone2
1743534793.8615367,5.898523807525635,1.8886263370513916,1.9345245361328125,-0.0003113190959327128,-0.0020060484843673174,-0.5940822413477469,-0.8044018642799913,111.20001006126404,drone2
1743534794.0615096,5.904547691345215,1.8993804454803467,1.921356201171875,4.322027605899135e-05,-0.0017385994832866771,-0.5929969073150307,-0.8052029599663499,111.39998292922974,drone2
1743534794.2614927,5.914154529571533,1.9116629362106323,1.9102756977081299,0.0005864754961397952,-0.0013603783157205018,-0.5925965122541773,-0.8054981564933203,111.59996604919434,drone2
1743534794.4614744,5.922930717468262,1.9248408079147339,1.904355525970459,0.0011870142925655392,-0.0014020598613774743,-0.5929582270448099,-0.8052311878181402,111.79994773864746,drone2
1743534794.6614745,5.9287638664245605,1.9392558336257935,1.9025261402130127,0.0006929462556943459,2.8476164228798085e-05,-0.5940508103354699,-0.8044272261460828,111.99994778633118,drone2
1743534794.8614724,5.9324212074279785,1.9558099508285522,1.925013542175293,0.00014710810057613866,-7.555376184546214e-05,-0.5958949983756248,-0.8030624163608908,112.19994568824768,drone2
1743534795.0615017,5.935218334197998,1.9739717245101929,1.9239411354064941,-0.0006283684448734169,-0.0002835047174857329,-0.5985893199603807,-0.8010558470501357,112.39997506141663,drone2
1743534795.2614918,5.936905860900879,1.9914509057998657,1.9030075073242188,-0.001454623237643385,-0.0006309188951450122,-0.6019525436411409,-0.798530334130378,112.59996509552002,drone2
1743534795.4614725,5.93674373626709,2.006574869155884,1.8701605796813965,-0.0021066346548346618,-0.0009914020429115779,-0.6055123191499316,-0.7958326302610291,112.79994583129883,drone2
1743534795.661504,5.935488224029541,2.0210916996002197,1.8403527736663818,-0.001968951499200246,-0.0015121220139858239,-0.6083839103795243,-0.7936390132365826,112.99997735023499,drone2
1743534795.8615127,5.936464309692383,2.0368247032165527,1.8201496601104736,-0.0019785174344051394,-0.001736258707412568,-0.610097000647386,-0.7923223562258144,113.19998598098755,drone2
1743534796.0615172,5.9406352043151855,2.0511794090270996,1.805204153060913,-0.0017145313175914207,-0.001524605126435196,-0.6106321075727925,-0.791911076741333,113.39999055862427,drone2
1743534796.2614841,5.945204734802246,2.064858913421631,1.791870355606079,-0.0006594564480695784,-0.0012769755676794664,-0.610259181720456,-0.7922005518336179,113.59995746612549,drone2
1743534796.461534,5.946422100067139,2.0788540840148926,1.7805137634277344,-0.0005342853499736124,-0.0010954101341194955,-0.6094092167632489,-0.7928549554137345,113.80000734329224,drone2
1743534796.661526,5.947507381439209,2.09206485748291,1.7718751430511475,-0.0005611715408058641,-0.0012773102111871008,-0.6087529271116615,-0.7933587577674095,113.99999928474426,drone2
1743534796.8614995,5.949155807495117,2.1091620922088623,1.7613682746887207,-0.0009288041564438284,-0.001252080897757418,-0.6084558761233567,-0.7935862664556712,114.1999728679657,drone2
1743534797.061484,5.952138900756836,2.1280736923217773,1.7533743381500244,-0.0015298644789608629,-0.001039117975951807,-0.6089803198960899,-0.7931832899003465,114.39995741844177,drone2
1743534797.2614655,5.956585884094238,2.1491949558258057,1.7486424446105957,-0.002105829337219462,-0.0007958909621578266,-0.6100528939704195,-0.7923576120645938,114.59993886947632,drone2
1743534797.4614806,5.963134765625,2.1685733795166016,1.7459208965301514,-0.002464705389432359,-0.0001746873271848071,-0.6110142003646801,-0.7916158907510747,114.79995393753052,drone2
1743534797.6614692,5.9720540046691895,2.1869678497314453,1.7452001571655273,-0.0020452983955875953,0.0004701264454884091,-0.6115181396956128,-0.791227602372456,114.99994254112244,drone2
1743534797.861477,5.981329917907715,2.2021141052246094,1.7469561100006104,-0.0014273955091656802,0.0007614233599956593,-0.6114343306873489,-0.7912935411169514,115.19995021820068,drone2
1743534798.0614667,5.988713264465332,2.217022657394409,1.7482187747955322,-0.0008512589045573509,0.0007812971322424785,-0.6109205079204405,-0.7916911228756668,115.3999400138855,drone2
1743534798.261547,5.99351167678833,2.2314038276672363,1.7502162456512451,-0.000529936867400065,0.0003491318057927955,-0.6101595149604399,-0.7922783865261054,115.60002040863037,drone2
1743534798.4615555,5.99937105178833,2.2452521324157715,1.753891944885254,-0.0006883663873338927,-3.523400391293417e-05,-0.609568268432817,-0.7927333301456442,115.80002880096436,drone2
1743534798.6615782,6.006641387939453,2.259967803955078,1.756504774093628,-0.0005327776020328279,-0.0003310192593836145,-0.6092752846153934,-0.7929586261243591,116.00005149841309,drone2
1743534798.861579,6.013280868530273,2.275813341140747,1.7597644329071045,-0.0005708509514612892,-0.00019407104970986573,-0.6091055065728794,-0.793088954716667,116.20005226135254,drone2
1743534799.0615256,6.0191779136657715,2.291943311691284,1.7645883560180664,-0.0009575401782194876,1.5202088376549525e-05,-0.6089297436778768,-0.7932235822875229,116.39999890327454,drone2
1743534799.2615137,6.023210525512695,2.3061113357543945,1.7697491645812988,-0.0008948004988873627,0.00021086346133473185,-0.6089532405459217,-0.7932056488034814,116.5999870300293,drone2
1743534799.4617047,6.0246992111206055,2.315397262573242,1.7759439945220947,-0.001377631317489982,0.0002447620604626582,-0.6095573945459011,-0.792740747990982,116.80017805099487,drone2
1743534799.6616127,6.026739597320557,2.3219122886657715,1.7836918830871582,-0.0010329108389674213,-0.0011342850505463879,-0.6105896446229178,-0.7919457003773847,117.00008606910706,drone2
1743534799.8615575,6.029086589813232,2.326272487640381,1.8334589004516602,-0.000423817842641083,-0.0018369651239911666,-0.6118620790528859,-0.7909623090345043,117.20003080368042,drone2
1743534800.0616133,6.031701564788818,2.3301496505737305,1.8495821952819824,-1.921138965826879e-06,-0.002127334684354082,-0.6128877120746864,-0.7901671349803614,117.40008664131165,drone2
1743534800.261528,6.033387660980225,2.3363704681396484,1.831411361694336,0.0004948684565617003,-0.002367997058300271,-0.6134119609182452,-0.7897594643197836,117.60000133514404,drone2
1743534800.4615505,6.035641193389893,2.343719005584717,1.7985472679138184,0.0004535099681449253,-0.0020753118084930982,-0.6135101472702075,-0.7896839529723203,117.8000237941742,drone2
1743534800.6616096,6.037721157073975,2.3521270751953125,1.7683875560760498,0.0006568474799447651,-0.0018625566163207243,-0.6136086707969577,-0.7896078515689778,118.00008296966553,drone2
1743534800.8615918,6.039870262145996,2.3629848957061768,1.748534917831421,0.00021429499270921845,-0.001428084881788443,-0.6145002715721375,-0.7889153525061635,118.20006513595581,drone2
1743534801.0616167,6.040747165679932,2.3759872913360596,1.7340857982635498,-0.0003523230404500023,-0.0012644052083725444,-0.6165137898445409,-0.7873430274439721,118.40008997917175,drone2
1743534801.2615576,6.040358543395996,2.388200521469116,1.7212255001068115,-0.00027870550235550314,-0.0018139357402289474,-0.6193779790338638,-0.7850907262013304,118.60003089904785,drone2
1743534801.4615338,6.0397844314575195,2.4013123512268066,1.7121729850769043,-0.0004660388597271884,-0.0020011181262721773,-0.62256350106459,-0.7825666568111341,118.80000710487366,drone2
1743534801.6617343,6.04005241394043,2.4160916805267334,1.7070128917694092,-0.0006962352327621989,-0.0021182229802235697,-0.6257356625443382,-0.7800320085619618,119.0002076625824,drone2
1743534801.8615403,6.042111396789551,2.429847002029419,1.7038140296936035,-0.0009389130410160376,-0.0020279824204995386,-0.6284509890647207,-0.7778459621651791,119.20001363754272,drone2
1743534802.0616126,6.0446929931640625,2.442030429840088,1.7002100944519043,-0.0006084548306838646,-0.0016439764744981477,-0.6305013805612151,-0.7761861876606837,119.40008592605591,drone2
1743534802.2616074,6.044365882873535,2.454242706298828,1.6966605186462402,-0.00016130973636770956,-0.0017471897848029938,-0.6320391294025594,-0.7749344473333343,119.60008072853088,drone2
1743534802.4615233,6.043272018432617,2.466787815093994,1.69569993019104,-0.0003488425504072502,-0.00192973988645901,-0.6331353373221913,-0.7740386898252202,119.79999661445618,drone2
1743534802.661618,6.0419158935546875,2.479832649230957,1.6972956657409668,-0.0004541806134080705,-0.002269227235904007,-0.6340053536425774,-0.7733252069002035,120.0000913143158,drone2
1743534802.8616369,6.04254674911499,2.495072603225708,1.7017104625701904,-0.0009256406938431219,-0.00229473414642332,-0.6349202668933398,-0.7725736548342693,120.20011019706726,drone2
1743534803.0615656,6.044003963470459,2.513713836669922,1.7092969417572021,-0.0014582562527680402,-0.0016687129393919112,-0.6358996068704071,-0.7717686342226431,120.40003895759583,drone2
1743534803.2615592,6.047070503234863,2.5322771072387695,1.7180912494659424,-0.0014838300981627353,-0.0010417233220819974,-0.6366091596018002,-0.7711845105124185,120.6000325679779,drone2
1743534803.4616556,6.051822662353516,2.5509328842163086,1.724268913269043,-0.0015580523035926578,-0.0003309918371787113,-0.6370510324299444,-0.7708200192981403,120.80012893676758,drone2
1743534803.6618903,6.0563764572143555,2.5700511932373047,1.728747844696045,-0.001339108974473929,0.00015686246182837948,-0.6374442677949071,-0.7704953147088562,121.00036358833313,drone2
1743534803.8615627,6.060571193695068,2.588911771774292,1.7347290515899658,-0.001530448957791213,0.0005012764238966269,-0.6378859246204528,-0.770129185035842,121.20003604888916,drone2
1743534804.0616558,6.065324783325195,2.605626344680786,1.7423865795135498,-0.001419307100882509,0.0006459563062356208,-0.6384646377289999,-0.7696496013149927,121.40012907981873,drone2
1743534804.2615795,6.070247173309326,2.618889570236206,1.752579689025879,-0.0009998176654971522,0.00025596670135760355,-0.6391836840380198,-0.7690534552162304,121.60005283355713,drone2
1743534804.461499,6.072561740875244,2.6267201900482178,1.7601094245910645,-0.0009112040811391246,-2.373896546948426e-05,-0.6397011419706123,-0.7686231569663584,121.79997229576111,drone2
1743534804.6615694,6.075422763824463,2.637673854827881,1.7701940536499023,-0.0004038799754920724,-0.0010161518947804174,-0.6404972590604907,-0.7679598024492894,122.00004267692566,drone2
1743534804.8615284,6.078217029571533,2.648944139480591,1.7840375900268555,-0.00038242004734898705,-0.001378368434589573,-0.6412196455072554,-0.7673561015279314,122.20000171661377,drone2
1743534805.0615668,6.081166744232178,2.661020278930664,1.797882318496704,-0.0007354804106938255,-0.0009243737776868582,-0.6416689414490936,-0.7669808154520783,122.40004014968872,drone2
1743534805.261701,6.083079814910889,2.6734418869018555,1.8116052150726318,-0.0006465151018299873,-0.0010831576460147703,-0.6418159180465632,-0.7668577782645629,122.60017442703247,drone2
1743534805.4615664,6.082190036773682,2.684253454208374,1.8261046409606934,-0.0009406323772492849,-0.001021259463086752,-0.6418693497137629,-0.7668127759670654,122.800039768219,drone2
1743534805.6616635,6.081999778747559,2.692479133605957,1.8387870788574219,-0.0008749557746272001,-0.001599259656044851,-0.642144810978918,-0.7665812317180587,123.0001368522644,drone2
1743534805.8617349,6.083456039428711,2.700044631958008,1.8516714572906494,-0.000553186194738192,-0.0019464724322720253,-0.6428185283523646,-0.766015916038982,123.20020818710327,drone2
1743534806.0616632,6.083603858947754,2.7102057933807373,1.8660566806793213,-0.0003112436102684845,-0.002151058914890286,-0.643739052402335,-0.7652420630218296,123.40013647079468,drone2
1743534806.2616954,6.084205627441406,2.7249081134796143,1.8827078342437744,-0.0005720804952167245,-0.002298566052279145,-0.6446301421469766,-0.7644909008142442,123.60016870498657,drone2
1743534806.4620907,6.087891578674316,2.742130994796753,1.8976023197174072,-0.0010556117170626152,-0.0014728113108756526,-0.6453403534228775,-0.7638931373301703,123.80056405067444,drone2
1743534806.661561,6.0943522453308105,2.7599103450775146,1.911707878112793,-0.001059808394837314,-0.0004195687076804191,-0.6459173174372115,-0.7634065361590437,124.00003433227539,drone2
1743534806.8616624,6.099218368530273,2.7764337062835693,1.9268736839294434,-0.0009311385320884994,0.00028438472845397075,-0.6466389821191952,-0.7627955491012495,124.20013570785522,drone2
1743534807.0615177,6.100371837615967,2.7901878356933594,1.9438669681549072,-0.000917076878163735,0.00027872733722201826,-0.6475341074245817,-0.762035968060674,124.39999103546143,drone2
1743534807.2616308,6.0993146896362305,2.8029541969299316,1.9605872631072998,-0.0007348644966529766,-0.0004482674290835559,-0.6487570140391935,-0.7609952201253263,124.60010409355164,drone2
1743534807.4615452,6.098055839538574,2.813203811645508,1.9739086627960205,-0.0009987242603841052,-0.0011241962001328819,-0.6504786179704544,-0.759523041243553,124.80001854896545,drone2
1743534807.6615274,6.098654270172119,2.8214752674102783,1.9865975379943848,-0.000677034956041645,-0.0021529346142851475,-0.652840037403891,-0.7574925588646239,125.00000071525574,drone2
1743534807.8614917,6.102992534637451,2.829519271850586,2.0001285076141357,-0.00024198324959298932,-0.002458259967378541,-0.6554609391785409,-0.7552251848552833,125.19996500015259,drone2
1743534808.0614967,6.110365867614746,2.8402040004730225,2.016047716140747,0.0003091167584620633,-0.0020057926398259654,-0.6575838548646104,-0.7533787524954454,125.39997005462646,drone2
1743534808.2614696,6.118272304534912,2.855356216430664,2.032482385635376,0.0007235917992992073,-0.0009733341643417739,-0.6587582030413816,-0.7523538570434938,125.59994292259216,drone2
1743534808.4614887,6.123931407928467,2.8723268508911133,2.045966863632202,0.0003272245407131476,0.0002368530335296076,-0.6590984650861221,-0.7520565847842344,125.7999620437622,drone2
1743534808.6614764,6.124428749084473,2.891216278076172,2.058138847351074,-0.00028048962290472306,0.000509842318107117,-0.6593119862890344,-0.7518693632147929,125.99994969367981,drone2
1743534808.8614686,6.123912811279297,2.9116334915161133,2.0710010528564453,-0.0016580988791537734,0.0002993494321148226,-0.6601235396621798,-0.7511551690617077,126.19994187355042,drone2
1743534809.0615187,6.124119281768799,2.931225061416626,2.0852854251861572,-0.002663711201253847,6.706213910793512e-05,-0.6619459720259689,-0.7495467583946569,126.39999198913574,drone2
1743534809.2614932,6.125941753387451,2.9487619400024414,2.099240303039551,-0.002794097086933854,-0.00014358534020760815,-0.6646098583177439,-0.747185402181493,126.5999665260315,drone2
1743534809.461455,6.126766204833984,2.95936918258667,2.106154203414917,-0.0026176186833233744,-0.00021067291559707775,-0.6670241009232548,-0.7450315428060825,126.79992842674255,drone2
1743534809.6614807,6.1263747215271,2.9661598205566406,2.129206895828247,-0.0016421825992584027,-0.0010225369159551428,-0.6688612082928597,-0.7433848548980497,126.99995398521423,drone2
1743534809.8615308,6.124929428100586,2.9715025424957275,2.1547558307647705,-0.000309106880294271,-0.002085031349204478,-0.6699017797382792,-0.7424468688819057,127.20000410079956,drone2
1743534810.0614984,6.124064922332764,2.976172685623169,2.166330337524414,0.00016295486286688624,-0.0026132195236919864,-0.6702186660871645,-0.74215914815219,127.39997172355652,drone2
1743534810.2614996,6.123671531677246,2.9814229011535645,2.1686034202575684,0.0009338817198161902,-0.0033461139535801454,-0.6701156249450895,-0.7422486180090445,127.59997296333313,drone2
1743534810.4614573,6.123665809631348,2.989335060119629,2.165424346923828,0.0008246142863723636,-0.0032226912705733573,-0.6699484468362931,-0.742400286077589,127.79993057250977,drone2
1743534810.6614847,6.124063014984131,2.999480724334717,2.1622488498687744,0.0005099306865482817,-0.0026873529490904265,-0.6698695716434828,-0.7424738507674867,127.99995803833008,drone2
1743534810.8614664,6.124878883361816,3.011991262435913,2.1628222465515137,0.00011149586574086246,-0.0020675689714404906,-0.66991338329251,-0.7424363611457363,128.1999397277832,drone2
1743534811.0614586,6.127414226531982,3.0260233879089355,2.165083646774292,-0.000346516200773769,-0.0013300534935807857,-0.6701154063083129,-0.7422557487289769,128.3999319076538,drone2
1743534811.261478,6.131119728088379,3.0386962890625,2.1695942878723145,-0.00018431701772987912,-0.0011014518683899188,-0.6705444006400589,-0.7418685640709536,128.59995126724243,drone2
1743534811.46146,6.133740425109863,3.0539026260375977,2.1759352684020996,-0.00017244068201630768,-0.0008115778421897444,-0.6713289642250893,-0.7411591061699697,128.79993343353271,drone2
1743534811.6614509,6.135232448577881,3.072866201400757,2.181100368499756,-0.0005159123595014533,-0.000596215791292763,-0.6723184668610038,-0.7402617365449,128.99992418289185,drone2
1743534811.8615134,6.136524677276611,3.0935752391815186,2.1856296062469482,-0.0010503700320513263,-0.0004838898404894323,-0.6733833175253436,-0.7392926435203769,129.1999866962433,drone2
1743534812.0614617,6.13722562789917,3.1142022609710693,2.1892852783203125,-0.0016445365254431552,-0.0002138846371625093,-0.6745244460829541,-0.7382507286441611,129.39993500709534,drone2
1743534812.2614622,6.136462688446045,3.13409423828125,2.193002700805664,-0.0020608676225272586,-0.00035716358953786495,-0.6757125894500786,-0.7371622204269165,129.5999355316162,drone2
1743534812.4616199,6.135164737701416,3.1535749435424805,2.1954896450042725,-0.0024285610094756,-0.0005021444678760387,-0.676697959060661,-0.7362566769474136,129.8000931739807,drone2
1743534812.6614614,6.134675979614258,3.171619176864624,2.197291374206543,-0.002267057907976648,-0.0007914931196154539,-0.6773196329787308,-0.7356850734853747,129.99993467330933,drone2
1743534812.8614588,6.1363525390625,3.1886558532714844,2.2007312774658203,-0.0017179869990277853,-0.00086503315525317,-0.6776193286817795,-0.7354104130103414,130.19993209838867,drone2
1743534813.0615277,6.138822078704834,3.204526662826538,2.205709457397461,-0.0014660459802475663,-0.000466910072952217,-0.6776515446791102,-0.7353815687608918,130.40000104904175,drone2
1743534813.2615347,6.140660285949707,3.2163212299346924,2.210864305496216,-0.001070018633525205,-0.0005330943722309248,-0.6775010093071194,-0.7355208930711786,130.60000801086426,drone2
1743534813.4614615,6.143528461456299,3.2266690731048584,2.2193970680236816,-0.0004688698602489421,-0.0006773978963836065,-0.6772167946683643,-0.7357831913487082,130.7999348640442,drone2
1743534813.6614769,6.143747329711914,3.233754873275757,2.226996660232544,0.00012195915015594606,-0.0011979925587856932,-0.6771680360329931,-0.7358273981244401,130.99995017051697,drone2
1743534813.8614836,6.143560409545898,3.2415456771850586,2.233778715133667,0.00015796046131834562,-0.001979323348826298,-0.6775181841478876,-0.7355033810556224,131.1999568939209,drone2
1743534814.0614603,6.143990516662598,3.2507646083831787,2.2409703731536865,0.0001283602850916018,-0.0021444422712643928,-0.6782648103009019,-0.7348144960850679,131.39993357658386,drone2
1743534814.261453,6.145930767059326,3.261030435562134,2.246584892272949,0.00013444951688466384,-0.002140124853470058,-0.6792637222207465,-0.7338911956114519,131.59992623329163,drone2
1743534814.4615428,6.146718978881836,3.2650985717773438,2.2483227252960205,4.76215759600313e-05,-0.002109760354023737,-0.6795761910530722,-0.7336019918395041,131.80001616477966,drone2
1743534814.6620247,6.1493754386901855,3.289515972137451,2.261192560195923,-0.00031087540157045837,-0.0009832465454066557,-0.6809732352748409,-0.7323077016344051,132.00049805641174,drone2
1743534814.861465,6.148601531982422,3.306199073791504,2.2868075370788574,-0.0009601036759041471,-0.0012576524621184153,-0.6816603369068678,-0.7316670458294372,132.19993829727173,drone2
1743534815.0614724,6.147378921508789,3.3225793838500977,2.3032279014587402,-0.0019024600506471114,-0.000753771319766918,-0.6822201682272819,-0.7311439665609246,132.3999457359314,drone2
1743534815.2614655,6.148688793182373,3.3351070880889893,2.297382354736328,-0.001477576261111951,-0.0012035899092800817,-0.6828461964416385,-0.7305598323139879,132.59993886947632,drone2
1743534815.4614625,6.151932716369629,3.350069761276245,2.2776691913604736,-0.0010558852908568919,-0.001214621250071848,-0.6836220487999172,-0.7298345561739222,132.7999358177185,drone2
1743534815.6614718,6.1558709144592285,3.3669862747192383,2.256519079208374,-0.0007051035892623741,-0.000812216213627291,-0.6844653545550594,-0.7290446083289946,132.9999451637268,drone2
1743534815.8614674,6.158522605895996,3.3830511569976807,2.242727279663086,-0.00046396308113411545,-0.0004285650893488497,-0.685240203291508,-0.7283169640628784,133.19994068145752,drone2
1743534816.0614388,6.159382343292236,3.3972527980804443,2.2349188327789307,-0.0005387109645726562,-0.0002555672220850335,-0.6861011435514852,-0.7275060099652352,133.39991211891174,drone2
1743534816.26146,6.1580586433410645,3.4086217880249023,2.228480100631714,-0.0003350024967094213,-0.0010687142626500498,-0.6872800106606701,-0.7263917961216659,133.599933385849,drone2
1743534816.461592,6.157231330871582,3.4173951148986816,2.221144914627075,-0.0003736447359849584,-0.001887585053095956,-0.6888450245617338,-0.7249061025894996,133.80006527900696,drone2
1743534816.6615336,6.1561431884765625,3.425489664077759,2.214670181274414,-5.97219197037235e-05,-0.0026853082507112035,-0.6906125040205098,-0.7232199665483497,134.0000069141388,drone2
1743534816.8615665,6.157979488372803,3.434410810470581,2.209038019180298,0.00021034718301998957,-0.0031126275745013165,-0.6922765235029036,-0.721625657953393,134.20003986358643,drone2
1743534817.0615313,6.163743495941162,3.4464335441589355,2.2027204036712646,0.0006415699470631067,-0.00244420168849438,-0.6935096665333474,-0.7204429225537681,134.40000462532043,drone2
1743534817.261519,6.170975208282471,3.461576461791992,2.1960721015930176,0.000930942697415611,-0.0014017762139101756,-0.6941280424605213,-0.7198495818546098,134.59999227523804,drone2
1743534817.4615524,6.175652503967285,3.4764187335968018,2.190711498260498,0.0006840790362124229,-0.00040324503568879723,-0.6943143789461441,-0.7196715061512952,134.80002570152283,drone2
1743534817.6615508,6.179009914398193,3.492128372192383,2.187089443206787,0.0005735017989012508,-0.0001900450790193445,-0.6942948333451471,-0.71969054599011,135.0000240802765,drone2
1743534817.8616092,6.1802077293396,3.5082602500915527,2.1837449073791504,0.0001337190366789421,-0.0003367381627885152,-0.6946324137966512,-0.719364850949886,135.20008254051208,drone2
1743534818.0615427,6.179739475250244,3.5231404304504395,2.179394006729126,-0.00047695162134848523,-0.0008452314833402169,-0.6957574106479941,-0.7182761846819594,135.40001606941223,drone2
1743534818.261517,6.178923606872559,3.536992311477661,2.1755001544952393,-0.0005714047050744387,-0.0017743375824410409,-0.6975049217201991,-0.7165776482477242,135.5999903678894,drone2
1743534818.461506,6.179919242858887,3.5518958568573,2.1758627891540527,-0.000602211952225283,-0.002007023706465575,-0.6992662628856161,-0.7148582853434239,135.7999792098999,drone2
1743534818.6615107,6.182573318481445,3.5685577392578125,2.1807973384857178,-0.00045436677570867036,-0.0016226211931932837,-0.7007965655642086,-0.7133592556264267,135.9999840259552,drone2
1743534818.861519,6.182716369628906,3.5866849422454834,2.1891767978668213,-0.00034190132665698475,-0.0012775147715748925,-0.7018207198243164,-0.7123524658679052,136.19999241828918,drone2
1743534819.0615406,6.180453777313232,3.6057069301605225,2.197796106338501,-0.000861182182475888,-0.0010904334000853319,-0.7023496805538298,-0.7118307543963357,136.40001392364502,drone2
1743534819.2615294,6.179249286651611,3.624891757965088,2.201843500137329,-0.001230338994232699,-0.001108487917404454,-0.7025666663593986,-0.7116161288142836,136.60000276565552,drone2
1743534819.4615376,6.178947925567627,3.637000560760498,2.2031259536743164,-0.0013551081898182738,-0.0010059445989632962,-0.7026976775330889,-0.7114866349271397,136.80001091957092,drone2
1743534819.6615577,6.1785783767700195,3.6529455184936523,2.2067887783050537,-0.0013901858923082273,-0.0006947311171059655,-0.7032789227452692,-0.7109123860918122,137.00003099441528,drone2
1743534819.8615222,6.177317142486572,3.6697065830230713,2.2115302085876465,-0.0003272200235092401,-0.0012455989470629225,-0.7044761265323704,-0.7097266462475058,137.1999955177307,drone2
1743534820.0615077,6.1767401695251465,3.6856210231781006,2.2252418994903564,-0.0005741609813740528,-0.000992492695514376,-0.7061244081181125,-0.70808696261886,137.3999810218811,drone2
1743534820.2615447,6.17707633972168,3.7038233280181885,2.2361252307891846,-0.00039333254143657784,-0.0008283010243230369,-0.7083496759440656,-0.7058611047370278,137.60001802444458,drone2
1743534820.461526,6.179635524749756,3.721250057220459,2.237344980239868,-0.0007139025825042951,-0.0002581906061608882,-0.7110559543921806,-0.7031351015638095,137.79999923706055,drone2
1743534820.6615605,6.1828179359436035,3.7367825508117676,2.2327067852020264,-0.0004574106301631139,0.0003455697282593597,-0.7139901175574717,-0.7001555883895209,138.00003385543823,drone2
1743534820.8614967,6.184034824371338,3.7513227462768555,2.231065034866333,-0.00013081093500079101,0.0004457055983398547,-0.7171876060004523,-0.696879959689401,138.19997000694275,drone2
1743534821.0614989,6.181692600250244,3.7683897018432617,2.232320547103882,-0.0003802646157397223,0.00027220930549131707,-0.7207375803913308,-0.693207928025235,138.39997220039368,drone2
1743534821.2615092,6.175631523132324,3.786463737487793,2.23650860786438,-0.0010869481664641707,0.000556994434150934,-0.7247785820309739,-0.6889808901962649,138.5999825000763,drone2
1743534821.461489,6.167288303375244,3.8026022911071777,2.2415707111358643,-0.0020192672013218628,6.748879363104478e-05,-0.7296698383874075,-0.6837967132426805,138.7999622821808,drone2
1743534821.6614912,6.158504962921143,3.8163106441497803,2.242795467376709,-0.0026332713807794253,-0.0006999947810402078,-0.7351771381063675,-0.6778696309125518,138.9999644756317,drone2
1743534821.861566,6.152172088623047,3.825421094894409,2.239752769470215,-0.002560198006243679,-0.0017129247673949221,-0.7403108692335515,-0.6722577016421634,139.20003938674927,drone2
1743534822.0616379,6.14872932434082,3.8331236839294434,2.237727165222168,-0.0014144543687212479,-0.0023112855513376085,-0.7442943259369981,-0.6678462858389372,139.4001111984253,drone2
1743534822.2614913,6.147013187408447,3.8422303199768066,2.2383878231048584,-0.00037089942856730534,-0.002159568215432121,-0.7468208793570783,-0.665021754199885,139.59996461868286,drone2
1743534822.4615655,6.14698600769043,3.8519175052642822,2.239161491394043,0.0004528172616405914,-0.001745768151846386,-0.7483388507897587,-0.6633142905362994,139.80003881454468,drone2
1743534822.66148,6.145833492279053,3.8610141277313232,2.2411575317382812,0.0011612637617373046,-0.0010006308444874155,-0.7498748215609314,-0.6615781222347,139.9999532699585,drone2
1743534822.8615112,6.142873287200928,3.8687875270843506,2.242692232131958,0.0012574677815431307,-0.001034807606641659,-0.7525130246168951,-0.6585754332328142,140.19998455047607,drone2
1743534823.0615036,6.1383442878723145,3.879518747329712,2.2433509826660156,0.0007976886240286647,-0.0015111363169139848,-0.7568829047009137,-0.6535483994868136,140.39997696876526,drone2
1743534823.261476,6.133040904998779,3.895366907119751,2.2444357872009277,7.00484326564778e-05,-0.001301337084083755,-0.7627898540083443,-0.6466451829742825,140.5999493598938,drone2
1743534823.461496,6.1289143562316895,3.9130871295928955,2.2468810081481934,-0.0009546391739020465,-0.0009005180774859291,-0.7695197152645942,-0.6386217506435363,140.79996943473816,drone2
1743534823.6615036,6.12555456161499,3.9284424781799316,2.2495980262756348,-0.0013523974971463221,-0.00015081529456559202,-0.7762417003285285,-0.6304339824820903,140.99997687339783,drone2
1743534823.8614748,6.122723579406738,3.944121837615967,2.2535524368286133,-0.001135472977375846,0.00042727256713013216,-0.7828269557475374,-0.6222384645688741,141.19994807243347,drone2
1743534824.0614643,6.119683265686035,3.96055006980896,2.257969856262207,-0.0010363583657706215,0.0007356660379271853,-0.7894170949326175,-0.6138559885040198,141.3999376296997,drone2
1743534824.2615871,6.115042686462402,3.9741578102111816,2.2634243965148926,-0.0007983039927121706,0.0010590368276283213,-0.7961191761473425,-0.6051385292872008,141.60006046295166,drone2
1743534824.4615202,6.110888481140137,3.979642152786255,2.267148494720459,-0.0006994384755670905,0.000493967896947034,-0.8009201447346426,-0.5987707094596596,141.79999351501465,drone2
1743534824.6614835,6.102464199066162,3.984067916870117,2.276498556137085,-0.0006258660683509041,-0.0010969836644827728,-0.807675873619166,-0.5896253385582656,141.99995684623718,drone2
1743534824.8615754,6.095797538757324,3.989774227142334,2.280951738357544,0.0005392456306850046,-0.0013728375250621856,-0.8130645378621022,-0.5821717316193867,142.20004868507385,drone2
1743534825.0614731,6.089123725891113,3.9976038932800293,2.2816364765167236,0.0002576803988035004,-0.001415191074230523,-0.8186926278147164,-0.5742303697394034,142.39994645118713,drone2
1743534825.261453,6.082945346832275,4.006431579589844,2.281855344772339,0.0004438792280445424,-0.0011173090233361836,-0.8246257871935647,-0.565677362257118,142.59992623329163,drone2
1743534825.4614775,6.075270175933838,4.014768600463867,2.2831544876098633,9.847302461840754e-05,-0.0008258557662468353,-0.8312325901888749,-0.5559242127267726,142.799950838089,drone2
1743534825.6614726,6.0675530433654785,4.023268699645996,2.285459518432617,-0.0003655497628362254,-0.0008540986205040792,-0.8382669518889037,-0.5452592372023183,142.99994587898254,drone2
1743534825.8614516,6.0608344078063965,4.032675266265869,2.2886850833892822,-0.0001523974271665064,-0.0006890857237317699,-0.845647739610268,-0.5337410619500338,143.1999249458313,drone2
1743534826.0614605,6.052713871002197,4.0424580574035645,2.2934465408325195,-0.0001450831173729538,-0.000696824136188464,-0.8532694597911445,-0.5214698700288293,143.39993381500244,drone2
1743534826.2614543,6.04420280456543,4.053050518035889,2.300769567489624,-0.0006327018941106197,-0.0007684840787046793,-0.8607968869351902,-0.5089477041614545,143.5999276638031,drone2
1743534826.4614573,6.0361480712890625,4.064119338989258,2.310612678527832,-0.000785701704286372,-0.0006329862412814573,-0.8676098407032793,-0.49724470444173763,143.79993057250977,drone2
1743534826.6614835,6.029477119445801,4.072264671325684,2.3183135986328125,-0.0008095652066962572,-0.0005424111923961612,-0.8731606227990124,-0.4874316958497946,143.99995684623718,drone2
1743534826.861466,6.021367073059082,4.081448078155518,2.324289560317993,-0.00048228802358158947,-0.0006194377581645388,-0.8785154009757459,-0.47771345444672847,144.19993925094604,drone2
1743534827.0614877,6.014378547668457,4.091558456420898,2.3284714221954346,-0.00044258086124297595,-0.0005408209360313576,-0.883181647161781,-0.4690307821849993,144.39996099472046,drone2
1743534827.2614722,6.0082807540893555,4.101650238037109,2.3311407566070557,6.804037610526579e-05,-0.0002302848958224619,-0.8874978426975089,-0.4608119570645566,144.59994554519653,drone2
1743534827.4615643,6.002371311187744,4.110966205596924,2.3324496746063232,0.00043031878822889763,6.77743549933143e-05,-0.8918627810635396,-0.45230583795123935,144.80003762245178,drone2
1743534827.661434,5.995089054107666,4.118772029876709,2.333296298980713,0.000245806980236301,-0.00015325337553563834,-0.8963062600817704,-0.44343567543390944,144.99990725517273,drone2
1743534827.8615851,5.9867072105407715,4.126855850219727,2.3318469524383545,0.0003822416924023895,-0.00046729438769385905,-0.9011816178566923,-0.4334412457325513,145.2000584602356,drone2
1743534828.0615132,5.980123043060303,4.134424209594727,2.3327112197875977,0.0005922569226863584,-0.0005691362842057102,-0.9060724013781692,-0.4231220324165683,145.39998650550842,drone2
1743534828.2615213,5.972267150878906,4.143080234527588,2.330939531326294,0.0002958760420050416,-0.0007652807638714853,-0.9109810340899904,-0.41244771082845666,145.59999465942383,drone2
1743534828.4615142,5.963726043701172,4.1537699699401855,2.330789566040039,0.00014665891148314182,-0.0005551252996214688,-0.9156103807101543,-0.40206633091092014,145.79998755455017,drone2
1743534828.6615298,5.955210208892822,4.164602279663086,2.3317272663116455,-0.0001297667380826457,-5.42391173671374e-05,-0.9197893039602822,-0.39241278492031817,146.00000309944153,drone2
1743534828.8615239,5.946455001831055,4.174884796142578,2.330995559692383,-7.232342610792755e-05,0.0003014473799913641,-0.9236147415919493,-0.3833221100915791,146.19999718666077,drone2
1743534829.061562,5.937546253204346,4.183284759521484,2.3299643993377686,-0.00021381246480034453,0.0006479271035733317,-0.9272334700050946,-0.3744834101966625,146.40003538131714,drone2
1743534829.2615612,5.926072597503662,4.1875224113464355,2.3297877311706543,-0.0002205185521471071,9.788514502305333e-05,-0.930658660089878,-0.365888824848321,146.60003447532654,drone2
1743534829.4615405,5.915196895599365,4.190199851989746,2.332153081893921,-0.00016648462027047645,-0.0007674245937786772,-0.932996271822262,-0.3598855331135506,146.80001378059387,drone2
1743534829.6614707,5.899436950683594,4.193612575531006,2.336703062057495,-0.0006269304614914537,-0.0013212501529161437,-0.935293464726924,-0.35386989235216637,146.9999439716339,drone2
1743534829.8614736,5.883312702178955,4.19832706451416,2.345505714416504,-0.0007016981887281767,-0.002046833956744091,-0.9368584404324063,-0.34970226445743946,147.19994688034058,drone2
1743534830.0614958,5.866844654083252,4.202452182769775,2.349036693572998,-0.0012719108047661582,-0.0018994528483104475,-0.9386607028950049,-0.34483474599634056,147.39996910095215,drone2
1743534830.2614725,5.851263523101807,4.205523490905762,2.3495073318481445,-0.0015166131434736626,-0.0020546111615882085,-0.9405124246843309,-0.3397497708703497,147.5999457836151,drone2
1743534830.4617393,5.838516712188721,4.208866119384766,2.3475117683410645,-0.0012286197351726444,-0.002165618757735348,-0.9421317908978164,-0.33523348317131624,147.80021262168884,drone2
1743534830.6614928,5.8291239738464355,4.212555885314941,2.3484017848968506,-0.0007555956938491977,-0.0017747022103033134,-0.9431688562522755,-0.3323081547098722,147.99996614456177,drone2
1743534830.8615339,5.820296287536621,4.2171711921691895,2.3499934673309326,0.0001937154356757189,-0.0012772606145538513,-0.9437528429852425,-0.3306494233398774,148.2000072002411,drone2
1743534831.0614893,5.809199810028076,4.223162651062012,2.3536691665649414,0.00041157074636968084,-0.0010478499880144435,-0.9440037431744279,-0.32993288476834376,148.3999626636505,drone2
1743534831.2614975,5.79588508605957,4.230494499206543,2.3567068576812744,0.00014442148593775192,-0.0009850236689204872,-0.9440565321021879,-0.32978206227094753,148.59997081756592,drone2
1743534831.4615064,5.782367706298828,4.237207412719727,2.358844757080078,-0.00019680232189770035,-0.0011919811175626447,-0.9439923424519057,-0.3299654432088183,148.79997968673706,drone2
1743534831.6615436,5.7697529792785645,4.2464680671691895,2.361769676208496,-0.0008343086583356655,-0.0012938138098860207,-0.943916562418283,-0.330180560723618,149.00001692771912,drone2
1743534831.861682,5.757348537445068,4.257371425628662,2.3651700019836426,-0.0009611761104905262,-0.0008409419662245376,-0.943891632557389,-0.3302528636422384,149.2001552581787,drone2
1743534832.0615652,5.746320724487305,4.2694878578186035,2.368431329727173,-0.0009332399681929966,-0.0004230412540300519,-0.9439134856983418,-0.33019164534477635,149.40003848075867,drone2
1743534832.2615447,5.738312244415283,4.280576229095459,2.3719518184661865,-0.0007246644345356936,0.0003078088890692014,-0.9438978492175443,-0.33023686891322857,149.60001802444458,drone2
1743534832.4615273,5.729646682739258,4.288488864898682,2.376009941101074,-0.0003988863148061109,0.0007429887030041753,-0.9438384010877197,-0.3304064889050606,149.80000066757202,drone2
1743534832.6616113,5.71919584274292,4.293957710266113,2.3808414936065674,-0.00044390157096752024,0.0004712829178140651,-0.9437663510501902,-0.33061273450824863,150.00008463859558,drone2
1743534832.8615067,5.709493637084961,4.296664237976074,2.3859519958496094,6.889677722374004e-05,0.00013692355026893028,-0.9436758828398616,-0.3308716215252268,150.19998002052307,drone2
1743534833.061501,5.699248313903809,4.296065330505371,2.390460252761841,0.0004475572402806506,-0.0009601512866141309,-0.9435891867724748,-0.3311169583304088,150.3999743461609,drone2
1743534833.261485,5.688603401184082,4.293804168701172,2.397604465484619,0.0002818959035426527,-0.0018586559337228554,-0.9435271255380424,-0.3312901186575158,150.5999584197998,drone2
1743534833.4615571,5.680004596710205,4.291169166564941,2.3995678424835205,0.0005541639686965834,-0.002568593172790482,-0.9435299915237412,-0.33127663166599225,150.8000304698944,drone2
1743534833.661509,5.6734466552734375,4.290754795074463,2.4011013507843018,0.0008374915479995128,-0.002665714658283266,-0.9435822536158947,-0.33112658888529356,150.99998235702515,drone2
1743534833.861502,5.667506694793701,4.2956318855285645,2.4026412963867188,0.0011172671028625103,-0.0019458170158504638,-0.9436304063903184,-0.33099355235796885,151.1999752521515,drone2
1743534834.0614843,5.661178112030029,4.303592681884766,2.403848171234131,0.0011570482948646034,-0.00046369016073947593,-0.9436454528152368,-0.3309559995159456,151.39995765686035,drone2
1743534834.2614837,5.654584884643555,4.311427116394043,2.4056100845336914,0.0008872854153371025,0.00037944750091721243,-0.9436091643786689,-0.3310603129660102,151.59995698928833,drone2
1743534834.4615111,5.646364688873291,4.315770626068115,2.4080569744110107,0.0009610028052426245,0.0011352360659892633,-0.9441720776873804,-0.3294492918285297,151.79998445510864,drone2
1743534834.6615613,5.640102863311768,4.317600727081299,2.4071245193481445,0.0009802115607237183,0.0004782406193254464,-0.9451313188860642,-0.3266890314992785,152.00003457069397,drone2
1743534834.8615472,5.627945423126221,4.321632385253906,2.433260917663574,0.0007142618957067482,-0.0005909493645585235,-0.9478583464252645,-0.31869078191051764,152.20002055168152,drone2
1743534835.0615306,5.612552642822266,4.326695442199707,2.453280448913574,0.00021974461314889387,-0.0009859308551392664,-0.9508052540731462,-0.3097876816310763,152.4000039100647,drone2
1743534835.2616384,5.595251560211182,4.332450866699219,2.451805830001831,-0.0007378453160503065,-0.0010544383862548003,-0.9543029367373682,-0.2988382675627342,152.60011172294617,drone2
1743534835.461517,5.5794806480407715,4.337828159332275,2.436328172683716,-0.0012691440432032082,-0.0011918590090052054,-0.9580088248332341,-0.2867332712019203,152.79999041557312,drone2
1743534835.6615171,5.564567565917969,4.345030784606934,2.41314959526062,-0.001889425047030787,-0.0014478503337534668,-0.9621878113036348,-0.27237666375310887,152.99999046325684,drone2
1743534835.8614676,5.555695056915283,4.353540897369385,2.401625871658325,-0.0009431653278581899,-0.0009615829591589389,-0.9654677633484496,-0.26051915368675105,153.1999409198761,drone2
1743534836.0615158,5.547945499420166,4.362214088439941,2.396074056625366,-7.053019912293806e-05,-0.0004422838422352469,-0.9675944511774608,-0.2525092715678012,153.3999891281128,drone2
1743534836.2614956,5.5393595695495605,4.372386932373047,2.3865487575531006,0.00029136056694992456,0.00019823257767161178,-0.9691104733183977,-0.2466266673337416,153.59996891021729,drone2
1743534836.4615512,5.5321855545043945,4.380635738372803,2.3776979446411133,0.0008094686064489,0.00031933257419874424,-0.969805854171979,-0.2438767962026484,153.80002450942993,drone2
1743534836.6614664,5.523650646209717,4.387772560119629,2.368786096572876,0.0009646543522213213,0.00010651175395024678,-0.9700599575216511,-0.24286345952390093,153.9999396800995,drone2
1743534836.8614864,5.513093948364258,4.393259048461914,2.355924606323242,0.0007801536828916921,-1.9307660634312388e-05,-0.9700948129653697,-0.24272509142023968,154.19995975494385,drone2
1743534837.061501,5.502109050750732,4.396132946014404,2.3410916328430176,0.0006574923596541958,-0.000312223483337343,-0.9702346983555772,-0.24216567629995456,154.3999743461609,drone2
1743534837.261485,5.489441394805908,4.398861408233643,2.3250176906585693,0.00034249057993517864,-0.0007272179202858848,-0.9711156517831521,-0.238607976523453,154.5999584197998,drone2
1743534837.4614851,5.475128173828125,4.402775764465332,2.3094985485076904,0.0001133956843283165,-0.0012668768082290793,-0.9728151813025053,-0.23157965235947325,154.79995846748352,drone2
1743534837.6614687,5.462632179260254,4.405274868011475,2.2953569889068604,-0.0004517806302668038,-0.0018635265289039,-0.9748964348288218,-0.22265054747450086,154.99994206428528,drone2
1743534837.8615644,5.451031684875488,4.4081878662109375,2.2803432941436768,-8.547364414389335e-05,-0.00226301543251441,-0.9771227999545611,-0.2126642731883296,155.2000377178192,drone2
1743534838.0614905,5.441955089569092,4.411367416381836,2.2659683227539062,0.00035870318427962393,-0.0023353088845575465,-0.9789707706743699,-0.20398699572320977,155.3999638557434,drone2
1743534838.2615173,5.435135841369629,4.416673183441162,2.2541942596435547,0.000602439067762632,-0.0022232259263879044,-0.9800746387837187,-0.19861651784540602,155.59999060630798,drone2
1743534838.4614818,5.426314353942871,4.429504871368408,2.2401962280273438,0.001104402590245431,-0.0012050720048543434,-0.9806093979976249,-0.1959654810740708,155.7999551296234,drone2
1743534838.661496,5.4174089431762695,4.441011428833008,2.2298147678375244,0.0010927464862209902,-1.115710221320291e-05,-0.9805034829673169,-0.19649910232306722,155.9999692440033,drone2
1743534838.8615708,5.409331321716309,4.451157569885254,2.221552848815918,0.0010852520027659566,0.000587629513071958,-0.980055040499161,-0.1987224328757139,156.20004415512085,drone2
1743534839.0614839,5.399177551269531,4.458322048187256,2.2133591175079346,0.0010372508376357075,0.0007977244941248198,-0.9795448528979367,-0.20122237319513764,156.3999571800232,drone2
1743534839.2614782,5.385824680328369,4.462007999420166,2.204646110534668,0.00041258336144827805,4.372607940014069e-05,-0.9792202378707059,-0.20279959256011237,156.599951505661,drone2
1743534839.4614549,5.371912002563477,4.464005947113037,2.1969716548919678,0.0001052480481984577,-0.0011404431362547005,-0.9792569056289103,-0.20261928834218274,156.79992818832397,drone2
1743534839.6614652,5.362837791442871,4.465248107910156,2.191920042037964,0.00019605380374646472,-0.00197328235541846,-0.9794981963366352,-0.20144377059036533,156.9999384880066,drone2
1743534839.8614852,5.351507663726807,4.4685845375061035,2.187004327774048,-0.00010610888934734241,-0.002670896251108207,-0.9800079624693745,-0.19894037422936384,157.19995856285095,drone2
1743534840.061488,5.342723846435547,4.474545478820801,2.181157112121582,0.0002530379892944631,-0.0023749670110547114,-0.9804381974989738,-0.19681271702283676,157.39996123313904,drone2
1743534840.2616396,5.331192493438721,4.483564853668213,2.174114465713501,0.0005790075602602258,-0.0016233312276499989,-0.9805327328801836,-0.19634796372430724,157.60011291503906,drone2
1743534840.4615176,5.320035457611084,4.492103099822998,2.171470880508423,0.0005934839531684085,-0.0011079948579285112,-0.9802591998333479,-0.19771301585387802,157.79999089241028,drone2
1743534840.661491,5.303203582763672,4.502804756164551,2.1694374084472656,-0.0003168059357130887,-0.0002832012918174736,-0.9796265334903509,-0.20082771010568168,157.99996423721313,drone2
1743534840.8615217,5.288369178771973,4.513093948364258,2.168585777282715,-0.0007001585116685192,0.00014642127981333137,-0.9787702781160036,-0.20495911278411344,158.19999504089355,drone2
1743534841.0615058,5.276190280914307,4.522949695587158,2.166816234588623,-0.0006400996641308125,0.00015144943176790656,-0.9779396480255509,-0.20888694618423775,158.39997911453247,drone2
1743534841.2615023,5.265730381011963,4.530226707458496,2.1639859676361084,-0.0003043018205815465,-7.207221195765524e-05,-0.9772856132303588,-0.2119262397240554,158.5999755859375,drone2
1743534841.4614618,5.255502700805664,4.535722732543945,2.162527322769165,0.0004590061034353516,-0.0006179111542423447,-0.9768621638433698,-0.21386874582507392,158.79993510246277,drone2
1743534841.6616168,5.245645523071289,4.541528224945068,2.1617660522460938,0.0007124268871596444,-0.0010654863861646704,-0.9766317048757123,-0.21491592642317564,159.0000901222229,drone2
1743534841.8614986,5.233413219451904,4.548796653747559,2.1625990867614746,0.0010298120011915986,-0.0012261797248729943,-0.9764792597246483,-0.21560549101166238,159.19997191429138,drone2
1743534842.0614817,5.219478607177734,4.556733131408691,2.161231279373169,0.0006919105709784351,-0.001151004502642441,-0.9763837971127711,-0.2160394771107791,159.39995503425598,drone2
1743534842.2614894,5.207627296447754,4.566546440124512,2.1598803997039795,0.00015532058276050386,-0.0008287223075925165,-0.9762978175418089,-0.2164298412216869,159.59996271133423,drone2
1743534842.4615223,5.1937994956970215,4.577391624450684,2.1588363647460938,-9.556622973887249e-06,-0.00022653936219477205,-0.976174242981975,-0.2169882869644562,159.79999566078186,drone2
1743534842.6615863,5.179874897003174,4.586787700653076,2.15729022026062,-0.0006912901397337058,3.781741227936177e-05,-0.9760193533136974,-0.21768265629367323,160.00005960464478,drone2
1743534842.861502,5.167889595031738,4.594107627868652,2.1591949462890625,-0.00032572098070368405,-4.361670956288037e-05,-0.9758774448747612,-0.2183192844404303,160.1999752521515,drone2
1743534843.061532,5.156218528747559,4.601339817047119,2.160153388977051,0.00022373302107806054,-0.00035673420308403704,-0.9758618926876608,-0.21838827883144263,160.40000534057617,drone2
1743534843.2614849,5.143935203552246,4.608929634094238,2.160824775695801,0.00019696174111757277,-0.0005131771772056241,-0.9760867039776179,-0.21738088485833523,160.59995818138123,drone2
1743534843.4614766,5.127984523773193,4.618410110473633,2.163712978363037,9.10010963127602e-05,-0.0007099642805514133,-0.9765168968603686,-0.215439727456469,160.79994988441467,drone2
1743534843.6615355,5.112409591674805,4.626070022583008,2.1673383712768555,-0.0007025122320581126,-0.0005465387641565644,-0.977016294868374,-0.21316257537827388,161.00000882148743,drone2
1743534843.8614502,5.097712516784668,4.633004665374756,2.171349048614502,-0.000657560387012324,-0.0006553235753153088,-0.977561169325923,-0.21064978027005438,161.19992351531982,drone2
1743534844.0615094,5.084743976593018,4.638604640960693,2.1748321056365967,-0.0004981456518567284,-0.0006907539713168711,-0.9781500450933173,-0.20789868688035423,161.39998269081116,drone2
1743534844.2615314,5.073360919952393,4.6422038078308105,2.1781187057495117,-0.00031980223990988455,-0.000805294216289746,-0.9789011440806299,-0.20433234699990793,161.60000467300415,drone2
1743534844.4615314,5.063275337219238,4.644853591918945,2.1829605102539062,0.00031441911188613553,-0.001093705779773818,-0.9796920718397852,-0.20050507598033074,161.80000472068787,drone2
1743534844.6616783,5.055052280426025,4.646688461303711,2.1818695068359375,0.0003672596119128117,-0.0012834475578882914,-0.9801738524651133,-0.1981346950732295,162.0001516342163,drone2
1743534844.861549,5.045036792755127,4.649730682373047,2.194425582885742,0.0012075985623081526,-0.001625629486244311,-0.9811188691024246,-0.19339570342666462,162.20002222061157,drone2
1743534845.0615327,5.032500743865967,4.651648044586182,2.215074062347412,0.0009315019869185161,-0.0018458897191633628,-0.981992784006298,-0.18890693761970884,162.4000060558319,drone2
1743534845.2615616,5.020836353302002,4.654298305511475,2.2212822437286377,-0.0001900555334134239,-0.0020178729802804154,-0.9827370552041519,-0.18499676374911062,162.6000349521637,drone2
1743534845.461596,5.01313591003418,4.658016681671143,2.2132222652435303,0.0004894351350985747,-0.0018720687566711365,-0.9832347251913685,-0.18233434732867748,162.8000693321228,drone2
1743534845.661536,5.009401321411133,4.663182258605957,2.198352098464966,0.0009276933153361134,-0.001375289512640094,-0.983476732395518,-0.18102737355635468,163.00000929832458,drone2
1743534845.8614933,5.004206657409668,4.670694351196289,2.1821351051330566,0.0017945313147110762,-0.0005887112959032716,-0.9836065446889316,-0.1803182106833104,163.19996666908264,drone2
1743534846.061476,4.999070644378662,4.678983211517334,2.1770505905151367,0.0024384634609242307,0.0005225986133399492,-0.9836956852735321,-0.17982395459082312,163.39994931221008,drone2
1743534846.2614682,4.989395618438721,4.685866355895996,2.1749627590179443,0.002054674834610474,0.0007976444192285511,-0.9839328877369514,-0.17852507301341436,163.5999414920807,drone2
1743534846.4614906,4.977202892303467,4.691623687744141,2.173961639404297,0.0013254233083043485,0.00021455552938017442,-0.9843824681700172,-0.17603845109812016,163.79996395111084,drone2
1743534846.6615286,4.960961818695068,4.694486141204834,2.1705422401428223,0.0002297403927018509,-0.00041265948507735443,-0.9849939346482133,-0.1725889844285945,164.00000190734863,drone2
1743534846.8615005,4.943378925323486,4.693943977355957,2.1640212535858154,-0.0004355463145331117,-0.0015709956666248197,-0.9856231870964809,-0.16895027840925497,164.19997382164001,drone2
1743534847.0614896,4.926098346710205,4.694998264312744,2.158076524734497,-0.0009456591297967963,-0.002485406818358875,-0.9862172469262418,-0.16543409327853664,164.3999629020691,drone2
1743534847.2614613,4.90931510925293,4.6985087394714355,2.148789644241333,-0.0014190851302243032,-0.002495646526913498,-0.9866023426810859,-0.16311833468710563,164.5999345779419,drone2
1743534847.461506,4.894712924957275,4.7046732902526855,2.1360673904418945,-0.0010323753239502307,-0.0020149086656548274,-0.9867628800270639,-0.16215363547153971,164.7999792098999,drone2
1743534847.661481,4.881107807159424,4.710357666015625,2.1215453147888184,-0.0009264517325637501,-0.001272943032123397,-0.9867073304807266,-0.16249940821672304,164.9999542236328,drone2
1743534847.861746,4.868435859680176,4.71331787109375,2.1058695316314697,-0.0001320136842265742,-0.0009549118859291121,-0.9864345139303156,-0.16415202829368375,165.2002193927765,drone2
1743534848.061497,4.857915878295898,4.713726043701172,2.0908963680267334,0.0006817312633029008,-0.001220495786065566,-0.985927108021093,-0.16717054343718551,165.39997029304504,drone2
1743534848.261549,4.8472161293029785,4.712201118469238,2.081731081008911,0.000843415690916223,-0.0017628887861697775,-0.9854571706601964,-0.16991337604457746,165.600022315979,drone2
1743534848.4615505,4.836817741394043,4.711965084075928,2.0722484588623047,0.0012591254924160767,-0.002611964749450105,-0.9850670172835312,-0.17214686398771528,165.8000237941742,drone2
1743534848.6614945,4.827041149139404,4.714481353759766,2.060950756072998,0.0011809397957058283,-0.0028803269048091264,-0.984747249143879,-0.1739631824242922,165.99996781349182,drone2
1743534848.861449,4.815006732940674,4.722176551818848,2.0468087196350098,0.0013064503117571121,-0.0028202813104796433,-0.9842808099714089,-0.17658340984936594,166.19992232322693,drone2
1743534849.0615582,4.803654670715332,4.733182430267334,2.037532091140747,0.0008740443078692773,-0.0019493882203991972,-0.9835710570424854,-0.1805087987322766,166.40003156661987,drone2
1743534849.2614882,4.792863845825195,4.744850158691406,2.0321269035339355,0.00023349475494186103,-0.0006967724610241159,-0.982429931119053,-0.1866302491568474,166.59996151924133,drone2
1743534849.4614897,4.782106399536133,4.754436492919922,2.025136709213257,0.00010454192127733347,9.037772476984548e-05,-0.9809302619553384,-0.19435972829265435,166.79996299743652,drone2
1743534849.661536,4.778149604797363,4.756999492645264,2.0221352577209473,-3.0769566056557263e-06,0.00021611773071996367,-0.980447301218252,-0.1967819498234239,167.00000929832458,drone2
1743534849.8614597,4.756481170654297,4.765002727508545,2.012312412261963,1.3119065793876206e-05,0.00011564620359067787,-0.9779596256317451,-0.2087944759986048,167.199933052063,drone2
1743534850.061469,4.742488861083984,4.765214920043945,2.0447874069213867,0.00021415007175841757,-0.0009343331932352846,-0.9770983969292735,-0.2127861197273746,167.3999423980713,drone2
1743534850.2614627,4.725650787353516,4.7648091316223145,2.0461361408233643,-0.0008346233808719387,-0.001612043322033825,-0.9768980729583012,-0.21369838826339282,167.59993600845337,drone2
1743534850.4615405,4.712608814239502,4.763082504272461,2.017317056655884,-0.00056451554749935,-0.002410834637681989,-0.9772532023038538,-0.2120618261357149,167.80001378059387,drone2
1743534850.6615644,4.6985650062561035,4.758563995361328,1.9618306159973145,-0.0005715030340013008,-0.003246863146738877,-0.9780886371350368,-0.208162736886275,168.0000376701355,drone2
1743534850.861538,4.687309265136719,4.75397253036499,1.9045977592468262,-1.2370264674002262e-05,-0.0036313986448427496,-0.9790146876905181,-0.20375754827991643,168.20001125335693,drone2
1743534851.0615335,4.679959774017334,4.753249168395996,1.8624134063720703,0.0009740829808962979,-0.003357550484459978,-0.9797456404842426,-0.20021540069051535,168.40000677108765,drone2
1743534851.2615454,4.67525053024292,4.7571330070495605,1.8316843509674072,0.0016492871832058372,-0.0023276894422821237,-0.9802493796176448,-0.19774517389929186,168.60001873970032,drone2
1743534851.4615524,4.669132232666016,4.763822078704834,1.807694673538208,0.002217309480210268,-0.0012527716080487263,-0.9804652557757176,-0.19667590835257043,168.80002570152283,drone2
1743534851.661532,4.662282943725586,4.772336959838867,1.7777206897735596,0.0019955003300289255,-0.00038304784606026755,-0.9803672643529298,-0.19717016444505775,169.00000524520874,drone2
1743534851.8615258,4.654970645904541,4.780786991119385,1.7520501613616943,0.001966664065431442,0.0009003868290511588,-0.9801392499024859,-0.19829894134187653,169.1999990940094,drone2
1743534852.061523,4.644340515136719,4.784525394439697,1.7262775897979736,0.001737014613610311,0.00141431018863319,-0.980112697387924,-0.19842934369116916,169.39999628067017,drone2
1743534852.2615178,4.627263069152832,4.784140586853027,1.704483985900879,0.0007501009939801407,0.0005450230107842497,-0.9806391536726735,-0.19582167602695166,169.59999108314514,drone2
1743534852.4615295,4.606180191040039,4.7843475341796875,1.6874687671661377,-0.00010327350538870696,-0.0007123307396613345,-0.9817949045525393,-0.1899428650092581,169.80000281333923,drone2
1743534852.6615126,4.5864996910095215,4.7855424880981445,1.672865867614746,-0.0013938821251332253,-0.0014183271583578113,-0.983561700442116,-0.18056165088030934,169.99998593330383,drone2
1743534852.8615808,4.570455551147461,4.785556793212891,1.6596949100494385,-0.0011680806852115307,-0.0015521221926163525,-0.9854541360871036,-0.16993082483986094,170.20005416870117,drone2
1743534853.0615535,4.556046962738037,4.783535480499268,1.6468877792358398,-0.0008259233082179501,-0.0016461750664970957,-0.9875009977850352,-0.15760215515399972,170.4000267982483,drone2
1743534853.2615423,4.545708179473877,4.782805919647217,1.6398422718048096,-5.301307984672995e-05,-0.0016793554199414885,-0.9892677936746119,-0.14610449488022792,170.6000156402588,drone2
1743534853.4615483,4.534870147705078,4.7842116355896,1.6317744255065918,0.0011423886207880339,-0.0014920734084619106,-0.9909449853642545,-0.13425507700878403,170.80002164840698,drone2
1743534853.661538,4.524874210357666,4.788460731506348,1.627988338470459,0.00129351728993169,-0.0010853511034245094,-0.9922287362230477,-0.12441635883924945,171.00001120567322,drone2
1743534853.8615184,4.515463829040527,4.793954849243164,1.624971866607666,0.0018523942455869113,-0.00022285796462830066,-0.9931965543054034,-0.11643555804577205,171.19999170303345,drone2
1743534854.0615172,4.506171703338623,4.798092365264893,1.6233456134796143,0.0018755393685464079,0.00046045135653129864,-0.9940417250585925,-0.10898319443892435,171.39999055862427,drone2
1743534854.2615645,4.496384620666504,4.798631191253662,1.6241533756256104,0.0018342247556574767,0.00021274889484058335,-0.994811958715129,-0.10171450679788702,171.60003781318665,drone2
1743534854.4615011,4.483885765075684,4.797577857971191,1.627852439880371,0.0019300233075517858,-0.0005620029532472114,-0.9955098262327723,-0.09463703940854368,171.79997444152832,drone2
1743534854.661532,4.476926326751709,4.797484397888184,1.63075590133667,0.001634696059496649,-0.0008362399841619476,-0.9958530280201966,-0.09095783026778514,172.00000524520874,drone2
1743534854.8614626,4.460275650024414,4.7977142333984375,1.6313385963439941,0.0012293651226653218,-0.0011507057729624542,-0.9966560519248746,-0.08169424799303027,172.19993591308594,drone2
1743534855.0614586,4.446234226226807,4.797450542449951,1.6404740810394287,0.0015750851559912231,-0.0017769913418823474,-0.9972821855063525,-0.07363947948041627,172.3999319076538,drone2
1743534855.2614472,4.430351257324219,4.796996593475342,1.6510791778564453,0.0006139296404511299,-0.001705850188381812,-0.9977579812791919,-0.0669013363684341,172.59992051124573,drone2
1743534855.4614587,4.414993762969971,4.796972751617432,1.6624431610107422,0.0008842564810316544,-0.0015011018684507147,-0.9980933437527931,-0.061698434360309806,172.79993200302124,drone2
1743534855.6614678,4.3993964195251465,4.796702861785889,1.6715929508209229,0.00046263583098233815,-0.0013770755882433292,-0.9982994418420115,-0.05827703749189245,172.99994111061096,drone2
1743534855.8615427,4.38579797744751,4.794750690460205,1.6784145832061768,0.0004789038559630352,-0.0012323691583288575,-0.9984093608229279,-0.056365087856044216,173.20001602172852,drone2
1743534856.0615344,4.368852615356445,4.790966510772705,1.6877074241638184,0.0004819732084376474,-0.0015614131854891694,-0.9985206706498451,-0.05434916194491962,173.40000772476196,drone2
1743534856.2614982,4.351094722747803,4.787460803985596,1.6993756294250488,0.0001624737137857191,-0.0020489212135621567,-0.9986157539400856,-0.05255960675714705,173.59997153282166,drone2
1743534856.4615035,4.333565711975098,4.785079002380371,1.7123453617095947,0.00020295642032494096,-0.0021560324899687843,-0.9986968023297722,-0.050990353146540934,173.7999768257141,drone2
1743534856.6615188,4.315845966339111,4.7858686447143555,1.7269551753997803,-8.373920254600253e-05,-0.0019797975008720684,-0.9987639844062984,-0.049665340523055435,173.9999921321869,drone2
1743534856.8614886,4.299293518066406,4.788259983062744,1.7400262355804443,0.00021486652702406225,-0.0015984491112326416,-0.9987995563464416,-0.04895845357983075,174.19996190071106,drone2
1743534857.061493,4.283825397491455,4.791545391082764,1.7540364265441895,0.0003748428753993199,-0.001112417334151393,-0.998795468102136,-0.04905374760431391,174.3999662399292,drone2
1743534857.2614975,4.269137382507324,4.792999744415283,1.770615577697754,0.00042007609564445445,-0.0008856940219539041,-0.9987429531288915,-0.050115763893091414,174.59997081756592,drone2
1743534857.4615526,4.255002498626709,4.79188346862793,1.7855639457702637,0.0008177499065343518,-0.0012692528779729222,-0.9986421378672535,-0.05207365359381644,174.8000259399414,drone2
1743534857.661478,4.240081310272217,4.78915548324585,1.7953863143920898,0.0007008233123494648,-0.0018927208770776085,-0.9985217243210579,-0.054317172486899934,174.99995136260986,drone2
1743534857.8614643,4.225590229034424,4.787126541137695,1.8020985126495361,0.001066993485850842,-0.002508069475148217,-0.9984040503200156,-0.056410016396556795,175.199937582016,drone2
1743534858.0614893,4.2065110206604,4.7886810302734375,1.8108997344970703,0.0008711202879357641,-0.002961287049531512,-0.9982560305880452,-0.0589518085365518,175.3999626636505,drone2
1743534858.2615168,4.1879425048828125,4.794251441955566,1.8222582340240479,-5.68924832246136e-06,-0.0024145441365774,-0.9980804046703002,-0.06188468128387936,175.59999012947083,drone2
1743534858.4614513,4.170968055725098,4.800280570983887,1.833343505859375,2.0970362040012723e-05,-0.0015934052365279374,-0.997823898950263,-0.0659171231620077,175.7999246120453,drone2
1743534858.6614847,4.1580328941345215,4.805980682373047,1.8442001342773438,-0.0002379089581992164,-0.0008738032394201875,-0.9974670837307698,-0.0711247034703168,175.99995803833008,drone2
1743534858.8615258,4.145379066467285,4.812875747680664,1.8546745777130127,0.0009186514169234419,-0.0003515912946040744,-0.9970050699773934,-0.07733040544506076,176.1999990940094,drone2
1743534859.0614996,4.132904052734375,4.817120552062988,1.8661620616912842,0.001374269241981723,-0.00017618983763882139,-0.9965334888894049,-0.08318144168958563,176.3999729156494,drone2
1743534859.2614834,4.120841979980469,4.817943572998047,1.8778655529022217,0.0016700862825146721,-0.0008822514599589065,-0.9960920427981018,-0.08830186231517417,176.59995675086975,drone2
1743534859.461508,4.1097941398620605,4.815281391143799,1.8914530277252197,0.0021215223293677473,-0.0018434793227870558,-0.9957300013693933,-0.09227142109532416,176.79998135566711,drone2
1743534859.661542,4.104647159576416,4.813775539398193,1.898228645324707,0.001939158636966522,-0.0022933042816603824,-0.995571992834326,-0.09395421831581874,177.00001525878906,drone2
1743534859.861511,4.095012187957764,4.8131184577941895,1.9106214046478271,0.002658279032243778,-0.003344661039759428,-0.9953214298199287,-0.09652496534074068,177.1999843120575,drone2
1743534860.0616274,4.082752704620361,4.816827297210693,1.933136224746704,0.0029644722646806287,-0.00341624318141588,-0.9950156965808306,-0.09961576232943858,177.4001007080078,drone2
1743534860.261483,4.064255237579346,4.826644420623779,1.9450695514678955,0.0014783693442051164,-0.0019816179031077723,-0.9946044697799099,-0.10371037080912038,177.5999562740326,drone2
1743534860.461477,4.043673515319824,4.837752342224121,1.9547920227050781,0.0005162665271818179,-0.0005061902521385966,-0.9940678982515176,-0.10875893105799789,177.79995036125183,drone2
1743534860.6614769,4.023733615875244,4.847486972808838,1.96329927444458,-0.0008830977513902101,0.0003246268604526016,-0.993455883864291,-0.11421344975173225,177.99995017051697,drone2
1743534860.8614626,4.00348424911499,4.856095314025879,1.976675033569336,-0.0013365078059854791,0.00030008609646504637,-0.9928273057655995,-0.11955033659127268,178.19993591308594,drone2
1743534861.0614815,3.9848005771636963,4.86543607711792,1.9939041137695312,-0.0011111021796099156,-0.00019605606749307017,-0.9922951175094524,-0.12389200989692545,178.3999547958374,drone2
1743534861.2615302,3.967834949493408,4.872829914093018,2.0093741416931152,-0.0007941732311268347,-0.0005888970054545252,-0.9918819098066516,-0.1271592335934899,178.60000348091125,drone2
1743534861.4614763,3.952509641647339,4.877854347229004,2.022688388824463,0.00011775282058828392,-0.0008470727532050387,-0.9915601607651194,-0.1296444646627833,178.7999496459961,drone2
1743534861.6616516,3.939286231994629,4.882765769958496,2.035541296005249,0.0002694078005606719,-0.0011373573613264244,-0.9913548634660229,-0.1312027600927766,179.00012493133545,drone2
1743534861.8615448,3.9292235374450684,4.8899688720703125,2.047140121459961,0.0014471891962266287,-0.0011990955179390027,-0.9912627726020266,-0.13188844717120035,179.20001816749573,drone2
1743534862.061521,3.916825532913208,4.900533199310303,2.059955358505249,0.0019434264992866331,-0.0011316816543253435,-0.9912093725449633,-0.13228391105077808,179.39999437332153,drone2
1743534862.2615128,3.9044759273529053,4.913010597229004,2.072614908218384,0.0017714518404072163,-0.0005231366853618627,-0.9910840278174918,-0.13322597740869352,179.59998607635498,drone2
1743534862.461527,3.891206741333008,4.925846099853516,2.083878517150879,0.001508521154354877,0.0002469265316242532,-0.990802318282045,-0.13530904324949594,179.80000042915344,drone2
1743534862.6615229,3.8741109371185303,4.937636375427246,2.0962917804718018,0.000585236820224174,0.0007487160388656972,-0.9903787424545105,-0.13838045268787885,179.99999618530273,drone2
1743534862.8615475,3.8562872409820557,4.948357105255127,2.1096696853637695,6.136461782001037e-05,0.0007615302088420627,-0.989958622668554,-0.14135551443056582,180.2000207901001,drone2
1743534863.0615513,3.837153434753418,4.957554817199707,2.1242787837982178,0.01621367859517591,0.0016355815549056964,-0.9895768565147423,-0.14308024776532868,180.40002465248108,drone2
1743534863.261552,3.803908348083496,4.966320037841797,2.137969732284546,0.013739580879334487,0.0016709071994029066,-0.9898760991391697,-0.14125739656723246,180.60002541542053,drone2
1743534863.4615574,3.7581963539123535,4.9746413230896,2.1517012119293213,0.007136667906433053,0.0005431168022571012,-0.9907137256064751,-0.1357759460372997,180.800030708313,drone2
1743534863.6615276,3.7098350524902344,4.980066776275635,2.160935401916504,0.0026167810147093755,-0.00025388792329993776,-0.9918176358626725,-0.12763604089069375,181.00000095367432,drone2
1743534863.8615425,3.6596364974975586,4.985826015472412,2.1713643074035645,-1.0078035877845509e-05,-0.0009483368540843198,-0.9929260558316604,-0.11873121259046349,181.20001578330994,drone2
1743534864.0615067,3.616900682449341,4.990603923797607,2.1813740730285645,-0.0175445107764783,-0.002004093183405071,-0.9937505324822307,-0.11021856071562719,181.3999800682068,drone2
1743534864.2615047,3.589400053024292,4.994025707244873,2.1946792602539062,-0.014839130912344333,-0.0018922051544097904,-0.9944643736554597,-0.10400447151802938,181.5999779701233,drone2
1743534864.4615781,3.575920820236206,4.995075225830078,2.2041656970977783,-0.007909239725245097,-0.0013943978606632409,-0.9948630828423726,-0.10091021848775361,181.80005145072937,drone2
1743534864.661533,3.5729806423187256,4.994805812835693,2.208007335662842,-0.005172119332915378,-0.0013558578604225674,-0.9949336788136284,-0.10039134863573601,182.00000643730164,drone2
1743534864.8614924,3.5716164112091064,4.992490291595459,2.21626615524292,0.0006494402947960522,-0.0010747589603707793,-0.9948629564018272,-0.10122366460012922,182.19996571540833,drone2
1743534865.0614922,3.5700414180755615,4.989873886108398,2.2293031215667725,0.0057633344150382045,-0.0015145972152576443,-0.9947249676198024,-0.1024052093512835,182.39996552467346,drone2
1743534865.2614825,3.5593197345733643,4.988990783691406,2.2407989501953125,0.004487405583274575,-0.001716731031173987,-0.9947651335664334,-0.10207482020580666,182.59995579719543,drone2
1743534865.461492,3.5412895679473877,4.990748405456543,2.253298759460449,0.002708960041351683,-0.002029977604563587,-0.9949714002430456,-0.10010201052070877,182.79996538162231,drone2
1743534865.6615102,3.519202709197998,4.994826793670654,2.2638518810272217,0.00029232288569172257,-0.0016874951946962843,-0.9952408028987274,-0.09743183908014952,182.99998354911804,drone2
1743534865.8615198,3.493069887161255,4.999290466308594,2.2754077911376953,0.014826340660910426,-0.0011319128857657137,-0.995355695207768,-0.09511089642635162,183.19999313354492,drone2
1743534866.0614896,3.4523732662200928,5.004184722900391,2.286130666732788,0.010677407856948304,-7.943923618112882e-05,-0.9956258565067229,-0.09281785498626793,183.3999629020691,drone2
1743534866.2614717,3.399240493774414,5.006175994873047,2.2950656414031982,0.004361272248754867,-0.00011107176307756909,-0.9959468469049819,-0.08983739844697153,183.59994506835938,drone2
1743534866.4614785,3.3446922302246094,5.006946563720703,2.3049066066741943,0.0002721154989130618,-0.0005308721858170631,-0.9962908073356793,-0.08604810173790256,183.7999517917633,drone2
1743534866.6615057,3.2883150577545166,5.006603717803955,2.316725015640259,-0.0028369976396341546,-0.0010535387630081167,-0.9966731635453701,-0.08144709887336238,183.99997901916504,drone2
1743534866.8614726,3.2323334217071533,5.005768775939941,2.3276569843292236,-0.003803159894142555,-0.001674947205323119,-0.9970802599551368,-0.07624748431942185,184.19994592666626,drone2
1743534867.0615077,3.1814420223236084,5.005539417266846,2.3405678272247314,-0.0034105218290485908,-0.0017833907172693953,-0.9974580643051885,-0.07115226750924286,184.3999810218811,drone2
1743534867.2614937,3.1314945220947266,5.0041375160217285,2.349987030029297,-0.0028628437005750796,-0.001835056744325117,-0.9977868097235734,-0.06640737530388646,184.59996700286865,drone2
1743534867.4614704,3.089449405670166,5.002245903015137,2.361006021499634,-0.018621005166263815,-0.0029765019795258813,-0.9978559727019798,-0.06267303808527563,184.79994368553162,drone2
1743534867.661585,3.068446397781372,5.000207424163818,2.3676257133483887,-0.015547115649263858,-0.0028402030227086985,-0.9980163414605637,-0.06094050758353836,185.00005841255188,drone2
1743534867.8614562,3.056401491165161,4.996620178222656,2.375901222229004,-0.007170623284445144,-0.0020254792516656846,-0.9981201912952946,-0.060833286000926634,185.1999294757843,drone2
1743534868.061478,3.0497334003448486,4.992789268493652,2.3818588256835938,-0.0021229095739531975,-0.0016109176019359838,-0.9980626608470772,-0.06216011093889812,185.39995121955872,drone2
1743534868.2614484,3.039872169494629,4.99005651473999,2.388943910598755,0.001009362753652616,-0.001379394673307706,-0.9979898310928503,-0.06335244528327133,185.59992170333862,drone2
1743534868.4614363,3.0246782302856445,4.989950180053711,2.3953256607055664,0.0014124958367751426,-0.0012316909192241826,-0.9979617612917421,-0.06378714787881262,185.7999095916748,drone2
1743534868.6615214,3.0063893795013428,4.991947650909424,2.4032692909240723,0.015557128818507866,-0.0009262915827712207,-0.9978742222873849,-0.06327940479480187,185.99999475479126,drone2
1743534868.8615627,2.9726359844207764,4.995461463928223,2.4109179973602295,0.013172490422808847,-0.0001103272785112973,-0.9980164257542607,-0.06156133066210384,186.20003604888916,drone2
1743534869.0615163,2.9267072677612305,4.998247146606445,2.4164319038391113,0.006404251497539622,-0.00022744382162770505,-0.9982451567011293,-0.05886920071347046,186.39998960494995,drone2
1743534869.2615008,2.875060558319092,5.000401973724365,2.4223484992980957,0.0012555385651172157,-0.00034505287371802153,-0.9984616229150813,-0.05543170374892198,186.59997415542603,drone2
1743534869.4614906,2.8222897052764893,5.003999710083008,2.426196813583374,-0.002424445517891048,-0.00042308776373594184,-0.9986741694721217,-0.05141776433728995,186.79996395111084,drone2
1743534869.6615267,2.7839505672454834,5.005353927612305,2.431504249572754,-0.0032839678492244096,-0.0002248889982089863,-0.9988237907843355,-0.048375267636985464,187.0,drone2
1743534869.8614788,2.7417283058166504,5.004319190979004,2.4315972328186035,-0.0036717122700795557,-0.0005708968437817109,-0.9990035470932344,-0.04447672629657634,187.19995212554932,drone2
1743534870.0619388,2.701458215713501,5.0025553703308105,2.465348720550537,-0.0002447667114330963,-0.001144584393393159,-0.9991794258920703,-0.0404872320570806,187.40041208267212,drone2
1743534870.2615223,2.668086290359497,5.001715660095215,2.483140707015991,0.0007433263511211128,-0.002319398202290503,-0.9993187633732473,-0.036824165159301814,187.59999561309814,drone2
1743534870.461534,2.6361782550811768,5.0005106925964355,2.4763572216033936,0.0016964695099789488,-0.0031893739398713285,-0.999406091643362,-0.03427040331432979,187.80000734329224,drone2
1743534870.6615515,2.6027371883392334,5.000701904296875,2.4566099643707275,-0.013329724509534674,-0.0017652469928938377,-0.999352143677268,-0.033384645146024794,188.00002479553223,drone2
1743534870.861547,2.5838282108306885,5.002496719360352,2.4371626377105713,-0.012535963691905896,-0.0006181599245751236,-0.999346453852719,-0.033900986187131776,188.20002031326294,drone2
1743534871.0615299,2.5789666175842285,5.004563331604004,2.423720121383667,-0.006831629761063072,-0.00024524625531200257,-0.9993590979072724,-0.03513959777116987,188.40000319480896,drone2
1743534871.2615526,2.5780117511749268,5.004946231842041,2.415214776992798,-0.0026439270425089264,-1.3421054754560658e-05,-0.9993382352172593,-0.03627895352696486,188.6000258922577,drone2
1743534871.4615324,2.574648380279541,5.004228115081787,2.4096617698669434,0.015635195977206674,-0.0007600637536997498,-0.9992147870979711,-0.036398692723584314,188.80000567436218,drone2
1743534871.661536,2.5587897300720215,5.002530097961426,2.404486656188965,0.016551646270850668,-0.0009586768260402899,-0.9992202661882774,-0.03583282913547703,189.00000929832458,drone2
1743534871.861526,2.529423475265503,5.002340316772461,2.397475481033325,0.010953587923433839,-0.001343139719612157,-0.9993467488806586,-0.034414629829933985,189.19999933242798,drone2
1743534872.0615327,2.494581460952759,5.004935264587402,2.3943593502044678,0.006215960945725582,-0.001577168492411372,-0.9994385868635638,-0.032886342956080505,189.4000060558319,drone2
1743534872.2615297,2.45451021194458,5.007713317871094,2.394852876663208,0.001900438956972746,-0.0012447198930423686,-0.9995017649894817,-0.03148230499163707,189.6000030040741,drone2
1743534872.4615526,2.413829803466797,5.006122589111328,2.3906192779541016,-0.0005333298842106158,-0.0009651058256404379,-0.9995461456209636,-0.030104735248058456,189.8000259399414,drone2
1743534872.661554,2.3742597103118896,5.002748489379883,2.38201642036438,-0.0019130819208115469,-0.0015038052348150175,-0.9995705064994029,-0.029206248731503237,190.0000274181366,drone2
1743534872.8615358,2.338275671005249,5.000014305114746,2.374748945236206,-0.0010488391836039964,-0.0020307101941696897,-0.9995694528281902,-0.029252399530622697,190.20000910758972,drone2
1743534873.0615366,2.3012359142303467,4.998208522796631,2.3688759803771973,-0.00028405271912421896,-0.0025880406506557352,-0.9995545749906658,-0.02972996547109963,190.40000987052917,drone2
1743534873.2615144,2.26304292678833,4.998426914215088,2.3631229400634766,-0.0002693505483473778,-0.0026988626607287185,-0.9995267580706486,-0.030641854685481362,190.59998774528503,drone2
1743534873.461537,2.2220559120178223,4.999862194061279,2.3577027320861816,-0.0008190280179471239,-0.0026439750339399457,-0.9994839790194101,-0.032002818570746605,190.80001020431519,drone2
1743534873.6615148,2.1824169158935547,5.001750946044922,2.3546433448791504,-0.0014853143340066563,-0.0023859290194575044,-0.9994191993132489,-0.033962604879654634,190.99998807907104,drone2
1743534873.861635,2.14849591255188,5.00491189956665,2.3537352085113525,-0.016713469095708117,-0.0018513194186316867,-0.9991873073527419,-0.036633872138275125,191.20010828971863,drone2
1743534874.0615246,2.1312777996063232,5.009767055511475,2.3519279956817627,-0.013703576275449415,-0.0012521394053210707,-0.9991288075270088,-0.03940030698083319,191.39999794960022,drone2
1743534874.2615108,2.1325438022613525,5.015510559082031,2.3517637252807617,-0.007393074844794023,-0.0006912550722386647,-0.9991156155634249,-0.04138791020975846,191.59998416900635,drone2
1743534874.461522,2.141150951385498,5.022005558013916,2.3564205169677734,-0.0007489050668637502,-0.0002558844450325031,-0.9991188187239117,-0.041963551866720294,191.79999542236328,drone2
1743534874.661542,2.145996570587158,5.027571678161621,2.3563830852508545,0.014200932795480379,-0.00010580044356342476,-0.9990322912439188,-0.041627683630936885,192.00001525878906,drone2
1743534874.8614905,2.136995792388916,5.033825397491455,2.3478493690490723,0.017383191738169466,0.00016413234044713535,-0.9990060337572966,-0.04104711079269935,192.1999638080597,drone2
1743534875.0615,2.106231212615967,5.034666538238525,2.349544048309326,0.013852469237437387,0.0002938201689486803,-0.999052606024901,-0.04125527407749463,192.39997339248657,drone2
1743534875.2614925,2.0592970848083496,5.01682186126709,2.3683085441589355,0.03099889644428529,0.12347745876332833,-0.9904780825764508,-0.052398479355289906,192.59996581077576,drone2
1743534875.4615674,1.9793108701705933,4.906273365020752,2.3605587482452393,0.021531133761919334,0.11122704523843974,-0.987312390637949,-0.11126274888748455,192.8000407218933,drone2
1743534875.6614926,1.8733798265457153,4.70327615737915,2.328432083129883,-0.005278326427712532,0.05129340742658051,-0.9715982753454502,-0.23095010488326606,192.9999659061432,drone2
1743534875.8614717,1.7655068635940552,4.461500644683838,2.290039300918579,-0.012704182959569488,0.023199924399273524,-0.9162163891714682,-0.3998098518619196,193.19994497299194,drone2
1743534876.0614872,1.6641567945480347,4.206953525543213,2.2512176036834717,-0.006289168539863712,0.007635175562263861,-0.7942116519305878,-0.6075609194053644,193.3999605178833,drone2
1743534876.2614617,1.5741451978683472,3.9750499725341797,2.211411952972412,0.001088544251977019,0.0015675172139542957,-0.6179099410799567,-0.7862466245951659,193.59993505477905,drone2
1743534876.4614441,1.477242112159729,3.7359707355499268,2.173938751220703,0.003586033129179969,0.0034354889285769046,-0.38251718957871794,-0.9239350576406322,193.79991745948792,drone2
1743534876.6614892,1.388010859489441,3.5253918170928955,2.1358938217163086,0.0026313551191589316,0.002405107667107007,-0.1493433958945929,-0.9887790588192795,193.99996256828308,drone2
1743534876.8614912,1.2926467657089233,3.3054375648498535,2.0980708599090576,-0.005849725905590048,0.0015023578363046555,0.062407049324323394,-0.9980325258503919,194.19996452331543,drone2
1743534877.0614858,1.208009958267212,3.1032426357269287,2.0629920959472656,-0.01269534463372789,-0.0018123842916862429,0.22433578921220887,-0.974427551139138,194.39995908737183,drone2
1743534877.261502,1.1230130195617676,2.8851490020751953,2.029470205307007,-0.012830076254616084,-0.0034761350879208425,0.3511225289585595,-0.9362351728366272,194.59997534751892,drone2
1743534877.4614456,1.0346779823303223,2.6499574184417725,1.9977707862854004,-0.013056333379040478,-0.002946511533360131,0.45213274084440513,-0.8918503477432288,194.7999188899994,drone2
1743534877.6614597,0.9494237899780273,2.4268410205841064,1.968576431274414,-0.00976171752366644,-0.002228631506663668,0.5315383938898695,-0.8469750176268608,194.99993300437927,drone2
1743534877.8614821,0.859679102897644,2.192589521408081,1.9442203044891357,-0.011022336018800111,-0.00216701050923497,0.5912632177749596,-0.8064004572996657,195.19995546340942,drone2
1743534878.0614634,0.7698045372962952,1.9570280313491821,1.9234724044799805,-0.007415814386654724,-0.0009048250074445638,0.6374621960105925,-0.7704455234756966,195.3999366760254,drone2
1743534878.2613945,0.6785576343536377,1.7214930057525635,1.9079859256744385,-0.007197622786091861,-0.0010022560088561035,0.6767095573465357,-0.736214311462126,195.59986782073975,drone2
1743534878.461484,0.587429404258728,1.4855506420135498,1.8962469100952148,-0.006238037991811132,-0.0011007675171691156,0.7074887065434942,-0.7066962802663106,195.79995727539062,drone2
1743534878.6614811,0.4964892566204071,1.25,1.8897638320922852,-0.005524414632178138,-0.0011726194974377164,0.732381031882458,-0.6808715823445887,195.9999544620514,drone2
1743534878.861465,0.40903204679489136,1.025865077972412,1.889570951461792,-0.0060276814245319955,-0.0015687262810913554,0.7507858046180703,-0.6605165063409832,196.19993829727173,drone2
1743534879.0614595,0.31745603680610657,0.7959263324737549,1.8905272483825684,0.006764345939410278,0.0054746273502856175,0.7655767722192788,-0.643285826266873,196.39993286132812,drone2
1743534879.2614586,0.2304200977087021,0.5788060426712036,1.8928418159484863,0.02030028839326374,0.012379421735457882,0.7771616132491955,-0.6288516896902259,196.59993195533752,drone2
1743534879.4615428,0.15422530472278595,0.3869771957397461,1.9011561870574951,0.02798915936980265,0.017430713297682178,0.7866071434689719,-0.616572795432456,196.80001616477966,drone2
1743534879.66155,0.10369499772787094,0.25664690136909485,1.9086132049560547,0.031006235264282173,0.01973456112386962,0.7929910897344246,-0.6081237378836666,197.00002336502075,drone2
1743534879.8615527,0.05134347453713417,0.12050935626029968,1.917797327041626,0.03111791058340137,0.021367602014063455,0.7995405940891842,-0.5994246599611545,197.20002603530884,drone2
1743534880.0615234,0.018355319276452065,0.038659900426864624,1.9249293804168701,0.030031513001304817,0.02036854719006065,0.8039912802185103,-0.5935328044938468,197.39999675750732,drone2
1743534880.2615223,-0.011566649191081524,-0.03719094395637512,1.9353532791137695,0.008077281021255484,0.004843766571693342,0.8084285004297372,-0.588519099688688,197.59999561309814,drone2
1743534880.461522,-0.031026054173707962,-0.09701503068208694,1.911987066268921,0.009337061189230488,0.00692531611376614,0.8096369980905144,-0.5868157980263928,197.79999542236328,drone2
1743534880.6615288,-0.0483894981443882,-0.15580342710018158,1.8128728866577148,0.016295564324204172,0.013404468981918506,0.8083695053785341,-0.5882971438477174,198.0000021457672,drone2
1743534880.8615131,-0.0627744272351265,-0.19782549142837524,1.6708574295043945,0.02531291581960761,0.021290408743926736,0.8054651765843606,-0.5917194574100898,198.1999864578247,drone2
1743534881.0615156,-0.07229885458946228,-0.22184215486049652,1.509998083114624,0.015923956548700387,0.008746911961393966,0.8030084578580848,-0.5956905966970591,198.3999888896942,drone2
1743534881.2615476,-0.07357680797576904,-0.22912727296352386,1.391761302947998,-0.002374225654574934,0.0006652819122077511,0.8017072582040079,-0.597711748817399,198.60002088546753,drone2
1743534881.4615355,-0.07547915726900101,-0.2374497801065445,1.2764275074005127,-0.0022261107423437545,0.0019377565339704003,0.801628717551808,-0.5978150718165235,198.8000087738037,drone2
1743534881.661522,-0.0829746201634407,-0.2466587871313095,1.1509461402893066,-0.000742362097904764,0.0013903649135168933,0.8019668617174108,-0.597366587201519,198.99999523162842,drone2
1743534881.861533,-0.0942077711224556,-0.2559073865413666,1.0308198928833008,0.00036541150964865287,0.0009531650760422299,0.8024263466598767,-0.5967503159825928,199.20000624656677,drone2
1743534882.0615306,-0.10748261213302612,-0.2631862163543701,0.9042075276374817,0.0013754150065279549,0.000749877366670806,0.8030159494604077,-0.5959555423235107,199.4000039100647,drone2
1743534882.2615314,-0.12004421651363373,-0.2676596939563751,0.7755650877952576,0.001918318913693266,0.0002282905452288954,0.8036313039853787,-0.5951243959341638,199.60000467300415,drone2
1743534882.4615192,-0.1317908763885498,-0.26979371905326843,0.6435261368751526,0.002201661721837942,-0.0004405750838732466,0.8041059617933085,-0.5944819093754636,199.79999256134033,drone2
1743534882.6614861,-0.14223241806030273,-0.27078932523727417,0.5233703851699829,0.0023504313713666675,-0.0008676978321277264,0.8043338181930705,-0.5941723723832875,199.99995946884155,drone2
1743534882.861516,-0.15109018981456757,-0.27181071043014526,0.384235680103302,0.002411561547341766,-0.0010514355776448578,0.8044396805398177,-0.5940285778728805,200.19998931884766,drone2
1743534883.061504,-0.1556977480649948,-0.2713269591331482,0.2421727180480957,0.0023941362538653847,-0.0011661344803953668,0.8045246380497035,-0.5939133589257638,200.39997720718384,drone2
1743534883.2614903,-0.15813136100769043,-0.2649451494216919,0.12003171443939209,0.001606460243433755,-0.0012053262544832993,0.8046112076765449,-0.5937987194978143,200.59996366500854,drone2
1743534883.4615016,-0.15480440855026245,-0.2586648464202881,-0.007671564817428589,0.0005612497429662598,-0.0016817559793092945,0.804719777958309,-0.5936522170523904,200.79997491836548,drone2
1743534883.6616266,-0.1518934667110443,-0.2535792589187622,-0.13100016117095947,-0.0030619724132654484,0.0019958657399127074,0.8047374269511229,-0.5936197323689005,201.00009989738464,drone2
1743534883.8615596,-0.16007637977600098,-0.2511763572692871,-0.1137060821056366,-0.0014876707297333896,-7.658666832681571e-05,0.804591662075548,-0.5938266101748163,201.20003294944763,drone2
1743534884.061505,-0.16090017557144165,-0.25269800424575806,-0.09783720970153809,-0.001375356293169191,1.2565276166487926e-05,0.804714414771836,-0.5936606991056532,201.39997839927673,drone2
1743534884.2615032,-0.1635323464870453,-0.253518670797348,-0.08766870200634003,-0.0013390595013178662,0.00011027447147361415,0.8048883864257768,-0.5934247715844012,201.59997653961182,drone2
1743534884.461483,-0.16738885641098022,-0.2517258822917938,-0.08140580356121063,-0.001335602348446116,0.00022433269273591948,0.8051614242471425,-0.5930541216618844,201.7999563217163,drone2
1743534884.6614842,-0.16759170591831207,-0.2492447793483734,-0.07893776893615723,-0.0012886256933546446,0.00031525813874825226,0.8053607999140233,-0.5927834335273231,201.99995756149292,drone2
1743534884.8615236,-0.1663474291563034,-0.2494473159313202,-0.08009164035320282,-0.0013138447376059065,0.00031650797390633996,0.8054030626663676,-0.5927260822032119,202.1999969482422,drone2
1743534885.06156,-0.16614976525306702,-0.24980512261390686,-0.06291338801383972,-0.0013341548264585378,0.0003257739420878472,0.80545507187743,-0.5926552754977136,202.40003323554993,drone2
1743534885.2615283,-0.1634855717420578,-0.25289493799209595,-0.0040524303913116455,-0.0013634472566048952,0.0003183555616825172,0.8056522980550368,-0.5923872426146086,202.60000157356262,drone2
1743534885.461572,-0.16097931563854218,-0.2573634088039398,0.049287110567092896,-0.0013809184835607085,0.0003122587154685813,0.8061161346596113,-0.5917557458466577,202.8000452518463,drone2
1743534885.6615257,-0.1589314341545105,-0.26275521516799927,0.08977130055427551,-0.001392146132354401,0.0003181486140708835,0.8067379271156925,-0.59090770910777,202.99999904632568,drone2
1743534885.861518,-0.15968531370162964,-0.2671041786670685,0.11494606733322144,-0.0014129400044662094,0.0003553101160202213,0.807369887498977,-0.5900439410576757,203.1999912261963,drone2
1743534886.0615144,-0.16398349404335022,-0.2682349681854248,0.12864330410957336,-0.0014560013243445013,0.0004272782470764141,0.8080926532673782,-0.5890535428012303,203.39998769760132,drone2
1743534886.2615125,-0.16922171413898468,-0.26876333355903625,0.1369127631187439,-0.0015002663812653217,0.0005229925875917652,0.8087198721302051,-0.5881919874606827,203.5999858379364,drone2
1743534886.4615772,-0.17509673535823822,-0.26915279030799866,0.143510103225708,-0.001539641168987926,0.00056418232397837,0.8092973577117893,-0.5873968555533884,203.80005049705505,drone2
1743534886.6615596,-0.18082670867443085,-0.26964080333709717,0.16253957152366638,-0.0015698587306909035,0.0006027680107442837,0.8098518311140865,-0.5866321536707187,204.00003290176392,drone2
1743534886.8614872,-0.1876390278339386,-0.2684299647808075,0.184137225151062,-0.0015929901065337968,0.0006389999771206038,0.8103808688933074,-0.5859009796060396,204.19996047019958,drone2
1743534887.0615137,-0.19337180256843567,-0.2661600708961487,0.2015516757965088,-0.0015995857590534977,0.0006926229514998587,0.8109165131910323,-0.5851592372190965,204.39998698234558,drone2
1743534887.2614973,-0.19568684697151184,-0.26235902309417725,0.2137303650379181,-0.001545093464764674,0.0007242644099061902,0.8113674633966746,-0.584533967648013,204.59997057914734,drone2
1743534887.461489,-0.19704201817512512,-0.2566100060939789,0.22259148955345154,-0.0014696227824247115,0.0007608608806676789,0.8117998479155479,-0.5839335014972783,204.7999622821808,drone2
1743534887.66151,-0.1970449537038803,-0.24917209148406982,0.22138643264770508,-0.0014138234213441532,0.0007917312040346782,0.8122205999042322,-0.5833482925057046,204.99998331069946,drone2
1743534887.8615177,-0.1962282955646515,-0.24333423376083374,0.22026509046554565,-0.0013350661903190392,0.0008383636461436332,0.812648084851966,-0.5827526416324122,205.1999909877777,drone2
1743534888.0615094,-0.19350656867027283,-0.23742277920246124,0.2157050371170044,-0.0012613451989982394,0.0008614389428057681,0.8130435171214074,-0.5822010974360866,205.39998269081116,drone2
1743534888.261516,-0.19047746062278748,-0.23274050652980804,0.20690438151359558,-0.0011879287536431075,0.0008696229326504177,0.8134028822252355,-0.5816990231032005,205.5999894142151,drone2
1743534888.4615138,-0.18838141858577728,-0.2278355211019516,0.1976798176765442,-0.0011412868140875767,0.0008914543725038265,0.8137750072874503,-0.5811782039594393,205.799987077713,drone2
1743534888.6615138,-0.18582290410995483,-0.22339221835136414,0.1880878210067749,-0.0011168774503088797,0.000902124851484734,0.81413234934255,-0.5806775626194027,205.99998712539673,drone2
1743534888.8614867,-0.18359684944152832,-0.2172270268201828,0.17765557765960693,-0.0010779504419824299,0.0009406065190876605,0.814508868213722,-0.5801493993872885,206.19995999336243,drone2
1743534889.0616004,-0.1839723289012909,-0.21389465034008026,0.16911476850509644,-0.0010836361249038308,0.000965272987903056,0.8148422181753068,-0.5796811795104687,206.40007376670837,drone2
1743534889.2614791,-0.18592970073223114,-0.21328897774219513,0.15860378742218018,-0.0011240111028223286,0.0009536291544149552,0.8151334634352293,-0.5792714173125337,206.59995245933533,drone2
1743534889.4614813,-0.18788142502307892,-0.21482722461223602,0.14738541841506958,-0.0011738055566761208,0.0009507130267257864,0.8154076392215046,-0.5788852994966134,206.79995465278625,drone2
1743534889.6614695,-0.18897895514965057,-0.21796628832817078,0.1364327371120453,-0.0012063368733488636,0.0009197669913198845,0.815649372471139,-0.5785445211529785,206.99994277954102,drone2
1743534889.8614814,-0.1901184320449829,-0.22082214057445526,0.12855878472328186,-0.0012090190428118142,0.0009001096847107906,0.8158358722757996,-0.578281651258816,207.1999547481537,drone2
1743534890.061597,-0.18666550517082214,-0.22520340979099274,0.12024286389350891,-0.0011892643745131182,0.0008488513584440588,0.8160650141544413,-0.5779582690269041,207.40007042884827,drone2
1743534890.2614639,-0.18424277007579803,-0.23169171810150146,0.17844101786613464,-0.001144844847746144,0.0007831699813742913,0.8163990068554657,-0.5774867090123399,207.59993720054626,drone2
1743534890.4614599,-0.1817644238471985,-0.23865395784378052,0.23113703727722168,-0.0011628542496215906,0.0007261503784794724,0.8166653327912061,-0.577110042627198,207.79993319511414,drone2
1743534890.6614687,-0.18168336153030396,-0.24413906037807465,0.2689964175224304,-0.00117967432011562,0.0006841933348434886,0.8169186774976052,-0.5767513307995219,207.99994206428528,drone2
1743534890.8614612,-0.1828291267156601,-0.24664650857448578,0.29065483808517456,-0.0012006429534762344,0.0006969746136086077,0.8171645516751056,-0.5764028711927459,208.19993448257446,drone2
1743534891.061524,-0.1835479587316513,-0.24843499064445496,0.30035173892974854,-0.001176259025979158,0.0007143590361664624,0.8174105417564393,-0.5760538742136514,208.39999723434448,drone2
1743534891.2614756,-0.183470219373703,-0.25223320722579956,0.3034225106239319,-0.001158941034098546,0.0006530609725008595,0.8176425812309162,-0.5757247284002056,208.59994888305664,drone2
1743534891.4614625,-0.18081443011760712,-0.2596987187862396,0.29895704984664917,-0.001158247977742442,0.0005720879244220267,0.8178836928145348,-0.5753821272053726,208.7999358177185,drone2
1743534891.6614926,-0.17669110000133514,-0.26846563816070557,0.29653340578079224,-0.0011691226878388877,0.0004795637381394704,0.8181285449309589,-0.5750340996037939,208.9999659061432,drone2
1743534891.8615098,-0.17124824225902557,-0.2763749957084656,0.2970609664916992,-0.0011561378159232227,0.0003923232396601025,0.818353609102007,-0.5747136992614141,209.1999831199646,drone2
1743534892.0615344,-0.1650482416152954,-0.28391778469085693,0.29464536905288696,-0.001148976062080847,0.0003462978109513808,0.818588714759713,-0.5743788741601314,209.40000772476196,drone2
1743534892.2614772,-0.16089484095573425,-0.28860151767730713,0.29232966899871826,-0.0011378365759331607,0.0003318046045787288,0.8188145059638979,-0.5740570724350387,209.5999505519867,drone2
1743534892.4614744,-0.15883831679821014,-0.292561799287796,0.28160005807876587,-0.0011494342032632443,0.00034177694406311107,0.8190314884767441,-0.5737472825617715,209.79994773864746,drone2
1743534892.6615417,-0.15753009915351868,-0.2974771559238434,0.294841468334198,-0.0011523757157852444,0.00036445396535452786,0.8192695233404216,-0.5734073366183947,210.00001502037048,drone2
1743534892.8615396,-0.1552068293094635,-0.3010024428367615,0.30940282344818115,-0.001102705490179029,0.00038005406156800325,0.8195117202053894,-0.573061374212393,210.200012922287,drone2
1743534893.0615432,-0.15307635068893433,-0.30281317234039307,0.3120422959327698,-0.0010653157613986432,0.00036053056297112525,0.8197236872432627,-0.5727580328069479,210.4000165462494,drone2
1743534893.261532,-0.15218999981880188,-0.30368468165397644,0.31259477138519287,-0.0010562476241032371,0.00040143537596044806,0.8199380671882135,-0.5724512669700615,210.6000053882599,drone2
1743534893.4615605,-0.15200403332710266,-0.30307167768478394,0.3021143674850464,-0.0010504128168649309,0.00041773116270805977,0.820128760604301,-0.5721780500245895,210.80003380775452,drone2
1743534893.6616182,-0.15228721499443054,-0.30162256956100464,0.292033314704895,-0.0010496069641823189,0.000428703790141036,0.8203311392341381,-0.5718878373624556,211.00009155273438,drone2
1743534893.8615632,-0.15334556996822357,-0.2988041937351227,0.2768322229385376,-0.0010379461371589848,0.00048516968058173645,0.8205171754234653,-0.5716208792239877,211.20003652572632,drone2
1743534894.0615187,-0.15472182631492615,-0.295823872089386,0.26369136571884155,-0.0010288986616975165,0.0005273989088946759,0.820700208649836,-0.5713578512791433,211.39999198913574,drone2
1743534894.2615225,-0.15434405207633972,-0.2944852411746979,0.25105011463165283,-0.0010080394907818386,0.0005490242963453916,0.8208943370340771,-0.5710789234356982,211.59999585151672,drone2
1743534894.4615133,-0.1523333489894867,-0.2947668433189392,0.2325482964515686,-0.0009921475358742316,0.0005351554724843709,0.8211094124020283,-0.5707697763018709,211.79998660087585,drone2
1743534894.6615498,-0.1509501338005066,-0.2960375249385834,0.21784362196922302,-0.0009644900247870049,0.0005036562596917636,0.8213081558661813,-0.5704837888613001,212.00002312660217,drone2
1743534894.8615446,-0.15220032632350922,-0.2952289283275604,0.20587483048439026,-0.0009718129573977094,0.0005389037843467133,0.8214538680581956,-0.5702739291658523,212.20001792907715,drone2
1743534895.06153,-0.15529754757881165,-0.2875680923461914,0.1914447546005249,-0.0009423851140368982,0.0006247381050858951,0.8216102750130196,-0.5700485699668646,212.40000343322754,drone2
1743534895.2615309,-0.15884801745414734,-0.2797688841819763,0.2062838077545166,-0.0009384325916385335,0.0007065882109722658,0.821792296715026,-0.5697859634905053,212.600004196167,drone2
1743534895.4615269,-0.16284248232841492,-0.274944007396698,0.22368696331977844,-0.0009521288048101574,0.0007243060525565605,0.8219663948095124,-0.5695347366632441,212.80000019073486,drone2
1743534895.6615624,-0.16547001898288727,-0.27315324544906616,0.23692244291305542,-0.0009612500166770038,0.0007097618913026035,0.82213861736924,-0.5692861440140146,213.00003576278687,drone2
1743534895.8615062,-0.16618970036506653,-0.27091577649116516,0.24351271986961365,-0.0009375579519241114,0.0007080879740608907,0.8223157711102433,-0.5690302599599928,213.1999795436859,drone2
1743534896.0615191,-0.1679231971502304,-0.2690967917442322,0.24386128783226013,-0.0009347138319609872,0.0007067202079870842,0.8224763189929336,-0.5687982310222283,213.3999924659729,drone2
1743534896.2615397,-0.17025433480739594,-0.2697509825229645,0.2392411231994629,-0.0009536131229721188,0.0006925654008837139,0.822621957427963,-0.568587517853098,213.60001301765442,drone2
1743534896.4615328,-0.1737453192472458,-0.27140480279922485,0.23119747638702393,-0.001011091844576339,0.0006681976385963573,0.8227730433431624,-0.568368828392887,213.80000615119934,drone2
1743534896.661512,-0.17640702426433563,-0.27297142148017883,0.22166898846626282,-0.001019856578069208,0.0006636479192268317,0.8229422313297973,-0.5681238603726297,213.9999852180481,drone2
1743534896.861544,-0.18004994094371796,-0.2750847637653351,0.20537003874778748,-0.001056569179038776,0.0006087952158764984,0.8230794614685486,-0.5679250115413552,214.2000172138214,drone2
1743534897.0615113,-0.18325020372867584,-0.27642855048179626,0.18984165787696838,-0.0010835840124247592,0.0005991188715689385,0.8232260060608211,-0.5677126335717089,214.3999845981598,drone2
1743534897.2615044,-0.1840202659368515,-0.27639898657798767,0.1727275550365448,-0.0010471498317254563,0.0005945484492064431,0.8233772500267025,-0.567493280298634,214.5999777317047,drone2
1743534897.4615467,-0.18270084261894226,-0.2758471369743347,0.15201401710510254,-0.0009961667153245138,0.0005889141893503334,0.8235280935975229,-0.5672743274206198,214.80001997947693,drone2
1743534897.6615148,-0.18042346835136414,-0.27652451395988464,0.13342171907424927,-0.0009756050007312852,0.0005117530026788633,0.823684184450983,-0.5670477670364495,214.99998807907104,drone2
1743534897.8615541,-0.17864520847797394,-0.2768457531929016,0.11469325423240662,-0.0009722411553845096,0.00048705643117662227,0.8238293381972545,-0.5668369485001981,215.2000274658203,drone2
1743534898.061589,-0.17730236053466797,-0.2757355868816376,0.09905624389648438,-0.0009535473611291423,0.0004889576697506843,0.8239745340903746,-0.566625919229704,215.40006232261658,drone2
1743534898.2615144,-0.1760377585887909,-0.27359145879745483,0.08597910404205322,-0.00091768389156407,0.0005048911129622944,0.8240984668984208,-0.5664455939383501,215.59998774528503,drone2
1743534898.461507,-0.1735648661851883,-0.26812273263931274,0.06667205691337585,-0.0008529860712964904,0.000535594371819425,0.8242416818896607,-0.5662373885067062,215.7999804019928,drone2
1743534898.6615126,-0.17083965241909027,-0.2642890214920044,0.05530095100402832,-0.000816850859514054,0.0005514843613832663,0.8244001435033498,-0.5660066871946698,215.99998593330383,drone2
1743534898.861516,-0.16950257122516632,-0.2629585564136505,0.04745319485664368,-0.0008351736565469945,0.0005150766973901678,0.8245272057148979,-0.5658215466258736,216.19998931884766,drone2
1743534899.0615187,-0.167836993932724,-0.26260069012641907,0.038737714290618896,-0.0008255248785009484,0.0005175204222924385,0.8246620967035571,-0.5656250369446916,216.39999198913574,drone2
1743534899.26151,-0.16587451100349426,-0.26383158564567566,0.03134271502494812,-0.0008210713786578938,0.00048108382350002055,0.8247807506188273,-0.5654520135948422,216.59998321533203,drone2
1743534899.461544,-0.16351741552352905,-0.26432791352272034,0.022350579500198364,-0.0008150112051412464,0.00048760473121806547,0.8249034084847061,-0.5652730475393528,216.80001735687256,drone2
1743534899.6614943,-0.16083920001983643,-0.26331162452697754,0.013010203838348389,-0.0007647026544013946,0.0004984457217777508,0.8250439998346263,-0.56506771863012,216.99996757507324,drone2
1743534899.8614943,-0.15899579226970673,-0.2631532549858093,0.0023675262928009033,-0.0007394238163667597,0.0005175923579901776,0.8251330034419692,-0.5649378325797214,217.19996762275696,drone2
1743534900.061484,-0.15685904026031494,-0.2635153532028198,-0.006145775318145752,-0.0007290158702698628,0.0005223150070315962,0.8252498555794656,-0.564767201063525,217.39995741844177,drone2
1743534900.261487,-0.15609006583690643,-0.2643815875053406,0.026761233806610107,-0.0007419626700811602,0.0005315400013969975,0.8253742941496941,-0.5645851898982308,217.59996032714844,drone2
1743534900.4614794,-0.1557977944612503,-0.26600053906440735,0.07621261477470398,-0.0007626585631178903,0.0005493706084385264,0.8255058766107451,-0.5643928316816271,217.79995274543762,drone2
1743534900.6615522,-0.15783153474330902,-0.26769185066223145,0.11415719985961914,-0.0008186561152260777,0.0005616464234244951,0.8256200102765127,-0.5642258458678269,218.00002551078796,drone2
1743534900.8614872,-0.16033703088760376,-0.2701237201690674,0.144076406955719,-0.0008853962878080706,0.0005663477932464996,0.8257317837187634,-0.5640620632145135,218.19996047019958,drone2
1743534901.0614743,-0.16262862086296082,-0.27165451645851135,0.1645345389842987,-0.0009162739066134476,0.0005492044494273561,0.825853177179187,-0.5638842772707825,218.39994764328003,drone2
1743534901.2614648,-0.16353456676006317,-0.269250750541687,0.17596843838691711,-0.0008878573715319814,0.0005505758786549882,0.8259527280353698,-0.5637384491749348,218.59993815422058,drone2
1743534901.4614596,-0.1638307273387909,-0.26299959421157837,0.18189847469329834,-0.0008380195977972738,0.0006138751253134972,0.826070633844079,-0.5635655838757674,218.79993295669556,drone2
1743534901.6614544,-0.16434215009212494,-0.2567800283432007,0.18774095177650452,-0.0008082136469913014,0.0006848432359548025,0.8261868010952871,-0.5633953843647682,218.99992775917053,drone2
1743534901.861525,-0.1651889681816101,-0.2509498596191406,0.18681544065475464,-0.0007883471315962673,0.0007388839307748377,0.8262658053628209,-0.5632794594579391,219.19999837875366,drone2
1743534902.0614607,-0.16762501001358032,-0.24468855559825897,0.1835521161556244,-0.0007996343082474016,0.000808259730636856,0.8263895168999124,-0.5630978381509935,219.39993405342102,drone2
1743534902.2615552,-0.16911637783050537,-0.2428625226020813,0.1806914210319519,-0.0008219067205005345,0.0007946186966137256,0.8264664138250205,-0.562984947817257,219.60002851486206,drone2
1743534902.461474,-0.17132221162319183,-0.2446899712085724,0.1744026243686676,-0.0008881112713090825,0.0007447662998467694,0.8265641629034294,-0.5628414272613653,219.7999472618103,drone2
1743534902.661457,-0.17123234272003174,-0.2476777732372284,0.16745737195014954,-0.0008865380290590277,0.0006670856861946278,0.826679708488622,-0.5626716808289878,219.9999303817749,drone2
1743534902.8614683,-0.17293770611286163,-0.25217774510383606,0.15977263450622559,-0.0009143328981249583,0.0006451242043804082,0.8267863294786425,-0.5625150736766333,220.19994163513184,drone2
1743534903.0614698,-0.17515456676483154,-0.25914880633354187,0.1511380970478058,-0.0009635455073264315,0.000619729009763019,0.8268846159293699,-0.5623705099862409,220.39994311332703,drone2
1743534903.2615018,-0.17595842480659485,-0.266213595867157,0.14273899793624878,-0.0010046443851504504,0.0005669468938228787,0.8269788141357917,-0.5622318890014886,220.59997510910034,drone2
1743534903.4615152,-0.17622122168540955,-0.27324116230010986,0.13207471370697021,-0.0010156476760620797,0.0005340074853503451,0.8270820317677949,-0.5620800339063039,220.7999885082245,drone2
1743534903.661474,-0.1784399151802063,-0.27812331914901733,0.11995652318000793,-0.0010349016653190656,0.0005138713757249163,0.8271705612230921,-0.561949863364678,220.99994730949402,drone2
1743534903.8616407,-0.17904514074325562,-0.28269416093826294,0.10658130049705505,-0.0010206365623003663,0.0005148458981196353,0.8272723563989579,-0.5618001050752066,221.20011401176453,drone2
1743534904.0614743,-0.18051031231880188,-0.2876775562763214,0.09458130598068237,-0.0010290519790907822,0.0005166682142503188,0.827374573043309,-0.5616494195550681,221.39994764328003,drone2
1743534904.2615194,-0.18136762082576752,-0.29068997502326965,0.08282417058944702,-0.0010242666654235258,0.0005285043993284191,0.8274738710184006,-0.5615030014033412,221.5999927520752,drone2
1743534904.4614668,-0.18026532232761383,-0.29098737239837646,0.07192903757095337,-0.000991529080263173,0.000540131187832497,0.8275739908570383,-0.5613555085069774,221.79994010925293,drone2
1743534904.6614711,-0.17888113856315613,-0.28991854190826416,0.05942156910896301,-0.0009180825579455906,0.0005551246410770253,0.8276765446761775,-0.5612045701057478,221.99994444847107,drone2
1743534904.8615353,-0.1778697520494461,-0.2895527482032776,0.05520769953727722,-0.0008887902924353605,0.0005569763447563775,0.8277224109840694,-0.5611368717303271,222.20000863075256,drone2
1743534905.0614634,-0.17275719344615936,-0.2863225042819977,0.04159766435623169,-0.0008130589087883003,0.0005167034669610116,0.8278534666095141,-0.5609436073564804,222.3999366760254,drone2
1743534905.2615268,-0.17099352180957794,-0.28489622473716736,0.033496469259262085,-0.0007764167206322965,0.0005084444442014837,0.8279491188822095,-0.56080252078109,222.60000014305115,drone2
1743534905.4614992,-0.17062054574489594,-0.28474992513656616,0.026835083961486816,-0.0007733317688846514,0.0005216179685391699,0.8280344767871562,-0.560676364726785,222.7999725341797,drone2
1743534905.661494,-0.170908585190773,-0.2873363792896271,0.015262514352798462,-0.0008289769070732468,0.0005025001539387252,0.8281270734133347,-0.56053951390967,222.99996733665466,drone2
1743534905.8614953,-0.17060907185077667,-0.289933443069458,0.0017575323581695557,-0.0008249659388497986,0.0004853802398984048,0.8282124734651298,-0.5604134842959103,223.19996857643127,drone2
1743534906.0614793,-0.16911806166172028,-0.29097461700439453,-0.011608541011810303,-0.000791737213253344,0.0004844931495768782,0.828301171507821,-0.5602824708173142,223.3999526500702,drone2
1743534906.2614927,-0.16802451014518738,-0.2911146879196167,-0.02436918020248413,-0.0007717710698495223,0.00047399757590138776,0.8283755501587307,-0.5601724359325645,223.59996604919434,drone2
1743534906.4614973,-0.16493669152259827,-0.288797527551651,-0.03407523036003113,-0.0007237511670700693,0.00047358177707290227,0.8284617720740717,-0.5600449943993797,223.79997062683105,drone2
1743534906.661492,-0.15928342938423157,-0.2867436110973358,-0.046633049845695496,-0.0006451582223201813,0.00046688950372617076,0.8285756423220361,-0.5598766704231392,223.99996542930603,drone2
1743534906.861632,-0.15423838794231415,-0.28813689947128296,-0.05931586027145386,-0.0006011114163100885,0.00042876197357729083,0.8286724220229292,-0.5597335291888841,224.20010542869568,drone2
1743534907.0615156,-0.15278126299381256,-0.2903701364994049,-0.07188686728477478,-0.0006410108427757594,0.00041058463770742996,0.8287632800916066,-0.5595989226914524,224.3999888896942,drone2
1743534907.261478,-0.1537550389766693,-0.29055994749069214,-0.08441051840782166,-0.0006846266674195303,0.00045271369522685047,0.8288387334871532,-0.5594870544187923,224.59995126724243,drone2
1743534907.4614573,-0.1548091173171997,-0.2892921268939972,-0.09631738066673279,-0.0007087503154895841,0.00048607415030441764,0.82891156324138,-0.5593791584866046,224.79993057250977,drone2
1743534907.6615279,-0.15661613643169403,-0.28791344165802,-0.10516177117824554,-0.0007137037123527451,0.000507439484702786,0.8289830442964545,-0.5592731170157511,225.0000011920929,drone2
1743534907.8614733,-0.15938447415828705,-0.2875975966453552,-0.11404451727867126,-0.0007494306471197482,0.0005355260889857529,0.8290566326939546,-0.5591638723844109,225.199946641922,drone2
1743534908.061474,-0.16170643270015717,-0.28647419810295105,-0.1231640875339508,-0.0007616665275551625,0.0005591497680073948,0.8291429072928563,-0.5590359566991803,225.39994740486145,drone2
1743534908.261476,-0.1622840017080307,-0.2842518091201782,-0.1307012140750885,-0.0007691847289022415,0.0005735294886397569,0.8292213531146473,-0.5589196630074266,225.5999493598938,drone2
1743534908.46146,-0.16105327010154724,-0.28311365842819214,-0.13655823469161987,-0.000726826677964807,0.0005580541608861492,0.8292990824400134,-0.5588043386931887,225.79993343353271,drone2
1743534908.6615112,-0.1577918380498886,-0.2820858359336853,-0.14215633273124695,-0.0007020570080221799,0.0005389674830932225,0.8294004666841065,-0.558653811223732,225.99998450279236,drone2
1743534908.86156,-0.15364810824394226,-0.28022751212120056,-0.147962749004364,-0.0006653188215695009,0.000543851295468333,0.8294885114506456,-0.5585231138464997,226.2000334262848,drone2
1743534909.0615132,-0.1515219807624817,-0.27872419357299805,-0.1533474177122116,-0.000685867992947804,0.0005320550037817552,0.829569886478408,-0.5584022050748341,226.39998650550842,drone2
1743534909.2614849,-0.15157265961170197,-0.2788911461830139,-0.15850186347961426,-0.0007076175983563382,0.0005249016258023404,0.8296299562742482,-0.5583129696598244,226.59995818138123,drone2
1743534909.4615424,-0.15143871307373047,-0.28084617853164673,-0.16349831223487854,-0.0007276360343099968,0.0004885760637878232,0.8297071482272959,-0.558198351305299,226.8000156879425,drone2
1743534909.6615672,-0.15182657539844513,-0.2843782305717468,-0.16849033534526825,-0.0007359288280550749,0.00047991333266538596,0.8297789980672949,-0.5580914352873391,227.00004053115845,drone2
1743534909.8615324,-0.15236756205558777,-0.2866588234901428,-0.17124596238136292,-0.0007486382328610023,0.00048782731926176284,0.8298208498878662,-0.5580293529794824,227.20000576972961,drone2
1743534910.0614986,-0.15364603698253632,-0.2927047610282898,-0.18300840258598328,-0.0007884197129763177,0.00041726653897816067,0.8299114445387403,-0.5578945041376718,227.3999719619751,drone2
1743534910.2615452,-0.15593616664409637,-0.2961682677268982,-0.16935160756111145,-0.0008246996090451096,0.00042315481179870873,0.8299809657653592,-0.5577910968448504,227.60001850128174,drone2
1743534910.46149,-0.15880846977233887,-0.2990346848964691,-0.15467144548892975,-0.0008413113736794579,0.0004175404111754179,0.8300416256170784,-0.5577005970243853,227.7999632358551,drone2
1743534910.661501,-0.16158396005630493,-0.29891660809516907,-0.14260908961296082,-0.0008392000182483176,0.00044275359026465534,0.8301061945889971,-0.5576046707971746,227.99997425079346,drone2
1743534910.8615055,-0.1639784574508667,-0.29522037506103516,-0.13389378786087036,-0.0007900973654001615,0.0004992038711425649,0.8301695413023089,-0.5575102197096616,228.19997882843018,drone2
1743534911.0615115,-0.1652386635541916,-0.29043543338775635,-0.1274876594543457,-0.0007405196652973176,0.0005564848133094735,0.8302436459987033,-0.557399953017245,228.39998483657837,drone2
1743534911.261489,-0.16788092255592346,-0.2851887345314026,-0.12266764044761658,-0.0007253210960180685,0.0005897761520829762,0.830311607791927,-0.5572987795073946,228.59996223449707,drone2
1743534911.461473,-0.1719687283039093,-0.28117454051971436,-0.12010499835014343,-0.0007371492602298569,0.0006159272374633133,0.8303683901335833,-0.5572140959520242,228.799946308136,drone2
1743534911.6614578,-0.1766018122434616,-0.2801462411880493,-0.12191607058048248,-0.0007835752383458012,0.000621133947587373,0.8304375952588383,-0.5571109204668695,228.99993109703064,drone2
1743534911.8615704,-0.182253897190094,-0.2812664806842804,-0.1246723085641861,-0.0008306813848960333,0.000606762402167692,0.8305035656134699,-0.5570124127451874,229.2000436782837,drone2
1743534912.0614707,-0.1874808818101883,-0.2848893404006958,-0.12950272858142853,-0.0008973520604529181,0.000561479111960435,0.8305514760435146,-0.5569408157862795,229.39994406700134,drone2
1743534912.2614574,-0.19272316992282867,-0.2897152602672577,-0.13465926051139832,-0.0009376994258059914,0.0005217884801179475,0.8306041069205927,-0.5568623910379129,229.59993076324463,drone2
1743534912.4614506,-0.19613392651081085,-0.29235753417015076,-0.13950398564338684,-0.0009471529968542103,0.0004930737993002499,0.830665188240797,-0.5567713011615687,229.79992389678955,drone2
1743534912.6614742,-0.19724823534488678,-0.29382941126823425,-0.13850994408130646,-0.0009122869752645415,0.00046513805315840067,0.8307186725915574,-0.5566916857647316,229.9999475479126,drone2
1743534912.8616083,-0.1956256926059723,-0.294466495513916,-0.13915053009986877,-0.0008564456525511151,0.00044337887827498493,0.8308059797882477,-0.5565613887825601,230.20008158683777,drone2
1743534913.061545,-0.19279682636260986,-0.2936309278011322,-0.14173156023025513,-0.0008060498343741979,0.0004236087547598674,0.8308839514579929,-0.55644506348067,230.40001821517944,drone2
1743534913.2615619,-0.18786677718162537,-0.2906205654144287,-0.14580342173576355,-0.000736132256569494,0.0004235305423097864,0.8309688246741816,-0.5563183805907586,230.60003519058228,drone2
1743534913.4615614,-0.18032598495483398,-0.2874452769756317,-0.14994189143180847,-0.0006401984355173415,0.0004265835752283102,0.8310334147195246,-0.5562220118216383,230.80003476142883,drone2
1743534913.6615574,-0.17331448197364807,-0.28487828373908997,-0.153847336769104,-0.0005884116221380746,0.00041863019429367075,0.8311088891884955,-0.5561094481259778,231.0000307559967,drone2
1743534913.8615563,-0.16895698010921478,-0.2840757966041565,-0.15762992203235626,-0.0005663159618803535,0.0004027859529936185,0.8311651025476969,-0.5560252492593653,231.20002961158752,drone2
1743534914.0615673,-0.16767174005508423,-0.2861364781856537,-0.16206909716129303,-0.0006025095011556572,0.00038754680605394387,0.8312254252246281,-0.5559351709073852,231.40004062652588,drone2
1743534914.2615156,-0.16791336238384247,-0.28917810320854187,-0.1677369326353073,-0.0006591179664823359,0.00037336293038440094,0.831287697193303,-0.5558418788582064,231.59998893737793,drone2
1743534914.4615622,-0.16626378893852234,-0.2902500629425049,-0.17427143454551697,-0.000676059548727846,0.0003888186098452276,0.8313398117714867,-0.555763886115037,231.80003547668457,drone2
1743534914.6615157,-0.16384448111057281,-0.2904864549636841,-0.18095819652080536,-0.0006384117322388789,0.00040351384532521915,0.8313969945082038,-0.5556785492835146,231.99998903274536,drone2
1743534914.8615289,-0.16294410824775696,-0.29047444462776184,-0.1853560507297516,-0.0006119572276213678,0.0004024223386725115,0.8314381087589262,-0.5556169516644159,232.20000219345093,drone2
1743534915.0614676,-0.16165496408939362,-0.2913895547389984,-0.19304364919662476,-0.000621115029867439,0.0003763961658086535,0.8314873152045626,-0.5555433843403401,232.39994096755981,drone2
1743534915.2614844,-0.16169339418411255,-0.2901458144187927,-0.1976383626461029,-0.0006158072228716458,0.0003744767761015902,0.831559280948395,-0.5554355937752735,232.59995770454407,drone2
1743534915.4615405,-0.16398118436336517,-0.28580304980278015,-0.20271524786949158,-0.0006069296004444475,0.00043502906898117664,0.8316378426740193,-0.5553178354805341,232.80001378059387,drone2
1743534915.6614468,-0.16817618906497955,-0.2821621298789978,-0.2056146115064621,-0.0006256978205189747,0.0004878759177885,0.8316994824399665,-0.555225512808871,232.999920129776,drone2
1743534915.861467,-0.16985753178596497,-0.28152379393577576,-0.20719778537750244,-0.0006440480191773021,0.0004854870270062769,0.8317495528959975,-0.5551504071248247,233.19994020462036,drone2
1743534916.0614755,-0.16935443878173828,-0.28265833854675293,-0.2092951238155365,-0.0006392286258317578,0.00040719983212373566,0.8318019625021207,-0.5550720350600187,233.39994883537292,drone2
1743534916.261468,-0.16960377991199493,-0.28520581126213074,-0.2141290009021759,-0.0006535393536371508,0.00035355843907777313,0.8318631491894465,-0.5549803340543711,233.5999412536621,drone2
1743534916.4614654,-0.17062373459339142,-0.2859193980693817,-0.22166815400123596,-0.0006991703656343806,0.0003712420363476529,0.8319105643940212,-0.5549092323209331,233.79993867874146,drone2
1743534916.6615,-0.17086973786354065,-0.2859964668750763,-0.219170480966568,-0.0007122304145215352,0.000376144447460235,0.8319580006720202,-0.554838025220374,233.99997329711914,drone2
1743534916.861978,-0.17102284729480743,-0.2880604863166809,-0.21156975626945496,-0.0007101084709294776,0.0003916597046195182,0.8320237181455608,-0.5547395174986918,234.20045137405396,drone2
1743534917.061576,-0.17090994119644165,-0.2911817729473114,-0.2021287977695465,-0.0007232291779396721,0.0003653481864783028,0.8320795100362771,-0.5546558243942614,234.40004920959473,drone2
1743534917.261577,-0.16918699443340302,-0.29235565662384033,-0.19450309872627258,-0.0007309828603971447,0.0003500748312383659,0.8321363555982062,-0.554570487562739,234.60005021095276,drone2
1743534917.4615376,-0.1681125909090042,-0.2921960949897766,-0.1902632862329483,-0.0007168774338421152,0.0003562677632119196,0.832196320026925,-0.5544805988715774,234.80001091957092,drone2
1743534917.661521,-0.1691385805606842,-0.2865751385688782,-0.18520280718803406,-0.0007206503690952013,0.00038563920840947665,0.8322447572925762,-0.5544079693148809,234.9999942779541,drone2
1743534917.8615458,-0.17258450388908386,-0.27961111068725586,-0.1815321445465088,-0.0007109324335860591,0.00045603387084094016,0.8322907289675895,-0.5543387325794897,235.20001912117004,drone2
1743534918.0615668,-0.17643101513385773,-0.2746853530406952,-0.1799250990152359,-0.0007397837623891632,0.0004960041474348877,0.8323411049882721,-0.5542629841560034,235.40004014968872,drone2
1743534918.2615347,-0.17789119482040405,-0.2709175646305084,-0.18114139139652252,-0.0007651323341133387,0.0004951576296289077,0.8323941257236989,-0.5541833266123178,235.60000801086426,drone2
1743534918.4615211,-0.17678296566009521,-0.268618643283844,-0.1835143119096756,-0.0007459067960370492,0.0004835601566451931,0.8324511820198705,-0.5540977790465529,235.79999446868896,drone2
1743534918.661552,-0.17441242933273315,-0.26761960983276367,-0.18308250606060028,-0.0007316615316716528,0.00044910399669368,0.8325146762471521,-0.5540023375081,236.00002527236938,drone2
1743534918.8615477,-0.1709766536951065,-0.2672487199306488,-0.18362097442150116,-0.0007065807200285198,0.0004158448442830048,0.8325726281638546,-0.553915388559622,236.20002102851868,drone2
1743534919.0615647,-0.1679617166519165,-0.2688281834125519,-0.18635444343090057,-0.0006928661190594621,0.00037157344887129505,0.8326271451124034,-0.553833476159541,236.4000380039215,drone2
1743534919.2615488,-0.16763480007648468,-0.2715243101119995,-0.19150882959365845,-0.0007425541253673933,0.00035083382436333177,0.8326905128991395,-0.5537381610616336,236.60002207756042,drone2
1743534919.4615805,-0.16731363534927368,-0.27376726269721985,-0.18758857250213623,-0.0007814360131052884,0.00033368760970172383,0.8327418899074743,-0.5536607373009191,236.80005383491516,drone2
1743534919.6615343,-0.16595302522182465,-0.2744603753089905,-0.18056261539459229,-0.000768612484594079,0.00032610053900477073,0.8327944681009918,-0.553581775180234,237.00000762939453,drone2
1743534919.86154,-0.1648368239402771,-0.27495068311691284,-0.1761215776205063,-0.0007320149025387331,0.00034103604033259666,0.8328409982217476,-0.5535118114117059,237.20001339912415,drone2
1743534920.0615227,-0.1646115481853485,-0.2763558328151703,-0.17477530241012573,-0.0007315894004685128,0.0003463044787145218,0.832882923799304,-0.5534487281161973,237.3999960422516,drone2
1743534920.2615163,-0.16692502796649933,-0.27839142084121704,-0.15473787486553192,-0.0007632857856027131,0.0003386111353975931,0.8329260084151943,-0.5533838957264754,237.59998965263367,drone2
1743534920.461528,-0.17065021395683289,-0.28061527013778687,-0.1251712143421173,-0.0007883749319497755,0.0003516817621559072,0.8329727176600563,-0.5533134156590529,237.80000138282776,drone2
1743534920.6615174,-0.17532186210155487,-0.28065431118011475,-0.0966033935546875,-0.0007968735723023877,0.0003813616634271486,0.8330143798198094,-0.5532506800750445,237.99999070167542,drone2
1743534920.8615458,-0.1790100336074829,-0.27941879630088806,-0.07775372266769409,-0.0008053132317625037,0.0004090388896905828,0.8330661677599172,-0.553172592501466,238.20001912117004,drone2
1743534921.0614953,-0.17981211841106415,-0.2795116901397705,-0.06642773747444153,-0.0007854200839014887,0.0003839441457152028,0.8331123185590366,-0.5531032609356655,238.399968624115,drone2
1743534921.2615001,-0.17973272502422333,-0.2813376486301422,-0.05850018560886383,-0.0007810030406708056,0.0003377160705136652,0.83315962839649,-0.5530320116882579,238.5999734401703,drone2
1743534921.4615145,-0.1790328025817871,-0.28550171852111816,-0.05242455005645752,-0.0007986464358564248,0.0002785528435068153,0.8332064746186099,-0.5529613946435779,238.79998779296875,drone2
1743534921.6615229,-0.17796166241168976,-0.29007402062416077,-0.048646703362464905,-0.0007953388343265339,0.0002430555452676973,0.8332462717803164,-0.5529015355819803,238.99999618530273,drone2
1743534921.861513,-0.1772802174091339,-0.2930672764778137,-0.047200947999954224,-0.0007840924170143639,0.00023658299941195737,0.8332889665378579,-0.5528371773443042,239.19998621940613,drone2
1743534922.0615208,-0.1770579069852829,-0.29394012689590454,-0.04797413945198059,-0.0007556327575573825,0.00024177521126708362,0.8333300702518681,-0.5527752530871295,239.39999413490295,drone2
1743534922.2615516,-0.17580465972423553,-0.2943542003631592,-0.05000998079776764,-0.0007612561720086264,0.0002544055804422954,0.8333785391276556,-0.5527021704518116,239.60002493858337,drone2
1743534922.4615593,-0.17378315329551697,-0.29453685879707336,-0.05341741442680359,-0.0007469926741921651,0.0002471827465968044,0.833425006028139,-0.5526320170224653,239.80003261566162,drone2
1743534922.6615345,-0.17045921087265015,-0.2938600182533264,-0.057294830679893494,-0.0007142081883151346,0.00024717352697369255,0.8334703560371366,-0.5525638234215746,240.0000078678131,drone2
1743534922.8615086,-0.1682092249393463,-0.2922568917274475,-0.06118600070476532,-0.0006967166287976373,0.0002514562477042629,0.8335152740409371,-0.5524960618258812,240.1999819278717,drone2
1743534923.0615191,-0.1681155562400818,-0.2897706925868988,-0.06489108502864838,-0.0006890939349587055,0.0002763169202660867,0.8335568729804174,-0.5524331365810544,240.3999924659729,drone2
1743534923.2614973,-0.1688665747642517,-0.2853848934173584,-0.06776697933673859,-0.000698328416480925,0.0003117627079769709,0.8335888624384371,-0.5523849627332065,240.59997057914734,drone2
1743534923.4615188,-0.16920490562915802,-0.27923572063446045,-0.06986010074615479,-0.0006910013885465616,0.00036086508300166254,0.833629355023144,-0.5523237338990323,240.79999208450317,drone2
1743534923.661589,-0.17002545297145844,-0.27271145582199097,-0.07164829969406128,-0.0006675010116942815,0.00039392217543572427,0.8336520089542186,-0.5522895317314658,241.00006222724915,drone2
1743534923.861487,-0.16904038190841675,-0.2671741843223572,-0.07387833297252655,-0.0006512650393095588,0.000404553769421387,0.8336945772712145,-0.5522252999343351,241.199960231781,drone2
1743534924.0615513,-0.1664104461669922,-0.26186856627464294,-0.07542042434215546,-0.0006148126148694336,0.0004047875630114787,0.8337315822042072,-0.5521694975069067,241.40002465248108,drone2
1743534924.2615402,-0.162105530500412,-0.2576698958873749,-0.07838103175163269,-0.0005809251698391112,0.0003974983602272926,0.8337919997115475,-0.5520783128001534,241.60001349449158,drone2
1743534924.461503,-0.15981972217559814,-0.2561984956264496,-0.08269210159778595,-0.0005857883049456469,0.0003611855266433437,0.8338328083976181,-0.5520167678646153,241.79997634887695,drone2
1743534924.6615,-0.16063591837882996,-0.25836557149887085,-0.08670943975448608,-0.0006387743947573769,0.0003435544688774914,0.8338701505053988,-0.5519602067939138,241.99997329711914,drone2
1743534924.8615375,-0.16342510282993317,-0.26083293557167053,-0.09117966890335083,-0.0007109183469074434,0.00031157564017767197,0.8339026984091613,-0.5519110530318379,242.20001077651978,drone2
1743534925.0615714,-0.16771472990512848,-0.26255956292152405,-0.10079832375049591,-0.0007542720193882476,0.0003344406759261177,0.833930304594936,-0.5518692855049636,242.40004467964172,drone2
1743534925.2614355,-0.1762019842863083,-0.26302871108055115,-0.06255514919757843,-0.0008142289983223755,0.0003954087676341897,0.8339610296475005,-0.5518226289436621,242.59990882873535,drone2
1743534925.4615316,-0.18022467195987701,-0.2643699645996094,0.01577255129814148,-0.000833621899311514,0.0003956939174061461,0.8340059055044524,-0.5517547409074232,242.80000495910645,drone2
1743534925.66151,-0.18103137612342834,-0.26580822467803955,0.0809183418750763,-0.000815863917381506,0.0003609164288937693,0.8340522986479508,-0.5516846612350617,242.99998331069946,drone2
1743534925.8615105,-0.18004296720027924,-0.2674233913421631,0.13391131162643433,-0.0007776289878841564,0.0003118804639668045,0.8341085330805764,-0.5515996826517515,243.19998383522034,drone2
1743534926.0615034,-0.17870807647705078,-0.26844513416290283,0.1738833785057068,-0.0007311788597063334,0.0003150432268639709,0.8341494892806169,-0.5515379059085467,243.39997673034668,drone2
1743534926.261532,-0.17663607001304626,-0.27030789852142334,0.20118719339370728,-0.0007339507352789803,0.000323493855206048,0.8341981162070864,-0.5514643280477588,243.6000053882599,drone2
1743534926.461533,-0.17387905716896057,-0.2727532982826233,0.22458988428115845,-0.0007386842297252648,0.00030026917183818017,0.8342447516949636,-0.5513936688562302,243.80000638961792,drone2
1743534926.6615272,-0.17208141088485718,-0.274297297000885,0.23293659090995789,-0.0007386805871509552,0.0002950101382950095,0.8342768465201047,-0.551345221053867,244.00000047683716,drone2
1743534926.86151,-0.17179132997989655,-0.27309179306030273,0.2381805181503296,-0.0007364339625619721,0.0003114228784313359,0.834296992713693,-0.5513147067355452,244.19998335838318,drone2
1743534927.061576,-0.17238108813762665,-0.26682451367378235,0.2398388385772705,-0.0007138228986189331,0.00039215839773794564,0.834332396066442,-0.5512610959442392,244.40004920959473,drone2
1743534927.2615216,-0.17194192111492157,-0.2616141438484192,0.2363142967224121,-0.0006909608469002891,0.0004147885594717162,0.8343772824601061,-0.5511932816649852,244.5999948978424,drone2
1743534927.4615293,-0.17172016203403473,-0.2607170045375824,0.23155292868614197,-0.0006974338763746521,0.0003798254951749413,0.8344109788654905,-0.5511423050517112,244.80000257492065,drone2
1743534927.661499,-0.1722266972064972,-0.26335570216178894,0.22265800833702087,-0.0007504261812001762,0.00034980997286906127,0.8344428208095407,-0.5510939415430451,244.99997234344482,drone2
1743534927.861534,-0.17329806089401245,-0.2660690248012543,0.21707352995872498,-0.0007828845229096284,0.00031757734728972013,0.8344762011135614,-0.551043365324832,245.20000743865967,drone2
1743534928.061538,-0.1765262931585312,-0.2670804560184479,0.20310065150260925,-0.0008017028643950681,0.0003356327238036299,0.8345130163857355,-0.5509875839708278,245.40001130104065,drone2
1743534928.2614703,-0.18106359243392944,-0.26509568095207214,0.19343680143356323,-0.0008069727845021362,0.0004125929515025859,0.8345207503324372,-0.550975719632972,245.5999436378479,drone2
1743534928.4614625,-0.18544314801692963,-0.26050645112991333,0.1853477954864502,-0.0008084463189977792,0.00048015340300781883,0.8345394846066003,-0.5509474601710455,245.7999358177185,drone2
1743534928.661479,-0.18916812539100647,-0.25560835003852844,0.17616581916809082,-0.0007876590117515349,0.0005239957772520938,0.8345735497969093,-0.5508956933043619,245.99995231628418,drone2
1743534928.8614726,-0.19128985702991486,-0.25315555930137634,0.166425883769989,-0.0007818021432722112,0.0005283499294822644,0.8346150012224197,-0.550832915573505,246.19994592666626,drone2
1743534929.0614586,-0.19049207866191864,-0.25092974305152893,0.15777096152305603,-0.0007675947966648135,0.0005147464476091709,0.8346464427714089,-0.5507854582220817,246.3999319076538,drone2
1743534929.2614567,-0.18679726123809814,-0.2499983310699463,0.15134334564208984,-0.0007394992402924411,0.00045847586706387704,0.8346889478681321,-0.5507210367641329,246.5999300479889,drone2
1743534929.4614599,-0.18258751928806305,-0.25141826272010803,0.14527490735054016,-0.0007448407976942684,0.0003946836278128371,0.8347324118056589,-0.5506553192905922,246.79993319511414,drone2
1743534929.6614716,-0.1783863753080368,-0.25428250432014465,0.13427263498306274,-0.0007667171523410733,0.00032225081128819884,0.8347751908568976,-0.5505902867033399,246.99994492530823,drone2
1743534929.8614533,-0.17652744054794312,-0.2548530399799347,0.12556049227714539,-0.0007563933970436187,0.00031342516242834144,0.8348025863084296,-0.5505488984981022,247.19992661476135,drone2
1743534930.0615356,-0.1755802035331726,-0.2543828785419464,0.1185152530670166,-0.0007567469325468261,0.0003281341038659053,0.8348253456066255,-0.5505144223760202,247.40000891685486,drone2
1743534930.2615628,-0.17303985357284546,-0.2527261972427368,0.09993159770965576,-0.0007372199560117653,0.0003317552548996594,0.8348685988099098,-0.5504487470493281,247.6000361442566,drone2
1743534930.4614995,-0.1695089340209961,-0.2523247301578522,0.10643082857131958,-0.0006676554712506774,0.0003277871538077778,0.8349046870489473,-0.550394114196946,247.79997277259827,drone2
1743534930.6615362,-0.16696667671203613,-0.2531263530254364,0.12205004692077637,-0.0006507723554097667,0.000320265762635738,0.8349453166109118,-0.550332495504423,248.00000953674316,drone2
1743534930.861549,-0.16624347865581512,-0.25636082887649536,0.14023810625076294,-0.0006622504466218935,0.00028757726991050374,0.8349733548018836,-0.5502898745038663,248.20002222061157,drone2
1743534931.0616138,-0.16587184369564056,-0.25765958428382874,0.16041934490203857,-0.0006917405635977406,0.0002981568697493097,0.8350080627316323,-0.550237212016652,248.4000871181488,drone2
1743534931.2615192,-0.16629262268543243,-0.2555549442768097,0.174952894449234,-0.0006924299156409874,0.0003540803664696228,0.8350278506770082,-0.5502071402402395,248.59999251365662,drone2
1743534931.4615114,-0.16782599687576294,-0.25251084566116333,0.1829712986946106,-0.0006901279630235759,0.0004212645112373333,0.8350443617049124,-0.5501821155489361,248.79998469352722,drone2
1743534931.6615121,-0.16932114958763123,-0.24837101995944977,0.18717360496520996,-0.000685844501430434,0.00046675771250650973,0.8350786587028881,-0.5501299482871918,248.99998545646667,drone2
1743534931.8614986,-0.1688419133424759,-0.24234771728515625,0.18543460965156555,-0.0006475374355850654,0.00047961499656863215,0.8351076768080878,-0.5500859259039221,249.19997191429138,drone2
1743534932.0615287,-0.16826485097408295,-0.2377392202615738,0.18657058477401733,-0.0006396426908360313,0.0004721929838787502,0.8351431328443977,-0.5500321781353587,249.40000200271606,drone2
1743534932.2615278,-0.16935475170612335,-0.23660308122634888,0.18042027950286865,-0.000650397890538915,0.0004740633171648477,0.8351666086390183,-0.5499964797546699,249.60000109672546,drone2
1743534932.4614937,-0.17317453026771545,-0.23820148408412933,0.17385223507881165,-0.0007352177646225813,0.0004560170573764702,0.8351845210496354,-0.5499692950373803,249.79996705055237,drone2
1743534932.6614997,-0.1764235645532608,-0.23964494466781616,0.16655275225639343,-0.0007817820062159281,0.0004462483316221498,0.8351981450184165,-0.5499484218106553,249.99997305870056,drone2
1743534932.8614774,-0.17912337183952332,-0.24169187247753143,0.15652868151664734,-0.0008025547122956597,0.00043104650048963463,0.8352278374731924,-0.5499033036093244,250.19995069503784,drone2
1743534933.0614862,-0.18075905740261078,-0.24366600811481476,0.1503596007823944,-0.0008271438587250359,0.0004154955481600672,0.8352481417174625,-0.5498723783592296,250.39995956420898,drone2
1743534933.261475,-0.18151222169399261,-0.24571308493614197,0.14134880900382996,-0.0008187152298854285,0.00039511548895346254,0.8352821963710593,-0.5498207906166522,250.59994840621948,drone2
1743534933.4614785,-0.18379764258861542,-0.2455947995185852,0.13453000783920288,-0.000813117869101282,0.00041683764128782014,0.8353110669622892,-0.5497770000410493,250.7999517917633,drone2
1743534933.6615593,-0.18805408477783203,-0.24399995803833008,0.1272120475769043,-0.0008454290672722318,0.0004620521959120564,0.8353363866815322,-0.5497383619176771,251.00003266334534,drone2
1743534933.8615623,-0.19327637553215027,-0.24322880804538727,0.11712795495986938,-0.00086576002375396,0.000505154139754684,0.8353433935950972,-0.5497277303751402,251.200035572052,drone2
1743534934.0615373,-0.19684040546417236,-0.2466861754655838,0.106204092502594,-0.0009023223942576448,0.000462377496319484,0.8353776800563607,-0.549675573650108,251.4000105857849,drone2
1743534934.2615418,-0.1995813399553299,-0.2533409893512726,0.10134074091911316,-0.0009535722006048045,0.0004123652597389507,0.8354008608230418,-0.5496402545910559,251.60001516342163,drone2
1743534934.4615483,-0.20056816935539246,-0.2608085870742798,0.09649404883384705,-0.000977009881961973,0.00035824146226137493,0.8354204485708872,-0.5496103830121737,251.80002164840698,drone2
1743534934.661516,-0.19849924743175507,-0.26427215337753296,0.0891762375831604,-0.0009220699008848162,0.0003497875617762738,0.8354552091841966,-0.5495578364287927,251.99998927116394,drone2
1743534934.86154,-0.1923973262310028,-0.26763617992401123,0.0776209831237793,-0.0008358127122534459,0.00033340606134504494,0.8355063754582888,-0.5494799490527447,252.20001339912415,drone2
1743534935.0614872,-0.18793252110481262,-0.2702210247516632,0.0712273120880127,-0.0007578533490587848,0.0002772912780246786,0.8355399875699763,-0.5494292253205618,252.3999605178833,drone2
1743534935.2614677,-0.17663387954235077,-0.27502313256263733,0.05566602945327759,-0.000682316791688508,0.00023022693361606652,0.8355854007992467,-0.5493601255624282,252.59994101524353,drone2
1743534935.461462,-0.1696058064699173,-0.27808988094329834,0.050144046545028687,-0.0006375270394309525,0.00019179534626502048,0.8356226480766182,-0.5493036593221358,252.79993534088135,drone2
1743534935.6615348,-0.16292984783649445,-0.2788114845752716,0.042719632387161255,-0.0005828596957801004,0.00020264626644111525,0.8356543214332741,-0.5492554644008635,253.0000081062317,drone2
1743534935.8615031,-0.15560981631278992,-0.2766692638397217,0.035101503133773804,-0.000530921833899194,0.00022783158086585873,0.8356766803364092,-0.5492213886738424,253.19997644424438,drone2
1743534936.0615036,-0.15061835944652557,-0.27590441703796387,0.031850963830947876,-0.0004889398067309384,0.00025168824058671534,0.8357173098983737,-0.5491596856876225,253.39997696876526,drone2
1743534936.2615006,-0.14872634410858154,-0.27761608362197876,0.02899518609046936,-0.0005157643207541144,0.00025585153838666617,0.8357459486819367,-0.5491160426259893,253.59997391700745,drone2
1743534936.4614937,-0.14626283943653107,-0.2782009243965149,0.02466389536857605,-0.0005303812511762037,0.0002631569784088773,0.8357668745922224,-0.549084242828788,253.79996705055237,drone2
1743534936.661511,-0.14264802634716034,-0.2789332866668701,0.019169986248016357,-0.0005075212471193892,0.0002442478915481893,0.8357902766298582,-0.5490486182050841,253.99998426437378,drone2
1743534936.8615377,-0.14198173582553864,-0.2776765525341034,0.019914746284484863,-0.0004988956723128632,0.00028618009570851265,0.8358014244712892,-0.5490316540985585,254.20001101493835,drone2
1743534937.0615308,-0.14195644855499268,-0.2766585946083069,0.03305399417877197,-0.0005069988155294001,0.00032020445625794786,0.8358144899943277,-0.5490115921986674,254.40000414848328,drone2
1743534937.2614963,-0.14314958453178406,-0.2748836576938629,0.04526039958000183,-0.0005190718399659418,0.00034456639454231216,0.8358322654276872,-0.5489846287523326,254.59996962547302,drone2
1743534937.4614892,-0.14583399891853333,-0.27210313081741333,0.05303764343261719,-0.0005566208747787116,0.00039826133548858,0.8358517583451234,-0.5489549362975565,254.79996252059937,drone2
1743534937.6615014,-0.1502457708120346,-0.2691623270511627,0.05636438727378845,-0.0005861883964586416,0.0004503682323680003,0.8358761929805476,-0.548917604726488,254.99997472763062,drone2
1743534937.8614905,-0.15542730689048767,-0.26812469959259033,0.056290388107299805,-0.00063078114615561,0.0004603191022724467,0.835889838022753,-0.5488967947200358,255.1999638080597,drone2
1743534938.0614815,-0.16194747388362885,-0.27130165696144104,0.05231639742851257,-0.0007003405992250665,0.000450670241908337,0.8359007751299417,-0.5488800413477527,255.3999547958374,drone2
1743534938.2614894,-0.1675485074520111,-0.27659177780151367,0.046718448400497437,-0.0008075013693673718,0.0004164470626560387,0.835915652967466,-0.5488572399027083,255.59996271133423,drone2
1743534938.461499,-0.17226509749889374,-0.28093406558036804,0.04244855046272278,-0.0008631169965302031,0.000379505864424137,0.8359336602084921,-0.5488297917676155,255.7999722957611,drone2
1743534938.6614707,-0.17595098912715912,-0.2827552258968353,0.040908873081207275,-0.0008786775594936839,0.0003930617767462866,0.8359630997821771,-0.5487848421536787,255.9999439716339,drone2
1743534938.8614714,-0.18005205690860748,-0.28157418966293335,0.043231189250946045,-0.0008647655392288427,0.0004351261631370717,0.8359799479848693,-0.5487590588191021,256.19994473457336,drone2
1743534939.0615451,-0.18027012050151825,-0.28059858083724976,0.059935927391052246,-0.0008164527590692223,0.00046065725458753785,0.836011020748934,-0.5487119702526034,256.400018453598,drone2
1743534939.2614655,-0.1791967898607254,-0.28097283840179443,0.07670891284942627,-0.000775978325495382,0.00047038416276560136,0.8360452439899249,-0.548659876747844,256.5999388694763,drone2
1743534939.4614801,-0.17745724320411682,-0.28261715173721313,0.08708998560905457,-0.0007784158353838587,0.00043407219352131906,0.8360770332504142,-0.5486113973353443,256.79995346069336,drone2
1743534939.6615016,-0.17442980408668518,-0.2841150760650635,0.09111723303794861,-0.0007375178033450166,0.0003904140985519421,0.8360937971594093,-0.5485858668818587,256.9999749660492,drone2
1743534939.8614655,-0.17103882133960724,-0.28699034452438354,0.08958208560943604,-0.0007153366660681108,0.000336233954359902,0.8361220039377752,-0.548543077293908,257.1999387741089,drone2
1743534940.061586,-0.16925175487995148,-0.287567675113678,0.08798995614051819,-0.0006895416629060706,0.0003276917883312153,0.83614153900206,-0.5485133426922837,257.40005922317505,drone2
1743534940.2614746,-0.16573534905910492,-0.28511515259742737,0.08032360672950745,-0.0006573210660537582,0.00032326545344911505,0.8361725380091398,-0.5484659907079816,257.5999479293823,drone2
1743534940.4615312,-0.16640782356262207,-0.28339800238609314,0.10243865847587585,-0.0006625550543261095,0.00035188904932955214,0.8361938643144864,-0.5484336219283253,257.8000044822693,drone2
1743534940.6614842,-0.16775967180728912,-0.2810068428516388,0.12523111701011658,-0.0006752914285875905,0.0003889597956138836,0.836226591342355,-0.54838353039887,257.9999575614929,drone2
1743534940.8614988,-0.16981343924999237,-0.27661585807800293,0.137749582529068,-0.0006738743025449593,0.00043785493491371947,0.8362434922286079,-0.548357694380733,258.19997215270996,drone2
1743534941.0615244,-0.17145965993404388,-0.27286815643310547,0.15738922357559204,-0.0006723931536284426,0.00046497832524594016,0.8362645867262877,-0.5483256417024404,258.39999771118164,drone2
1743534941.2614903,-0.17181165516376495,-0.27077716588974,0.1732923686504364,-0.0006724346728017194,0.00046123858475195957,0.8362888949211663,-0.5482885208656145,258.59996366500854,drone2
1743534941.4614813,-0.17171217501163483,-0.2697359025478363,0.1818024218082428,-0.0006878842607258472,0.00043040778434519687,0.8363162482258498,-0.5482468376324372,258.79995465278625,drone2
1743534941.6615636,-0.17156247794628143,-0.26840320229530334,0.18445488810539246,-0.0006653977234333645,0.0004378568693882116,0.8363309574759802,-0.5482242890684839,259.00003695487976,drone2
1743534941.8614838,-0.17250026762485504,-0.2677239179611206,0.18225765228271484,-0.0006783844372157004,0.00044179269150944415,0.8363602179255588,-0.5481798557534412,259.1999571323395,drone2
1743534942.061463,-0.17248040437698364,-0.26733654737472534,0.17460575699806213,-0.0006716171412438487,0.0004334166742021699,0.8363874974732575,-0.5481379933961578,259.3999364376068,drone2
1743534942.2614648,-0.17176225781440735,-0.2661931812763214,0.16929450631141663,-0.000634868371775131,0.00044679155881292983,0.8364027862425549,-0.5481147810193404,259.5999381542206,drone2
1743534942.4614542,-0.16926589608192444,-0.26474228501319885,0.1639881432056427,-0.0005825908758539904,0.0004631347504753584,0.8364374625621672,-0.5480619815548684,259.79992747306824,drone2
1743534942.6614523,-0.1673872321844101,-0.26393046975135803,0.15877506136894226,-0.0005529187227704756,0.00045376550399343516,0.8364679663437768,-0.5480152933834304,259.9999256134033,drone2
1743534942.861535,-0.16566592454910278,-0.26321858167648315,0.1530638337135315,-0.0005414629166016014,0.00046749814548059616,0.8364871326231372,-0.5479860961541245,260.200008392334,drone2
1743534943.0615258,-0.16680790483951569,-0.26202696561813354,0.14359557628631592,-0.0005758104269990553,0.0005050482195589177,0.8364983752949775,-0.5479688686297957,260.3999991416931,drone2
1743534943.2615,-0.16841313242912292,-0.26322340965270996,0.1338174045085907,-0.0006119710622009152,0.000523014921511364,0.8365116726256827,-0.5479486592159347,260.5999732017517,drone2
1743534943.461493,-0.16850116848945618,-0.2669704258441925,0.12157756090164185,-0.000612988441437443,0.00044654406441014453,0.836534126359227,-0.5479144043648075,260.79996633529663,drone2
1743534943.6615348,-0.16866466403007507,-0.269103467464447,0.10972750186920166,-0.0005955652933755914,0.0004197167258484148,0.8365684655040512,-0.5478620263688205,261.0000081062317,drone2
1743534943.8615024,-0.1700827032327652,-0.270195871591568,0.09790506958961487,-0.0006876795048326545,0.0003710305612425262,0.8368464766535412,-0.5474370913054216,261.19997572898865,drone2
1743534944.061628,-0.17000357806682587,-0.2722782790660858,0.08554530143737793,-0.0005668896930585397,0.0004396163974159617,0.8381238106546487,-0.5454796757567423,261.40010142326355,drone2
1743534944.2615063,-0.17095983028411865,-0.27596864104270935,0.07408469915390015,-0.000613728290467767,0.00040598696806591535,0.8381491409106038,-0.5454406899218698,261.59997963905334,drone2
1743534944.4614959,-0.17247138917446136,-0.2804739773273468,0.061412692070007324,-0.0006653867751309198,0.0003500668772554795,0.8381552943504864,-0.5454311647341062,261.7999691963196,drone2
1743534944.661493,-0.17351104319095612,-0.2828148901462555,0.05217510461807251,-0.0006957438762412839,0.0003235737037276402,0.8381516275746659,-0.5454368545586552,261.99996638298035,drone2
1743534944.8614736,-0.17361973226070404,-0.2850362956523895,0.04138427972793579,-0.0007202240747136209,0.00029729115125501815,0.8381614161802325,-0.5454218397438733,262.1999468803406,drone2
1743534945.0614202,-0.17298749089241028,-0.286566823720932,0.034681856632232666,-0.0006924771867889516,0.0002890439720068759,0.8381730487104215,-0.5454038851864076,262.3998935222626,drone2
1743534945.2614877,-0.1724775731563568,-0.2872304618358612,0.035006433725357056,-0.0006919176503318409,0.0002677080560264502,0.8381859140359296,-0.5453842763651379,262.5999610424042,drone2
1743534945.461495,-0.17047566175460815,-0.2854653596878052,0.05702647566795349,-0.0006622391690471948,0.0002906970421990079,0.8381902130144776,-0.5453776171630731,262.79996824264526,drone2
1743534945.6615212,-0.16767576336860657,-0.28067436814308167,0.07783108949661255,-0.000570579487067493,0.0003349411080136364,0.8382117500540667,-0.5453445318869921,262.9999945163727,drone2
1743534945.861475,-0.16609859466552734,-0.2744337320327759,0.0929010808467865,-0.0005241841724302016,0.00037751423032659603,0.8382406838655694,-0.5453000037415403,263.19994831085205,drone2
1743534946.061509,-0.16636690497398376,-0.26955878734588623,0.10028988122940063,-0.0005082980106563131,0.00041552872233965643,0.8382602400032785,-0.5452700794790977,263.399982213974,drone2
1743534946.2614927,-0.16758422553539276,-0.26070767641067505,0.10047116875648499,-0.0004928214031140619,0.0004516311908261168,0.8382817981162918,-0.5452368045421983,263.59996604919434,drone2
1743534946.4614632,-0.1671561896800995,-0.2576313316822052,0.0977121889591217,-0.000514860980332366,0.00043190540973661015,0.8382938837251023,-0.545218228318717,263.79993653297424,drone2
1743534946.6614594,-0.16728651523590088,-0.255889356136322,0.09304431080818176,-0.0005263675613117816,0.0004185372057511909,0.8383145989011453,-0.5451863863746671,263.9999327659607,drone2
1743534946.8614364,-0.16862140595912933,-0.25291699171066284,0.08822047710418701,-0.0005279774273827744,0.0004523705343720819,0.8383539640576545,-0.5451258635002054,264.19990968704224,drone2
1743534947.061531,-0.16954447329044342,-0.24950554966926575,0.08177590370178223,-0.0005006877584209472,0.00045885019688165514,0.8383738468334396,-0.5450954440122927,264.40000438690186,drone2
1743534947.261491,-0.16962823271751404,-0.24711251258850098,0.07658776640892029,-0.00046941295431608324,0.0004592177785475567,0.8383880819315241,-0.5450733696003851,264.5999643802643,drone2
1743534947.461484,-0.16832323372364044,-0.2468234747648239,0.07112523913383484,-0.00046621262801445714,0.0004177426923818256,0.8384004520315621,-0.5450544245919795,264.7999572753906,drone2
1743534947.661514,-0.16577772796154022,-0.24773375689983368,0.06550514698028564,-0.00046568798927139056,0.00035870840118680807,0.8384305975649594,-0.5450080946687539,264.9999873638153,drone2
1743534947.8614917,-0.16119670867919922,-0.24905207753181458,0.05966624617576599,-0.0004194306963021902,0.0002973965646802061,0.8384521451412607,-0.5449749988559607,265.1999650001526,drone2
1743534948.0615048,-0.15525388717651367,-0.2515002191066742,0.04898715019226074,-0.0003857786757885927,0.0002308912506782516,0.8384723650918338,-0.5449440736058658,265.39997816085815,drone2
1743534948.2614975,-0.15196546912193298,-0.25286710262298584,0.03580102324485779,-0.00036706063371864635,0.00021149154301423748,0.8384966627500003,-0.544906626130964,265.5999708175659,drone2
1743534948.461475,-0.1523228883743286,-0.2532966136932373,0.02109009027481079,-0.0004166250085849617,0.00026083458518732296,0.8385067147733702,-0.5448910107235907,265.7999482154846,drone2
1743534948.6614919,-0.1548582911491394,-0.2512516677379608,0.008130431175231934,-0.00044590083620688704,0.0003037059715687302,0.8385142485225414,-0.5448794308769622,265.99996519088745,drone2
1743534948.8614807,-0.15822254121303558,-0.24759641289710999,-0.005013167858123779,-0.0004672626798048751,0.00038948709683181605,0.8385157447356637,-0.544877176020567,266.19995403289795,drone2
1743534949.0614893,-0.16061103343963623,-0.24557864665985107,-0.012920066714286804,-0.0004780765465626379,0.00040870351818257325,0.8385285046940503,-0.5448575039790244,266.3999626636505,drone2
1743534949.2615054,-0.16005904972553253,-0.24619628489017487,-0.006211966276168823,-0.00047014116498707016,0.0003618028863951819,0.8385479027810775,-0.5448275691798696,266.599978685379,drone2
1743534949.4614623,-0.15924352407455444,-0.2478277087211609,0.0028327107429504395,-0.00046955838396677934,0.00033009961741292155,0.8385769419597014,-0.5447829356672966,266.7999355792999,drone2
1743534949.66147,-0.15877048671245575,-0.2485542893409729,0.008683085441589355,-0.0005033070407420443,0.00034042471037890797,0.8385948227601822,-0.5447554453853554,266.9999432563782,drone2
1743534949.8614857,-0.15858156979084015,-0.2494143694639206,0.009001851081848145,-0.0005553945928765426,0.00033755990285745104,0.8386153588121191,-0.5447238668591086,267.1999590396881,drone2
1743534950.0615292,-0.15862752497196198,-0.24943408370018005,0.011739462614059448,-0.000575322427511564,0.0003429138388380767,0.8386232718829271,-0.5447114862223585,267.4000024795532,drone2
1743534950.261504,-0.15872631967067719,-0.24593870341777802,0.03227657079696655,-0.0005990643564314205,0.0003895495736695715,0.8386421747444842,-0.5446823838234618,267.59997725486755,drone2
1743534950.461521,-0.15743964910507202,-0.2433173507452011,0.06220507621765137,-0.0006272698074185623,0.00040805320290850084,0.838667894858788,-0.5446427552491494,267.7999942302704,drone2
1743534950.6615748,-0.1549406349658966,-0.24419409036636353,0.09118014574050903,-0.0006211935407205012,0.0004086353150945258,0.8386886943285281,-0.5446106604240083,268.000048160553,drone2
1743534950.8614907,-0.15129922330379486,-0.2457316517829895,0.11093658208847046,-0.0006191839509953601,0.0003734062708448315,0.8387080608054188,-0.5445810101160808,268.19996404647827,drone2
1743534951.0618997,-0.14786913990974426,-0.24684517085552216,0.1237432062625885,-0.0005958157357940258,0.0003621658318820229,0.838738922835241,-0.5445334579342485,268.40037298202515,drone2
1743534951.261474,-0.14598898589611053,-0.24796618521213531,0.13160550594329834,-0.0005942243115416959,0.00035884319701578576,0.8387543380450838,-0.5445097819420974,268.5999472141266,drone2
1743534951.4615047,-0.14726519584655762,-0.24945230782032013,0.13528931140899658,-0.000623182180498482,0.0003808455600382901,0.8387552863491753,-0.5445081592884298,268.799978017807,drone2
1743534951.661543,-0.15087656676769257,-0.2508688271045685,0.13586074113845825,-0.0006727337446161653,0.00039714885830919596,0.838761692670149,-0.5444981283384842,269.0000162124634,drone2
1743534951.8615508,-0.15585832297801971,-0.2531105875968933,0.13357660174369812,-0.000709945779566733,0.00042048612191865505,0.8387741259904596,-0.5444789515224118,269.2000241279602,drone2
1743534952.0615027,-0.16066546738147736,-0.2568107843399048,0.13014620542526245,-0.0007636434370090964,0.00042329775711597137,0.8387841147935567,-0.5444635679227052,269.39997601509094,drone2
1743534952.2615006,-0.164748415350914,-0.26012367010116577,0.1246749758720398,-0.0008014860386158154,0.0004056779048965128,0.8388098032977241,-0.5444238866648323,269.59997391700745,drone2
1743534952.4615095,-0.16798920929431915,-0.2611576020717621,0.11736124753952026,-0.0008305876760705003,0.0004192155426085659,0.8388258191001583,-0.5443991886116049,269.7999827861786,drone2
1743534952.6615267,-0.17020544409751892,-0.2623390257358551,0.10880720615386963,-0.0008358985699936746,0.00042219745272022754,0.8388378941722566,-0.5443806229248358,270.0,drone2
1743534952.8614743,-0.169638991355896,-0.2629535496234894,0.10079318284988403,-0.0007999007367694581,0.00042324081359554675,0.8388527298629325,-0.54435786362664,270.1999475955963,drone2
1743534953.0614636,-0.16897305846214294,-0.2633115351200104,0.09407970309257507,-0.0007538644009173229,0.0004101074193138155,0.838871590577641,-0.5443288033745917,270.39993691444397,drone2
1743534953.2614667,-0.16929273307323456,-0.26476162672042847,0.09279638528823853,-0.0007395186673554273,0.00042338524063795365,0.8388972790818084,-0.5442890378230216,270.5999400615692,drone2
1743534953.46146,-0.17195484042167664,-0.26736176013946533,0.09049278497695923,-0.0007786714638402937,0.00041899725568368543,0.83890763666983,-0.5442731168509967,270.7999334335327,drone2
1743534953.661471,-0.1759272813796997,-0.2683449387550354,0.08695781230926514,-0.0008075140051901192,0.00042738577504685337,0.8389282043319034,-0.5442415067146136,270.9999442100525,drone2
1743534953.861554,-0.18037298321723938,-0.2681949734687805,0.08051300048828125,-0.0008293586262234458,0.0004430078090242512,0.8389263498705689,-0.5442442041129183,271.20002722740173,drone2
1743534954.0614498,-0.18458642065525055,-0.268817663192749,0.07104015350341797,-0.0008328170344456647,0.0004854387577517921,0.8389312599784204,-0.544236680900459,271.3999230861664,drone2
1743534954.2614336,-0.18737314641475677,-0.2695787250995636,0.06085655093193054,-0.0008430213668124998,0.0004580953929743893,0.8389425764072456,-0.5442192953254482,271.5999069213867,drone2
1743534954.4614854,-0.18819917738437653,-0.2692890167236328,0.052055925130844116,-0.0008333334979760502,0.00045285784444579164,0.8389556313935718,-0.5441990753748751,271.7999587059021,drone2
1743534954.661472,-0.19084204733371735,-0.26889434456825256,0.04154643416404724,-0.0008355137742058539,0.00043664398475087607,0.8389710149932783,-0.5441753466991636,271.9999454021454,drone2
1743534954.8614678,-0.19503933191299438,-0.2694064974784851,0.03081992268562317,-0.0008995634426209675,0.00042062764724932366,0.8389739863460983,-0.5441707737661,272.1999411582947,drone2
1743534955.0615537,-0.1964746117591858,-0.2702471911907196,0.025616228580474854,-0.0009145865715273867,0.00043136398068102937,0.838980224079678,-0.5441610799909425,272.40002703666687,drone2
1743534955.2614841,-0.19896084070205688,-0.27159231901168823,0.025414735078811646,-0.0009260011029047354,0.00036786236535316856,0.8389905922044116,-0.5441450641885085,272.5999574661255,drone2
1743534955.461498,-0.19705811142921448,-0.2673474848270416,0.03318408131599426,-0.0008637860777503141,0.0003766546959768253,0.8390108437651211,-0.5441138544471861,272.7999713420868,drone2
1743534955.6616018,-0.19275471568107605,-0.2630567252635956,0.04035419225692749,-0.0007806915902775625,0.00039162308337101844,0.8390279343121922,-0.5440878287682306,273.0000751018524,drone2
1743534955.8614976,-0.1858810931444168,-0.26049843430519104,0.04509615898132324,-0.0007108899060165057,0.00033940544297179876,0.8390516840613281,-0.5440511820834504,273.19997096061707,drone2
1743534956.0614865,-0.17844898998737335,-0.26024672389030457,0.044484347105026245,-0.000664092868939587,0.0002847694213441076,0.8390734739820083,-0.5440175910451872,273.39995980262756,drone2
1743534956.2614849,-0.1709914654493332,-0.2585570216178894,0.03920966386795044,-0.000609004221439753,0.00024198839447202623,0.8390926929449293,-0.5439880039575327,273.5999581813812,drone2
1743534956.4614882,-0.16334009170532227,-0.25571566820144653,0.03020760416984558,-0.0005488894902266894,0.00023296632442290505,0.8391102154971977,-0.5439611248048948,273.79996156692505,drone2
1743534956.6614842,-0.15758603811264038,-0.25515681505203247,0.02655211091041565,-0.0005005852094071252,0.00022340207673831325,0.8391360936621833,-0.5439214224735975,273.9999575614929,drone2
1743534956.8615084,-0.1510172337293625,-0.25677308440208435,0.023167401552200317,-0.0004479344525168116,0.00017060697512365612,0.8391435536543698,-0.54390974779656,274.1999816894531,drone2
1743534957.0614736,-0.1450856626033783,-0.2591380476951599,0.01963689923286438,-0.0004403680024947648,0.00012894607072110574,0.8391586527628488,-0.5438864721994698,274.3999469280243,drone2
1743534957.2614722,-0.13976305723190308,-0.2623441517353058,0.014677166938781738,-0.00044332146142573,9.383806489402703e-05,0.8391857321130171,-0.5438448100397169,274.59994554519653,drone2
1743534957.4614747,-0.13717021048069,-0.26343268156051636,0.008386313915252686,-0.00045821618444285054,0.00012292514234123084,0.8391899678712924,-0.5438383826453189,274.79994797706604,drone2
1743534957.6615052,-0.13641905784606934,-0.26302361488342285,0.001915663480758667,-0.00046032648002892324,0.00018357948904003867,0.8391922227276878,-0.5438347790897712,274.9999785423279,drone2
1743534957.861746,-0.13680130243301392,-0.26318758726119995,-0.0017635524272918701,-0.000496314774647532,0.00021427606984426807,0.8392041397491042,-0.5438163714536841,275.2002193927765,drone2
1743534958.0615115,-0.14009110629558563,-0.2627655267715454,-0.00538809597492218,-0.000549919515575722,0.00022583159148487262,0.8392111888095176,-0.5438053605895107,275.39998483657837,drone2
1743534958.2615306,-0.1455114632844925,-0.2637966275215149,-0.0090111643075943,-0.0006399915599340148,0.00023589971832589264,0.8392186488017042,-0.5437938544998672,275.6000039577484,drone2
1743534958.4615092,-0.15081781148910522,-0.2666105329990387,-0.013953715562820435,-0.0007380664120791985,0.00024115189889027715,0.8392167838036575,-0.5437964781411869,275.79998254776,drone2
1743534958.6615057,-0.1548587828874588,-0.2688983678817749,-0.01874735951423645,-0.0007681398965915389,0.0002223852943077459,0.8392162675047632,-0.5437971630274753,275.99997901916504,drone2
1743534958.8615315,-0.1587248295545578,-0.2710455060005188,-0.0252390056848526,-0.0007891734377452213,0.00023115434949894852,0.8392297334228624,-0.5437764478514321,276.2000048160553,drone2
1743534959.061487,-0.16110913455486298,-0.2728537321090698,-0.03210321068763733,-0.0007912271293728813,0.00022135263478068143,0.8392518710550428,-0.5437421719268807,276.3999602794647,drone2
1743534959.2614799,-0.16271309554576874,-0.2745538055896759,-0.04038268327713013,-0.000825662689229004,0.00021558294113060197,0.8392611644351393,-0.5437279052186597,276.59995317459106,drone2
1743534959.4614758,-0.16371983289718628,-0.2771739661693573,-0.04708586633205414,-0.0008445448889522019,0.00018345897539507792,0.8392614278529427,-0.5437273889197655,276.79994916915894,drone2
1743534959.661482,-0.16447339951992035,-0.28032028675079346,-0.051188379526138306,-0.0008544561895925006,0.00017532623883471352,0.8392680343714467,-0.5437172420659865,276.9999554157257,drone2
1743534959.861484,-0.16500256955623627,-0.2827611267566681,-0.0550941526889801,-0.000863697400616411,0.00018735395746705754,0.8392830281128044,-0.5436941561297146,277.19995737075806,drone2
1743534960.0615494,-0.16516417264938354,-0.2841731607913971,-0.05922967195510864,-0.0008566387707280823,0.0002005916281557246,0.8392910781608701,-0.543681722809404,277.40002274513245,drone2
1743534960.2614691,-0.16465596854686737,-0.28704217076301575,-0.061435967683792114,-0.0008379630452876528,0.00022295553211311138,0.8393038170458325,-0.5436619875475887,277.599942445755,drone2
1743534960.461494,-0.1603042632341385,-0.289884090423584,-0.04248541593551636,-0.0007821257355798219,0.0001759961020764272,0.8393311071302432,-0.543619946066199,277.79996728897095,drone2
1743534960.6614842,-0.15590719878673553,-0.2923958897590637,-0.022680342197418213,-0.0007140684328228319,0.00013371188529707107,0.8393596826935337,-0.5435758604626567,277.9999575614929,drone2
1743534960.8614678,-0.15354730188846588,-0.2928400933742523,-0.009498491883277893,-0.0006734207814638765,0.00014455282440796675,0.8393673639566748,-0.5435641331020585,278.1999411582947,drone2
1743534961.0614734,-0.15250518918037415,-0.29284557700157166,-0.002242147922515869,-0.000664525964851165,0.0002097760808748531,0.8393783958942724,-0.5435472006056692,278.3999466896057,drone2
1743534961.2614691,-0.15366150438785553,-0.29337942600250244,0.0014230012893676758,-0.000653762301822378,0.0002320031927902224,0.8393813461736683,-0.543542480158636,278.599942445755,drone2
1743534961.4615605,-0.1560867577791214,-0.2951909899711609,0.009081542491912842,-0.0006810204674040605,0.000241529759381248,0.8393908292145831,-0.5435280237895967,278.8000338077545,drone2
1743534961.6614866,-0.15993914008140564,-0.29757052659988403,0.02150556445121765,-0.0007271429491096463,0.00025160129213214514,0.8393974041229508,-0.5435176556648631,278.9999599456787,drone2
1743534961.8614569,-0.1612008959054947,-0.3017486035823822,0.02786809206008911,-0.0007277097707153765,0.0002000085487324534,0.8394112598993988,-0.5434962134556832,279.19993019104004,drone2
1743534962.0615432,-0.16051684319972992,-0.3034023940563202,0.029823273420333862,-0.0006688705887654857,0.000174425699799563,0.8394318170247601,-0.5434645295623152,279.4000165462494,drone2
1743534962.2615142,-0.1576271504163742,-0.30142828822135925,0.02794492244720459,-0.0006182187614110901,0.00019489758480599955,0.8394468002294058,-0.5434417070438465,279.59998750686646,drone2
1743534962.461472,-0.15450161695480347,-0.29786622524261475,0.023170918226242065,-0.0005465796247854242,0.00021309920964947125,0.8394651867920685,-0.543413289531238,279.79994535446167,drone2
1743534962.661458,-0.15295125544071198,-0.29415181279182434,0.016970276832580566,-0.0005220254944023083,0.000249528626190849,0.8394697281149957,-0.5434063036910973,279.9999313354492,drone2
1743534962.8614607,-0.15222124755382538,-0.29045623540878296,0.009699910879135132,-0.0005110793528062624,0.0002818398449413147,0.8394855437198993,-0.5433817215417034,280.1999340057373,drone2
1743534963.061476,-0.15211687982082367,-0.28782573342323303,0.0025629401206970215,-0.0005214341214341399,0.0002754461392108899,0.8394995048634686,-0.5433600896717051,280.3999493122101,drone2
1743534963.2614667,-0.1509973704814911,-0.2845495939254761,-0.005769640207290649,-0.0005148110261300203,0.0002641497445444186,0.8395111900772181,-0.5433421667243759,280.5999400615692,drone2
1743534963.4614656,-0.14924228191375732,-0.28069087862968445,-0.0156954824924469,-0.000530604219940946,0.00024655609004866816,0.8395148252429023,-0.5433364242162664,280.79993891716003,drone2
1743534963.6615355,-0.14769044518470764,-0.2793332040309906,-0.02729026973247528,-0.0005532793376271443,0.00024350247061394195,0.8395169958056006,-0.5433331578355066,281.0000088214874,drone2
1743534963.8615777,-0.14623485505580902,-0.2782634198665619,-0.038091570138931274,-0.0005927518163116047,0.0002262220363498008,0.8395254778588634,-0.5433201239226048,281.20005106925964,drone2
1743534964.061492,-0.14484822750091553,-0.27772802114486694,-0.0486903190612793,-0.0006515990448522023,0.00021511706205023582,0.839525035316954,-0.5433206507582111,281.3999652862549,drone2
1743534964.2615008,-0.14121632277965546,-0.27908381819725037,-0.0583806186914444,-0.0006704428020397468,0.00019319469160593557,0.8395367205307037,-0.5433024749297908,281.599974155426,drone2
1743534964.4614997,-0.13752475380897522,-0.2780100405216217,-0.06705567240715027,-0.0006314822799716955,0.00018866015991912533,0.8395514613909704,-0.5432797261683071,281.79997301101685,drone2
1743534964.6615047,-0.13561619818210602,-0.276620477437973,-0.07554596662521362,-0.0006198716669670951,0.00019493664472712926,0.8395742522993026,-0.5432447126739066,281.9999780654907,drone2
1743534964.8615093,-0.13402026891708374,-0.2750926613807678,-0.084389328956604,-0.0006306898657129494,0.00019474109816729012,0.8395759170998187,-0.5432421206427231,282.19998264312744,drone2
1743534682.6615267,0.013907069340348244,-0.015087796375155449,-0.10676739364862442,0.0014706612865343282,-0.0010007963243745908,0.05440804109228936,-0.9985172567551157,0.0,drone3
1743534682.8615305,0.01379949040710926,-0.011828163638710976,-0.10695779323577881,0.0014510948796468519,-0.0010120788998961522,0.054416639049385596,-0.9985167509929336,0.20000386238098145,drone3
1743534683.061516,0.013950103893876076,-0.008258998394012451,-0.10835206508636475,0.0014566989493531737,-0.0010317780858200504,0.05443910331964191,-0.9985155287343268,0.39998936653137207,drone3
1743534683.2615197,0.013552900403738022,-0.004636677913367748,-0.11116387695074081,0.001444162196395675,-0.0010282267610836583,0.0544477434235866,-0.9985150651189931,0.5999929904937744,drone3
1743534683.461613,0.013249892741441727,-0.000647708133328706,-0.11349434405565262,0.0014520148251654721,-0.0010338125561798837,0.05446021889074587,-0.998514390769417,0.800086259841919,drone3
1743534683.6615193,0.013240063562989235,0.0028839465230703354,-0.11506835371255875,0.0014627199394715963,-0.0010188137316817123,0.054481250168152806,-0.9985132528045071,0.9999926090240479,drone3
1743534683.8615067,0.01283595897257328,0.005202325992286205,-0.11641541123390198,0.001465457570729828,-0.0010078370500841084,0.05446359063862677,-0.9985142221820229,1.1999800205230713,drone3
1743534684.0615194,0.012735066004097462,0.00831621140241623,-0.12404555082321167,0.0014919025573212471,-0.001030981617396677,0.05444243292067419,-0.9985153180000843,1.3999927043914795,drone3
1743534684.2614768,0.013096521608531475,0.010248387232422829,-0.07685501873493195,0.0014790506084986152,-0.0010292960315694637,0.05446131470880716,-0.9985143064757199,1.5999500751495361,drone3
1743534684.4615083,0.012606737203896046,0.01174925547093153,0.025030240416526794,0.001476447937705488,-0.0010525277737112762,0.054451536639952614,-0.9985148122379021,1.7999815940856934,drone3
1743534684.6615431,0.012576223351061344,0.01238461397588253,0.11851076781749725,0.0014803402444404042,-0.0010500702708231278,0.054408715441865485,-0.9985171724614187,2.000016450881958,drone3
1743534684.8615007,0.013621695339679718,0.010349713265895844,0.1886724978685379,0.0014307116511948026,-0.0010883365017641225,0.0544019719461038,-0.9985175096362068,2.1999740600585938,drone3
1743534685.0615072,0.012418373487889767,0.0065964930690824986,0.23505796492099762,0.0013860399944890926,-0.0010787067186112285,0.05437470293511726,-0.9985190690696016,2.3999805450439453,drone3
1743534685.261499,0.011109325103461742,0.0007620264077559114,0.26590830087661743,0.001337092850752642,-0.0010476537108818113,0.054345410875402234,-0.9985207970903907,2.5999722480773926,drone3
1743534685.461479,0.009869802743196487,-0.004245544318109751,0.28647053241729736,0.0013267296856822877,-0.001032849445126717,0.054321682199690524,-0.9985221036426946,2.799952268600464,drone3
1743534685.6614761,0.009121914394199848,-0.00805195327848196,0.3028927445411682,0.0013210292009440939,-0.0010289700829072858,0.054311904130835975,-0.9985226936985736,2.9999494552612305,drone3
1743534685.8615007,0.009897965006530285,-0.009638985618948936,0.3092889189720154,0.0013120774305212,-0.0010357035461550403,0.054313885032716,-0.998522567258028,3.1999740600585938,drone3
1743534686.0615373,0.009739052504301071,-0.008142062462866306,0.3136243224143982,0.00135597963970788,-0.0010217952404928143,0.054318436892355215,-0.9985222300832399,3.400010585784912,drone3
1743534686.2614813,0.00909323338419199,-0.006554057355970144,0.31476712226867676,0.0013856900089523735,-0.001010322602852394,0.05433285111454589,-0.9985214714399668,3.599954605102539,drone3
1743534686.4614727,0.007949130609631538,-0.006010233890265226,0.315210223197937,0.0013726670855118567,-0.0010056479658215104,0.054306256453135526,-0.9985229465796648,3.7999460697174072,drone3
1743534686.6614635,0.007466888055205345,-0.0070197926834225655,0.31285810470581055,0.0013503807045907687,-0.0010086819626878504,0.054308279501864065,-0.9985227779922707,3.999936819076538,drone3
1743534686.861467,0.006994358729571104,-0.009801533073186874,0.30814188718795776,0.0013119288155473126,-0.0010447062920387552,0.05429116788136862,-0.998523789516635,4.199940204620361,drone3
1743534687.0614963,0.007917694747447968,-0.012627110816538334,0.3016507625579834,0.0012785967396221362,-0.0010597912521006193,0.05428611025954733,-0.998524042397726,4.399969577789307,drone3
1743534687.2614825,0.009451108053326607,-0.013654457405209541,0.2931797504425049,0.0012836365498724543,-0.0010936822882564618,0.05427005231026466,-0.9985248431878476,4.599955797195435,drone3
1743534687.461577,0.008544721640646458,-0.01336998213082552,0.2819637060165405,0.0013136330155466345,-0.0010878430461324846,0.054266722709232385,-0.9985250539220902,4.800050258636475,drone3
1743534687.6617792,0.005798541475087404,-0.011778118088841438,0.27012360095977783,0.0013616809682062245,-0.001045621072098891,0.054289439860579713,-0.9985237473697863,5.0002524852752686,drone3
1743534687.8615212,0.0028872271068394184,-0.009570959955453873,0.26029038429260254,0.0013900402716540438,-0.0010127392142425002,0.054291505056156764,-0.9985237052229379,5.1999945640563965,drone3
1743534688.0615072,-7.224954606499523e-05,-0.00745479017496109,0.24601511657238007,0.00142648795251576,-0.0009799125403579267,0.054293780985976314,-0.9985235366355438,5.399980545043945,drone3
1743534688.261523,-0.001598921837285161,-0.006348100490868092,0.2321939319372177,0.0014207198023293713,-0.0009927590561883682,0.0543121570119271,-0.9985225251111796,5.599996328353882,drone3
1743534688.4615064,-0.0026519373059272766,-0.006315619219094515,0.21827183663845062,0.001387697890577697,-0.0009862317482408863,0.054285899525304826,-0.9985240002508775,5.7999796867370605,drone3
1743534688.6615145,-0.0026456466875970364,-0.006848031654953957,0.20569096505641937,0.0013389150022471985,-0.001024136798388526,0.054275236372631486,-0.9985246324536051,5.999987840652466,drone3
1743534688.861503,-0.0019065027590841055,-0.00838193017989397,0.19398577511310577,0.0013141752857899266,-0.0010472286718506982,0.05427662721863241,-0.9985245060130595,6.199976205825806,drone3
1743534689.0615532,-0.0015465215547010303,-0.009482547640800476,0.18575136363506317,0.0013188446338852306,-0.0010587499697564035,0.054272412533781345,-0.9985247588941506,6.400026559829712,drone3
1743534689.261508,0.00025381334125995636,-0.012818700633943081,0.16888509690761566,0.001306587463940644,-0.0010732725328084503,0.05426621694705025,-0.9985250539220902,6.599981307983398,drone3
1743534689.4615319,0.0022385085467249155,-0.015322732739150524,0.15939100086688995,0.0012997619485183834,-0.0010881286692333062,0.05424792521479649,-0.9985260654464545,6.800005197525024,drone3
1743534689.661528,0.006125147920101881,-0.016665302217006683,0.14625678956508636,0.0012947111488065886,-0.001111477622007782,0.05424805165534197,-0.998526023299606,7.000001430511475,drone3
1743534689.8615015,0.00930758100003004,-0.016992980614304543,0.13350771367549896,0.001325896369635741,-0.0011291035554741816,0.054250411878858595,-0.998525854712212,7.199974775314331,drone3
1743534690.061507,0.011300054378807545,-0.017773980274796486,0.11956469714641571,0.001325025485682966,-0.0011422969596242025,0.05426495254159486,-0.9985250539220902,7.399980306625366,drone3
1743534690.261518,0.010883661918342113,-0.018307378515601158,0.10342361032962799,0.0013426932470153802,-0.0011052055926649648,0.05426145435316848,-0.9985252646563327,7.599991321563721,drone3
1743534690.461495,0.009419592097401619,-0.018916724249720573,0.0867304652929306,0.0013125834293677631,-0.0010430541479248376,0.05426857717056677,-0.9985249696283931,7.799968242645264,drone3
1743534690.6615136,0.009814796037971973,-0.02058890089392662,0.07040028274059296,0.001269961430704602,-0.0010526708836646672,0.05430166244664786,-0.9985232416076042,7.999986886978149,drone3
1743534690.8614824,0.011972114443778992,-0.02117915078997612,0.05406637489795685,0.0012715045033843846,-0.0010878439722106991,0.05429487680403766,-0.9985235366355438,8.199955701828003,drone3
1743534691.0614703,0.014114591293036938,-0.02152646891772747,0.03753410279750824,0.001260856034195705,-0.0010964246116443128,0.054283960770273254,-0.9985241688382714,8.399943590164185,drone3
1743534691.2614772,0.01572377420961857,-0.020890191197395325,0.02202148735523224,0.0012769758352133163,-0.0010775023744729812,0.05426638553444424,-0.9985251382157871,8.599950551986694,drone3
1743534691.4614987,0.01725175976753235,-0.018186645582318306,0.009222522377967834,0.0013156840215474731,-0.0010709932279482585,0.05424636578140152,-0.9985261918870001,8.79997205734253,drone3
1743534691.6614876,0.017259476706385612,-0.013375758193433285,-0.0012181401252746582,0.0013757926818033536,-0.0010597480762763146,0.05422428083278191,-0.9985272877050613,8.999960899353027,drone3
1743534691.8614933,0.01815406046807766,-0.006198196671903133,-0.010943964123725891,0.0014691592699887148,-0.001085071787945314,0.05418529499790925,-0.9985292686069414,9.199966669082642,drone3
1743534692.0614862,0.020974092185497284,0.001251723850145936,-0.018782660365104675,0.0015104454625662232,-0.0011295109681499483,0.054195241654157844,-0.9985285942573651,9.399959564208984,drone3
1743534692.2614594,0.024153312668204308,0.005825572647154331,-0.024651244282722473,0.0015236078739653371,-0.0011708128217390369,0.054208138589802224,-0.9985278356140919,9.599932670593262,drone3
1743534692.4614537,0.02602902427315712,0.00781343411654234,-0.030217275023460388,0.0015196542402731153,-0.001176590952990625,0.05421037237277326,-0.9985277091735464,9.799926996231079,drone3
1743534692.6614585,0.024864954873919487,0.010051123797893524,-0.036202624440193176,0.0014917506804940938,-0.0011379275168137374,0.05418605364118251,-0.9985291000195473,9.999931812286377,drone3
1743534692.8614664,0.02204723097383976,0.012538154609501362,-0.04206456243991852,0.0014473664475968442,-0.0021048489702422627,0.05412097890708162,-0.9985311230682757,10.199939727783203,drone3
1743534693.0614655,0.02833244390785694,0.010758548974990845,-0.033132925629615784,-0.0005174585911369516,-0.020418445765974964,0.04335229052515421,-0.9988510176484735,10.399938821792603,drone3
1743534693.2614763,0.05376025661826134,0.00730848079547286,0.04196493327617645,-0.0015593221008811703,-0.01386219528127566,0.012665802327099962,-0.9998225446534981,10.599949598312378,drone3
1743534693.4614756,0.09470239281654358,0.002775113098323345,0.21404717862606049,0.00035642690460825627,0.0009226780873174991,-0.022384191244135765,-0.9997489562559981,10.799948930740356,drone3
1743534693.6614761,0.13263431191444397,-4.9128186219604686e-05,0.4373024106025696,0.009355088870860987,0.009381077949147481,-0.05413181064714878,-0.9984459442874353,10.99994945526123,drone3
1743534693.861482,0.15536777675151825,0.004238441586494446,0.6465321183204651,0.007019144053538455,0.009749401095005977,-0.07748643307824798,-0.9969210291614627,11.199955224990845,drone3
1743534694.0614643,0.16206659376621246,0.009712997823953629,0.7522134184837341,0.003983345244788601,0.008980854135590459,-0.0805044424595675,-0.9967057852061174,11.399937629699707,drone3
1743534694.2614858,0.1681094914674759,0.015467919409275055,0.9399871230125427,-0.005753195793065425,0.0014823163512932248,-0.05909742589815686,-0.9982345778421531,11.599959135055542,drone3
1743534694.4614553,0.17174676060676575,0.008930548094213009,1.0712013244628906,0.00017660038869088778,0.000300266589109018,-0.026293353590369606,-0.9996542522873941,11.799928665161133,drone3
1743534694.661565,0.1752963811159134,-0.0004812431870959699,1.1853742599487305,0.004412451364464993,-0.0007630607897555798,0.003342708702247621,-0.9999844306986284,12.000038385391235,drone3
1743534694.861533,0.17841675877571106,-0.008670554496347904,1.277748942375183,0.004897023148372042,-0.002460743832626552,0.01876896101941694,-0.999808846927732,12.200006246566772,drone3
1743534695.061531,0.18282486498355865,-0.016716230660676956,1.3481690883636475,0.004912473754982207,-0.002550580004863649,0.01918613052597773,-0.9998006704391209,12.400004386901855,drone3
1743534695.2615306,0.187493234872818,-0.024137798696756363,1.4063445329666138,0.003109208164461826,-0.005383972524906981,0.00965929903542373,-0.999934065214658,12.600003957748413,drone3
1743534695.4615474,0.19576378166675568,-0.029462534934282303,1.4571417570114136,0.0010580426312164013,-0.004789297861529663,-0.0029004618208226533,-0.9999837984959008,12.800020694732666,drone3
1743534695.6615758,0.20922523736953735,-0.03268526494503021,1.5038702487945557,-0.00024247822810882663,-0.0033308787733421796,-0.011360177253929293,-0.9999299348235039,13.000049114227295,drone3
1743534695.8615196,0.2273537963628769,-0.035932693630456924,1.5460996627807617,-8.410140202539515e-05,-0.0016792382813371383,-0.012824611652288764,-0.9999163635382833,13.199992895126343,drone3
1743534696.0615125,0.24780306220054626,-0.042120616883039474,1.5843462944030762,0.0005895972234822841,3.491872572988499e-05,-0.007194593481355094,-0.9999739782801977,13.399985790252686,drone3
1743534696.2615206,0.2668731212615967,-0.05031079798936844,1.615644931793213,0.0005343631405437649,0.0007465372906649392,-0.0009298859186958053,-0.9999991820956073,13.59999394416809,drone3
1743534696.4615128,0.2833990454673767,-0.05758587643504143,1.5894556045532227,8.75092052182015e-05,0.0008727934848944174,0.007689186748630561,-0.9999701429169832,13.799986124038696,drone3
1743534696.661497,0.3003600835800171,-0.06607315689325333,1.5337954759597778,-0.0008702282070815135,0.0002575139516790825,0.023511535148105223,-0.9997231623847094,13.999970436096191,drone3
1743534696.8615096,0.3168719410896301,-0.07427056133747101,1.493025541305542,0.002991860472223114,-0.00032353674291708953,0.045643224622812395,-0.9989533501966579,14.19998288154602,drone3
1743534697.0614827,0.33425042033195496,-0.08216869086027145,1.474682331085205,0.005239827586503746,-0.00019104442031023824,0.06722485557760366,-0.9977241795066862,14.399955987930298,drone3
1743534697.2614846,0.35235172510147095,-0.09094155579805374,1.4709949493408203,0.004887817272376884,-0.00020166328586533372,0.08165104747330659,-0.9966490134011733,14.599957942962646,drone3
1743534697.4615023,0.3683067262172699,-0.0985611155629158,1.4701670408248901,0.0034481499097819552,-0.00012932958028914702,0.08730458358570936,-0.9961757464392444,14.799975633621216,drone3
1743534697.6614728,0.3806461691856384,-0.10614333301782608,1.463216781616211,0.0012524131540413526,-0.0004691427034704364,0.08687447499665579,-0.996218356903089,14.999946117401123,drone3
1743534697.8614805,0.39151087403297424,-0.11602085083723068,1.4559720754623413,0.0017860486029037355,-0.0006181803394548788,0.08483423035394039,-0.9963933506181062,15.19995379447937,drone3
1743534698.061483,0.40355968475341797,-0.12833958864212036,1.4529956579208374,0.005517788028066614,-0.00029748859113027976,0.08166394440895086,-0.9966447144226251,15.399956226348877,drone3
1743534698.2614648,0.4149267375469208,-0.1389590948820114,1.4549860954284668,0.00602207243632143,-0.0007647950667173568,0.07533374064370568,-0.9971398555989311,15.599938154220581,drone3
1743534698.461469,0.4268793761730194,-0.14505742490291595,1.4608659744262695,0.003908796195487551,-0.0014349447752920008,0.06492410126424253,-0.9978815979858744,15.799942255020142,drone3
1743534698.6614525,0.4380861520767212,-0.14762645959854126,1.4704734086990356,-0.0007858390622651021,-0.0017591842263581967,0.0545934450788888,-0.9985068464835335,15.9999258518219,drone3
1743534698.8616173,0.447338730096817,-0.151198148727417,1.4787241220474243,-0.0010450884845178176,-0.0015409399010756597,0.05009498549677549,-0.9987427423946489,16.200090646743774,drone3
1743534699.0614562,0.4539414942264557,-0.15478545427322388,1.4845654964447021,-0.00021406911194283662,-0.0014561398656452965,0.05040156167284382,-0.9987279909976702,16.399929523468018,drone3
1743534699.2615092,0.46345585584640503,-0.16313526034355164,1.496671438217163,0.0009461699956989917,-0.0016672265118296014,0.05623451691935749,-0.9984157671439015,16.599982500076294,drone3
1743534699.461471,0.47361138463020325,-0.1713680773973465,1.506639003753662,0.002171787796891106,-0.000814970684074417,0.06855779180860921,-0.9976444376693037,16.799944400787354,drone3
1743534699.6614552,0.4815576374530792,-0.1749446541070938,1.517257571220398,0.005071245131543978,0.0021799008594342935,0.07867358336025443,-0.9968852464870768,16.99992847442627,drone3
1743534699.8614562,0.4902909994125366,-0.1739131063222885,1.531994342803955,0.0033999115245722214,0.00016893378845483047,0.0857626411329383,-0.9963098155643577,17.1999294757843,drone3
1743534700.0614643,0.4984656870365143,-0.1692478209733963,1.5589556694030762,0.0019649241085232714,-0.0003234971479285498,0.08712567021378065,-0.996195344723802,17.399937629699707,drone3
1743534700.261553,0.5047005414962769,-0.16551324725151062,1.5796180963516235,0.0006767604355897794,-0.0009095985393389352,0.0852377442815837,-0.9963600546077827,17.60002636909485,drone3
1743534700.4614606,0.5086477994918823,-0.16513484716415405,1.5897011756896973,0.00016384990717126775,-0.0013470688431009784,0.08247118299848011,-0.9965925787710173,17.799933910369873,drone3
1743534700.6614664,0.5127713084220886,-0.16811732947826385,1.595333218574524,0.0006979978271379567,-0.0017740798034252278,0.0791906408977861,-0.9968576824481508,17.999939680099487,drone3
1743534700.861458,0.5170637965202332,-0.1714344322681427,1.5988138914108276,0.0017168678077814903,-0.0018718922204391017,0.07724573242640237,-0.9970089053406079,18.199931383132935,drone3
1743534701.0614583,0.521807849407196,-0.17447176575660706,1.6048587560653687,0.002409832332940968,-0.0020631764795722763,0.07707120232671877,-0.9970205800176453,18.39993166923523,drone3
1743534701.261485,0.5283529162406921,-0.17938505113124847,1.6120622158050537,0.002839294025492644,-0.001935636699778676,0.07809971187093012,-0.9969396159216559,18.599958419799805,drone3
1743534701.4614549,0.5366911292076111,-0.18103677034378052,1.6198623180389404,0.0033979704646349427,-0.0015750464973705316,0.07951871196659488,-0.9968264094865555,18.799928188323975,drone3
1743534701.661573,0.5455517172813416,-0.17934957146644592,1.6261320114135742,0.0027418396045920434,-0.0012945383940604668,0.08078661561034811,-0.9967269007772214,19.000046253204346,drone3
1743534701.8614988,0.5545658469200134,-0.1777466982603073,1.6322460174560547,0.0018807829880321768,-0.0008692188641459389,0.08181445080498334,-0.9966455152127469,19.19997215270996,drone3
1743534702.061505,0.5616587996482849,-0.17624713480472565,1.6417715549468994,0.001710560345657216,-0.0009663007546501799,0.08238495054642675,-0.9965986479172028,19.399978399276733,drone3
1743534702.261509,0.5667017698287964,-0.17518964409828186,1.656387448310852,0.0011410937370696839,-0.0018991148503417481,0.08254860675919456,-0.9965846130166486,19.599982261657715,drone3
1743534702.4614933,0.573265790939331,-0.17235904932022095,1.6737165451049805,-0.001006087585439623,-0.004823389887527299,0.08283975718870784,-0.9965507269504459,19.79996657371521,drone3
1743534702.6615183,0.5834678411483765,-0.16900582611560822,1.6848922967910767,-0.000551288845692661,-0.004405141026517886,0.0837060013661522,-0.9964806367413722,19.99999165534973,drone3
1743534702.861514,0.5989407300949097,-0.16459903120994568,1.690632939338684,-0.0002222437895565557,-0.0033546410348237266,0.08503173048606244,-0.9963725300749419,20.199987411499023,drone3
1743534703.0615907,0.6191649436950684,-0.1609412431716919,1.6966321468353271,-0.0004562609555088183,-0.0016688175553608894,0.08638291630247313,-0.9962605458984484,20.40006399154663,drone3
1743534703.2615097,0.6388915181159973,-0.1590707004070282,1.705152153968811,-0.0005538668622257706,-0.00025625969192496627,0.08783879489058494,-0.9961345689682493,20.599982976913452,drone3
1743534703.461536,0.6547854542732239,-0.15800558030605316,1.714658260345459,-0.00040288344587759557,0.00039132979182816764,0.09003144253751572,-0.9959387547100678,20.80000925064087,drone3
1743534703.6614869,0.6669551730155945,-0.15652790665626526,1.723294734954834,-0.00010472546676374121,-8.479827137993164e-05,0.09321559479566527,-0.9956459605534626,20.99996018409729,drone3
1743534703.8615298,0.6761344075202942,-0.15493935346603394,1.7304718494415283,0.0002217496342214885,-0.0010839653302743264,0.097636799204458,-0.9952215417889578,21.200003147125244,drone3
1743534704.0615106,0.685145378112793,-0.1556445062160492,1.7379857301712036,0.00018127944002791806,-0.002166966633707085,0.1037848021435907,-0.99459738910936,21.399983882904053,drone3
1743534704.2614782,0.6895501017570496,-0.15162059664726257,1.760601282119751,0.0006426342373060376,-0.0030685087144613006,0.10812015342196679,-0.9941328886919214,21.59995150566101,drone3
1743534704.4614701,0.7002063989639282,-0.15027223527431488,1.8480098247528076,0.0008501707523658706,-0.003791259830247192,0.11267525836847864,-0.9936243026709406,21.799943447113037,drone3
1743534704.661516,0.7160325050354004,-0.15004685521125793,1.8599164485931396,0.0006176083935498052,-0.0030771463488641296,0.1143277098580453,-0.9934381400410679,21.99998927116394,drone3
1743534704.8616543,0.7359194159507751,-0.1522642821073532,1.8164324760437012,0.0006204453209721311,-0.0018997162661136655,0.11436463049734075,-0.9934367913419155,22.200127601623535,drone3
1743534705.0615373,0.7536777853965759,-0.15587255358695984,1.7641950845718384,0.000725266117841447,-0.0006395963509110898,0.11368505471195112,-0.9935164488856012,22.400010585784912,drone3
1743534705.2615643,0.7743368148803711,-0.16105720400810242,1.7044421434402466,0.001034937514835757,0.0006212220742192969,0.11268684875181911,-0.9936298239080954,22.600037574768066,drone3
1743534705.4615345,0.7896467447280884,-0.16600164771080017,1.6637465953826904,0.001102253872703203,0.0007553357128252872,0.11258843586054618,-0.9936409085292538,22.800007820129395,drone3
1743534705.6615405,0.8028270602226257,-0.16794706881046295,1.6342523097991943,0.0017180427695159455,-0.00014380759897908514,0.11371464179960578,-0.9935119813196589,23.000013828277588,drone3
1743534705.8615587,0.8152315020561218,-0.16736151278018951,1.6104719638824463,0.0022729055774125158,-0.001123488990214768,0.11504399554848788,-0.9933572602387755,23.200031995773315,drone3
1743534706.0615826,0.8264796137809753,-0.16536802053451538,1.5848137140274048,0.002437352084748928,-0.0017013275104961572,0.114313000607915,-0.9934402895303419,23.40005588531494,drone3
1743534706.261608,0.8368306756019592,-0.16234664618968964,1.5610591173171997,0.0034903336367852946,0.0009429191730533946,0.1110869122354971,-0.993804185420385,23.600081205368042,drone3
1743534706.461571,0.8438640236854553,-0.15761767327785492,1.5394245386123657,0.002460601340058751,5.0565681500999094e-05,0.1064960246145994,-0.9943101161899097,23.800044298171997,drone3
1743534706.661555,0.849801778793335,-0.15320061147212982,1.5195317268371582,0.0013853857922589562,-0.0012435309629615198,0.10199191735478574,-0.9947835517392325,24.000028371810913,drone3
1743534706.8615334,0.8561182022094727,-0.15319828689098358,1.5027343034744263,0.0015293682656742386,-0.001873553136571662,0.09838743457643712,-0.9951453402868502,24.20000672340393,drone3
1743534707.0615578,0.8600736260414124,-0.15662388503551483,1.4846009016036987,0.002361423198201803,-0.0023201749774034125,0.09586313337857405,-0.9953890755117886,24.400031089782715,drone3
1743534707.2615821,0.8641662001609802,-0.16000624001026154,1.469146490097046,0.0033778103181349717,-0.0027374293731810035,0.09474282799830597,-0.9954922931437918,24.6000554561615,drone3
1743534707.4616168,0.8709507584571838,-0.1601105034351349,1.4568825960159302,0.0023183603361460396,-0.005760069680639759,0.09364469186035468,-0.9955863227628197,24.800090074539185,drone3
1743534707.6615732,0.8813400864601135,-0.15710340440273285,1.4460951089859009,0.0031160049200106483,-0.004719015851368103,0.08904238244351059,-0.996011795198537,25.000046491622925,drone3
1743534707.861595,0.8953066468238831,-0.1513124704360962,1.439963698387146,0.005006442870233336,-0.0007837030319944301,0.0751617393549327,-0.9971585266528215,25.20006823539734,drone3
1743534708.0615444,0.9085453748703003,-0.14281319081783295,1.430066466331482,0.002724242472158112,-0.0005718396325629583,0.05125094711088385,-0.9986820087859447,25.400017738342285,drone3
1743534708.2615483,0.9200599193572998,-0.1341419219970703,1.4271992444992065,0.0007525582704936024,-0.0004099147024373674,0.022106822834085715,-0.9997553204301233,25.600021600723267,drone3
1743534708.4615562,0.930469274520874,-0.12632986903190613,1.4248322248458862,-4.766495757934635e-05,-0.0008209057752935744,-0.011444091629314423,-0.9999342759489005,25.800029516220093,drone3
1743534708.6615918,0.9425790905952454,-0.11829238384962082,1.4231780767440796,-0.0004328488750693896,-0.001273090916524478,-0.0399595535137241,-0.9992004150226288,26.000065088272095,drone3
1743534708.8615468,0.9547397494316101,-0.11038149148225784,1.4245173931121826,-1.1223985639802215e-05,-0.001507876356963365,-0.061830396142997235,-0.9980855465858187,26.20002007484436,drone3
1743534709.0615306,0.9615467190742493,-0.10639748722314835,1.4264278411865234,0.0003168453544896641,-0.001431759230870753,-0.07193316431845259,-0.9974084153176426,26.400003910064697,drone3
1743534709.261578,0.9730553030967712,-0.10020674020051956,1.4271409511566162,0.001162746124845237,-0.0014579281226772,-0.08196613731277386,-0.9966334190672244,26.600051403045654,drone3
1743534709.4615455,0.9853745698928833,-0.09183592349290848,1.4393508434295654,0.0018197718992843553,-0.0017909090999734577,-0.09309686712340987,-0.9956538420141341,26.800018787384033,drone3
1743534709.6615376,0.9981433153152466,-0.08151528984308243,1.4495317935943604,0.0009042927388460628,-0.001624406219241222,-0.10353027732543324,-0.9946246581203466,27.00001096725464,drone3
1743534709.861519,1.0131853818893433,-0.07272722572088242,1.4672162532806396,0.0005817198169753799,-0.0014422439591413754,-0.11339356710764964,-0.9935489019589545,27.199992418289185,drone3
1743534710.061496,1.0285753011703491,-0.0612473227083683,1.4774914979934692,0.0002230625455957447,-0.000542017012349117,-0.12141550322527361,-0.9926016515386722,27.399969339370728,drone3
1743534710.2615414,1.0432002544403076,-0.04999125748872757,1.4818150997161865,-0.0003624498652151926,-0.0002215076036800445,-0.12735298265609435,-0.9918573381939698,27.600014686584473,drone3
1743534710.461531,1.0559186935424805,-0.03977197781205177,1.4876747131347656,-0.00043925672407209407,-0.00036453775999823574,-0.1308389484964304,-0.9914035009292045,27.800004243850708,drone3
1743534710.661506,1.0688362121582031,-0.02936914935708046,1.4971394538879395,-0.0002767650803832333,-0.000577171723387472,-0.1326769725599905,-0.9911592177952353,27.999979257583618,drone3
1743534710.8615096,1.0818493366241455,-0.020529789850115776,1.5067331790924072,-0.00040238074747087733,-0.0006887176076415811,-0.13374472082016542,-0.9910155813355102,28.19998288154602,drone3
1743534711.0614805,1.0930970907211304,-0.015346416272222996,1.518534779548645,-0.000155611391899184,-0.000540638575796329,-0.13450610363851478,-0.9909127008782952,28.399953842163086,drone3
1743534711.2615967,1.1013529300689697,-0.012587804347276688,1.5295677185058594,0.0005162745795605152,-0.0008531772035500899,-0.1351076234604623,-0.9908304302300017,28.600069999694824,drone3
1743534711.4614806,1.107579231262207,-0.010424872860312462,1.5395069122314453,0.0006407899010933836,-0.001979738643456663,-0.1358111808026547,-0.990732523100911,28.799953937530518,drone3
1743534711.6615083,1.115207314491272,-0.009299136698246002,1.5523979663848877,-0.0005512152533438809,-0.004445899498569813,-0.1346378125401113,-0.9908848418114293,28.99998164176941,drone3
1743534711.8615205,1.1242156028747559,-0.008634689263999462,1.5624362230300903,7.472652704601035e-05,-0.004026362030594405,-0.12891207887620942,-0.9916478683568706,29.19999384880066,drone3
1743534712.0614905,1.1350489854812622,-0.0074501847848296165,1.5747592449188232,0.0008221875498604288,-0.0032523218221655503,-0.11845675231296043,-0.9929536198705866,29.399963855743408,drone3
1743534712.2615066,1.145444393157959,-0.005622534547001123,1.5876418352127075,0.0012199838706083265,-0.0025896305828931603,-0.10550114825549967,-0.9944151039895505,29.599979877471924,drone3
1743534712.4615016,1.1555984020233154,-0.005525704473257065,1.5993162393569946,0.0012440134188420437,-0.0024514436612896543,-0.09200083832788408,-0.9957551208911057,29.79997491836548,drone3
1743534712.6614966,1.168210506439209,-0.005810569506138563,1.6120080947875977,0.0012845284763802192,-0.002233019512197407,-0.07965151668625253,-0.9968194552565514,29.999969959259033,drone3
1743534712.86152,1.1807423830032349,-0.004805947653949261,1.6252505779266357,0.0010590818556090338,-0.0019006749834401815,-0.06941956842011138,-0.9975852213471457,30.1999933719635,drone3
1743534713.061487,1.1921895742416382,-0.0027288722340017557,1.638314127922058,0.000833754143280571,-0.001682446133953583,-0.061055399892578854,-0.9981326667624537,30.39996027946472,drone3
1743534713.2614732,1.2023844718933105,-0.0018573671113699675,1.6504782438278198,0.0005356495249220488,-0.0018159001373372495,-0.053941054010788525,-0.9985423762768282,30.59994649887085,drone3
1743534713.4614582,1.211997389793396,-0.0025646439753472805,1.6622724533081055,0.0005905519278032184,-0.0022245565978843544,-0.04789298124947522,-0.9988498796835638,30.799931526184082,drone3
1743534713.661456,1.2241822481155396,-0.00257474509999156,1.6776455640792847,0.0006194210373080375,-0.002568371984153878,-0.04197219197066482,-0.9991153205354852,30.999929428100586,drone3
1743534713.861452,1.2392635345458984,-0.0026233510579913855,1.6948680877685547,0.000845414208861816,-0.0020869801058807174,-0.03610353834346236,-0.9993455687689003,31.199925422668457,drone3
1743534714.0615337,1.2445653676986694,-0.002542949514463544,1.7004079818725586,0.0009200049111029865,-0.0018219519967294848,-0.03372392727653728,-0.9994291038226488,31.400007009506226,drone3
1743534714.2614644,1.2661908864974976,-0.000775479304138571,1.7272638082504272,0.0009462824833327666,-0.0007519686364944029,-0.02552021180128583,-0.9996736398377091,31.599937677383423,drone3
1743534714.4615316,1.277748703956604,-0.0003316995280329138,1.7826189994812012,0.0004766516749047639,-0.00115344634451902,-0.020188129702475632,-0.9997954442299055,31.800004959106445,drone3
1743534714.6615245,1.2899090051651,0.0001978842483367771,1.8078844547271729,0.0005421226470042308,-0.0012960031616823411,-0.015156428193002502,-0.999884163346021,31.999997854232788,drone3
1743534714.8615193,1.30288827419281,0.00021424356964416802,1.7963018417358398,0.0003658346450746219,-0.0016524047329064936,-0.010395140863575292,-0.9999445597799371,32.199992656707764,drone3
1743534715.0614574,1.3174458742141724,-0.003172057680785656,1.7679420709609985,0.0006140895844485025,-0.0014728445467938145,-0.005533754768934751,-0.9999834191742643,32.39993071556091,drone3
1743534715.261497,1.3349363803863525,-0.009623254649341106,1.7373499870300293,0.0013765122960246973,-0.0011406937433092732,-0.0006608204378022454,-0.99999825486494,32.59997034072876,drone3
1743534715.461547,1.3517593145370483,-0.013164953328669071,1.717475414276123,0.001543609928624363,-0.000631281876646031,0.004169798457425322,-0.9999899940826319,32.80002021789551,drone3
1743534715.6615033,1.3675031661987305,-0.015402703545987606,1.7075963020324707,0.0015878723102081193,-0.0006010846886637693,0.009439587514136483,-0.9999540849677006,32.99997663497925,drone3
1743534715.861536,1.3789948225021362,-0.016924532130360603,1.702441692352295,0.0019269428832976265,-0.0010395449391676801,0.014539988386682356,-0.999891918366147,33.2000093460083,drone3
1743534716.0615065,1.3889256715774536,-0.018783804029226303,1.6984851360321045,0.0020193503219866266,-0.001510390947428554,0.01811745503513551,-0.9998327020439892,33.39997982978821,drone3
1743534716.2614753,1.3998427391052246,-0.020612411201000214,1.693997859954834,0.0017712267210830564,-0.0024227656737487676,0.019396359006350172,-0.9998074139348827,33.59994864463806,drone3
1743534716.461491,1.412919282913208,-0.021187853068113327,1.689184308052063,0.0014572891904479713,-0.0029620166345282984,0.018631267265331874,-0.9998210273669517,33.799964427948,drone3
1743534716.6614866,1.428254246711731,-0.01986394263803959,1.6877720355987549,0.0011690191522945683,-0.0027068070124007704,0.016719865538514234,-0.9998558828106703,33.99995994567871,drone3
1743534716.8614876,1.4466692209243774,-0.019053367897868156,1.6881866455078125,0.0008266769712484348,-0.0018725458310081492,0.014625546489159424,-0.9998909911354797,34.19996094703674,drone3
1743534717.0614896,1.4693924188613892,-0.01966479793190956,1.6889615058898926,0.0008057314589739057,-0.0005653171299324303,0.012816561604223398,-0.9999174172094961,34.39996290206909,drone3
1743534717.261526,1.492952585220337,-0.01933884061872959,1.6892781257629395,0.0010256156938481726,0.000369395436388315,0.01148990525364596,-0.9999333908650817,34.59999942779541,drone3
1743534717.461498,1.5147737264633179,-0.017000623047351837,1.6905556917190552,0.00106203374020703,0.0006548271888713443,0.010613335098316412,-0.9999429160528452,34.79997134208679,drone3
1743534717.661489,1.5360256433486938,-0.013669985346496105,1.6924039125442505,0.0008068974120252894,0.0006348595122935899,0.010008022060002952,-0.9999494066675159,34.9999623298645,drone3
1743534717.8614638,1.555248498916626,-0.012940103188157082,1.6956647634506226,0.0005191895753763028,0.00031043574079346354,0.009285667223374705,-0.9999566980723082,35.19993710517883,drone3
1743534718.0614777,1.571251630783081,-0.01406054012477398,1.6999505758285522,0.0006463396614573045,0.00010835036905748915,0.008246494526490067,-0.9999658017915867,35.39995098114014,drone3
1743534718.2614572,1.587595820426941,-0.017284680157899857,1.7051962614059448,0.0011546086961552484,-0.0008470730618977849,0.007126821348949708,-0.9999736411054096,35.59993052482605,drone3
1743534718.4614954,1.604970932006836,-0.021456263959407806,1.7114253044128418,0.001832285342081461,-0.001310915655111421,0.006392075338859271,-0.999977055000139,35.79996871948242,drone3
1743534718.661511,1.6215864419937134,-0.022358836606144905,1.717669129371643,0.002120301758281227,-0.001262857052552366,0.006116982858628661,-0.9999782772587458,35.99998426437378,drone3
1743534718.8615491,1.6361274719238281,-0.022020380944013596,1.7296228408813477,0.001890653170799763,-0.0010714243790955836,0.00588854693969959,-0.9999803003074743,36.20002245903015,drone3
1743534719.0615516,1.6468966007232666,-0.02171732485294342,1.738447904586792,0.0017021172699974696,-0.0009048934960733422,0.0054706187898656,-0.9999831662931731,36.40002489089966,drone3
1743534719.2614655,1.663386344909668,-0.02365173026919365,1.7492220401763916,0.0012931199920879681,-0.0012052913516243022,0.0036562812551686474,-0.9999917642502694,36.59993886947632,drone3
1743534719.4614851,1.6761921644210815,-0.027217505499720573,1.779137372970581,0.0012931466014019938,-0.001989901261144828,0.0015557244722341765,-0.9999960210819689,36.79995846748352,drone3
1743534719.6614642,1.6864639520645142,-0.02965167537331581,1.791658878326416,0.001530269669049062,-0.0023925610977203055,-0.00021857355637738842,-0.9999960210819689,36.999937534332275,drone3
1743534719.8614717,1.6966079473495483,-0.030500998720526695,1.7856712341308594,0.00162147458488697,-0.00279499423034891,-0.0012877969562502536,-0.999993955886392,37.19994497299194,drone3
1743534720.061522,1.709383249282837,-0.028877558186650276,1.773369312286377,0.0014590568473844935,-0.002520604005518005,-0.0016814906681905108,-0.9999944195017255,37.39999532699585,drone3
1743534720.2614083,1.7256765365600586,-0.023349108174443245,1.7611628770828247,0.0006980020253592,-0.0019989934147352597,-0.0017807043495852162,-0.999996189669363,37.599881649017334,drone3
1743534720.4614828,1.7428481578826904,-0.016200684010982513,1.7553739547729492,-0.0003469884595040813,-0.001471245024501988,-0.0018544191876307403,-0.9999971590468788,37.79995608329773,drone3
1743534720.661458,1.7591153383255005,-0.00993627030402422,1.7554410696029663,-0.0006965317424269427,-0.0010423321464796522,-0.0018990948470523072,-0.9999974119279698,37.99993133544922,drone3
1743534720.8614938,1.7748371362686157,-0.00530906580388546,1.7570887804031372,-0.0004001318900044294,-0.0011106607489944154,-0.002052888697268551,-0.9999972854874243,38.1999671459198,drone3
1743534721.0617592,1.7900471687316895,-0.0020623330492526293,1.7585623264312744,-0.00018258667145566382,-0.0008453440944511072,-0.0023953318414195457,-0.9999967375783936,38.400232553482056,drone3
1743534721.261483,1.8050771951675415,2.0866031263722107e-05,1.758816123008728,0.0001260834497732898,-0.0008515115489840083,-0.002739966621693124,-0.9999959367882719,38.59995627403259,drone3
1743534721.4614997,1.8204658031463623,0.00046665535774081945,1.7569721937179565,0.00017830129596766822,-0.0009894539447798942,-0.0024771388743792255,-0.999996442550454,38.799973011016846,drone3
1743534721.6616552,1.8337692022323608,-0.00047369603998959064,1.7565470933914185,0.0003902513351609698,-0.0007040400553166441,-0.0013836388897640606,-0.9999987606271221,39.000128507614136,drone3
1743534721.8615267,1.8474860191345215,-0.0007097955094650388,1.760312557220459,0.0005166850553685899,-0.0005285255068374529,0.001358856542839848,-0.9999988449208191,39.200000047683716,drone3
1743534722.0615613,1.8598549365997314,-0.003142378758639097,1.7641539573669434,0.0003813394169705662,-0.0006563278471687885,0.005856304600588835,-0.9999826183841425,39.4000346660614,drone3
1743534722.261551,1.871903657913208,-0.010556389577686787,1.7697241306304932,0.0011928715314761236,-0.0007678207700387951,0.011579214425640527,-0.999932000019081,39.60002422332764,drone3
1743534722.4615378,1.8832389116287231,-0.019819611683487892,1.7762675285339355,0.0018948116324134828,-0.001042516168510603,0.01788387720068818,-0.9998377596658106,39.8000111579895,drone3
1743534722.6615248,1.8935812711715698,-0.029340827837586403,1.7836213111877441,0.0024176060804264217,-0.0014976639368467963,0.02510666692369712,-0.9996808048019559,39.99999809265137,drone3
1743534722.8615708,1.9046189785003662,-0.03839786350727081,1.7897052764892578,0.0027381901155649328,-0.0013607660749586348,0.033021971514588466,-0.9994499665126618,40.20004415512085,drone3
1743534723.0615067,1.9153845310211182,-0.04409724473953247,1.7935447692871094,0.002970203659851658,-0.0011784759337471452,0.04102759680183882,-0.999152915524357,40.39998006820679,drone3
1743534723.261499,1.928102731704712,-0.045622438192367554,1.7968196868896484,0.0021284603427135272,-0.0012738914185329684,0.04791662563149002,-0.9988483202501688,40.59997224807739,drone3
1743534723.461519,1.9402759075164795,-0.047556448727846146,1.801206111907959,0.000948099263573675,-0.001244890167956719,0.05344776729581718,-0.9985694345535722,40.79999232292175,drone3
1743534723.661538,1.9509093761444092,-0.05086416006088257,1.8094189167022705,0.0002242367921920148,-0.001671935763606186,0.057957775114422405,-0.9983176914274166,41.00001120567322,drone3
1743534723.8615093,1.9614245891571045,-0.0565754733979702,1.8210744857788086,0.0005313345355105801,-0.002343204339299894,0.06192429932147969,-0.9980779601530867,41.19998264312744,drone3
1743534724.06155,1.9696272611618042,-0.061116985976696014,1.8309221267700195,0.0010106831148115978,-0.002349435528593458,0.06478097056669957,-0.9978962650891562,41.400023221969604,drone3
1743534724.2615814,1.989082932472229,-0.06692196428775787,1.8454532623291016,0.002506255267346909,-0.0027205845043703444,0.07022457322666953,-0.997524445591593,41.60005474090576,drone3
1743534724.4616196,2.004286766052246,-0.06817846745252609,1.9074621200561523,0.0020743548198460466,-0.0012933551953747803,0.07344691052957003,-0.9972961361132096,41.800092935562134,drone3
1743534724.661519,2.020340919494629,-0.06679347157478333,1.94899582862854,0.0016322799420149141,-0.001323386018550713,0.07520236891689724,-0.9971660287918565,41.99999237060547,drone3
1743534724.8615444,2.0351369380950928,-0.06356632709503174,1.9347994327545166,0.0007521510944822647,-0.0014527632609986805,0.0748335839924269,-0.9971947729425408,42.20001769065857,drone3
1743534725.0616043,2.0486083030700684,-0.06179412081837654,1.8894085884094238,-0.00012396227791295958,-0.0015372407742562592,0.07281951254263686,-0.9973440149331179,42.40007758140564,drone3
1743534725.2617881,2.062851905822754,-0.06193199008703232,1.838761568069458,-0.00020223440858988068,-0.002264446449730272,0.0702169025002406,-0.9975291660386263,42.60026144981384,drone3
1743534725.4616318,2.080098867416382,-0.06134290248155594,1.8012254238128662,0.00018700293266486165,-0.0026942537546715438,0.06814833517532587,-0.9976716223865931,42.80010509490967,drone3
1743534725.6615996,2.1009292602539062,-0.05994728207588196,1.7768828868865967,0.0005764859933391447,-0.0021127093163305134,0.06704265475149118,-0.9977476553013067,43.000072956085205,drone3
1743534725.8615522,2.1237845420837402,-0.057250577956438065,1.755942463874817,0.0005969159552993059,-0.0005118827590988499,0.0665063782510385,-0.9977857560523606,43.20002555847168,drone3
1743534726.0615797,2.1494038105010986,-0.05515206232666969,1.7353097200393677,0.00010942284994776736,0.001528739870157014,0.06588079257859131,-0.9978263434674766,43.40005302429199,drone3
1743534726.2615168,2.1723525524139404,-0.05580280348658562,1.7135920524597168,-0.0002544358323305906,0.0019095442197147837,0.06512273936127433,-0.9978754866928403,43.599990129470825,drone3
1743534726.4615145,2.1922454833984375,-0.06184454262256622,1.6943939924240112,-0.00014978277909516766,0.001024132240025875,0.06488507328252147,-0.9978922189916992,43.79998779296875,drone3
1743534726.6615317,2.2087695598602295,-0.06932149082422256,1.675515055656433,0.0007833120829314759,0.00016965425672608097,0.0663053377836415,-0.9977990744564901,44.00000500679016,drone3
1743534726.8615365,2.2197840213775635,-0.07636044174432755,1.6597946882247925,0.0017744145704100707,-0.0013479141878745527,0.06972357363842058,-0.9975638528949508,44.20000982284546,drone3
1743534727.0615268,2.230311870574951,-0.08152410387992859,1.6442434787750244,0.0019745795234631875,-0.002433097064046615,0.07472956557030203,-0.9971989033336949,44.40000009536743,drone3
1743534727.2615008,2.243410348892212,-0.08665953576564789,1.630439281463623,0.0021302995340472257,-0.002830978213558948,0.07998805927161223,-0.9967894888472602,44.599974155426025,drone3
1743534727.4615262,2.2599427700042725,-0.09438753128051758,1.6167078018188477,0.0015823292587663605,-0.0029917266230517527,0.08429778526609372,-0.9964349074107379,44.799999475479126,drone3
1743534727.6615376,2.278353214263916,-0.10500339418649673,1.605260968208313,0.001893213705034132,-0.0021811293845035817,0.08726981243568793,-0.9961805933268233,45.00001096725464,drone3
1743534727.8615162,2.299029588699341,-0.11618833243846893,1.5950474739074707,0.002663318626409168,-0.0010717416740713412,0.0890008256508788,-0.9960274738261832,45.199989557266235,drone3
1743534728.061523,2.3206710815429688,-0.12302380055189133,1.5865861177444458,0.0029519965505672026,8.266906772064981e-05,0.08978315545293808,-0.995957004295473,45.399996280670166,drone3
1743534728.261534,2.3442516326904297,-0.1253710687160492,1.5801447629928589,0.0025504603143994393,0.0005618562624581802,0.08975441130225364,-0.9959605446307478,45.60000729560852,drone3
1743534728.4615614,2.3661141395568848,-0.12633688747882843,1.5766053199768066,0.0018027518434861453,0.0006399318175994686,0.08848056495286033,-0.9960760269956677,45.80003476142883,drone3
1743534728.661518,2.385148763656616,-0.1272650957107544,1.5756099224090576,0.001078294726993293,0.0001291844123842796,0.08560560197538669,-0.9963286130587934,45.99999141693115,drone3
1743534728.861501,2.3997976779937744,-0.12729914486408234,1.5745329856872559,0.0006912623033661753,-0.0006089886350288436,0.0815494314215468,-0.9966689488605189,46.19997429847717,drone3
1743534729.0615222,2.4078404903411865,-0.1282077133655548,1.5733678340911865,0.0007258164140959325,-0.0008359353867474999,0.07884777628514994,-0.9968861315708957,46.39999556541443,drone3
1743534729.2614872,2.423246145248413,-0.13100828230381012,1.5720388889312744,0.00165045231307657,-0.0034512274529037734,0.0736683500716463,-0.9972754841574393,46.59996056556702,drone3
1743534729.4614825,2.4387097358703613,-0.13119728863239288,1.5713238716125488,0.0012444524416541838,-0.0015022734808689717,0.07025529827923405,-0.9975271851367462,46.79995584487915,drone3
1743534729.6615329,2.4545931816101074,-0.12948836386203766,1.5777037143707275,0.0009341600371888467,-0.0015322959281819436,0.06687621684672163,-0.9977596671531324,47.00000619888306,drone3
1743534729.8615735,2.469301223754883,-0.1262550801038742,1.5873557329177856,0.0008522069925640725,-0.0014845033570245973,0.06331303797991361,-0.9979923177569126,47.20004677772522,drone3
1743534730.0615096,2.4836575984954834,-0.12330963462591171,1.5997012853622437,0.0005053092475659049,-0.000956959856451372,0.059269300746384423,-0.9982414899253089,47.399982929229736,drone3
1743534730.2614694,2.4974558353424072,-0.12291566282510757,1.611894130706787,0.0005027902736638394,-0.001075335248553821,0.054676937985788876,-0.998503432588804,47.599942684173584,drone3
1743534730.4615197,2.507952928543091,-0.12417630106210709,1.631049633026123,0.001022264854755427,-0.0017400656091566327,0.05090298272957783,-0.9987015649236539,47.79999303817749,drone3
1743534730.6614707,2.517366647720337,-0.12393692135810852,1.6474281549453735,0.0015595990600059265,-0.002457136202334729,0.04726992438793881,-0.9988779073378233,47.99994397163391,drone3
1743534730.8615148,2.5286221504211426,-0.12085176259279251,1.6547691822052002,0.0016925619949817964,-0.0027381672723021952,0.043920682924172116,-0.9990298888735537,48.19998812675476,drone3
1743534731.0614645,2.542443037033081,-0.11599267274141312,1.6586029529571533,0.0013538682328279508,-0.0021993478433910358,0.0407170588220106,-0.9991674140402448,48.399937868118286,drone3
1743534731.2614748,2.5619277954101562,-0.10726206004619598,1.6626545190811157,0.0003037685538765811,-0.0018783820582330523,0.037337050158830876,-0.9993009352563272,48.5999481678009,drone3
1743534731.4615955,2.5841147899627686,-0.09604798257350922,1.6693534851074219,-0.0014601644986672845,-0.0010816034398169264,0.034062703644868075,-0.999418061348339,48.800068855285645,drone3
1743534731.6615353,2.6062374114990234,-0.08675973117351532,1.6770336627960205,-0.0025731494776051068,-0.0001440585044366206,0.03193917682949521,-0.9994865078303208,49.00000858306885,drone3
1743534731.8616135,2.625553607940674,-0.08354296535253525,1.6845471858978271,-0.0024905381971650872,0.0001991459171656212,0.0319975080678343,-0.9994848219563803,49.20008683204651,drone3
1743534732.0615575,2.6426985263824463,-0.08658221364021301,1.6907364130020142,-0.001500618373304766,0.00011577928617494543,0.03467716254930836,-0.9993974515394172,49.400030851364136,drone3
1743534732.261562,2.6597182750701904,-0.09370677173137665,1.6959244012832642,0.0006138044668320368,-0.0005807667885986457,0.03952936063097351,-0.9992180745521548,49.600035429000854,drone3
1743534732.4614992,2.6780738830566406,-0.10259324312210083,1.703169345855713,0.0024259542845179905,-0.001183294051162706,0.045850334236394896,-0.9989446679458647,49.79997253417969,drone3
1743534732.661525,2.6980104446411133,-0.11019815504550934,1.7119989395141602,0.0035749034285920585,-0.001057677632922733,0.05208553900509655,-0.9986357315462798,49.999998331069946,drone3
1743534732.861512,2.7158210277557373,-0.11443071067333221,1.7211036682128906,0.0034608017022331942,-0.0008047899564122894,0.05642944609372036,-0.9984002992504979,50.19998526573181,drone3
1743534733.0614645,2.7325284481048584,-0.11645981669425964,1.7320704460144043,0.0026904960997091087,-0.0004685777957596806,0.05785105929399281,-0.9983214846437826,50.399937868118286,drone3
1743534733.2614667,2.746485710144043,-0.11571250110864639,1.744039535522461,0.001378325094129285,-0.0009417866411356801,0.05660317540328219,-0.9983954102160708,50.599940061569214,drone3
1743534733.4614727,2.760470390319824,-0.11614518612623215,1.7581539154052734,0.00019109002451753046,-0.00176157017426965,0.05366979689377255,-0.998557211967504,50.79994606971741,drone3
1743534733.6614738,2.7765696048736572,-0.11746760457754135,1.771730899810791,-0.00010777681794994927,-0.002078492990057,0.05071075095351968,-0.9987112165519628,50.99994707107544,drone3
1743534733.8614702,2.7939858436584473,-0.11890712380409241,1.783031940460205,6.240054949008756e-05,-0.001799629272383368,0.049124132841327106,-0.998791084829891,51.19994354248047,drone3
1743534734.0615168,2.8078806400299072,-0.12064554542303085,1.791365623474121,0.0002706100558780472,-0.0011896924696022662,0.04933545713976073,-0.9987815596421274,51.39999008178711,drone3
1743534734.26149,2.8236441612243652,-0.12194940447807312,1.8031740188598633,0.0006392306529141123,-0.0011808818232094816,0.051399346164490656,-0.99867733048576,51.599963426589966,drone3
1743534734.4615672,2.8368048667907715,-0.12438566237688065,1.8132541179656982,0.0004287494355073185,-0.0012927155428623686,0.05424923176710028,-0.9985265290617882,51.80004048347473,drone3
1743534734.6615496,2.8556532859802246,-0.1313457190990448,1.823758840560913,0.0010860928303357826,-0.0011642668584604151,0.05906261260128698,-0.9982530381618009,52.000022888183594,drone3
1743534734.8615544,2.8715054988861084,-0.13768598437309265,1.8460638523101807,0.002103224052827962,-0.0013967016139883014,0.06300144632887261,-0.9980103144612267,52.20002770423889,drone3
1743534735.0615535,2.8889012336730957,-0.14081862568855286,1.8646862506866455,0.0021347692402590326,-0.001091691868350359,0.06612174611152816,-0.9978086839379505,52.40002679824829,drone3
1743534735.261556,2.9066383838653564,-0.1411529779434204,1.8707380294799805,0.0019600328515082944,-0.0007308084901590668,0.06804604477399001,-0.9976800096094468,52.6000292301178,drone3
1743534735.4615846,2.924710750579834,-0.13759514689445496,1.8703641891479492,0.0011574629103709053,-0.0008952125831132619,0.06846645958788616,-0.9976524034236721,52.800057888031006,drone3
1743534735.6615832,2.9414637088775635,-0.13466256856918335,1.8710594177246094,4.758206328952288e-05,-0.0011287341737437515,0.06746627272587413,-0.9977209763461994,53.00005650520325,drone3
1743534735.8615506,2.9570603370666504,-0.13248969614505768,1.8756728172302246,-0.000443657977669234,-0.0013864838020385684,0.06539698890453477,-0.9978583329254964,53.200023889541626,drone3
1743534736.0615525,2.9709665775299072,-0.13264653086662292,1.8836743831634521,-0.0006093716069570687,-0.0013760567787304556,0.06323763726792764,-0.9979973332318852,53.400025844573975,drone3
1743534736.261523,2.9833202362060547,-0.13598954677581787,1.891526699066162,-6.339149433835945e-05,-0.0017424527918390392,0.06184392528136934,-0.9980843243272117,53.59999632835388,drone3
1743534736.4615514,2.996220350265503,-0.14363351464271545,1.8997254371643066,0.0007384575257784317,-0.001829159931005489,0.061937997047245674,-0.9980780865936321,53.80002474784851,drone3
1743534736.661559,3.009243965148926,-0.15573829412460327,1.9082942008972168,0.0020916274519012326,-0.002167049818682686,0.06362956081223042,-0.9979690526965345,54.00003242492676,drone3
1743534736.861581,3.024325132369995,-0.16656988859176636,1.9163715839385986,0.00351416677411951,-0.002256640310086835,0.06604883206360429,-0.9978076724135863,54.20005440711975,drone3
1743534737.0616057,3.043452501296997,-0.17146730422973633,1.9246551990509033,0.003461962963154958,-0.0015388001253330982,0.06841158439112494,-0.9976500432001556,54.400079011917114,drone3
1743534737.261552,3.067199468612671,-0.17311839759349823,1.9343788623809814,0.0026753154140291536,-0.0005863090078562286,0.07000460882429127,-0.9975429480580893,54.60002541542053,drone3
1743534737.4615462,3.091928243637085,-0.17151711881160736,1.9447226524353027,0.0013653368677525317,0.000347365846666305,0.07014601150104527,-0.997535740946994,54.80001950263977,drone3
1743534737.6615465,3.114490032196045,-0.16734400391578674,1.9552271366119385,-0.0003316224038348922,0.0005914659361315016,0.06881927085677086,-0.9976289276290515,55.000019788742065,drone3
1743534737.861547,3.1332926750183105,-0.16199888288974762,1.964920997619629,-0.00139241675298808,0.00044784224599597505,0.06711430439395971,-0.9977441992597289,55.20002031326294,drone3
1743534738.0615346,3.1491432189941406,-0.15691912174224854,1.9745457172393799,-0.0016472624881159153,7.536893721353646e-05,0.06640994626164559,-0.9977910665552729,55.40000796318054,drone3
1743534738.26157,3.1649880409240723,-0.15548041462898254,1.9844231605529785,-0.0012823942056580302,-0.0011681837577168016,0.0673119309666273,-0.9977304172402659,55.600043296813965,drone3
1743534738.4616191,3.1820871829986572,-0.15752758085727692,1.9953722953796387,-0.000395355013938686,-0.0015426440084671618,0.06991323445671965,-0.9975518831899737,55.800092458724976,drone3
1743534738.6615624,3.2000720500946045,-0.16108819842338562,2.0069940090179443,0.0007165371309676546,-0.001729787458066358,0.07383828616484217,-0.9972685720742834,56.000035762786865,drone3
1743534738.861546,3.216830253601074,-0.16594544053077698,2.0187978744506836,0.0016219459381185538,-0.0014365596499026705,0.0780638449028474,-0.9969460643894781,56.20001935958862,drone3
1743534739.061545,3.231935501098633,-0.16927850246429443,2.03190016746521,0.0019517167514614875,-0.0010840983562649378,0.08152802082250327,-0.9966686116857308,56.40001821517944,drone3
1743534739.2615936,3.2412734031677246,-0.17132827639579773,2.039928436279297,0.002161227130206904,-0.0009255533955368128,0.0827458540102256,-0.9965679228646384,56.600066900253296,drone3
1743534739.4615135,3.2588462829589844,-0.17702563107013702,2.059190034866333,0.0014266054203923696,-0.0019606995866634828,0.08347954634910315,-0.9965066413469035,56.799986839294434,drone3
1743534739.6615555,3.278397560119629,-0.1838470846414566,2.0729453563690186,0.001533353591820908,-0.001598326827749324,0.08306073311545037,-0.9965420025528042,57.00002884864807,drone3
1743534739.8615363,3.301147699356079,-0.1911577433347702,2.086893081665039,0.0021976801617427473,-0.0006228300752715542,0.08180690651909983,-0.9966455573595954,57.20000958442688,drone3
1743534740.061538,3.3183674812316895,-0.1983078569173813,2.105984687805176,0.0022773324370722737,0.00014982439087637888,0.08019693905283226,-0.9967765076179187,57.40001130104065,drone3
1743534740.2614985,3.332315683364868,-0.20424680411815643,2.12233567237854,0.0026297914669632604,2.6852316949178637e-05,0.07828819257747088,-0.9969273090418906,57.599971771240234,drone3
1743534740.461499,3.3468542098999023,-0.2084803730249405,2.131216049194336,0.002359184086422335,-0.000964423532371143,0.07594592361832642,-0.9971087090778816,57.79997229576111,drone3
1743534740.661524,3.3600049018859863,-0.20982787013053894,2.1340737342834473,0.001806116137723612,-0.001781275105737138,0.07312347561409743,-0.9973197383483756,57.99999737739563,drone3
1743534740.8615584,3.37247896194458,-0.2073400914669037,2.133869171142578,0.0012505085198471723,-0.0023763548936053,0.06988609188627865,-0.9975513774277915,58.200031757354736,drone3
1743534741.0615087,3.385378360748291,-0.2016226202249527,2.136489152908325,0.00012423022320975848,-0.002098600988063745,0.06626386528470679,-0.9978000016871573,58.39998197555542,drone3
1743534741.2615483,3.397473096847534,-0.19913814961910248,2.143928050994873,-0.0008463276100942679,-0.0019280314985282362,0.06273385598767689,-0.9980281425781468,58.60002160072327,drone3
1743534741.4615145,3.408717155456543,-0.2011365294456482,2.151216506958008,-0.0006706702880081477,-0.0023286565148921104,0.05982230954569584,-0.9982061287194083,58.79998779296875,drone3
1743534741.6615303,3.4204838275909424,-0.20534512400627136,2.157268524169922,0.00037554043866939394,-0.0025571163060595704,0.05837355377498232,-0.9982915182344914,59.00000357627869,drone3
1743534741.8615177,3.4328856468200684,-0.20844778418540955,2.1622393131256104,0.0016002075897052041,-0.002600458824442771,0.05853624061023438,-0.9982806443475756,59.19999098777771,drone3
1743534742.0615063,3.4472944736480713,-0.21063750982284546,2.1651947498321533,0.002096599482229798,-0.002121896365927301,0.059593747186221235,-0.9982183091586279,59.39997959136963,drone3
1743534742.2614934,3.464235782623291,-0.21112722158432007,2.169647455215454,0.0025108527723522963,-0.0016292914258785433,0.06027252218148915,-0.9981774688624208,59.59996676445007,drone3
1743534742.461506,3.4809775352478027,-0.2077934443950653,2.1750192642211914,0.001937776393203289,-0.0013461634678795958,0.05913354574733082,-0.9982473483372519,59.7999792098999,drone3
1743534742.661506,3.4962637424468994,-0.20451310276985168,2.1798055171966553,0.0010759743659989338,-0.0012078998052613935,0.055776296382347046,-0.9984419824836752,59.99997925758362,drone3
1743534742.8614712,3.5107662677764893,-0.20354978740215302,2.1854727268218994,0.0008850161738601532,-0.0014703579856292547,0.04991581924375571,-0.9987519725544729,60.199944496154785,drone3
1743534743.061489,3.5245883464813232,-0.20284175872802734,2.190194606781006,0.0007631851723496443,-0.0015401761540825266,0.042382027925584875,-0.9991000633763244,60.399962425231934,drone3
1743534743.2614732,3.5385708808898926,-0.20281775295734406,2.195150136947632,0.0007473432256656124,-0.001676767998569635,0.034800189200111686,-0.9993926046518384,60.59994649887085,drone3
1743534743.4614902,3.5534892082214355,-0.2032361775636673,2.2025086879730225,0.0012953818660982124,-0.0021946583891087217,0.02785337704115204,-0.9996088179846994,60.79996347427368,drone3
1743534743.661483,3.569751262664795,-0.20243190228939056,2.212118625640869,0.001519123803251453,-0.0020129022863341734,0.021497042229830066,-0.9997657728485538,60.999956369400024,drone3
1743534743.8614972,3.583719253540039,-0.20074208080768585,2.2232673168182373,0.0013345768300111066,-0.0021306735050095798,0.01620002630898093,-0.9998656608795247,61.19997048377991,drone3
1743534744.0614922,3.597696304321289,-0.19979621469974518,2.2311315536499023,0.0010620486397765229,-0.0018768774486684371,0.011414588835357009,-0.99993259007496,61.39996552467346,drone3
1743534744.2614825,3.611046075820923,-0.19914986193180084,2.23203182220459,0.001337331995016864,-0.002021985858266485,0.007158684366423973,-0.9999714494692871,61.599955797195435,drone3
1743534744.4614635,3.621433973312378,-0.19785897433757782,2.2752110958099365,0.0009223174313017976,-0.002429499600035628,0.0024680351551010227,-0.9999935765647553,61.79993677139282,drone3
1743534744.6614826,3.6382367610931396,-0.19560827314853668,2.334291934967041,0.0009350764841897723,-0.002580613750330835,-0.0019102216150592157,-0.9999943773548771,61.999955892562866,drone3
1743534744.861471,3.6581969261169434,-0.19342899322509766,2.34071683883667,0.0009223505231633244,-0.0017257527616611013,-0.005980089894665197,-0.9999802160137773,62.199944257736206,drone3
1743534745.0614736,3.680628538131714,-0.19162413477897644,2.29937744140625,0.0009867416803475404,-0.0009288870790306289,-0.010024501477770509,-0.9999488587584853,62.39994692802429,drone3
1743534745.261467,3.7030398845672607,-0.1890576183795929,2.2390127182006836,0.0009108948944927751,7.515680356390729e-05,-0.013936319075460613,-0.9999024972251233,62.59994029998779,drone3
1743534745.4615405,3.7245426177978516,-0.18725399672985077,2.188974618911743,0.0010787257237942587,0.0006199677733062729,-0.017855933840125238,-0.9998398248613876,62.80001378059387,drone3
1743534745.661473,3.7462096214294434,-0.18590709567070007,2.1560630798339844,0.0013669933129852728,0.0008101253605389899,-0.0221371264181649,-0.9997536767030313,62.9999463558197,drone3
1743534745.8614714,3.7661216259002686,-0.18504711985588074,2.12904691696167,0.0013216458558475194,0.000342482944934778,-0.027033958012403048,-0.9996336003316237,63.199944734573364,drone3
1743534746.0614662,3.7829089164733887,-0.18733985722064972,2.1044256687164307,0.000872950177328288,-0.00013522548811007677,-0.03195043003804737,-0.9994890787880799,63.39993953704834,drone3
1743534746.2614639,3.7973573207855225,-0.1913556307554245,2.080371856689453,0.0011017930150247195,-0.0009241653277705887,-0.03558740803659799,-0.9993655463750946,63.599937200546265,drone3
1743534746.461485,3.8126308917999268,-0.19529122114181519,2.053457498550415,0.0014799630939427363,-0.0017355013092001052,-0.03695064785168284,-0.9993145065415479,63.79995822906494,drone3
1743534746.66148,3.8294994831085205,-0.19860351085662842,2.027761459350586,0.002001296097925609,-0.001859704583533769,-0.03593646823596525,-0.9993503735096305,63.999953269958496,drone3
1743534746.861456,3.8460001945495605,-0.19830447435379028,2.0053696632385254,0.0021786741968110876,-0.0017871193551145647,-0.03345127931352038,-0.9994363952274413,64.19992923736572,drone3
1743534747.061465,3.857787847518921,-0.19461508095264435,1.9910609722137451,0.0014048142487027677,-0.001399819797313086,-0.03097106371919983,-0.9995183708477949,64.39993834495544,drone3
1743534747.2614748,3.8712515830993652,-0.1900549978017807,1.976680040359497,0.00025796205005773593,-0.001346094814614633,-0.02854563902794338,-0.9995915799236583,64.5999481678009,drone3
1743534747.4614735,3.8836870193481445,-0.1872648000717163,1.962423324584961,-0.0006425323275433106,-0.0016591735826317932,-0.026357037478469625,-0.9996510912737557,64.79994678497314,drone3
1743534747.6614864,3.8960001468658447,-0.18760037422180176,1.950110673904419,-0.0008068104532808386,-0.001992560175754838,-0.023753205177466596,-0.9997155759519775,64.99995970726013,drone3
1743534747.8614604,3.9112660884857178,-0.1907864809036255,1.937833547592163,-0.0001973243007383556,-0.002188777545493401,-0.01976527037136583,-0.9998023141662129,65.19993376731873,drone3
1743534748.0615442,3.9263923168182373,-0.19612744450569153,1.928267478942871,0.0007639547227662575,-0.0017713930653097479,-0.013998864998650773,-0.9999001370016066,65.4000174999237,drone3
1743534748.2615366,3.9434401988983154,-0.20034019649028778,1.9227721691131592,0.0016506312622568615,-0.0014397580873906,-0.006411757917113792,-0.9999770971469875,65.60000991821289,drone3
1743534748.4616494,3.960772752761841,-0.20136766135692596,1.9167356491088867,0.0014810313251629877,-0.001122967422964438,0.0011043738715311169,-0.9999976648090609,65.80012273788452,drone3
1743534748.6615446,3.97831392288208,-0.20108123123645782,1.9127190113067627,0.0009545409813146379,-0.000774223139745403,0.008554545842256234,-0.9999626407779483,66.00001788139343,drone3
1743534748.8615646,3.9979777336120605,-0.20207096636295319,1.9094970226287842,0.0004695227453902059,-0.0006556719162593225,0.01591161542462094,-0.9998731208717112,66.2000379562378,drone3
1743534749.0615199,4.014033317565918,-0.20671559870243073,1.9068834781646729,0.000489096648366339,-0.00036414341531505826,0.022291341736866366,-0.9997513586263632,66.39999318122864,drone3
1743534749.2615073,4.023732662200928,-0.2102838158607483,1.9077625274658203,0.0009361154822077248,-0.0008343577199015286,0.025545921378877623,-0.9996728811944359,66.59998059272766,drone3
1743534749.461543,4.0383710861206055,-0.21734362840652466,1.910034418106079,0.001132180069620435,-0.0012357882596757616,0.03141739884493028,-0.9995049681499685,66.80001640319824,drone3
1743534749.6615152,4.049355506896973,-0.22463132441043854,1.9355628490447998,0.001499351179325156,-0.001765749369745613,0.037403305004690024,-0.9992975635084465,66.9999885559082,drone3
1743534749.8615227,4.0606489181518555,-0.23206712305545807,1.9421160221099854,0.0024004203016455435,-0.002109238488370463,0.04353912750460304,-0.9990466211724125,67.19999599456787,drone3
1743534750.0615351,4.074592113494873,-0.2355181872844696,1.9274718761444092,0.0026917435270638395,-0.002135304410569233,0.04881768310580431,-0.9988018322762613,67.4000084400177,drone3
1743534750.2614956,4.09243106842041,-0.23664328455924988,1.904923915863037,0.0020824967348704922,-0.0017686346693200031,0.052524161257549384,-0.9986159646743282,67.59996891021729,drone3
1743534750.4615214,4.1107611656188965,-0.23778876662254333,1.8835036754608154,0.0013117927849473825,-0.001065328819101393,0.05398876424330301,-0.9985401003470087,67.79999470710754,drone3
1743534750.6615357,4.128495216369629,-0.23748473823070526,1.8680500984191895,0.0010397567641246943,-0.0004486903072655308,0.05313069655446967,-0.9985869254957043,68.000009059906,drone3
1743534750.8615468,4.144013404846191,-0.23517575860023499,1.8603229522705078,0.0003649274691455982,-0.00031097302050403736,0.05070421819200055,-0.998713618922328,68.20002007484436,drone3
1743534751.0614922,4.15850830078125,-0.23152582347393036,1.8553342819213867,-0.00030844543921945705,-0.00034779836120644466,0.04818682907729338,-0.9988382471533748,68.39996552467346,drone3
1743534751.2615347,4.174047470092773,-0.22908829152584076,1.8508830070495605,-0.0004300535902974408,-0.0006773771625213912,0.04664943848416142,-0.9989110347607529,68.60000801086426,drone3
1743534751.4615564,4.192065238952637,-0.2298317551612854,1.8467559814453125,-0.0002183875998719965,-0.000988234526146272,0.046468375622958635,-0.998919295543061,68.80002975463867,drone3
1743534751.6615524,4.210144996643066,-0.23355145752429962,1.8411526679992676,0.00041233655131438153,-0.0008750887388792928,0.04773644785410586,-0.9988594891650242,69.00002574920654,drone3
1743534751.8614485,4.228492259979248,-0.23913432657718658,1.836510419845581,0.001531700603946842,-0.0008056263079374267,0.050155424077540145,-0.9987399607026473,69.19992184638977,drone3
1743534752.0614865,4.248135566711426,-0.24492283165454865,1.834259271621704,0.002061782752439308,-0.000277729868666955,0.05319244168753812,-0.9985821629018226,69.39995980262756,drone3
1743534752.2615054,4.266243934631348,-0.2491379827260971,1.8334968090057373,0.0024767167473497267,0.00022689871141134447,0.05614626141857565,-0.9984194760665703,69.59997868537903,drone3
1743534752.4615061,4.282510757446289,-0.24950608611106873,1.8352611064910889,0.0020388640864724937,-0.00039142461451988574,0.05834733843520851,-0.9982942156327961,69.79997944831848,drone3
1743534752.6614728,4.296004772186279,-0.2512534558773041,1.839726448059082,0.0013119934352271581,-0.0010865656035538515,0.05941243144392738,-0.9982320490312424,69.99994611740112,drone3
1743534752.86162,4.310593605041504,-0.2548878490924835,1.8440320491790771,0.001250873456402175,-0.0016304187923376616,0.059184206259240923,-0.9982449881137354,70.20009326934814,drone3
1743534753.06149,4.327671051025391,-0.25562000274658203,1.8476014137268066,0.0010767510986665835,-0.0014575784149639533,0.05833195483550213,-0.9982956064787969,70.39996337890625,drone3
1743534753.2614849,4.3458967208862305,-0.2524837851524353,1.852144718170166,0.00044178625012105066,-0.000960930015494841,0.05767142942563935,-0.9983350559290031,70.59995818138123,drone3
1743534753.461468,4.364017963409424,-0.24801558256149292,1.8585705757141113,-9.32659131936458e-05,-0.0008250429576878848,0.05764424470834978,-0.9983368682434891,70.79994130134583,drone3
1743534753.661572,4.380764961242676,-0.2451118677854538,1.8656270503997803,-0.00044204267088873125,-0.0003105597735355206,0.05795179026193381,-0.99831929300766,71.00004529953003,drone3
1743534753.8614752,4.404107570648193,-0.2411227971315384,1.8756723403930664,-0.000673723855994084,-0.00022056764972712637,0.05823560713980619,-0.9983026028556496,71.19994854927063,drone3
1743534754.0614836,4.424919128417969,-0.24037306010723114,1.8834865093231201,-0.0005847406841104669,5.722834092439088e-05,0.058203069772755744,-0.9983046259043782,71.39995694160461,drone3
1743534754.2615,4.437608242034912,-0.24211737513542175,1.8889319896697998,-0.00022353845976241327,0.00029601138061872707,0.058079158038133794,-0.9983119594560191,71.59997320175171,drone3
1743534754.461489,4.458632469177246,-0.24974174797534943,1.8969697952270508,0.0006879081020950278,-3.062273121145648e-05,0.057823073786581525,-0.9983266265593009,71.79996228218079,drone3
1743534754.661491,4.474598407745361,-0.25936102867126465,1.9047410488128662,0.001974223168566307,-0.00020685582699271192,0.05767341032751938,-0.9983335807893052,71.99996423721313,drone3
1743534754.8614726,4.488097667694092,-0.26921728253364563,1.9104719161987305,0.0030139844396049197,-0.0006626066574620897,0.05780608860663167,-0.9983230440771774,72.19994592666626,drone3
1743534755.0614738,4.4997735023498535,-0.2757624089717865,1.9174416065216064,0.00336806340666748,-0.001345322712338061,0.058194766843599144,-0.9982986831987382,72.39994716644287,drone3
1743534755.2615075,4.5105462074279785,-0.278986394405365,1.926051378250122,0.0032505511606198373,-0.0015379462400604347,0.058314885361855195,-0.9982917711155824,72.59998083114624,drone3
1743534755.4614823,4.521517753601074,-0.27970898151397705,1.9339261054992676,0.0022775805437156575,-0.002505285642876854,0.05740320688171602,-0.9983453397600397,72.79995560646057,drone3
1743534755.6614811,4.531942844390869,-0.27929431200027466,1.9415624141693115,0.0013235999631978582,-0.0027182485646824643,0.054935508901403196,-0.998485351590793,72.99995446205139,drone3
1743534755.861477,4.545149803161621,-0.27574342489242554,1.9495971202850342,0.0005472802029546204,-0.0027766599808153884,0.051198137109699726,-0.998684579743704,73.19995021820068,drone3
1743534756.061456,4.562341213226318,-0.2714563012123108,1.9598076343536377,-0.000341884945362377,-0.0017920034092989913,0.046707769722500514,-0.998906988663296,73.39992928504944,drone3
1743534756.2614589,4.5791120529174805,-0.26925089955329895,1.9703097343444824,-0.0005260240531776077,-0.000897609067736841,0.04273193106192236,-0.9990860706226188,73.5999321937561,drone3
1743534756.4614525,4.595039367675781,-0.26963457465171814,1.9808990955352783,-0.00029999297415558753,-0.0006990641547528767,0.03948021740560986,-0.9992200976008834,73.79992580413818,drone3
1743534756.6614635,4.610292434692383,-0.2700798511505127,1.9909772872924805,0.0003408636457281922,-0.0006555630917793797,0.03740937415087553,-0.999299755144569,73.99993681907654,drone3
1743534756.8614635,4.62269401550293,-0.2711823284626007,2.0021212100982666,0.000893899640869861,-0.0011788953751499403,0.03668250960145675,-0.9993258861906458,74.19993686676025,drone3
1743534757.0614564,4.63555908203125,-0.2719959318637848,2.011990547180176,0.0012149451922313732,-0.0014599052070570241,0.036811689692142546,-0.9993204492471879,74.3999297618866,drone3
1743534757.2614174,4.650126934051514,-0.27164098620414734,2.0211496353149414,0.0012155210379548144,-0.0016042918004255332,0.03718456286091848,-0.9993064143466337,74.59989070892334,drone3
1743534757.4614942,4.6646952629089355,-0.2709868550300598,2.031449317932129,0.0008171440867460343,-0.0017453149909068576,0.03736086312823955,-0.9993000501725084,74.79996752738953,drone3
1743534757.6614769,4.677902698516846,-0.2701417803764343,2.044478416442871,0.00056504032515428,-0.0017210613729042987,0.037233326764645525,-0.9993050235006329,74.99995017051697,drone3
1743534757.8614712,4.690420627593994,-0.2690431773662567,2.0577526092529297,0.0004080803575797739,-0.0019368713472540453,0.036853878687502006,-0.9993187212263988,75.19994449615479,drone3
1743534758.0614622,4.702254295349121,-0.26952600479125977,2.0712366104125977,0.00023619596045698236,-0.0018768469909849444,0.036564456278777635,-0.9993295529664662,75.3999354839325,drone3
1743534758.2614803,4.71397066116333,-0.2698548138141632,2.0843639373779297,0.0005133960712263546,-0.0018676985318390803,0.03660432719746898,-0.9993279513862228,75.59995365142822,drone3
1743534758.4616325,4.724429130554199,-0.2734505832195282,2.095845937728882,0.0005981637968167949,-0.002288054035570498,0.03715636661926475,-0.9993067093745733,75.8001058101654,drone3
1743534758.6615806,4.733968734741211,-0.27831944823265076,2.105520486831665,0.001165852705664059,-0.0024954963787656896,0.037974057627224556,-0.9992749727976445,76.00005388259888,drone3
1743534758.8615773,4.749989032745361,-0.28492364287376404,2.117717742919922,0.0021327355004720143,-0.0024289404031405315,0.039241666243038154,-0.9992245651668256,76.20005059242249,drone3
1743534759.06164,4.769509792327881,-0.29069554805755615,2.130202531814575,0.002518706985744817,-0.0014213760007724281,0.040378830362710616,-0.9991802688290405,76.4001133441925,drone3
1743534759.2614653,4.7850518226623535,-0.29438039660453796,2.13922119140625,0.002586894206985522,-0.000566390752985845,0.040976051206109976,-0.9991566665938745,76.59993863105774,drone3
1743534759.4615004,4.8028388023376465,-0.2959985136985779,2.153529167175293,0.0023538883184433305,-0.00011434028410682228,0.04092770877086793,-0.9991594061390277,76.79997372627258,drone3
1743534759.6614985,4.82301139831543,-0.29620370268821716,2.1655712127685547,0.001190950083817471,-0.0001982227200833747,0.04022280272952328,-0.9991900468978951,76.99997186660767,drone3
1743534759.861511,4.838177680969238,-0.2964642643928528,2.184070348739624,0.0009547122646252591,-0.0002532084288448047,0.03922843213260574,-0.9992297913760408,77.1999843120575,drone3
1743534760.0615115,4.851207256317139,-0.2974156439304352,2.1998231410980225,0.0007909040309736928,-0.001034847891044011,0.038120265044708834,-0.9992723175461884,77.39998483657837,drone3
1743534760.2614684,4.863439559936523,-0.2969449758529663,2.2069289684295654,0.0009016031298881156,-0.0010927287775474494,0.03719653256589556,-0.9993070044025127,77.59994173049927,drone3
1743534760.4614925,4.87393856048584,-0.2962518036365509,2.2125673294067383,0.0006682959469437638,-0.0019157800188197875,0.03662708649566487,-0.9993269398618585,77.79996585845947,drone3
1743534760.6614692,4.885326385498047,-0.2983209490776062,2.2180893421173096,0.0009949619698857502,-0.0028224512969515217,0.036374964047872715,-0.9993337676513172,77.99994254112244,drone3
1743534760.8614628,4.897430896759033,-0.3010609447956085,2.2254793643951416,0.0014878274221673039,-0.002842601236011618,0.036067081319500593,-0.9993442622165964,78.19993615150452,drone3
1743534761.0614836,4.909902095794678,-0.3013714849948883,2.2356011867523193,0.0016384850364823517,-0.002512751356168694,0.035332756777895324,-0.9993711097590978,78.39995694160461,drone3
1743534761.2614722,4.922890663146973,-0.2984611988067627,2.2448952198028564,0.0014931281292301201,-0.002220133360219399,0.03409654756422231,-0.9994149846283977,78.59994554519653,drone3
1743534761.4615042,4.934630870819092,-0.292257696390152,2.2534351348876953,0.0004310911374596429,-0.001920093691142233,0.03244080862047177,-0.999471756433342,78.79997754096985,drone3
1743534761.6616096,4.946549892425537,-0.2850748300552368,2.2626588344573975,-0.0004685642132792016,-0.0022102427214130372,0.030520092440133317,-0.9995316049582275,79.00008296966553,drone3
1743534761.861558,4.961605072021484,-0.279401957988739,2.2732350826263428,-0.0008554374209093175,-0.0020882828715536378,0.028589008135061156,-0.9995887560848082,79.20003128051758,drone3
1743534762.0615213,4.9780592918396,-0.2780408561229706,2.2819385528564453,-0.0004028035639142854,-0.001352035791575339,0.026628378889182958,-0.9996444320716911,79.39999461174011,drone3
1743534762.261521,4.995707035064697,-0.2794847786426544,2.2880210876464844,0.0005518647428650072,-0.0007409659629682528,0.024599092427080416,-0.9996970313386326,79.59999442100525,drone3
1743534762.4615746,5.013057708740234,-0.2807483971118927,2.2948102951049805,0.0016061865152931817,-0.00011795347086793148,0.0223641293442447,-0.99974861908121,79.80004787445068,drone3
1743534762.66158,5.02616548538208,-0.28106099367141724,2.3019142150878906,0.002555731304641337,-0.00021137031423105817,0.019336468334616164,-0.9998098163052478,80.00005340576172,drone3
1743534762.8615756,5.036783218383789,-0.2811622619628906,2.31113338470459,0.0028769882487899123,-0.0010072030775180774,0.014616189888789988,-0.9998885466182661,80.20004892349243,drone3
1743534763.061561,5.044910907745361,-0.2797437608242035,2.3193299770355225,0.002920441649604644,-0.001495372572390301,0.007120752202764091,-0.9999692578331645,80.40003442764282,drone3
1743534763.2615504,5.052741527557373,-0.2747265100479126,2.3245315551757812,0.0027162239930698857,-0.001956003423458989,-0.003136315585089533,-0.9999895304672982,80.60002374649048,drone3
1743534763.4615166,5.062463760375977,-0.2648305594921112,2.3298652172088623,0.006382138560778323,5.8788926772187225e-05,-0.018997649819436857,-0.9997991531525745,80.79998993873596,drone3
1743534763.661514,5.07303524017334,-0.2500593066215515,2.336550235748291,0.004514813053243925,-0.00024257503415149836,-0.045579877909500355,-0.9989505263578078,80.99998736381531,drone3
1743534763.8615212,5.08374547958374,-0.23436874151229858,2.3438127040863037,0.0015730267413646705,-0.00036855871443176473,-0.08193305203669277,-0.9966365800808625,81.1999945640564,drone3
1743534764.0615277,5.094964027404785,-0.21801209449768066,2.35189151763916,0.00039733326106127534,0.00021493417189274593,-0.12378116368534159,-0.9923095317316432,81.40000104904175,drone3
1743534764.2615418,5.100000381469727,-0.21097812056541443,2.3558435440063477,-0.00028702228667122816,0.00017879130967528425,-0.1446569192212725,-0.9894818996650472,81.60001516342163,drone3
1743534764.461556,5.112804412841797,-0.1951397955417633,2.367530107498169,-5.286589514919318e-05,0.00030304678909584537,-0.19624858145551838,-0.9805541434792271,81.80002927780151,drone3
1743534764.66151,5.12022066116333,-0.18809856474399567,2.389814853668213,0.003154598426992612,-0.00022035689490504027,-0.22835562918263236,-0.9735726866107915,81.99998331069946,drone3
1743534764.8615155,5.126533508300781,-0.18363432586193085,2.4012699127197266,0.003316986447674167,-0.0010530908704246167,-0.2582476071394077,-0.9660724863308839,82.1999888420105,drone3
1743534765.0615072,5.132399559020996,-0.17835085093975067,2.399261951446533,0.00438225874513527,-0.0016267247898176934,-0.2865841767253129,-0.9580437013503769,82.39998054504395,drone3
1743534765.26152,5.137502193450928,-0.16889943182468414,2.3894355297088623,0.0038090408612351107,-0.0016140675643742644,-0.3126609165877609,-0.9498558541635899,82.59999322891235,drone3
1743534765.4615343,5.141489505767822,-0.1512511968612671,2.376629114151001,0.0031802014438510645,-0.0018286581200903855,-0.33828879251356786,-0.9410352141932601,82.80000758171082,drone3
1743534765.6615717,5.146194934844971,-0.1323767602443695,2.3738720417022705,0.0017133281567755013,-0.0013686607991281329,-0.3595069279733771,-0.9331399504288357,83.00004506111145,drone3
1743534765.8615317,5.152456283569336,-0.11215893924236298,2.3745102882385254,0.0008536070633329453,-0.0007355918847864449,-0.37898631627129353,-0.925401578307993,83.20000505447388,drone3
1743534766.0615137,5.160170555114746,-0.09107705950737,2.3744699954986572,0.00032214667379309287,0.00019986361234712715,-0.39772520551429785,-0.917504544375931,83.39998698234558,drone3
1743534766.2615044,5.166914939880371,-0.07085224241018295,2.370851516723633,-0.0005012576656677397,0.0006873863599188441,-0.41517370576986845,-0.9097418113766489,83.59997773170471,drone3
1743534766.4615219,5.170008659362793,-0.05396732687950134,2.365006685256958,0.0004120011335024856,0.00035041749303997165,-0.4310701694024496,-0.9023182972876069,83.7999951839447,drone3
1743534766.6615293,5.171296119689941,-0.041161660104990005,2.357769250869751,0.000882236375173919,-0.0004900187495891051,-0.4464898678846755,-0.8947881516718323,84.00000262260437,drone3
1743534766.8615417,5.171937465667725,-0.029418673366308212,2.350668430328369,0.0013823912154553016,-0.001708005048909494,-0.4617370593159463,-0.8870141865374221,84.2000150680542,drone3
1743534767.0615523,5.171823978424072,-0.01784757897257805,2.344611883163452,0.0013906953588033845,-0.0024012612115333074,-0.4765041981426781,-0.8791678131172703,84.4000256061554,drone3
1743534767.2615352,5.1734771728515625,-0.00784189160913229,2.3401033878326416,0.0012637037761536484,-0.002692557673291208,-0.4897197218149054,-0.8718749331851877,84.60000848770142,drone3
1743534767.461515,5.1775946617126465,0.0010648246388882399,2.335145950317383,0.001932716672271388,-0.0026410889626336913,-0.5005095679147854,-0.8657248650504781,84.79998826980591,drone3
1743534767.6615214,5.182195663452148,0.010926689952611923,2.3293557167053223,0.002424408793745118,-0.002082616476783466,-0.509008627430977,-0.860755519803377,84.99999475479126,drone3
1743534767.8615148,5.183920383453369,0.024141976609826088,2.3237791061401367,0.002543744889097377,-0.0017398352420559082,-0.5157779802842815,-0.8567167769713963,85.19998812675476,drone3
1743534768.0614963,5.183103561401367,0.04095424711704254,2.317553997039795,0.001820773737127756,-0.0016697617435491817,-0.5215255144055756,-0.8532321914403489,85.3999695777893,drone3
1743534768.2615156,5.183986663818359,0.05912141501903534,2.313197135925293,0.0005612086250936397,-0.0014209079402633536,-0.5266278013495924,-0.8500946219865161,85.59998893737793,drone3
1743534768.4615345,5.1852030754089355,0.07941833883523941,2.3102307319641113,-0.00012282686486310613,-0.0012906901892280414,-0.5313195042321281,-0.8471705579305272,85.8000078201294,drone3
1743534768.6614892,5.188126564025879,0.10074988752603531,2.3080062866210938,-0.0006719724362955612,-0.0010246219501854818,-0.5356881409841155,-0.8444151339521426,85.99996256828308,drone3
1743534768.861505,5.191824436187744,0.12130700051784515,2.3058035373687744,-0.0008570304400741024,-0.000507785848244643,-0.5394756885989713,-0.8420006463680747,86.19997835159302,drone3
1743534769.0614765,5.1962056159973145,0.14041545987129211,2.302572727203369,-0.0007219991814347858,-0.00019731619240907883,-0.5424400134320002,-0.8400942074326694,86.39994978904724,drone3
1743534769.2615564,5.198821544647217,0.14841154217720032,2.3009657859802246,-0.0006027628452857282,-0.00016877440010424263,-0.5435612355062235,-0.8393693343218427,86.60002970695496,drone3
1743534769.4614727,5.208670616149902,0.16607441008090973,2.2976560592651367,0.0010289960285320672,-0.0008664735310038622,-0.5451373801265611,-0.8383456505917858,86.79994606971741,drone3
1743534769.6614811,5.217670440673828,0.17719769477844238,2.3093619346618652,0.0010837255377554968,0.00026903535248239184,-0.5458876888604641,-0.8378576638430146,86.99995446205139,drone3
1743534769.8614836,5.227746963500977,0.18916809558868408,2.317741632461548,0.0019397141192590234,0.00025232388009363175,-0.5465408280351253,-0.8374301788952807,87.1999568939209,drone3
1743534770.061494,5.237916946411133,0.2037561535835266,2.312954902648926,0.0021607824068688854,0.0005958807876437717,-0.5472752790172762,-0.8369497048222565,87.3999674320221,drone3
1743534770.2614639,5.247203826904297,0.2205537110567093,2.2988529205322266,0.0016302840994064055,0.0012187493466100671,-0.5483959637191808,-0.8362163496581669,87.59993720054626,drone3
1743534770.4614727,5.253314018249512,0.23805883526802063,2.28249454498291,0.0009229857716593605,0.0012424885178747961,-0.5501010039389769,-0.8350967291641871,87.79994606971741,drone3
1743534770.6614563,5.25562858581543,0.2550227642059326,2.270480155944824,0.00012954939009834232,0.0005195385833860419,-0.5524753150397017,-0.8335291087439608,87.99992966651917,drone3
1743534770.8614736,5.255046844482422,0.2716239094734192,2.2643394470214844,-0.0006664497791540382,-0.00012661800269798262,-0.5552083485048149,-0.8317111676537162,88.19994688034058,drone3
1743534771.0614808,5.256546497344971,0.287900447845459,2.260622501373291,-0.0013653579411766455,-0.0005702301497854211,-0.5576766154675827,-0.8300570092167848,88.39995408058167,drone3
1743534771.2614558,5.260128974914551,0.30165746808052063,2.2559738159179688,-0.0011719716954369322,-0.00056637572993923,-0.5594963267254647,-0.8288318214039974,88.59992909431458,drone3
1743534771.4615703,5.26566743850708,0.3124995231628418,2.2496755123138428,-0.00045182028184900303,-0.00039148399156803496,-0.5605399143047308,-0.828127263074153,88.80004358291626,drone3
1743534771.6614602,5.272439002990723,0.3226339817047119,2.244879722595215,0.0003876340014628059,4.4127822419296625e-05,-0.5608113716192774,-0.8279434712045091,88.99993348121643,drone3
1743534771.8614593,5.278090476989746,0.33367064595222473,2.242892026901245,0.000951835546709016,0.0006771129832762542,-0.5605889416262613,-0.8280934086180866,89.19993257522583,drone3
1743534772.0614913,5.283178806304932,0.34397104382514954,2.241708517074585,0.0010316290386764725,0.0007186424874699459,-0.5601736371177469,-0.8283742646798511,89.39996457099915,drone3
1743534772.2614622,5.287718772888184,0.35256654024124146,2.240898370742798,0.0008343517364074327,0.0009984031479083294,-0.5597540336306845,-0.8286579024336171,89.59993553161621,drone3
1743534772.4614844,5.291388988494873,0.36093053221702576,2.239543914794922,0.0006160926401773769,0.0007743116419535667,-0.5595031439782114,-0.8288277015495554,89.79995775222778,drone3
1743534772.6614594,5.296214580535889,0.3701339066028595,2.2382824420928955,0.00047000868692613485,0.0005333170451652976,-0.5594388384240958,-0.8288713551479006,89.9999327659607,drone3
1743534772.8614762,5.301933765411377,0.3788703978061676,2.237016201019287,0.0006971010805217448,0.0007097340517194947,-0.5594851894207458,-0.8288397555482295,90.19994950294495,drone3
1743534773.061554,5.307877063751221,0.385588675737381,2.237168073654175,0.0009570264080334131,0.0008904425008603338,-0.5596098703353531,-0.8287551984334046,90.40002727508545,drone3
1743534773.2615356,5.3162102699279785,0.3928874135017395,2.2395455837249756,0.0012864378978843002,0.0012212337340632663,-0.5597632848639328,-0.8286506742490976,90.60000896453857,drone3
1743534773.4615326,5.322910785675049,0.39721548557281494,2.2419183254241943,0.0018129295253799527,0.0011450047917435909,-0.5598569035511876,-0.8285865583558004,90.80000591278076,drone3
1743534773.6615276,5.327895641326904,0.4007841646671295,2.2441048622131348,0.0020342150915184172,0.0003732397311127202,-0.5598920329494215,-0.8285630614877556,91.00000095367432,drone3
1743534773.8616543,5.3324480056762695,0.4060671925544739,2.2466652393341064,0.0021592447877608095,-0.00013166444984217008,-0.5599405650454817,-0.8285300394319473,91.20012760162354,drone3
1743534774.0615487,5.334499835968018,0.41220176219940186,2.2494029998779297,0.0018397490797398028,-0.0006968787542235943,-0.5599785498927021,-0.8285048672266742,91.40002202987671,drone3
1743534774.261502,5.334449291229248,0.4167245030403137,2.2517786026000977,0.0013846437875243748,-0.0012602313121219194,-0.5599917102461498,-0.8284960901454719,91.59997534751892,drone3
1743534774.4615414,5.332816123962402,0.42254579067230225,2.254579782485962,0.0005422483466872147,-0.002492181512666669,-0.5600207178146374,-0.8284747533034131,91.80001473426819,drone3
1743534774.661505,5.33290433883667,0.425749808549881,2.2765071392059326,0.0007999780540106652,-0.0018978558778785831,-0.560039915704134,-0.8284631418466484,91.9999783039093,drone3
1743534774.8614867,5.337568283081055,0.4279027581214905,2.2901275157928467,0.0013110947792177375,-0.0022646333117343842,-0.5600237945345786,-0.828472350933048,92.19995999336243,drone3
1743534775.0615242,5.345612525939941,0.42876264452934265,2.284451484680176,0.002195759948855078,-0.002013963757183437,-0.5599943444241817,-0.8284910957439233,92.39999747276306,drone3
1743534775.2615225,5.355130195617676,0.4287133812904358,2.267645835876465,0.0033784960687629696,-0.0014139150619282435,-0.5599605321149638,-0.8285111681805266,92.59999585151672,drone3
1743534775.4614935,5.364892959594727,0.43062350153923035,2.2512500286102295,0.00416564929775284,-0.0008694572160987681,-0.5599602054768879,-0.8285086288329038,92.79996681213379,drone3
1743534775.6615121,5.372351169586182,0.4388422966003418,2.2396206855773926,0.004211707571368898,-0.000526509956126893,-0.5602113796205885,-0.8283388824005261,92.99998545646667,drone3
1743534775.8615117,5.377192974090576,0.4510784149169922,2.231391668319702,0.002926767628148351,-0.00046757590260882115,-0.5611111726894475,-0.8277351287956075,93.19998502731323,drone3
1743534776.06147,5.3809428215026855,0.463508278131485,2.223905324935913,0.001614403998299942,-0.0006807449488454302,-0.5627269669575218,-0.8266410282184011,93.3999433517456,drone3
1743534776.2614613,5.385577201843262,0.4776630997657776,2.218204975128174,0.0007242051029570882,-0.0007360663062952231,-0.5646898721332196,-0.8253025707502406,93.5999345779419,drone3
1743534776.461476,5.392422676086426,0.49294447898864746,2.2136332988739014,-2.770618164218454e-05,-0.0006275053502674004,-0.5663249275110634,-0.8241818755116239,93.79994940757751,drone3
1743534776.6614594,5.398946762084961,0.5088300108909607,2.2085869312286377,-0.0001054589264974659,-0.00048141778788356193,-0.566622452651414,-0.8239774106127855,93.9999327659607,drone3
1743534776.8614829,5.402510643005371,0.5254218578338623,2.202364206314087,4.46815040041411e-05,-0.00038617984258118847,-0.565110371240813,-0.825015255683942,94.19995617866516,drone3
1743534777.061477,5.40698766708374,0.5414692759513855,2.1950130462646484,-0.00014909025780644836,-0.00043432839820413063,-0.5621349407132015,-0.827045416693151,94.3999502658844,drone3
1743534777.2617946,5.413786888122559,0.5566319227218628,2.1862523555755615,0.00016701326687442366,-0.0003419282858227818,-0.5581783526256806,-0.8297209934670318,94.60026788711548,drone3
1743534777.4615293,5.421418190002441,0.5712472200393677,2.179507255554199,0.0005169275367299539,-9.93109196070665e-05,-0.554399561018603,-0.8322505524842464,94.80000257492065,drone3
1743534777.6615112,5.42833137512207,0.5829293727874756,2.1736044883728027,0.0010302636804060232,-0.0003837051352177691,-0.5511803215090681,-0.8343854378752931,94.99998450279236,drone3
1743534777.8615038,5.435545921325684,0.5921420454978943,2.168426990509033,0.001702010626946232,-0.000847407129178951,-0.5484124009901,-0.8362058129460392,95.19997715950012,drone3
1743534778.061529,5.441883563995361,0.602095365524292,2.164703845977783,0.002361448244758871,-0.0008773935006005952,-0.5461853825882087,-0.837660616789514,95.40000224113464,drone3
1743534778.2615101,5.4463629722595215,0.6148558259010315,2.161444664001465,0.002064740810892098,-0.0010215566724550125,-0.544472366077332,-0.8387757381074152,95.59998345375061,drone3
1743534778.461574,5.453826904296875,0.6293887495994568,2.1602132320404053,0.0014191331936837827,-0.0012238202730882179,-0.5430476024001333,-0.8396997972243045,95.80004739761353,drone3
1743534778.6615412,5.463200569152832,0.6436461806297302,2.1619725227355957,0.001356986585129886,-0.000718475206874991,-0.5418862565261278,-0.8404504642064199,96.00001454353333,drone3
1743534778.861641,5.47184419631958,0.6604060530662537,2.164987802505493,0.001180991656085846,-0.0003037214679441171,-0.5408181500177405,-0.841138743316027,96.2001142501831,drone3
1743534779.0615475,5.479633331298828,0.6778598427772522,2.1686081886291504,0.000757721187407906,2.1790826179675555e-06,-0.5396024452458679,-0.841919661198661,96.40002083778381,drone3
1743534779.2615113,5.486490726470947,0.6922853589057922,2.17199969291687,0.0006748362354209094,0.0005090714557463685,-0.5383430763389382,-0.8427254457219167,96.5999846458435,drone3
1743534779.461563,5.4959635734558105,0.7091165781021118,2.1741013526916504,0.0010818595930511595,0.00015158891972651535,-0.5372436757955315,-0.8434263899595013,96.80003643035889,drone3
1743534779.6614952,5.50597620010376,0.7264470458030701,2.188516855239868,0.0006630913102059542,0.0007484408907384711,-0.5364909963013997,-0.8439055364067974,96.99996852874756,drone3
1743534779.861498,5.5158281326293945,0.7413896322250366,2.1983957290649414,0.0009009690029757437,0.0006047047695628431,-0.5362119314806969,-0.8440827744414978,97.19997143745422,drone3
1743534780.0614977,5.526605606079102,0.7552037239074707,2.196260929107666,0.0011805484350524576,0.000602491277994418,-0.5362695672960356,-0.8440457905819295,97.39997100830078,drone3
1743534780.261512,5.539378643035889,0.7690605521202087,2.18843150138855,0.0013369319086487725,0.0010902558708918118,-0.5365878497592776,-0.8438427376025162,97.59998536109924,drone3
1743534780.4614892,5.550385475158691,0.7819430232048035,2.1791880130767822,0.0017664058460123938,0.001115288773421989,-0.5371113768380558,-0.8435087027546431,97.79996252059937,drone3
1743534780.6615033,5.557116985321045,0.7948715686798096,2.1741464138031006,0.0019258192417309053,0.0005608444911397573,-0.5378539621619692,-0.8430356886738053,97.99997663497925,drone3
1743534780.861616,5.564051628112793,0.8095868229866028,2.1748239994049072,0.0014526906976258481,-0.00015596642970703458,-0.538854623176027,-0.8423975748506383,98.2000892162323,drone3
1743534781.0615165,5.572517395019531,0.8269383907318115,2.175859212875366,0.001179320558237808,-0.00022197160487957103,-0.5401526618164655,-0.8415661861169124,98.39998984336853,drone3
1743534781.2614949,5.582638740539551,0.8443305492401123,2.1770169734954834,0.0005969873893713734,0.0004086273611117429,-0.5416388123785203,-0.8406111701397919,98.59996819496155,drone3
1743534781.4615157,5.592681407928467,0.8596702814102173,2.177225112915039,0.00036641059369566556,0.0006737087609193323,-0.5428978862575105,-0.839798431386532,98.79998898506165,drone3
1743534781.6614783,5.603445529937744,0.8751527070999146,2.1775286197662354,0.0007138140648618112,0.0008601466572514091,-0.5435108910956772,-0.8394013870001352,98.99995160102844,drone3
1743534781.8614612,5.613437175750732,0.8902773261070251,2.1774277687072754,0.0010764956940124111,0.0011001619983563077,-0.5435192045615459,-0.839395349464086,99.19993448257446,drone3
1743534782.061462,5.620909690856934,0.9051395058631897,2.177372455596924,0.0012438749598592585,0.0008124429432987301,-0.5432092987844453,-0.8395960106098463,99.39993524551392,drone3
1743534782.2614582,5.626023292541504,0.9221302270889282,2.1753287315368652,0.0009673059302339346,0.0008056746800896323,-0.5430780113513338,-0.8396813579780809,99.59993147850037,drone3
1743534782.4614666,5.630606174468994,0.9400021433830261,2.173408269882202,0.0003440688332973596,0.0005801655387492206,-0.543410486765812,-0.8394669780331302,99.79993987083435,drone3
1743534782.661477,5.635621547698975,0.9570956230163574,2.175365924835205,-0.00010280841090237064,0.00015701355406148854,-0.5442975198762845,-0.8388923373638206,99.99995040893555,drone3
1743534782.8615136,5.640989303588867,0.9710817933082581,2.1784279346466064,-0.0002760391996992934,-6.266450236055061e-05,-0.5454523645989071,-0.8381418495058113,100.19998693466187,drone3
1743534783.061565,5.646980285644531,0.9823148846626282,2.180507183074951,0.00014329839744550233,-0.00021563297250606548,-0.5462145587440904,-0.837645264799944,100.40003824234009,drone3
1743534783.261514,5.652642726898193,0.9896871447563171,2.181389808654785,0.0007900288047430939,-0.00028513417268339984,-0.546081627583887,-0.8377315815456943,100.59998726844788,drone3
1743534783.4614608,5.657694339752197,0.9955615401268005,2.1831395626068115,0.001746469213634336,-0.0007443524046234337,-0.5450965187569297,-0.838371170508559,100.79993414878845,drone3
1743534783.6614769,5.661896705627441,1.0032035112380981,2.1876940727233887,0.00240848956068922,-0.0013574163060006915,-0.5436301561402508,-0.8393203912940093,100.99995017051697,drone3
1743534783.8614788,5.667093276977539,1.0113956928253174,2.194075107574463,0.0022620334603351013,-0.0012824229861109532,-0.54218210632925,-0.840257115538876,101.19995212554932,drone3
1743534784.0614958,5.672242641448975,1.0217770338058472,2.2002952098846436,0.002178226633499871,-0.0010078930263672603,-0.541162047228165,-0.8409150489175554,101.39996910095215,drone3
1743534784.261523,5.676714897155762,1.0339608192443848,2.2048020362854004,0.0014302158083393504,-0.0005234542684508218,-0.5408013544986088,-0.8411490482204879,101.59999632835388,drone3
1743534784.4616406,5.682816982269287,1.0487335920333862,2.209573984146118,0.0010088362678980195,-0.00030800546460467166,-0.5409305872728554,-0.8410666827417855,101.8001139163971,drone3
1743534784.6615138,5.6883416175842285,1.060422420501709,2.217273473739624,0.0001726492656996244,0.00038960018898896725,-0.5412780142818427,-0.8408436732296022,101.99998712539673,drone3
1743534784.8615224,5.693027019500732,1.0715672969818115,2.222425937652588,0.00014592348190385615,0.00031470144226442974,-0.5415812819303029,-0.840648385807027,102.19999575614929,drone3
1743534785.0615163,5.697500705718994,1.0792311429977417,2.2283122539520264,0.00044532187268685755,-0.00012274644011506843,-0.5414199332574912,-0.8407521618847729,102.39998960494995,drone3
1743534785.2615616,5.70247220993042,1.085315465927124,2.2336173057556152,0.001080978748612701,-0.0006565869844326562,-0.5405050937637136,-0.8413397732467118,102.6000349521637,drone3
1743534785.461494,5.708710193634033,1.0926755666732788,2.240457057952881,0.0016287252422379466,-0.0007909455810161003,-0.538960137811274,-0.8423294023231719,102.79996728897095,drone3
1743534785.6615357,5.71450662612915,1.101581335067749,2.247623920440674,0.0019143149219257964,-0.0008764883723334046,-0.5370795875775665,-0.8435290280723374,103.000009059906,drone3
1743534785.8616378,5.718980312347412,1.1137402057647705,2.2529499530792236,0.0014817202450364247,-0.0008297769048834917,-0.5349106896797716,-0.8449069982109769,103.20011115074158,drone3
1743534786.0614974,5.723912239074707,1.1245148181915283,2.2682368755340576,0.0009557896434403445,-0.000596588270240335,-0.5332714933740617,-0.8459434102892841,103.3999707698822,drone3
1743534786.2615097,5.730068683624268,1.134731411933899,2.2810513973236084,0.000864689374440658,-0.0003361527064311628,-0.5321933137688802,-0.8466223749453703,103.59998297691345,drone3
1743534786.4614964,5.738531589508057,1.1447277069091797,2.285118818283081,0.0009013237732499033,-0.0001552787034455421,-0.5316760138869696,-0.8469474009043741,103.79996967315674,drone3
1743534786.6615171,5.746272087097168,1.155779242515564,2.2839860916137695,0.0012402317681640027,6.3365975739574615e-06,-0.5313060172406046,-0.8471791558876234,103.99999046325684,drone3
1743534786.8615367,5.751492977142334,1.1666442155838013,2.2819674015045166,0.0013298586467246569,-0.00018210718931528183,-0.5307427246102565,-0.8475319671565081,104.20001006126404,drone3
1743534787.0615704,5.75541877746582,1.1809295415878296,2.2813377380371094,0.0008990684229461895,-4.354609095414603e-05,-0.5299251495061301,-0.8480440619026277,104.40004372596741,drone3
1743534787.2617962,5.758329391479492,1.1972928047180176,2.281517505645752,0.00017195172815393824,9.232648401851344e-05,-0.5290072543658355,-0.8486173644094971,104.60026955604553,drone3
1743534787.461538,5.761990070343018,1.213852882385254,2.2810609340667725,-0.0006629391195410147,8.022234849884865e-05,-0.5282366308509502,-0.8490970060822631,104.80001139640808,drone3
1743534787.6615133,5.7686967849731445,1.2280216217041016,2.2802393436431885,-0.0005953856650711792,-0.00017561552508929445,-0.5275764952994362,-0.8495072951158046,104.99998664855957,drone3
1743534787.8614824,5.7751569747924805,1.2394368648529053,2.2790987491607666,3.974974939591565e-05,-3.397957148393465e-05,-0.5268677855050135,-0.849947276604122,105.199955701828,drone3
1743534788.0614846,5.780731201171875,1.2484041452407837,2.2769997119903564,0.0007837161411461823,-0.00013895015410865828,-0.5259822802177996,-0.8504952699284606,105.39995789527893,drone3
1743534788.261547,5.78718376159668,1.2561169862747192,2.274374008178711,0.0012522225465653519,-9.140284962150437e-05,-0.5249511259588441,-0.8511315082168689,105.60002040863037,drone3
1743534788.4615443,5.7954511642456055,1.264631986618042,2.272571563720703,0.001938345005226927,-0.00023238134139434946,-0.5240537036502138,-0.8516829891929218,105.80001759529114,drone3
1743534788.661498,5.804615020751953,1.2730742692947388,2.272430419921875,0.002233893606554809,-6.130489606478934e-05,-0.5234386546898943,-0.852060498515034,105.99997138977051,drone3
1743534788.8616068,5.811717510223389,1.2825475931167603,2.273669719696045,0.002354039619044065,-9.617927293790328e-05,-0.5233928094554265,-0.852088220604642,106.2000801563263,drone3
1743534789.0614746,5.8178300857543945,1.2945492267608643,2.2764065265655518,0.00201162586244172,-0.0001419060517122547,-0.5243461817054551,-0.8515027903421135,106.39994788169861,drone3
1743534789.2615037,5.822360038757324,1.3089630603790283,2.2792482376098633,0.0011271458055496703,9.431719718271843e-05,-0.5263991546964207,-0.8502368676002403,106.59997701644897,drone3
1743534789.4615493,5.824929714202881,1.3218600749969482,2.2753705978393555,0.00019083663151103425,0.00014911320139437823,-0.528797921505994,-0.8487477983689262,106.8000226020813,drone3
1743534789.6615405,5.826545715332031,1.3317372798919678,2.3175885677337646,0.0002739357879614498,-0.0008261958221671453,-0.5323811833461174,-0.846504300549267,107.00001382827759,drone3
1743534789.861569,5.830746650695801,1.3418766260147095,2.3755924701690674,0.0005651545826264408,-0.0011535152035791138,-0.5355327560903681,-0.8445134520130064,107.20004224777222,drone3
1743534790.0615866,5.837457656860352,1.3528878688812256,2.366726875305176,0.0008032894447439161,-0.0007475043401228107,-0.5380242670400895,-0.8429286883621483,107.40005993843079,drone3
1743534790.2614627,5.845841407775879,1.3666527271270752,2.311519145965576,0.0012431848052148926,-0.0003257765762658076,-0.539746745518457,-0.8418265272001642,107.59993600845337,drone3
1743534790.4614801,5.854364395141602,1.3811848163604736,2.242452621459961,0.0011956178884491105,0.0004130445072400052,-0.5407519162453055,-0.8411812062659016,107.79995346069336,drone3
1743534790.66146,5.863358974456787,1.396177887916565,2.185638427734375,0.0007223388154751892,0.0010207162153166268,-0.5413483257618711,-0.8407975540406192,107.99993324279785,drone3
1743534790.861482,5.8734941482543945,1.4095780849456787,2.1463687419891357,0.0005437122499694285,0.0011513528315282898,-0.5417730711644517,-0.8405239472367986,108.19995522499084,drone3
1743534791.061465,5.882072925567627,1.421110987663269,2.113835334777832,0.0018915789197418837,0.0006920624066465684,-0.5423717144639884,-0.8401362910609075,108.39993834495544,drone3
1743534791.2614489,5.886190414428711,1.4308419227600098,2.0845587253570557,0.002664190374701639,0.000297949736922135,-0.5438497939045532,-0.839178303730967,108.59992218017578,drone3
1743534791.4620693,5.886117935180664,1.4423537254333496,2.0537710189819336,0.002581998422477078,-0.0007359895067575294,-0.5467098685077904,-0.8373177837870143,108.80054259300232,drone3
1743534791.6615427,5.885107517242432,1.4543770551681519,2.0280649662017822,0.0018874121234242346,-0.0014306363919051072,-0.5509471967532422,-0.8345367134513108,109.0000159740448,drone3
1743534791.8614962,5.885425567626953,1.4694446325302124,1.9966683387756348,0.0006954566273587753,-0.0017345419847778377,-0.5566953209304156,-0.8307147002510853,109.19996953010559,drone3
1743534792.0615425,5.890371322631836,1.4812815189361572,1.9740424156188965,0.00020129417166874975,-0.0016087973973129977,-0.5614972694319437,-0.8274770741788875,109.40001583099365,drone3
1743534792.2614856,5.900399684906006,1.4925322532653809,1.9489238262176514,0.0010011133518167796,-0.0008035873718226215,-0.566910284016607,-0.8237785933916474,109.59995889663696,drone3
1743534792.461476,5.910297393798828,1.5035271644592285,1.9258944988250732,0.0019944023716980046,0.00017545041563360296,-0.57103634458199,-0.8209223330782005,109.79994940757751,drone3
1743534792.6615143,5.917940616607666,1.5168042182922363,1.9058399200439453,0.002579245706433711,0.0006174169217341406,-0.5738531975920793,-0.8189539804223326,109.99998760223389,drone3
1743534792.8614724,5.921418190002441,1.5321252346038818,1.887101173400879,0.002533133349849935,0.0007566744720714999,-0.5760631149101874,-0.8174009638851153,110.19994568824768,drone3
1743534793.061523,5.920742988586426,1.5492724180221558,1.8684277534484863,0.0014708215392244704,0.00017716880520912072,-0.5786588023327157,-0.8155683873017252,110.39999628067017,drone3
1743534793.261476,5.919267654418945,1.566861867904663,1.8514130115509033,8.146014464015082e-05,-0.0003033030040683249,-0.5821659153542922,-0.8130700169524087,110.5999493598938,drone3
1743534793.461487,5.918140888214111,1.5841501951217651,1.836486577987671,-0.0009440564742736627,-0.0007978582867022409,-0.5861337461136533,-0.8102134300008857,110.79996037483215,drone3
1743534793.6616228,5.920806407928467,1.5992164611816406,1.8234608173370361,-0.001070066861620658,-0.0011217605681252294,-0.5897748018197972,-0.8075662812763257,111.00009608268738,drone3
1743534793.8615367,5.926280975341797,1.6125264167785645,1.8105580806732178,-0.000349995044455252,-0.0008147690871368819,-0.5921674151894879,-0.8058145528850915,111.20001006126404,drone3
1743534794.0615096,5.932373523712158,1.6255320310592651,1.798755407333374,0.0007528706984138763,-0.0003030944718339689,-0.592841912279632,-0.8053185055515426,111.39998292922974,drone3
1743534794.2614927,5.937015533447266,1.6372748613357544,1.7887485027313232,0.0013145933380754285,0.00025290393432807033,-0.5921623681043788,-0.8058175769214723,111.59996604919434,drone3
1743534794.4614744,5.939579486846924,1.6484668254852295,1.7862248420715332,0.001016786031982745,0.0005757217730171755,-0.5908243321047033,-0.8067993877575335,111.79994773864746,drone3
1743534794.6614745,5.937455654144287,1.6576542854309082,1.7996106147766113,0.001894138929198604,-0.0005717469012644005,-0.5900020154801195,-0.807399421903071,111.99994778633118,drone3
1743534794.8614724,5.935696125030518,1.6693545579910278,1.8309416770935059,0.0012041003687368829,-0.0013385926601450346,-0.5902249196251814,-0.8072368720450765,112.19994568824768,drone3
1743534795.0615017,5.936775207519531,1.6826668977737427,1.828080177307129,0.0002618051923292505,-0.0013543040246559643,-0.591322908249163,-0.8064337427732773,112.39997506141663,drone3
1743534795.2614918,5.9401774406433105,1.6938695907592773,1.7983202934265137,0.00020478075324820142,-0.0013027420476325049,-0.5927212563890575,-0.8054066240750668,112.59996509552002,drone3
1743534795.4614725,5.944248676300049,1.7046211957931519,1.7578270435333252,0.0004339877660575472,-0.0010191613197048038,-0.5935516652085555,-0.8047951259867344,112.79994583129883,drone3
1743534795.661504,5.952868461608887,1.716191053390503,1.7235982418060303,0.0008900978531355455,-0.0001988311740496922,-0.5931764950365357,-0.8050720097080266,112.99997735023499,drone3
1743534795.8615127,5.965787887573242,1.726131558418274,1.7003008127212524,0.001755898706648983,0.0008282266499528386,-0.5918752321621861,-0.8060273312497988,113.19998598098755,drone3
1743534796.0615172,5.978427410125732,1.7355256080627441,1.6851420402526855,0.0030091326952604485,0.0011462966502730945,-0.5903898191699803,-0.8071118434189691,113.39999055862427,drone3
1743534796.2614841,5.987835884094238,1.7459337711334229,1.671251654624939,0.0036096431331133173,0.0012683178682488313,-0.5897785950361631,-0.8075559131515919,113.59995746612549,drone3
1743534796.461534,5.993854999542236,1.7573038339614868,1.6572424173355103,0.0035647147572368315,0.0010416964040754052,-0.5909029991974489,-0.8067341233626144,113.80000734329224,drone3
1743534796.661526,5.998055934906006,1.7699304819107056,1.642569899559021,0.002960256015786352,0.00010052451423786953,-0.5942915847443005,-0.8042442772134091,113.99999928474426,drone3
1743534796.8614995,6.002480506896973,1.7848008871078491,1.6295108795166016,0.0017671187410218021,-0.00039188452554061987,-0.5996226447820344,-0.8002808824098537,114.1999728679657,drone3
1743534797.061484,6.00496768951416,1.8025590181350708,1.6203255653381348,0.0008903408148999594,-0.0006495036797047927,-0.6057478673495469,-0.7956559190619351,114.39995741844177,drone3
1743534797.2614655,6.007131099700928,1.8224281072616577,1.6137124300003052,-3.2909784259346524e-05,-0.0003720740970436622,-0.6110983992312928,-0.7915546197700521,114.59993886947632,drone3
1743534797.4614806,6.0097270011901855,1.8449671268463135,1.6074613332748413,-0.0006658158065880087,0.000128801777445656,-0.6148641727305366,-0.7886328790590874,114.79995393753052,drone3
1743534797.6614692,6.013519763946533,1.8643993139266968,1.6020456552505493,-0.0007637838870599567,0.0006319243125381098,-0.6170652128686771,-0.7869114700570009,114.99994254112244,drone3
1743534797.861477,6.018881797790527,1.8791165351867676,1.5969431400299072,-0.00014867272000887037,0.0009467359735445996,-0.6179871383013604,-0.7861877191060158,115.19995021820068,drone3
1743534798.0614667,6.025298595428467,1.8892507553100586,1.5934745073318481,0.0011087859345188837,0.0005647335463111666,-0.6180979739762319,-0.7861002327852193,115.3999400138855,drone3
1743534798.261547,6.029595851898193,1.8958841562271118,1.5924944877624512,0.001826663841525219,0.000579250810137876,-0.6179141663015199,-0.7862433266042699,115.60002040863037,drone3
1743534798.4615555,6.035011291503906,1.9025250673294067,1.5940558910369873,0.0026778438956675823,2.652806609708997e-05,-0.6176737606776137,-0.7864299528494761,115.80002880096436,drone3
1743534798.6615782,6.0391645431518555,1.9108638763427734,1.5979522466659546,0.003429086034092648,-0.00038795449655310585,-0.6178735630813357,-0.7862698527770514,116.00005149841309,drone3
1743534798.861579,6.03891134262085,1.9229865074157715,1.6020687818527222,0.003125646917106244,-0.0007192536682219732,-0.618981756511013,-0.7853988618107934,116.20005226135254,drone3
1743534799.0615256,6.035877227783203,1.9392770528793335,1.6091892719268799,0.0017697987702151013,-0.0011084697714163325,-0.6210473788248879,-0.7837702180222794,116.39999890327454,drone3
1743534799.2615137,6.0339226722717285,1.9584503173828125,1.6171667575836182,0.0004380824311720572,-0.0008277307453586403,-0.6237910280274699,-0.7815907465338644,116.5999870300293,drone3
1743534799.4617047,6.032966136932373,1.973288655281067,1.6238815784454346,-0.000799284380268914,-0.0003668092703667726,-0.6261667563159758,-0.7796887488226208,116.80017805099487,drone3
1743534799.6616127,6.03193998336792,1.9924298524856567,1.6309670209884644,-0.0009247228885941527,-0.0006140682640699089,-0.6288109969079887,-0.7775574353769855,117.00008606910706,drone3
1743534799.8615575,6.032819747924805,2.0093936920166016,1.6646409034729004,-0.00038878466907860235,-0.0002197047763508766,-0.6305005534293131,-0.7761887006665261,117.20003080368042,drone3
1743534800.0616133,6.035112380981445,2.023932695388794,1.6821197271347046,0.00011297984434081178,2.5939296437680142e-05,-0.6309745579610908,-0.7758036259851063,117.40008664131165,drone3
1743534800.261528,6.040087699890137,2.035867214202881,1.6802912950515747,0.0012574771555126112,0.00013367078800397383,-0.6304223236101207,-0.7762513361517693,117.60000133514404,drone3
1743534800.4615505,6.04384183883667,2.0503642559051514,1.672456979751587,0.0016090930014791896,0.0006967250252401828,-0.6295488091013082,-0.77695904495854,117.8000237941742,drone3
1743534800.6616096,6.043806552886963,2.066357374191284,1.667541742324829,0.0015725364961375293,0.0006743064003500858,-0.6289541170688195,-0.7774406148496255,118.00008296966553,drone3
1743534800.8615918,6.040986061096191,2.081928253173828,1.6683590412139893,0.0007053374085770333,0.00027203459054642127,-0.6291509165095851,-0.777282759096884,118.20006513595581,drone3
1743534801.0616167,6.037298202514648,2.094717264175415,1.6742318868637085,0.00025844236566851115,-0.0005960363379143381,-0.6302661063161151,-0.7763788935887876,118.40008997917175,drone3
1743534801.2615576,6.034261226654053,2.1059439182281494,1.677646279335022,9.416338588107464e-05,-0.0011553583873388923,-0.6321237971528617,-0.7748666383224364,118.60003089904785,drone3
1743534801.4615338,6.033845901489258,2.1142656803131104,1.6760882139205933,0.00030816088110872616,-0.0015827309709160883,-0.6340001906536348,-0.7733312128261163,118.80000710487366,drone3
1743534801.6617343,6.034766674041748,2.122490882873535,1.672315239906311,0.000878153378644914,-0.0015797000198180978,-0.6350346270984181,-0.7724816324589019,119.0002076625824,drone3
1743534801.8615403,6.0362019538879395,2.1322054862976074,1.669381856918335,0.0013249123600842323,-0.0008938230336218733,-0.6346595096099589,-0.7727903265141078,119.20001363754272,drone3
1743534802.0616126,6.038327693939209,2.14107084274292,1.6696410179138184,0.001659282942179299,-0.00047688463502431434,-0.6331987683292002,-0.7739873128168854,119.40008592605591,drone3
1743534802.2616074,6.042410373687744,2.1495935916900635,1.6722991466522217,0.002006525352909332,-3.783618079768022e-05,-0.6314741561666268,-0.7753943063290806,119.60008072853088,drone3
1743534802.4615233,6.047914028167725,2.159888505935669,1.6770445108413696,0.002027207107818657,0.0003575853872954007,-0.6301466463423671,-0.7764734026282172,119.79999661445618,drone3
1743534802.661618,6.051455974578857,2.1727452278137207,1.684433937072754,0.002094410751677658,0.0005643984912132148,-0.6294677923217582,-0.7770236244671708,120.0000913143158,drone3
1743534802.8616369,6.0495805740356445,2.1852169036865234,1.693311095237732,0.0013615695404175505,0.00034746376400286505,-0.6294031285194304,-0.777077667263674,120.20011019706726,drone3
1743534803.0615656,6.044914245605469,2.195232391357422,1.7012171745300293,0.0006264694597565149,-0.00042548221098742954,-0.6299306015969002,-0.7766511780352361,120.40003895759583,drone3
1743534803.2615592,6.040703296661377,2.2040586471557617,1.7085963487625122,0.00019846255376152042,-0.0010426295204840137,-0.6310636774722672,-0.7757303536889701,120.6000325679779,drone3
1743534803.4616556,6.0380425453186035,2.2120678424835205,1.7159372568130493,-3.7572351404169644e-05,-0.0019019556467130283,-0.6325759748854669,-0.7744960568885483,120.80012893676758,drone3
1743534803.6618903,6.0398383140563965,2.219135284423828,1.7250540256500244,0.0005130727670319942,-0.0023076412895075282,-0.6337059898459605,-0.7735703698496352,121.00036358833313,drone3
1743534803.8615627,6.043628692626953,2.2271478176116943,1.7386696338653564,0.0014435180061000432,-0.0016610567215216202,-0.6337726345501684,-0.7735162849062837,121.20003604888916,drone3
1743534804.0616558,6.048680782318115,2.2377724647521973,1.7546160221099854,0.0022979047089571754,-0.0008598056701078355,-0.6327538082444025,-0.7743492436101167,121.40012907981873,drone3
1743534804.2615795,6.053089618682861,2.248544931411743,1.7698118686676025,0.0022440446585550475,-0.00010622627490587607,-0.6312593969000395,-0.7755685203274004,121.60005283355713,drone3
1743534804.461499,6.056535243988037,2.2589242458343506,1.7820606231689453,0.0023677459058887114,0.00010286778023339977,-0.6301305883930843,-0.7764856673611338,121.79997229576111,drone3
1743534804.6615694,6.059682369232178,2.2744998931884766,1.795398473739624,0.0023486866400109297,5.930094512716809e-05,-0.6297090092724982,-0.7768275889380346,122.00004267692566,drone3
1743534804.8615284,6.0624213218688965,2.294210433959961,1.8115675449371338,0.0014008136893733838,0.00014159583609013314,-0.6309081503329058,-0.7758562937406768,122.20000171661377,drone3
1743534805.0615668,6.064022064208984,2.3109962940216064,1.8383429050445557,0.0009074080248001258,0.00014406249686284604,-0.6330666168856942,-0.7740967892558924,122.40004014968872,drone3
1743534805.261701,6.068586349487305,2.329749822616577,1.8657562732696533,0.00042672985699968843,0.00047172480246514926,-0.6356846474062894,-0.7719486118024967,122.60017442703247,drone3
1743534805.4615664,6.0747175216674805,2.3485279083251953,1.8784935474395752,0.00011973084133609135,0.0011266380677340175,-0.6381142393671924,-0.7699408255014909,122.800039768219,drone3
1743534805.6616635,6.0819091796875,2.364933490753174,1.8799915313720703,0.0006622356499500487,0.0012222391797530277,-0.6400386328600635,-0.7683415527980328,123.0001368522644,drone3
1743534805.8617349,6.089292526245117,2.3788082599639893,1.8777706623077393,0.001492421058223733,0.0013129824970498714,-0.6414646346009371,-0.7671501404159708,123.20020818710327,drone3
1743534806.0616632,6.09476900100708,2.3897461891174316,1.8804941177368164,0.002156680333128663,0.0011018686859046126,-0.6427036781901724,-0.7661111257697681,123.40013647079468,drone3
1743534806.2616954,6.094799518585205,2.3996174335479736,1.8873341083526611,0.002301738096538143,0.0005620609051640666,-0.6442055231849415,-0.764848843461935,123.60016870498657,drone3
1743534806.4620907,6.090694427490234,2.4111948013305664,1.8968420028686523,0.0018160794672387305,-0.0004957976628622923,-0.6461555841085556,-0.7632034199593576,123.80056405067444,drone3
1743534806.661561,6.083526611328125,2.424335241317749,1.905285358428955,0.0011247551037700519,-0.0015511809061397551,-0.6487402501301983,-0.7610075164683794,124.00003433227539,drone3
1743534806.8616624,6.075366020202637,2.439448356628418,1.9112045764923096,3.8110793858456454e-06,-0.0022273589517199897,-0.6516231103734117,-0.7585396340956043,124.20013570785522,drone3
1743534807.0615177,6.068011283874512,2.4554073810577393,1.9145112037658691,-0.000987131340618278,-0.0022714506056400515,-0.6540736229762442,-0.7564268020430411,124.39999103546143,drone3
1743534807.2616308,6.063309192657471,2.470496654510498,1.9174456596374512,-0.001335605702907104,-0.0018759996294187861,-0.655344961588151,-0.7553263267549973,124.60010409355164,drone3
1743534807.4615452,6.06286096572876,2.482983350753784,1.921738862991333,-0.0008668932142159674,-0.001367224297471299,-0.6550202938773595,-0.7556095219668543,124.80001854896545,drone3
1743534807.6615274,6.064609050750732,2.491663932800293,1.9262475967407227,0.0001363014675182063,-0.0008823574033066081,-0.6536650566951356,-0.7567834434067843,125.00000071525574,drone3
1743534807.8614917,6.068143367767334,2.5028939247131348,1.9323818683624268,0.0015889341309092038,-0.00026482206703821125,-0.6510603551153821,-0.7590243333901918,125.19996500015259,drone3
1743534808.0614967,6.071061134338379,2.5144741535186768,1.9398136138916016,0.00219850861073382,1.5669161068836517e-05,-0.6484147394824366,-0.7612841367718686,125.39997005462646,drone3
1743534808.2614696,6.072144508361816,2.5289041996002197,1.9478740692138672,0.0022149528786884662,0.0002592798387772642,-0.646714530345151,-0.7627289360071781,125.59994292259216,drone3
1743534808.4614887,6.072160720825195,2.5462560653686523,1.9564566612243652,0.0012752819764207497,0.00029759000698465117,-0.64652453762042,-0.7628920390425591,125.7999620437622,drone3
1743534808.6614764,6.074217796325684,2.5667459964752197,1.965688943862915,0.0004343602450051178,0.0003174952453112425,-0.6478618940021631,-0.7617577461769416,125.99994969367981,drone3
1743534808.8614686,6.078216075897217,2.5860419273376465,1.9735090732574463,-0.00018957292318663694,0.0007657321549728429,-0.6502344928871672,-0.7597331959669404,126.19994187355042,drone3
1743534809.0615187,6.085204124450684,2.603787660598755,1.9813926219940186,-5.694520794484602e-05,0.0011486657229815315,-0.6528061671427563,-0.7575242374896359,126.39999198913574,drone3
1743534809.2614932,6.092305660247803,2.6218836307525635,1.9900267124176025,0.0005076704794788218,0.0016952512849572677,-0.6549366271147093,-0.7556818090804065,126.5999665260315,drone3
1743534809.461455,6.096736431121826,2.635321855545044,1.995516061782837,0.0009101048057193472,0.002088525586364007,-0.6560135370460793,-0.7547457539167598,126.79992842674255,drone3
1743534809.6614807,6.101786136627197,2.647986650466919,2.0048611164093018,0.0019159582991659535,0.0014761814123954269,-0.6575254867477789,-0.7534284383614837,126.99995398521423,drone3
1743534809.8615308,6.104365825653076,2.6570894718170166,2.0282156467437744,0.0023827221134989376,0.00046764751932423543,-0.659561263824552,-0.7516469753686251,127.20000410079956,drone3
1743534810.0614984,6.106263160705566,2.6663293838500977,2.0450520515441895,0.0023690025734460695,-0.0004397450708388984,-0.6623282729179212,-0.7492098918053994,127.39997172355652,drone3
1743534810.2614996,6.104615211486816,2.6776680946350098,2.050632953643799,0.0021353707383490405,-0.0009517736332353364,-0.6655038430240426,-0.746390715450286,127.59997296333313,drone3
1743534810.4614573,6.10092830657959,2.6919028759002686,2.0490012168884277,0.001216446875646101,-0.0012557369452189959,-0.6684270983873756,-0.7437757221369616,127.79993057250977,drone3
1743534810.6614847,6.097067832946777,2.7076730728149414,2.045645236968994,0.0004902583157335681,-0.0014864807398073656,-0.6707616307656402,-0.7416713115515665,127.99995803833008,drone3
1743534810.8614664,6.093438148498535,2.7249341011047363,2.04506778717041,-0.0002822796086159677,-0.0009728038199279308,-0.6723290167440217,-0.7402518610114582,128.1999397277832,drone3
1743534811.0614586,6.0894904136657715,2.742771625518799,2.0482754707336426,-0.0006323148705902029,-0.0008015469282583043,-0.6731198338676998,-0.7395328621176428,128.3999319076538,drone3
1743534811.261478,6.088795185089111,2.7589190006256104,2.0547850131988525,-0.0006650997526229142,-0.0004813043227227867,-0.6731205029489199,-0.7395324459175137,128.59995126724243,drone3
1743534811.46146,6.08878231048584,2.773097515106201,2.061885356903076,-0.00036163231307778795,0.00021586211769818043,-0.6724718787554055,-0.7401225702852952,128.79993343353271,drone3
1743534811.6614509,6.089820384979248,2.78228497505188,2.066516399383545,0.0005794439283148423,4.551559178253434e-05,-0.6715035838868261,-0.7410011766602433,128.99992418289185,drone3
1743534811.8615134,6.089839458465576,2.7865405082702637,2.0690550804138184,0.001510675911985014,-0.0004283924220657844,-0.6705545685672623,-0.7418586490248414,129.1999866962433,drone3
1743534812.0614617,6.088289260864258,2.7914445400238037,2.072983980178833,0.002443124186202398,-0.0011226786511976626,-0.6697353787120022,-0.742594978175929,129.39993500709534,drone3
1743534812.2614622,6.085628032684326,2.7988338470458984,2.075040102005005,0.0026539948503676004,-0.002001802539231614,-0.6694775348295248,-0.7428249208446923,129.5999355316162,drone3
1743534812.4616199,6.083173751831055,2.8107175827026367,2.07641863822937,0.0021317159912556216,-0.0019260778747964865,-0.6699231745322547,-0.7424248840320512,129.8000931739807,drone3
1743534812.6614614,6.079866409301758,2.8250105381011963,2.076953411102295,0.001524089105364574,-0.0017095066744443018,-0.6709078223780562,-0.7415373425252185,129.99993467330933,drone3
1743534812.8614588,6.075839519500732,2.8410513401031494,2.0776290893554688,0.0005057201999184309,-0.0014943721609645862,-0.6721207586288173,-0.7404399729330746,130.19993209838867,drone3
1743534813.0615277,6.071547031402588,2.8594090938568115,2.0833334922790527,-0.00012499454642919263,-0.0011965240045328917,-0.6730608572557428,-0.7395861067582021,130.40000104904175,drone3
1743534813.2615347,6.068688869476318,2.8789303302764893,2.092721700668335,-0.00043644000058946014,-0.0008735617593808955,-0.673492891428938,-0.7391930162730312,130.60000801086426,drone3
1743534813.4614615,6.068524360656738,2.896960735321045,2.102030038833618,-0.000701079167180423,-0.0004560188477942821,-0.6733895131120747,-0.7392874594580101,130.7999348640442,drone3
1743534813.6614769,6.071933269500732,2.9129467010498047,2.110640525817871,3.874176181439236e-05,-0.00031648500716655037,-0.6727459860530521,-0.7398734982156638,130.99995017051697,drone3
1743534813.8614836,6.077505111694336,2.930224657058716,2.1163337230682373,0.0009921664072903595,4.921537714644477e-05,-0.6715859361946382,-0.740926157904072,131.1999568939209,drone3
1743534814.0614603,6.08502197265625,2.9488718509674072,2.1228747367858887,0.001540354784280462,0.0007090971009116544,-0.6701548873686554,-0.7422193865354242,131.39993357658386,drone3
1743534814.261453,6.092867374420166,2.9666383266448975,2.1302714347839355,0.0018146090916987745,0.0015070989554616,-0.6689733663251034,-0.7432827278157518,131.59992623329163,drone3
1743534814.4615428,6.096616744995117,2.9742188453674316,2.1337687969207764,0.00196376782784438,0.0016764311118949154,-0.6686386386884079,-0.7435830636240623,131.80001616477966,drone3
1743534814.6620247,6.1047892570495605,2.9967408180236816,2.145956039428711,0.0021442561295434816,0.001837485394732161,-0.6690092649033225,-0.743248683698867,132.00049805641174,drone3
1743534814.861465,6.105882167816162,3.0126101970672607,2.1698360443115234,0.001763207727506957,0.0005926898102303432,-0.6712073231519309,-0.7412674288389988,132.19993829727173,drone3
1743534815.0614724,6.103803634643555,3.02573299407959,2.182692527770996,0.001129070401874252,-3.446653202742747e-05,-0.6744653904456563,-0.7383056538903049,132.3999457359314,drone3
1743534815.2614655,6.100254058837891,3.0376546382904053,2.178781747817993,0.0005911357995378731,-0.0008251805626207506,-0.6784165863707458,-0.7346767127689298,132.59993886947632,drone3
1743534815.4614625,6.097417831420898,3.0493924617767334,2.1678178310394287,6.30688075303687e-06,-0.001291877215703678,-0.6823444698202527,-0.7310296959178995,132.7999358177185,drone3
1743534815.6614718,6.095998287200928,3.060776710510254,2.1579079627990723,9.212535526499547e-05,-0.0017102019739676359,-0.6855765048495776,-0.7279987013559714,132.9999451637268,drone3
1743534815.8614674,6.09679651260376,3.0738742351531982,2.152456760406494,0.00047106042623685585,-0.001383342462417398,-0.6877622430475305,-0.7259345989628209,133.19994068145752,drone3
1743534816.0614388,6.09916353225708,3.08722186088562,2.1485755443573,0.0011548092126681972,-0.0009920302429234028,-0.6888536053966728,-0.7248989547474101,133.39991211891174,drone3
1743534816.26146,6.101776599884033,3.1005966663360596,2.1456615924835205,0.0015488026343878961,-0.0005687715971773332,-0.6891764146948628,-0.7245918240768661,133.599933385849,drone3
1743534816.461592,6.105919361114502,3.113051652908325,2.143312692642212,0.0015830804110958093,-0.00016901281379564647,-0.6891826089645049,-0.724585966982012,133.80006527900696,drone3
1743534816.6615336,6.1136603355407715,3.13110613822937,2.1405420303344727,0.001689918350372592,0.0006119591106471399,-0.6892690350286436,-0.7245033341342395,134.0000069141388,drone3
1743534816.8615665,6.122297286987305,3.148655891418457,2.1392667293548584,0.0018938851220293253,0.0014569019456977883,-0.6897967544017594,-0.7239991327025925,134.20003986358643,drone3
1743534817.0615313,6.129987716674805,3.1647720336914062,2.13909649848938,0.00203553873511019,0.0017649957067154038,-0.6909599244440521,-0.7228880561650594,134.40000462532043,drone3
1743534817.261519,6.135900497436523,3.1795144081115723,2.1392290592193604,0.0020685327976320074,0.001926797792565859,-0.6927896468955446,-0.7211341980408866,134.59999227523804,drone3
1743534817.4615524,6.137818813323975,3.192991256713867,2.139305830001831,0.0018556795697908866,0.0015590969506878917,-0.6951478513146933,-0.7188628161296704,134.80002570152283,drone3
1743534817.6615508,6.135800361633301,3.2076845169067383,2.1411561965942383,0.0015089304397666059,0.0003812650014411897,-0.6980016842330837,-0.71609445702006,135.0000240802765,drone3
1743534817.8616092,6.133452892303467,3.225210666656494,2.1452109813690186,0.0005432449406127111,-0.00021728374550973606,-0.701182985652058,-0.7129810963208851,135.20008254051208,drone3
1743534818.0615427,6.133423328399658,3.243198871612549,2.150022506713867,-0.0002781126167929172,-0.00040404124686822205,-0.7042879489209395,-0.7099143180967545,135.40001606941223,drone3
1743534818.261517,6.135679721832275,3.2612524032592773,2.1528141498565674,-0.0004627161322531291,7.761630266512046e-05,-0.7067886481511702,-0.7074246613408339,135.5999903678894,drone3
1743534818.461506,6.139941215515137,3.281141519546509,2.1546037197113037,-0.00034470750828259427,0.0011240583019420593,-0.7082668360663632,-0.7059438603210331,135.7999792098999,drone3
1743534818.6615107,6.1451311111450195,3.3004567623138428,2.1596219539642334,0.0001277566467319722,0.001881781547301468,-0.708671295746238,-0.7055362817743686,135.9999840259552,drone3
1743534818.861519,6.149949550628662,3.316887617111206,2.167292833328247,0.0008999004116139646,0.0023422245073902227,-0.708605252457802,-0.705600723482561,136.19999241828918,drone3
1743534819.0615406,6.15359354019165,3.3304717540740967,2.176642417907715,0.0012679536519768868,0.0020832759576595913,-0.7085674661617507,-0.7056388469534004,136.40001392364502,drone3
1743534819.2615294,6.154777526855469,3.339139223098755,2.184998035430908,0.0015224601234957735,0.0016723559458716969,-0.7087195339668115,-0.7054867791483396,136.60000276565552,drone3
1743534819.4615376,6.152172088623047,3.3408288955688477,2.1898632049560547,0.0017635365058525675,0.0006823061932379014,-0.7089038729223055,-0.7053026930739368,136.80001091957092,drone3
1743534819.6615577,6.147364139556885,3.340207815170288,2.1948108673095703,0.0027414022487207102,-0.0012007953242116677,-0.7091626265840207,-0.705038628909309,137.00003099441528,drone3
1743534819.8615222,6.13881254196167,3.3387985229492188,2.2002201080322266,0.002308783329161638,-0.0027309708625550587,-0.7094637221880575,-0.7047329814456332,137.1999955177307,drone3
1743534820.0615077,6.130538463592529,3.3422787189483643,2.2046146392822266,0.002196499967666409,-0.0038027713528828245,-0.7096979699269056,-0.7044924959732055,137.3999810218811,drone3
1743534820.2615447,6.124781608581543,3.352752923965454,2.211890459060669,0.0017808319425837809,-0.0032624909018216745,-0.7105450335016467,-0.7036420606505835,137.60001802444458,drone3
1743534820.461526,6.12304162979126,3.3724255561828613,2.2195053100585938,0.00079253127387343,-0.0017874766978281853,-0.7125048853357332,-0.7016644228464254,137.79999923706055,drone3
1743534820.6615605,6.1226019859313965,3.398867130279541,2.2274856567382812,-4.8443912834685814e-05,0.00019940616572339677,-0.7152653422405201,-0.6988530525486374,138.00003385543823,drone3
1743534820.8614967,6.123032569885254,3.4274520874023438,2.235673427581787,-0.0010706296393515175,0.0022240385703109133,-0.7182062735969919,-0.6958259730338093,138.19997000694275,drone3
1743534821.0614989,6.123781204223633,3.452850580215454,2.2449264526367188,-0.0011936020425509718,0.0034821005133465277,-0.7209139214884113,-0.6930148967761441,138.39997220039368,drone3
1743534821.2615092,6.1227641105651855,3.476195812225342,2.2556233406066895,-0.0010257604501626861,0.003996449457316842,-0.7237600849974618,-0.6900393424421651,138.5999825000763,drone3
1743534821.461489,6.120105743408203,3.4955413341522217,2.263871192932129,-0.0012553203399307314,0.0032750961022491444,-0.7266821312730781,-0.6869649774560305,138.7999622821808,drone3
1743534821.6614912,6.118673801422119,3.5119400024414062,2.26911997795105,-0.0005766904714087298,0.0021448454651395786,-0.7291715651734215,-0.6843274395300198,138.9999644756317,drone3
1743534821.861566,6.121218681335449,3.5274784564971924,2.273428440093994,0.00022064854780417322,0.0015868078553290547,-0.7309925882519634,-0.6823835162412201,139.20003938674927,drone3
1743534822.0616379,6.127414703369141,3.539468288421631,2.278759002685547,0.0011671137566583263,0.0015475115784595115,-0.7321516740012177,-0.6811388723894888,139.4001111984253,drone3
1743534822.2614913,6.135460376739502,3.548861265182495,2.28375244140625,0.0025344063987019307,0.0020687021619027746,-0.7328304885091561,-0.6804034968108487,139.59996461868286,drone3
1743534822.4615655,6.13903284072876,3.559597969055176,2.290064573287964,0.003280388001279167,0.0022771448342055922,-0.7331996027058804,-0.680001845247074,139.80003881454468,drone3
1743534822.66148,6.138039588928223,3.57137393951416,2.2958056926727295,0.0032036000652871117,0.002051903185412517,-0.7334213320075402,-0.679763678674495,139.9999532699585,drone3
1743534822.8615112,6.136894226074219,3.583199977874756,2.3013930320739746,0.0024266308155228757,0.001448437035171694,-0.7335797435718464,-0.6795975120900628,140.19998455047607,drone3
1743534823.0615036,6.133493900299072,3.5943470001220703,2.3072316646575928,0.001544374169525903,0.0010584382106705653,-0.7336520991740274,-0.679522711970668,140.39997696876526,drone3
1743534823.261476,6.12551736831665,3.6042914390563965,2.3121068477630615,0.0009302077186563409,0.0009225045216099674,-0.7336792180368662,-0.6794948344645562,140.5999493598938,drone3
1743534823.461496,6.115416526794434,3.613828420639038,2.3152389526367188,0.00016762320642457168,0.0001397410004657094,-0.7337105068035294,-0.6794621969987406,140.79996943473816,drone3
1743534823.6615036,6.107271194458008,3.6238622665405273,2.3169548511505127,0.00024770809018839323,2.5888670828629347e-05,-0.7337028597847027,-0.6794704340734463,140.99997687339783,drone3
1743534823.8614748,6.099318027496338,3.6358695030212402,2.321502685546875,0.000173162974147324,0.00012099593363276057,-0.7337051383487003,-0.6794679869220547,141.19994807243347,drone3
1743534824.0614643,6.0911173820495605,3.6497390270233154,2.3275203704833984,3.9340605146823344e-05,0.0003482047706309573,-0.7337217600120819,-0.6794500165595209,141.3999376296997,drone3
1743534824.2615871,6.083641529083252,3.66255259513855,2.3321948051452637,-0.00019677840850024553,0.0010859963226961184,-0.7337439872063153,-0.6794251762606798,141.60006046295166,drone3
1743534824.4615202,6.078805446624756,3.669410228729248,2.333688497543335,-0.00013554908041766322,0.0011691569115738587,-0.733766649039924,-0.6794006599657366,141.79999351501465,drone3
1743534824.6614835,6.06672477722168,3.683734655380249,2.3389089107513428,0.0016201362578106477,0.0008470250087283649,-0.7338337020417268,-0.6793266948807779,141.99995684623718,drone3
1743534824.8615754,6.054915428161621,3.697263479232788,2.3569183349609375,-0.0006997842937518438,0.0013824894826436065,-0.7339162413761793,-0.679238339281231,142.20004868507385,drone3
1743534825.0614731,6.045284271240234,3.7116622924804688,2.3659024238586426,-0.0005601458371551643,0.0010195297341981605,-0.7339936941128522,-0.6791552388668577,142.39994645118713,drone3
1743534825.261453,6.037454128265381,3.726003885269165,2.3616740703582764,-0.000493169494048996,0.0014940046931293048,-0.7340273720789905,-0.6791181891528385,142.59992623329163,drone3
1743534825.4614775,6.030513763427734,3.73710298538208,2.3495821952819824,-0.0008902903950858944,0.001630528748691123,-0.7340245930211667,-0.6791204624484801,142.799950838089,drone3
1743534825.6614726,6.025979995727539,3.743847370147705,2.3364734649658203,3.9794527528466506e-05,0.0016037524524736408,-0.7340268900244106,-0.6791185869137213,142.99994587898254,drone3
1743534825.8614516,6.022418022155762,3.747756242752075,2.3284389972686768,0.0016975471151687068,0.001433679896507952,-0.734043337832042,-0.6790989359456032,143.1999249458313,drone3
1743534826.0614605,6.0181097984313965,3.752206325531006,2.3241381645202637,0.002643658027077565,0.0012174536191315807,-0.7341308504946187,-0.6790018980952629,143.39993381500244,drone3
1743534826.2614543,6.011198043823242,3.7563438415527344,2.31947922706604,0.002591693267769411,0.0008439564794343878,-0.7342933424006964,-0.678826930722026,143.5999276638031,drone3
1743534826.4614573,6.00410270690918,3.762230634689331,2.314126491546631,0.002128787021948547,0.0007522375284489675,-0.734517121092865,-0.6785865461715441,143.79993057250977,drone3
1743534826.6614835,5.998244285583496,3.7725987434387207,2.307321310043335,0.0015386899837642816,0.0009130718780000631,-0.7347200766076912,-0.6783680806164658,143.99995684623718,drone3
1743534826.861466,5.9917707443237305,3.784949779510498,2.2959306240081787,0.000982048529469713,0.0017589618852688336,-0.7349218862550735,-0.6781489064674971,144.19993925094604,drone3
1743534827.0614877,5.985598564147949,3.796494722366333,2.2846763134002686,0.0004980041162364611,0.0021666826363881584,-0.7351204795710788,-0.6779329486499054,144.39996099472046,drone3
1743534827.2614722,5.9785871505737305,3.8031022548675537,2.27539324760437,0.0007708980456271661,0.0024130135145048726,-0.735287462750701,-0.6777507083111223,144.59994554519653,drone3
1743534827.4615643,5.969707489013672,3.8044497966766357,2.2671968936920166,0.0010085187259680785,0.0019031041071760914,-0.7355082490166253,-0.6775124732499145,144.80003762245178,drone3
1743534827.661434,5.959858417510986,3.8027515411376953,2.2612640857696533,0.001611035543141612,0.0006067146679807243,-0.7358408087248005,-0.6771524337965101,144.99990725517273,drone3
1743534827.8615851,5.951045513153076,3.80045223236084,2.2549450397491455,0.002299648452496251,-0.00025849172563716344,-0.7362209127122741,-0.6767373479247726,145.2000584602356,drone3
1743534828.0615132,5.937269687652588,3.79970121383667,2.24666166305542,0.0026955778407230496,-0.0011360043404757246,-0.736870825018846,-0.6760273342122239,145.39998650550842,drone3
1743534828.2615213,5.9222493171691895,3.8022940158843994,2.239706516265869,0.002029105773953234,-0.0016620085344205718,-0.7378390171544823,-0.674971645219079,145.59999465942383,drone3
1743534828.4615142,5.908690929412842,3.805140972137451,2.2355494499206543,0.0022644520473587334,-0.0004797113138477347,-0.7428430914047565,-0.6694615559055832,145.79998755455017,drone3
1743534828.6615298,5.894347190856934,3.8077332973480225,2.233347177505493,0.0020171324469813465,-0.0001837290609613462,-0.7562025913456751,-0.6543345014318146,146.00000309944153,drone3
1743534828.8615239,5.879091262817383,3.809946060180664,2.2310967445373535,0.0010709828713070385,-0.0009063182519714584,-0.7780444264064607,-0.6282076805766235,146.19999718666077,drone3
1743534829.061562,5.864869594573975,3.812458038330078,2.2284586429595947,0.00014740086476896835,-0.0020393562661740043,-0.8037137326843539,-0.5950126330286252,146.40003538131714,drone3
1743534829.2615612,5.852003574371338,3.813840389251709,2.2266268730163574,7.551357005112976e-05,-0.0026708748484116844,-0.8281517609298499,-0.5604975461852655,146.60003447532654,drone3
1743534829.4615405,5.842885494232178,3.815737247467041,2.2271368503570557,0.00037002973822662145,-0.002708925961673244,-0.8463312666627054,-0.5326498905787989,146.80001378059387,drone3
1743534829.6614707,5.832982063293457,3.822641611099243,2.2272655963897705,0.001327905979940424,-0.0010008904756596904,-0.8626721477394097,-0.5057609177252731,146.9999439716339,drone3
1743534829.8614736,5.825926780700684,3.827996015548706,2.2562601566314697,0.0021038922285494,-0.001290951796033839,-0.8716966309425623,-0.4900396374685275,147.19994688034058,drone3
1743534830.0614958,5.816866874694824,3.8386659622192383,2.2727837562561035,0.00233735605247883,-0.00037323355725779004,-0.8777680109111021,-0.4790801503033912,147.39996910095215,drone3
1743534830.2614725,5.805013179779053,3.854581832885742,2.2586634159088135,0.001511341535846454,0.0008183018079910918,-0.8823765159146774,-0.470540945913993,147.5999457836151,drone3
1743534830.4617393,5.793642520904541,3.8683416843414307,2.2395336627960205,0.0005405325089716637,0.0015441000092154193,-0.8854557225200347,-0.46472092974997214,147.80021262168884,drone3
1743534830.6614928,5.782058238983154,3.8790087699890137,2.2182085514068604,0.00025934157732488436,0.001785508431771089,-0.8886431411589439,-0.4585958757698538,147.99996614456177,drone3
1743534830.8615339,5.7726263999938965,3.882457971572876,2.201474666595459,0.00018143160496832177,0.001488641547815321,-0.8914245381327234,-0.45316681377262,148.2000072002411,drone3
1743534831.0614893,5.762068271636963,3.884016275405884,2.179448127746582,0.00038770585227003917,0.00031070521154678463,-0.8955936411671482,-0.4448727986744339,148.3999626636505,drone3
1743534831.2614975,5.752035617828369,3.884194850921631,2.1555535793304443,0.001124971250425277,-0.0007821489492736284,-0.9005331253720794,-0.43478516121759403,148.59997081756592,drone3
1743534831.4615064,5.743268966674805,3.886911392211914,2.1333274841308594,0.0014838003401829486,-0.0016852768463620983,-0.9059048465819142,-0.4234753705210594,148.79997968673706,drone3
1743534831.6615436,5.736222743988037,3.8953652381896973,2.113720417022705,0.0015368581650421376,-0.0015634765237648792,-0.9109146106567373,-0.41258923994575625,149.00001692771912,drone3
1743534831.861682,5.728731632232666,3.907740592956543,2.0977284908294678,0.0015874466023427605,-0.000502901423628939,-0.9149356518123434,-0.4035963036587141,149.2001552581787,drone3
1743534832.0615652,5.7222185134887695,3.919907569885254,2.0835421085357666,0.0015276120303690536,0.0005057722249345556,-0.9176614781663612,-0.3973597291174358,149.40003848075867,drone3
1743534832.2615447,5.717041492462158,3.9285566806793213,2.0689971446990967,0.0016404896459646728,0.0009667417325164739,-0.9191506316913725,-0.3939017277110868,149.60001802444458,drone3
1743534832.4615273,5.7114129066467285,3.9315764904022217,2.0550010204315186,0.0020995846477636503,0.0009238840675272762,-0.9198655054623899,-0.3922272544931732,149.80000066757202,drone3
1743534832.6616113,5.704041481018066,3.933314323425293,2.0442891120910645,0.0025174796645771173,-0.00013146705112590727,-0.9202975317330508,-0.3912109886084542,150.00008463859558,drone3
1743534832.8615067,5.693002223968506,3.9354679584503174,2.035184144973755,0.0026783978962349173,-0.0010174767011148422,-0.9209339069987168,-0.3897082427247983,150.19998002052307,drone3
1743534833.061501,5.678549766540527,3.938858985900879,2.028226613998413,0.0023655739849423466,-0.0020666623614481643,-0.921943429387674,-0.3873118361387417,150.3999743461609,drone3
1743534833.261485,5.662192344665527,3.9464335441589355,2.0217461585998535,0.0012610246936180763,-0.002635322705762766,-0.9230864729927137,-0.3845813736313876,150.5999584197998,drone3
1743534833.4615571,5.646162033081055,3.9592032432556152,2.0168697834014893,0.00019786735300339304,-0.002292784525407444,-0.9238560112262498,-0.3827333818381547,150.8000304698944,drone3
1743534833.661509,5.6332926750183105,3.9739861488342285,2.012704849243164,-0.0005630559041769149,-0.0012040134460065428,-0.9239269022254452,-0.3825668174928396,150.99998235702515,drone3
1743534833.861502,5.6229023933410645,3.988677501678467,2.0099551677703857,-0.0002576631467379337,-0.00024397494157042449,-0.9231163551083079,-0.3845207243163805,151.1999752521515,drone3
1743534834.0614843,5.613186359405518,4.0036940574646,2.0079948902130127,0.0003929710416608939,0.0008308997644287987,-0.9215283461501145,-0.38831006317229794,151.39995765686035,drone3
1743534834.2614837,5.603151798248291,4.017309188842773,2.0064406394958496,0.000870736870975523,0.0012583977801552497,-0.919599137379801,-0.3928550739485914,151.59995698928833,drone3
1743534834.4615111,5.592322826385498,4.028146743774414,2.00575590133667,0.0008663416008726354,0.0013055882358371405,-0.9178603691444842,-0.3969003706155156,151.79998445510864,drone3
1743534834.6615613,5.583803176879883,4.035012722015381,2.0061161518096924,0.0010687909419263655,0.0006999176901739093,-0.9170924957114641,-0.3986726877422472,152.00003457069397,drone3
1743534834.8615472,5.571224212646484,4.038871765136719,2.0178072452545166,0.001498846394670051,-0.0001505841866023275,-0.9169781934583026,-0.3989346725525909,152.20002055168152,drone3
1743534835.0615306,5.558294773101807,4.046079158782959,2.0425093173980713,0.0013749345237087298,-0.0013291147512468596,-0.9175820524303424,-0.3975420774575182,152.4000039100647,drone3
1743534835.2616384,5.545817852020264,4.057171821594238,2.046841859817505,0.0007798543126742724,-0.0012962357307912205,-0.9185959370181205,-0.39519534093243164,152.60011172294617,drone3
1743534835.461517,5.534342288970947,4.069701194763184,2.0376358032226562,0.0007243099163607617,-0.0007731934591032416,-0.9195603412057468,-0.3929473966202546,152.79999041557312,drone3
1743534835.6615171,5.523937225341797,4.080413341522217,2.0216290950775146,0.00048689406908622673,-0.00032522540538190405,-0.9203259808557956,-0.39115168799259936,152.99999046325684,drone3
1743534835.8614676,5.5131916999816895,4.091940402984619,2.006702184677124,0.0007613814189423014,0.0003140997177997719,-0.9206681711188557,-0.3903452080463435,153.1999409198761,drone3
1743534836.0615158,5.501062870025635,4.103387355804443,1.9961090087890625,0.0010817918864439282,0.0007882045129788821,-0.9208818345673817,-0.38983946693763705,153.3999891281128,drone3
1743534836.2614956,5.487205982208252,4.115323543548584,1.9892938137054443,0.000705893384777892,0.00019387902224740722,-0.9213117745690412,-0.388823938622767,153.59996891021729,drone3
1743534836.4615512,5.475498199462891,4.127511501312256,1.9855015277862549,-0.00019066426391700395,0.00016674891398947325,-0.9219618054136248,-0.3872809003519347,153.80002450942993,drone3
1743534836.6614664,5.466710090637207,4.140812873840332,1.98329758644104,-6.661180785164572e-05,0.0003769862011083871,-0.922650990680475,-0.38563590885455445,153.9999396800995,drone3
1743534836.8614864,5.459104061126709,4.156097412109375,1.9791762828826904,0.0005624751502390976,0.0009681090561306887,-0.923444362956844,-0.383730618420771,154.19995975494385,drone3
1743534837.061501,5.451176166534424,4.170477390289307,1.9748115539550781,0.0010520728223539777,0.001577624308108618,-0.9242813150745732,-0.381707316811157,154.3999743461609,drone3
1743534837.261485,5.443637371063232,4.183793544769287,1.9708857536315918,0.0013741228187262903,0.0016321081647959331,-0.9251541973806583,-0.3795853705026033,154.5999584197998,drone3
1743534837.4614851,5.437307357788086,4.196153163909912,1.9671273231506348,0.0012176814755313365,0.001991593597053389,-0.9263503249413974,-0.37665608023739916,154.79995846748352,drone3
1743534837.6614687,5.431292533874512,4.205041885375977,1.9649791717529297,0.0013838689893312121,0.001883645454633727,-0.9278771577489773,-0.37287852142564043,154.99994206428528,drone3
1743534837.8615644,5.42288064956665,4.210329532623291,1.9617667198181152,0.0018952865664808535,0.0008720926289018153,-0.930230174154492,-0.36697075552301994,155.2000377178192,drone3
1743534838.0614905,5.415760040283203,4.210768222808838,1.960819959640503,0.002256504320646073,-0.00025266418296796824,-0.9329369290595586,-0.3600327942022476,155.3999638557434,drone3
1743534838.2615173,5.406467914581299,4.210531711578369,1.961463451385498,0.0023399589084875955,-0.0011185215889910293,-0.9359589213180625,-0.35209976686155736,155.59999060630798,drone3
1743534838.4614818,5.396392345428467,4.212807655334473,1.961012840270996,0.0019079697632733133,-0.0014736233579925508,-0.9390573047394923,-0.34375233063288374,155.7999551296234,drone3
1743534838.661496,5.385991096496582,4.220192909240723,1.9622321128845215,0.0015541865032743525,-0.0012084389885772839,-0.9417672417316216,-0.33625990644652637,155.9999692440033,drone3
1743534838.8615708,5.376104354858398,4.229836940765381,1.9642767906188965,0.0010856209523265597,-0.00018481323101665265,-0.9440708620306815,-0.3297409269468008,156.20004415512085,drone3
1743534839.0614839,5.3673930168151855,4.237127304077148,1.9657433032989502,0.0008003299637321116,0.0009052023534477245,-0.9459430250415355,-0.3243308731782455,156.3999571800232,drone3
1743534839.2614782,5.360490322113037,4.240104675292969,1.9670791625976562,0.0011609510457038254,0.0012624117426982544,-0.947660150870142,-0.3192764755908493,156.599951505661,drone3
1743534839.4614549,5.355242729187012,4.239134311676025,1.969223976135254,0.0018032994644035865,0.0007525069966298184,-0.9494041031678258,-0.3140511936061656,156.79992818832397,drone3
1743534839.6614652,5.349740505218506,4.238972187042236,1.9699201583862305,0.00227602901285487,-8.515416773945398e-05,-0.9511172250458237,-0.3088220130379947,156.9999384880066,drone3
1743534839.8614852,5.347127914428711,4.238684177398682,1.979668140411377,0.0035344045877124105,-0.0006582740108259884,-0.9535843118968332,-0.30110486185537727,157.19995856285095,drone3
1743534840.061488,5.340005874633789,4.244544982910156,1.9921982288360596,0.0035230027127373235,-0.0006872804268607232,-0.9564742580789525,-0.2917946019458965,157.39996123313904,drone3
1743534840.2616396,5.328434944152832,4.254870891571045,1.9941742420196533,0.0023883472360499884,-1.3043050206966557e-05,-0.959274305033198,-0.28246634533210163,157.60011291503906,drone3
1743534840.4615176,5.314332962036133,4.265829563140869,1.9867734909057617,0.001275158931495326,0.0008179177736453513,-0.9615625838794,-0.27458189223432017,157.79999089241028,drone3
1743534840.661491,5.301508903503418,4.278217792510986,1.976830244064331,0.00022765085155754223,0.0016110040976413447,-0.9633705361665476,-0.26816897527887235,157.99996423721313,drone3
1743534840.8615217,5.289754867553711,4.289750099182129,1.9708504676818848,-0.00013428216426141092,0.0025544948050095512,-0.9647247987028996,-0.26324807783413434,158.19999504089355,drone3
1743534841.0615058,5.276663780212402,4.304799556732178,1.967270851135254,-0.0001786678994633195,0.003137013477632078,-0.9666700022022228,-0.2560064484698411,158.39997911453247,drone3
1743534841.2615023,5.26665735244751,4.311946392059326,1.966221809387207,0.0006809872932245275,0.0026303490072073494,-0.9687236495427647,-0.24812734802182046,158.5999755859375,drone3
1743534841.4614618,5.255664348602295,4.315053939819336,1.9670720100402832,0.0009618205528854083,0.0017555721508910754,-0.9711594423587548,-0.23842257253685362,158.79993510246277,drone3
1743534841.6616168,5.246191501617432,4.316492080688477,1.9671876430511475,0.001091725196876448,0.000776638341438806,-0.9730437015151314,-0.23061710263318147,159.0000901222229,drone3
1743534841.8614986,5.232104301452637,4.315614700317383,1.9680287837982178,0.0015370837525502667,-0.00048160672841881743,-0.9757605716638406,-0.21883503542565813,159.19997191429138,drone3
1743534842.0614817,5.218165397644043,4.312593936920166,1.9775967597961426,0.0013638459229864746,-0.0017761512551750713,-0.977988496222975,-0.20864675129457422,159.39995503425598,drone3
1743534842.2614894,5.205066204071045,4.311646461486816,1.980832815170288,0.0009907914486757409,-0.0022264967934819586,-0.9797629206921321,-0.20014678562113963,159.59996271133423,drone3
1743534842.4615223,5.191748142242432,4.313437461853027,1.975740671157837,0.0009832812424705785,-0.0017752099069599423,-0.9810070113664767,-0.1939615670147718,159.79999566078186,drone3
1743534842.6615863,5.179461479187012,4.316929817199707,1.9672448635101318,0.0008779291390950527,-0.0010376823334897823,-0.9816917290673846,-0.19047172366437282,160.00005960464478,drone3
1743534842.861502,5.16658878326416,4.323380470275879,1.957561731338501,0.0011884403295385302,-0.00020405334967994558,-0.9819791284273804,-0.18898575222642422,160.1999752521515,drone3
1743534843.061532,5.152035236358643,4.3317413330078125,1.9524376392364502,0.0012089055982306132,0.000905433368803167,-0.9819970408379977,-0.18889037390824404,160.40000534057617,drone3
1743534843.2614849,5.133373737335205,4.33997917175293,1.9495673179626465,0.0005364839008136702,0.0014729166574175719,-0.9819911824260545,-0.1889201717301413,160.59995818138123,drone3
1743534843.4614766,5.115940093994141,4.347644805908203,1.948439598083496,-0.0003367477631326854,0.0012668660657219383,-0.9820962545193922,-0.18837525512574388,160.79994988441467,drone3
1743534843.6615355,5.097448348999023,4.3542022705078125,1.9506824016571045,-0.0006197442386047105,0.0009346200099481717,-0.9823268399275953,-0.187170656048454,161.00000882148743,drone3
1743534843.8614502,5.08274507522583,4.361284255981445,1.9539086818695068,-0.0005161325760775168,0.00051730238714516,-0.9826403703336679,-0.18551955325803982,161.19992351531982,drone3
1743534844.0615094,5.07056188583374,4.368933200836182,1.9549534320831299,0.00013196658800463735,0.00045340728665045534,-0.9829530578027701,-0.18385605929416327,161.39998269081116,drone3
1743534844.2615314,5.05783748626709,4.379183292388916,1.9543285369873047,0.0008888218202537354,0.0006767319226705508,-0.9831943063636466,-0.18255911647178613,161.60000467300415,drone3
1743534844.4615314,5.044971466064453,4.391183376312256,1.95070219039917,0.0007580581564008214,0.0015574251634260573,-0.9832854278501271,-0.18206279518372182,161.80000472068787,drone3
1743534844.6616783,5.038290500640869,4.395969390869141,1.9489812850952148,0.0009183401105868148,0.0018874776691822812,-0.9832862286402488,-0.18205466084195915,162.0001516342163,drone3
1743534844.861549,5.025250434875488,4.4010701179504395,1.950035810470581,0.0014998022720233788,0.0018538497935856834,-0.9832480014486493,-0.18225717644905404,162.20002222061157,drone3
1743534845.0615327,5.010406970977783,4.402384281158447,1.9537630081176758,0.0010236743663771981,0.0008608707629520754,-0.9833021601489859,-0.1819757619415468,162.4000060558319,drone3
1743534845.2615616,4.995258331298828,4.40403413772583,1.958402395248413,0.0008010041692516681,-0.0002293744889094609,-0.9834229108699697,-0.18132488815999304,162.6000349521637,drone3
1743534845.461596,4.979164123535156,4.407588481903076,1.9639089107513428,0.0006875739936548197,-0.0008672543641400635,-0.9835737965876387,-0.18050327749512174,162.8000693321228,drone3
1743534845.661536,4.963575839996338,4.409933567047119,1.9680545330047607,-0.00010666299281226277,-0.0006667472354765013,-0.9836971604132301,-0.17983208893258573,163.00000929832458,drone3
1743534845.8614933,4.94563627243042,4.411996364593506,1.9744071960449219,-3.469780462683981e-05,-0.0007581076295568408,-0.9837390122338014,-0.17960293651723191,163.19996666908264,drone3
1743534846.061476,4.924103260040283,4.411991119384766,1.9824347496032715,-0.00041984640766764414,-0.0007449229922805822,-0.9836289668123394,-0.18020407701754287,163.39994931221008,drone3
1743534846.2614682,4.904242992401123,4.409663200378418,1.9892804622650146,-0.0007995948634249269,-0.0013987570960338278,-0.983403396879109,-0.1814252398062975,163.5999414920807,drone3
1743534846.4614906,4.886976718902588,4.405818939208984,2.0008552074432373,-0.0009364260065226237,-0.001971803676043849,-0.9830679079649624,-0.18322912492256377,163.79996395111084,drone3
1743534846.6615286,4.872588157653809,4.403796672821045,2.012532949447632,-0.0007371611397553074,-0.002306400427018376,-0.9826593785623463,-0.1854040287462715,164.00000190734863,drone3
1743534846.8615005,4.860264301300049,4.4059295654296875,2.021178722381592,0.0003731672912168287,-0.0017918884932823355,-0.9820573529782166,-0.18857372463538175,164.19997382164001,drone3
1743534847.0614896,4.851059913635254,4.411550045013428,2.0301125049591064,0.0014169117275529435,-0.00046323662936864076,-0.9814045404416314,-0.1919450089009196,164.3999629020691,drone3
1743534847.2614613,4.842506408691406,4.421738624572754,2.039458751678467,0.001977388709698131,0.0008021011191863249,-0.9807882692227051,-0.19506336992854362,164.5999345779419,drone3
1743534847.461506,4.831719398498535,4.4373064041137695,2.0404584407806396,0.0019002691142282432,0.0023590304809158634,-0.9802870589002136,-0.1975555973746898,164.7999792098999,drone3
1743534847.661481,4.8205084800720215,4.453408718109131,2.03751802444458,0.0013471956952369566,0.0036763787164632565,-0.980041342773395,-0.19875509668330987,164.9999542236328,drone3
1743534847.861746,4.807102680206299,4.4670939445495605,2.0324623584747314,0.0010803279420026745,0.004281702126852718,-0.9801288396309036,-0.19831314482982465,165.2002193927765,drone3
1743534848.061497,4.79103946685791,4.473743915557861,2.0264732837677,0.00046643505656696174,0.0040939718317788455,-0.9806863159961572,-0.19554388614841633,165.39997029304504,drone3
1743534848.261549,4.775976657867432,4.472053050994873,2.0219619274139404,-8.083633835415974e-06,0.0027004587256620124,-0.9818184224940084,-0.18980327464699004,165.600022315979,drone3
1743534848.4615505,4.763942718505859,4.465991973876953,2.018764019012451,0.00019565812139474552,0.000810660860121568,-0.983534642165372,-0.18071784710089067,165.8000237941742,drone3
1743534848.6614945,4.751599311828613,4.461199760437012,2.0149266719818115,0.0007470290639211637,-0.0008568863783181162,-0.9855860135760943,-0.1691710436017551,165.99996781349182,drone3
1743534848.861449,4.737875461578369,4.455770015716553,2.010059356689453,0.001446962934739348,-0.0016554079736863512,-0.9878790128693293,-0.15521061652894608,166.19992232322693,drone3
1743534849.0615582,4.7249369621276855,4.450874328613281,2.0067086219787598,0.0015422049856551375,-0.002153340010168376,-0.9896729091824985,-0.14331976830541604,166.40003156661987,drone3
1743534849.2614882,4.709914207458496,4.447965145111084,1.9989421367645264,0.001240363929814933,-0.0017446454569373878,-0.9910541035550491,-0.13344337085331281,166.59996151924133,drone3
1743534849.4614897,4.695159912109375,4.445952415466309,1.9921278953552246,0.0006346260685552759,-0.0011593148610043226,-0.9918802660795596,-0.12716863234070785,166.79996299743652,drone3
1743534849.661536,4.691152095794678,4.445756435394287,1.9899072647094727,0.0005939277298487216,-0.0010603596171700294,-0.9920485584456636,-0.12584973101025648,167.00000929832458,drone3
1743534849.8614597,4.673819541931152,4.444050312042236,1.9837000370025635,0.0015378354399470922,0.0001393916464628655,-0.9923737635287737,-0.12325609824659306,167.199933052063,drone3
1743534850.061469,4.6600823402404785,4.444247722625732,1.9879369735717773,0.0013551860627064975,-0.0005938577389150959,-0.992475506021079,-0.12243516193129783,167.3999423980713,drone3
1743534850.2614627,4.645733833312988,4.447417736053467,1.9962153434753418,0.0009357874858837264,-0.00034778671834532874,-0.9925582402847059,-0.1217672608229457,167.59993600845337,drone3
1743534850.4615405,4.634728908538818,4.451003551483154,1.9991188049316406,0.0006468133607537103,-0.00010440803351935357,-0.9925829383379332,-0.12156799052318623,167.80001378059387,drone3
1743534850.6615644,4.62149715423584,4.454291343688965,1.996495008468628,0.000318752159822773,8.909589618188772e-05,-0.9925266301483228,-0.12202840269631926,168.0000376701355,drone3
1743534850.861538,4.607053279876709,4.453917503356934,1.9921560287475586,0.0005996581783620285,5.3960828291434164e-05,-0.992317033870678,-0.12371988216760693,168.20001125335693,drone3
1743534851.0615335,4.591287136077881,4.4515485763549805,1.9908742904663086,0.0004457227340023514,-0.00043146052626415464,-0.9919770352437407,-0.1264169011506675,168.40000677108765,drone3
1743534851.2615454,4.572827339172363,4.448376655578613,1.991776704788208,0.00017969424107915427,-0.000899182104191727,-0.9915748700152498,-0.12953231189889586,168.60001873970032,drone3
1743534851.4615524,4.556208610534668,4.446455955505371,1.9937922954559326,-0.0003195480211502911,-0.001359755785365316,-0.9912043992168389,-0.13233237992656555,168.80002570152283,drone3
1743534851.661532,4.541027069091797,4.4474263191223145,1.9971771240234375,-0.0002930384766175736,-0.0012619839871708994,-0.9909261878698186,-0.13440149516051098,169.00000524520874,drone3
1743534851.8615258,4.526724815368652,4.451131343841553,1.9981451034545898,-1.0314617992337425e-05,-0.0008073545756805529,-0.9907003650554972,-0.13606014223680868,169.1999990940094,drone3
1743534852.061523,4.513523578643799,4.455402851104736,1.998659372329712,0.0005116321083129435,-0.00021129566203721434,-0.9904386331262446,-0.13795329437822101,169.39999628067017,drone3
1743534852.2615178,4.50031042098999,4.459566593170166,1.999631404876709,0.0006626215981907411,-0.0001702848336718642,-0.9900874234376034,-0.14045112735521903,169.59999108314514,drone3
1743534852.4615295,4.48973274230957,4.465753555297852,2.0044946670532227,0.0008346929602152524,-0.0002015106887551107,-0.9895602506564289,-0.14411756600087877,169.80000281333923,drone3
1743534852.6615126,4.479664325714111,4.475075721740723,2.0110135078430176,0.0009056146846277771,0.00018370099050184913,-0.9888555132024783,-0.14887615593200126,169.99998593330383,drone3
1743534852.8615808,4.470242023468018,4.486196041107178,2.016951322555542,0.0014923843855264285,0.0006118655150089261,-0.987991755689096,-0.15449846122965755,170.20005416870117,drone3
1743534853.0615535,4.459843635559082,4.499128341674805,2.0222890377044678,0.0016022077334325719,0.0011129525044618427,-0.9869085816823661,-0.16126926814923565,170.4000267982483,drone3
1743534853.2615423,4.449974060058594,4.511928558349609,2.023719549179077,0.0013095426001021662,0.001589153004350271,-0.9856981663399818,-0.16850803152783023,170.6000156402588,drone3
1743534853.4615483,4.438681602478027,4.522825717926025,2.026618719100952,0.0009318433187688098,0.0021663781007122324,-0.9842960249837214,-0.1765100321861085,170.80002164840698,drone3
1743534853.661538,4.429360866546631,4.5285491943359375,2.032938241958618,0.0008642450421133999,0.0017161061959131447,-0.9830907937037039,-0.1831087956700651,171.00001120567322,drone3
1743534853.8615184,4.418300628662109,4.530550003051758,2.03829026222229,0.0012640574968724872,0.0008104166430066862,-0.9821875024464184,-0.18789735201047886,171.19999170303345,drone3
1743534854.0615172,4.405298233032227,4.5313544273376465,2.0480151176452637,0.001297340336305934,-0.0005080676641350409,-0.9815905766309585,-0.19099215294978533,171.39999055862427,drone3
1743534854.2615645,4.394811153411865,4.533702373504639,2.0567080974578857,0.0014053919190896997,-0.001378521353254732,-0.981294031404836,-0.1925053091050235,171.60003781318665,drone3
1743534854.4615011,4.381921768188477,4.539571762084961,2.063267230987549,0.0014691015547364592,-0.0011548899461088142,-0.9810677449751809,-0.1936556230414313,171.79997444152832,drone3
1743534854.661532,4.376889228820801,4.54292631149292,2.068816661834717,0.0013162378677684587,-0.0009498872119127186,-0.980955887239233,-0.19422426832154027,172.00000524520874,drone3
1743534854.8614626,4.364223003387451,4.551432132720947,2.0795962810516357,0.0016790412118932586,-4.5389850940382816e-05,-0.9803619538500175,-0.19719941435792426,172.19993591308594,drone3
1743534855.0614586,4.353908061981201,4.556596755981445,2.0968017578125,0.0021838723767258266,0.00033521446572308674,-0.9795582977426116,-0.20114874265078908,172.3999319076538,drone3
1743534855.2614472,4.340519428253174,4.560578346252441,2.103116989135742,0.001987570466336052,0.00021143740345294112,-0.9784750815890332,-0.2063551849941883,172.59992051124573,drone3
1743534855.4614587,4.326085090637207,4.564024925231934,2.1011760234832764,0.0014953969385372299,-3.8220853108418804e-05,-0.9774652430987123,-0.21109105777396342,172.79993200302124,drone3
1743534855.6614678,4.3094706535339355,4.569042205810547,2.093264102935791,0.0009338195285192038,-0.00027319196193952613,-0.9766914269600522,-0.21464631303325138,172.99994111061096,drone3
1743534855.8615427,4.295990943908691,4.573485851287842,2.0880188941955566,0.0006365597610258765,-0.0003611630743914689,-0.9762580309168147,-0.2166099768522225,173.20001602172852,drone3
1743534856.0615344,4.281445503234863,4.57842493057251,2.0851876735687256,0.0004455395165018553,-0.00036090947816222685,-0.9758982654179257,-0.21822529696825105,173.40000772476196,drone3
1743534856.2614982,4.266618251800537,4.584110260009766,2.0836431980133057,0.0005030985548116543,-0.0003170298086903084,-0.9755835970469433,-0.2196276912056025,173.59997153282166,drone3
1743534856.4615035,4.250504493713379,4.5924835205078125,2.0832772254943848,0.0003362682089641659,0.00045848906882340105,-0.9752455371750375,-0.22112411506198182,173.7999768257141,drone3
1743534856.6615188,4.235567569732666,4.600269317626953,2.0833683013916016,0.0001674875835562867,0.0009665367605383573,-0.9749878091963933,-0.22225596867874187,173.9999921321869,drone3
1743534856.8614886,4.221746444702148,4.607590198516846,2.081031322479248,0.0005400016809391885,0.0013231172089144903,-0.9748950439828208,-0.2226602833965069,174.19996190071106,drone3
1743534857.061493,4.206929683685303,4.613387584686279,2.079563856124878,0.0009786342848885476,0.0014516028849962286,-0.9751165678185941,-0.22168610114002607,174.3999662399292,drone3
1743534857.2614975,4.191952705383301,4.617981910705566,2.0794739723205566,0.0009376464515597476,0.0009001540361400272,-0.97568727829428,-0.21916382299089154,174.59997081756592,drone3
1743534857.4615526,4.178144931793213,4.622220039367676,2.07950496673584,0.0010854261260497711,0.0006270908788178469,-0.9765481276751151,-0.2152958802625013,174.8000259399414,drone3
1743534857.661478,4.165478706359863,4.627660274505615,2.0797014236450195,0.0012277076716087551,0.0006356492820845583,-0.977675092257448,-0.2101180134823925,174.99995136260986,drone3
1743534857.8614643,4.153818607330322,4.6331634521484375,2.080836772918701,0.0016321949486143687,0.0008950858338751204,-0.9788627483016364,-0.20450999596638147,175.199937582016,drone3
1743534858.0614893,4.138550758361816,4.638551712036133,2.082641839981079,0.001897223181242696,0.0009948247456739126,-0.9801479321532791,-0.19825603585009238,175.3999626636505,drone3
1743534858.2615168,4.119880676269531,4.641879081726074,2.086634874343872,0.0014236267824237483,0.0008840728705910296,-0.9813839306327097,-0.19204906946989309,175.59999012947083,drone3
1743534858.4614513,4.099727153778076,4.644132614135742,2.0898709297180176,0.0006917361801609136,0.0007068192366175592,-0.9825797631655092,-0.18583877348866135,175.7999246120453,drone3
1743534858.6614847,4.0807204246521,4.6434125900268555,2.09386944770813,8.618164122866639e-05,0.00015767366518510374,-0.9837094672929952,-0.17976583408672664,175.99995803833008,drone3
1743534858.8615258,4.064138889312744,4.6418352127075195,2.0984182357788086,0.0004342580497017093,-0.00045010104079603046,-0.9848341559455085,-0.17349754404194384,176.1999990940094,drone3
1743534859.0614996,4.049014091491699,4.642351150512695,2.1014461517333984,0.0008551871572755573,-0.0008327832596013668,-0.9859814774556719,-0.16685064885698775,176.3999729156494,drone3
1743534859.2614834,4.0351104736328125,4.6443352699279785,2.1056740283966064,0.0013045357376567626,-0.000622786138005148,-0.9870137802162493,-0.1606291418140522,176.59995675086975,drone3
1743534859.461508,4.021912574768066,4.646657943725586,2.10978102684021,0.0014642250223650872,-0.00028491430113581197,-0.9878588666757413,-0.1553470037307274,176.79998135566711,drone3
1743534859.661542,4.0150251388549805,4.64822244644165,2.113009214401245,0.0017839655443069365,-3.329049501328225e-05,-0.988227440865969,-0.1529814275643564,177.00001525878906,drone3
1743534859.861511,4.00238037109375,4.65248966217041,2.1189544200897217,0.0024324851115626986,0.00047609755086033524,-0.9887712195054565,-0.14941647852991097,177.1999843120575,drone3
1743534860.0616274,3.9893579483032227,4.656307220458984,2.1389081478118896,0.002950022439927444,0.001578200061224227,-0.9893300024230139,-0.14565343930746427,177.4001007080078,drone3
1743534860.261483,3.974135160446167,4.661886215209961,2.1522860527038574,0.0024570973893679173,0.0015294867419471422,-0.9899754814079584,-0.1412104449779913,177.5999562740326,drone3
1743534860.461477,3.9578540325164795,4.665530681610107,2.155211925506592,0.0018116667868653955,0.0015436704941395895,-0.9906700193245693,-0.13626151987899365,177.79995036125183,drone3
1743534860.6614769,3.940382719039917,4.667276859283447,2.1500353813171387,0.0012212446849381347,0.0010316184608052965,-0.9913775384705217,-0.13102742920297128,177.99995017051697,drone3
1743534860.8614626,3.9226455688476562,4.667830467224121,2.144357204437256,0.0008805047478248016,0.0007519006469189635,-0.9920184655958268,-0.126087776410646,178.19993591308594,drone3
1743534861.0614815,3.9025256633758545,4.669312953948975,2.141808271408081,0.0006599931824232542,8.431802200961978e-05,-0.9927183983090473,-0.12045624095316593,178.3999547958374,drone3
1743534861.2615302,3.8830063343048096,4.6703362464904785,2.14286470413208,0.0005917003471070807,0.00016529228427988892,-0.9933244278437854,-0.11535221545164809,178.60000348091125,drone3
1743534861.4614763,3.8631527423858643,4.669947624206543,2.144063711166382,0.003033405987280166,-3.823492949728244e-05,-0.9938537922610824,-0.11065899528256595,178.7999496459961,drone3
1743534861.6616516,3.840496778488159,4.668313980102539,2.1466245651245117,0.01727872616432366,-0.001239379446934396,-0.9941193174067009,-0.10689604035381634,179.00012493133545,drone3
1743534861.8615448,3.80721378326416,4.670065879821777,2.147576332092285,0.011109605678453555,-0.0008158187659235937,-0.9945280996904081,-0.10387373199394861,179.20001816749573,drone3
1743534862.061521,3.769005298614502,4.671360492706299,2.1574153900146484,-0.00874470517874766,0.0007972965430922063,-0.9948538105357003,-0.10093963698801428,179.39999437332153,drone3
1743534862.2615128,3.736785411834717,4.673022747039795,2.1764726638793945,-0.007962182093875354,0.0008173535038995814,-0.9952062424829483,-0.09747027700599148,179.59998607635498,drone3
1743534862.461527,3.711900472640991,4.6739983558654785,2.1820359230041504,-0.006110466396085922,0.0006894297514987949,-0.9956083655645909,-0.09341326351518131,179.80000042915344,drone3
1743534862.6615229,3.6885132789611816,4.67397928237915,2.174227714538574,-0.004032276254184473,0.0005333670508164149,-0.9960423516637075,-0.08878777333165627,179.99999618530273,drone3
1743534862.8615475,3.667851686477661,4.671344757080078,2.1609714031219482,-0.0019915425598538744,5.393405434127955e-05,-0.9964533255835373,-0.08412367663489523,180.2000207901001,drone3
1743534863.0615513,3.6459317207336426,4.666674613952637,2.148737907409668,-1.587108727844468e-05,-0.0009673519151620055,-0.9968508968055405,-0.07929352135500123,180.40002465248108,drone3
1743534863.261552,3.627955675125122,4.66332483291626,2.142756938934326,0.0002721494448244961,-0.0016560492828497932,-0.9970967393729044,-0.07612664930474111,180.60002541542053,drone3
1743534863.4615574,3.612710475921631,4.662516117095947,2.1373190879821777,9.380616664450518e-05,-0.0013157206016368164,-0.997191316900963,-0.0748859303782774,180.800030708313,drone3
1743534863.6615276,3.5970458984375,4.664161205291748,2.1325583457946777,0.0004429095624155501,-0.0010797131701248187,-0.9971409092701439,-0.07555640244438872,181.00000095367432,drone3
1743534863.8615425,3.5791659355163574,4.669016361236572,2.1268959045410156,0.0004979040174712269,-0.00023995904841159798,-0.9969499840463896,-0.07804171780737912,181.20001578330994,drone3
1743534864.0615067,3.5631825923919678,4.676072597503662,2.1231794357299805,0.00042768738843159364,0.0007623947337244299,-0.9966301316130404,-0.08202261408977857,181.3999800682068,drone3
1743534864.2615047,3.548260450363159,4.6834282875061035,2.1220803260803223,0.008818565225857358,0.0014186797137617122,-0.9961674435100878,-0.08701069361104297,181.5999779701233,drone3
1743534864.4615781,3.5271716117858887,4.692575454711914,2.1209447383880615,0.0167135145352793,0.0027005580012465836,-0.9957702516097211,-0.09030548134653354,181.80005145072937,drone3
1743534864.661533,3.5118439197540283,4.697816371917725,2.120676279067993,0.014376691080671382,0.003215025483228335,-0.99575018970983,-0.0909094456856947,182.00000643730164,drone3
1743534864.8614924,3.461968421936035,4.709000110626221,2.1233246326446533,0.009109486481881836,0.0033187090354709144,-0.9960467770828011,-0.08830000785383968,182.19996571540833,drone3
1743534865.0614922,3.4140589237213135,4.714749336242676,2.141730308532715,0.003383371520709738,0.0025322495008021396,-0.9965983950361117,-0.08230301707292154,182.39996552467346,drone3
1743534865.2614825,3.370230197906494,4.719266891479492,2.1503870487213135,0.000820901865185686,0.0017085254431275594,-0.9971424687035388,-0.0755201983015179,182.59995579719543,drone3
1743534865.461492,3.329054832458496,4.725876808166504,2.144538164138794,-0.0006158240877848228,0.001202876468913656,-0.9976559016120985,-0.06841803285894715,182.79996538162231,drone3
1743534865.6615102,3.294837474822998,4.73116397857666,2.1344165802001953,-0.003899575255286655,0.0009749092896176831,-0.9980241807743868,-0.06270325737565796,182.99998354911804,drone3
1743534865.8615198,3.2686967849731445,4.734663486480713,2.1266918182373047,-0.01487915263772797,0.0004358385848176973,-0.9981761201632686,-0.05850496764863938,183.19999313354492,drone3
1743534866.0614896,3.2571427822113037,4.737377166748047,2.1233434677124023,-0.0076598100659460745,0.00013553669154925827,-0.9983645587229607,-0.05665383591519235,183.3999629020691,drone3
1743534866.2614717,3.2519896030426025,4.739432334899902,2.1224865913391113,-0.0019437687777945237,0.0001839029167116044,-0.9983714708061165,-0.0570146972321427,183.59994506835938,drone3
1743534866.4614785,3.2467308044433594,4.740973472595215,2.1208605766296387,0.0007149888516703639,-4.777114788125582e-05,-0.998284226829699,-0.05855010692339446,183.7999517917633,drone3
1743534866.6615057,3.2387192249298096,4.7419328689575195,2.1174814701080322,0.002527900472871421,-0.00045227486792005306,-0.998137050034699,-0.06095846214100398,183.99997901916504,drone3
1743534866.8614726,3.22908878326416,4.743921756744385,2.1128649711608887,0.0026338727142334287,-0.00043430656333780807,-0.997934197252816,-0.06419024033797083,184.19994592666626,drone3
1743534867.0615077,3.217609167098999,4.7450361251831055,2.1099765300750732,0.007810171911459105,-0.00034564630463777666,-0.9976078963516446,-0.06868393732620237,184.3999810218811,drone3
1743534867.2614937,3.202472686767578,4.746791362762451,2.1069560050964355,0.01806109218633081,0.00020336842223274803,-0.9972026544032124,-0.07253156527361032,184.59996700286865,drone3
1743534867.4614704,3.1728873252868652,4.751478672027588,2.103508710861206,0.012770827663777488,0.0012074301601297448,-0.9971660287918565,-0.07413141749623536,184.79994368553162,drone3
1743534867.661585,3.1334614753723145,4.756684303283691,2.1013736724853516,0.007482256259154189,0.0014467814542786046,-0.9973067992658828,-0.07294515229804777,185.00005841255188,drone3
1743534867.8614562,3.0877115726470947,4.762089252471924,2.1011123657226562,0.0034031627588081417,0.0015383629340979827,-0.9975722822646529,-0.06953897044194285,185.1999294757843,drone3
1743534868.061478,3.04404616355896,4.7618489265441895,2.104006767272949,0.0004373163998526414,0.001081949895966797,-0.9979063803327988,-0.06466616255135582,185.39995121955872,drone3
1743534868.2614484,2.998103380203247,4.75577974319458,2.110954523086548,-0.00039116235174201385,-0.00034714440850293484,-0.9982537546582255,-0.0590696511249883,185.59992170333862,drone3
1743534868.4614363,2.9583137035369873,4.747270107269287,2.120190143585205,-0.000752764405214235,-0.0018293222622266993,-0.9985288892853047,-0.05418609578803102,185.7999095916748,drone3
1743534868.6615214,2.919980525970459,4.744898319244385,2.127857208251953,6.153267014663594e-05,-0.002703651267118513,-0.9987120594889332,-0.05066590670670407,185.99999475479126,drone3
1743534868.8615627,2.888404130935669,4.749269485473633,2.1324522495269775,-0.0039032825315943446,-0.002326740150373874,-0.9988019587168067,-0.048723737780473564,186.20003604888916,drone3
1743534869.0615163,2.8630082607269287,4.757022857666016,2.1374406814575195,-0.014166157694191715,-0.00047282705419743115,-0.9987371368637971,-0.04819993674718026,186.39998960494995,drone3
1743534869.2615008,2.844449996948242,4.764583587646484,2.143101453781128,-0.008191921601657952,0.0014203632827963697,-0.9987726666570917,-0.04882754546835599,186.59997415542603,drone3
1743534869.4614906,2.838397741317749,4.770185947418213,2.149840831756592,-0.004245469008023372,0.0019326577325379049,-0.9987362517799784,-0.05004196476134881,186.79996395111084,drone3
1743534869.6615267,2.838179349899292,4.774155139923096,2.155179023742676,-0.001793727046651051,0.0019293586097685542,-0.9987091513563858,-0.050725628791043975,187.0,drone3
1743534869.8614788,2.84002423286438,4.778997898101807,2.161006212234497,0.0060464371013916555,0.0012087780361014575,-0.9986585751381727,-0.0514105993730431,187.19995212554932,drone3
1743534870.0619388,2.8360328674316406,4.785170555114746,2.173525094985962,0.021119022535724313,0.0014770382816978686,-0.9984464079027688,-0.05154218183409415,187.40041208267212,drone3
1743534870.2615223,2.817474842071533,4.790472030639648,2.184260368347168,0.0170697996264436,0.0019760424800876783,-0.9985427977453133,-0.05115784472252327,187.59999561309814,drone3
1743534870.461534,2.7786166667938232,4.798102378845215,2.1924617290496826,0.010825758507533822,0.0023885402719088784,-0.9986913653863142,-0.049927536067641776,187.80000734329224,drone3
1743534870.6615515,2.730304479598999,4.804281234741211,2.193298101425171,0.00462133970676359,0.0023412775203877204,-0.998827541853853,-0.048132543936411254,188.00002479553223,drone3
1743534870.861547,2.673900604248047,4.8080949783325195,2.189964771270752,-0.0009196796724339793,0.0019360959522550505,-0.9989512428542324,-0.04573738068238564,188.20002031326294,drone3
1743534871.0615299,2.624523878097534,4.808372497558594,2.186248540878296,-0.003568509537645869,0.001377495904275678,-0.9990724150437011,-0.0428925105547488,188.40000319480896,drone3
1743534871.2615526,2.5803048610687256,4.805613994598389,2.185948610305786,-0.0029557898492511272,0.00044407327229970163,-0.9992018058686296,-0.03983593680704178,188.6000258922577,drone3
1743534871.4615324,2.536954879760742,4.803527355194092,2.1864328384399414,-0.0025782973200240036,-0.0006910752072699225,-0.9993204913940363,-0.0367627572010214,188.80000567436218,drone3
1743534871.661536,2.4954705238342285,4.803696155548096,2.18638277053833,-0.0015351544023573837,-0.0011650055087339332,-0.9994180192014905,-0.034060132687108835,189.00000929832458,drone3
1743534871.861526,2.455840826034546,4.804512023925781,2.1855294704437256,-0.0009311697100550724,-0.0011848299415914438,-0.999478289194861,-0.0322639182972716,189.19999933242798,drone3
1743534872.0615327,2.4142189025878906,4.806573867797852,2.187049388885498,-0.0015618483187728202,-0.0006560905653507536,-0.9995005848777234,-0.03155690491350138,189.4000060558319,drone3
1743534872.2615297,2.377955913543701,4.806380271911621,2.198239326477051,-0.016436070392610556,0.0007978905502384029,-0.9993509214186612,-0.032048126432895785,189.6000030040741,drone3
1743534872.4615526,2.3511803150177,4.803767204284668,2.207327127456665,-0.013246684022711579,0.0007481941474879951,-0.9993612895433949,-0.033182972475900185,189.8000259399414,drone3
1743534872.661554,2.3302950859069824,4.80129861831665,2.2058844566345215,-0.008576307116250135,1.0865984445162774e-08,-0.9993707725843098,-0.03441817016520898,190.0000274181366,drone3
1743534872.8615358,2.3126094341278076,4.802485466003418,2.1985666751861572,-0.002759356147641693,-6.856699562658932e-05,-0.999377726814314,-0.035164970173973464,190.20000910758972,drone3
1743534873.0615366,2.2934391498565674,4.8062920570373535,2.191385507583618,0.014757573467753344,0.0003987888707985854,-0.9992748885039475,-0.0350967765730828,190.40000987052917,drone3
1743534873.2615144,2.258657217025757,4.812742710113525,2.186246395111084,0.010878865512291072,0.0011047281684763133,-0.9993613738370919,-0.03401975600623541,190.59998774528503,drone3
1743534873.461537,2.2141594886779785,4.818802833557129,2.1857829093933105,0.0051743368169100135,0.0016131154736519885,-0.9994673310142483,-0.03218308064182773,190.80001020431519,drone3
1743534873.6615148,2.1666336059570312,4.822583198547363,2.1887049674987793,0.0010942813888329623,0.0018476298818668098,-0.9995436168100529,-0.030132889342863733,190.99998807907104,drone3
1743534873.861635,2.1197195053100586,4.8230133056640625,2.1913468837738037,-0.001851147240112125,0.0015719391242404602,-0.9995794416312872,-0.028899672555434963,191.20010828971863,drone3
1743534874.0615246,2.079197883605957,4.8210768699646,2.19193696975708,-0.002745509508498785,0.0007760835897191255,-0.9995600119341237,-0.029523488060244796,191.39999794960022,drone3
1743534874.2615108,2.0326883792877197,4.819497108459473,2.1922690868377686,-0.0017175452391400474,-0.0003567555388971294,-0.9994420007582933,-0.03335606958273435,191.59998416900635,drone3
1743534874.461522,1.9956824779510498,4.821500778198242,2.204270362854004,-0.0017228535194647053,-0.0001716089608822642,-0.999288291201774,-0.03768197996704403,191.79999542236328,drone3
1743534874.661542,1.9689178466796875,4.82387113571167,2.2153258323669434,-0.0008555877748522919,0.0002281990898604261,-0.9991892039609249,-0.04025137829281361,192.00001525878906,drone3
1743534874.8614905,1.9418895244598389,4.826486587524414,2.2154219150543213,0.0007914492029287282,0.0005050737973247912,-0.9991984762675974,-0.0400195706260037,192.1999638080597,drone3
1743534875.0615,1.9165277481079102,4.830312252044678,2.2345001697540283,-0.0032074395444046276,0.0011867786982677866,-0.9992841608106199,-0.037677428107404876,192.39997339248657,drone3
1743534875.2614925,1.8950045108795166,4.830351829528809,2.2486014366149902,-0.013536529217010011,0.0016867372922857921,-0.9992992493823868,-0.03485763535463199,192.59996581077576,drone3
1743534875.4615674,1.8777035474777222,4.827650547027588,2.228688955307007,-0.00938399384531697,0.0009604423838663165,-0.9994237090260395,-0.03260973318930349,192.8000407218933,drone3
1743534875.6614926,1.8678745031356812,4.825484275817871,2.1916303634643555,-0.005831153468739787,3.4635489852906864e-05,-0.9994776569921334,-0.031787953937038094,192.9999659061432,drone3
1743534875.8614717,1.8631224632263184,4.824343204498291,2.1510181427001953,-0.0027130490265196813,-0.0005093689480828228,-0.9994843161941981,-0.031993377676680146,193.19994497299194,drone3
1743534876.0614872,1.8611958026885986,4.824396133422852,2.1186206340789795,0.005948791414470517,-0.0006742256051706138,-0.9994507673027835,-0.03259599331668889,193.3999605178833,drone3
1743534876.2614617,1.8501139879226685,4.827916145324707,2.0941855907440186,0.028076170550736697,0.06134257271326408,-0.997122196069405,-0.03458646253131292,193.59993505477905,drone3
1743534876.4614441,1.8061226606369019,4.777840614318848,2.076120138168335,0.03743305541138263,0.14392093514750726,-0.9867666310965814,-0.06463210789775903,193.79991745948792,drone3
1743534876.6614892,1.724199891090393,4.60905122756958,2.048473834991455,0.011912883122767202,0.07793009978163212,-0.9839844333326803,-0.15987378599503993,193.99996256828308,drone3
1743534876.8614912,1.6259992122650146,4.367774963378906,2.017289161682129,-0.008042781685479599,0.034416933418622925,-0.9498959358165235,-0.31056179279767593,194.19996452331543,drone3
1743534877.0614858,1.5485590696334839,4.128736972808838,1.9973053932189941,-0.009099928531528951,0.014244117674772003,-0.8734001644125241,-0.48670990999562136,194.39995908737183,drone3
1743534877.261502,1.4752323627471924,3.8476545810699463,1.9742259979248047,-0.0005028207930857368,0.006610202731332636,-0.7163518372872039,-0.6977078890888264,194.59997534751892,drone3
1743534877.4614456,1.4156287908554077,3.597008466720581,1.9490232467651367,0.008193793864273812,0.008305311750096573,-0.5077396279691624,-0.861431681694037,194.7999188899994,drone3
1743534877.6614597,1.352988839149475,3.3702242374420166,1.9253766536712646,0.010161577558266325,0.01098119275096044,-0.28337193359263085,-0.9588933607429323,194.99993300437927,drone3
1743534877.8614821,1.2774616479873657,3.151013135910034,1.9051547050476074,0.0007456985930749961,0.010676555700354974,-0.07432900192205433,-0.9971763969165901,195.19995546340942,drone3
1743534878.0614634,1.1959495544433594,2.949312448501587,1.8944201469421387,-0.009553071196474493,0.00584333193232603,0.1053692286196607,-0.9943700911553408,195.3999366760254,drone3
1743534878.2613945,1.1019142866134644,2.728754758834839,1.887643575668335,-0.01683482765327272,0.00014418832002285954,0.2722024076079406,-0.9620927490868185,195.59986782073975,drone3
1743534878.461484,1.0267301797866821,2.5445172786712646,1.8794324398040771,-0.011143594477599458,-0.0027951533100066465,0.3773005687714034,-0.9260195775477083,195.79995727539062,drone3
1743534878.6614811,0.9405125975608826,2.320394992828369,1.8803186416625977,-0.004013301611276009,-0.003071973481753954,0.4797510438379876,-0.8773901222673535,195.9999544620514,drone3
1743534878.861465,0.8576594591140747,2.0953640937805176,1.8823862075805664,-0.008367128355823565,-0.0022563977187537465,0.5518607718415645,-0.8338912766132148,196.19993829727173,drone3
1743534879.0614595,0.7760087251663208,1.8683489561080933,1.8811750411987305,-0.01383317322480891,-0.0009769514361368593,0.6071414528955597,-0.7944727305836886,196.39993286132812,drone3
1743534879.2614586,0.6902907490730286,1.636842966079712,1.8791792392730713,-0.013497482137498249,-0.001174155881774829,0.6517505729800208,-0.7583124520454184,196.59993195533752,drone3
1743534879.4615428,0.5978650450706482,1.4024583101272583,1.8800065517425537,-0.008353596254001297,1.1682579571639785e-06,0.6882028462018637,-0.7254703092796247,196.80001616477966,drone3
1743534879.66155,0.5007882118225098,1.1665003299713135,1.8859341144561768,-0.005492608743439968,-1.2710402912448273e-05,0.716948209925277,-0.6971047729549915,197.00002336502075,drone3
1743534879.8615527,0.44954872131347656,1.0444351434707642,1.8915321826934814,-0.0036814367498748117,0.0023055421788884165,0.7290954163548745,-0.6843983621393515,197.20002603530884,drone3
1743534880.0615234,0.34316307306289673,0.7954027056694031,1.9019324779510498,0.005158095102840293,0.004983058314896335,0.7504742287720974,-0.6608608724350976,197.39999675750732,drone3
1743534880.2615223,0.24811480939388275,0.583213210105896,1.9168884754180908,0.02012546227782379,0.010220929828705911,0.7684824181024684,-0.639472758735244,197.59999561309814,drone3
1743534880.461522,0.16722147166728973,0.40585023164749146,1.9332764148712158,0.0286440808951747,0.014970515810043003,0.7831562174648167,-0.6209845852889628,197.79999542236328,drone3
1743534880.6615288,0.0884271189570427,0.23637579381465912,1.9402403831481934,0.0330686366369686,0.01774983639298876,0.7948200522255549,-0.6056836460891284,198.0000021457672,drone3
1743534880.8615131,0.03008328378200531,0.11936460435390472,1.9394872188568115,0.033155521706629304,0.018105572258033407,0.8022634280169578,-0.595773668135474,198.1999864578247,drone3
1743534881.0615156,-0.01541879028081894,0.03914937004446983,1.936918020248413,0.028538800043228008,0.014935942881918417,0.8073712151247051,-0.5891641045215865,198.3999888896942,drone3
1743534881.2615476,-0.056891173124313354,-0.0309873316437006,1.923945426940918,0.006219669209849956,0.0028750905704720223,0.8104181899276638,-0.5858117336543178,198.60002088546753,drone3
1743534881.4615355,-0.09099956601858139,-0.09163513034582138,1.8609726428985596,0.014866437131095636,0.007768077417236514,0.8096743085881586,-0.5866397401034508,198.8000087738037,drone3
1743534881.661522,-0.12158949673175812,-0.14644598960876465,1.727469801902771,0.025104127576074227,0.014452470455749381,0.8072083491653469,-0.5895555749872678,198.99999523162842,drone3
1743534881.861533,-0.14467450976371765,-0.1780301034450531,1.5728187561035156,0.028622074971895943,0.015031942207569596,0.8044917108243044,-0.5930835401621449,199.20000624656677,drone3
1743534882.0615306,-0.15797975659370422,-0.1861783266067505,1.4321035146713257,0.004768156113281561,-0.003149503432770416,0.8028393014815863,-0.5961681837109603,199.4000039100647,drone3
1743534882.2615314,-0.16803693771362305,-0.19098345935344696,1.3090364933013916,-0.0019974554663550036,-0.0033559993651895727,0.8018223928574276,-0.5975496625747383,199.60000467300415,drone3
1743534882.4615192,-0.1784083992242813,-0.2004474699497223,1.19247567653656,0.0003854879180985295,-0.003218068617399672,0.8022092271697727,-0.597034280374435,199.79999256134033,drone3
1743534882.6614861,-0.18940064311027527,-0.21279852092266083,1.0726686716079712,0.0014640715403356126,-0.0032668167160585845,0.8034087791619534,-0.5954172217009053,199.99995946884155,drone3
1743534882.861516,-0.19835595786571503,-0.22858388721942902,0.9359431862831116,0.002365927664502072,-0.0026436668351102863,0.8048598951561834,-0.5934542743783588,200.19998931884766,drone3
1743534883.061504,-0.2041291743516922,-0.24113787710666656,0.8093554377555847,0.0027844887579263323,-0.0018793646066390345,0.8058048064263734,-0.5921716825578996,200.39997720718384,drone3
1743534883.2614903,-0.2040548324584961,-0.2519436180591583,0.6744006276130676,0.002517338447939094,-0.0011514248598337791,0.8062455254845398,-0.591574682985455,200.59996366500854,drone3
1743534883.4615016,-0.1990121752023697,-0.2601515054702759,0.5420606732368469,0.001553229864478837,-0.00043111126422612235,0.8062554089205155,-0.5915653896053583,200.79997491836548,drone3
1743534883.6616266,-0.19349655508995056,-0.2651645541191101,0.4088361859321594,0.0005489921923006297,0.00016281605403221358,0.805979410283042,-0.5919434679099252,201.00009989738464,drone3
1743534883.8615596,-0.18863213062286377,-0.26645806431770325,0.2752336859703064,4.606112838076205e-05,2.8275442563727777e-05,0.8056789032531593,-0.592352460927875,201.20003294944763,drone3
1743534884.061505,-0.18448908627033234,-0.2664453089237213,0.1463344544172287,-0.0004552397073233748,-0.00033058466116747665,0.8054896955134818,-0.5926096936810491,201.39997839927673,drone3
1743534884.2615032,-0.18132829666137695,-0.2670401632785797,0.018258482217788696,-0.0006204060192416494,-0.00047719612143181023,0.8054769566285194,-0.5926267315445596,201.59997653961182,drone3
1743534884.461483,-0.18270179629325867,-0.2667750418186188,-0.08708111941814423,-0.000728275408998939,-0.0004591868584680961,0.8055903527244379,-0.5924723687118886,201.7999563217163,drone3
1743534884.6614842,-0.1910785585641861,-0.26560527086257935,-0.0811229795217514,-0.0009337247392690263,-0.0001727648711299775,0.8057298271828726,-0.5922824866226347,201.99995756149292,drone3
1743534884.8615236,-0.1969108283519745,-0.26671910285949707,-0.08483573794364929,-0.0010943084303167711,6.166281500483229e-06,0.8057827109410417,-0.5922104681952418,202.1999969482422,drone3
1743534885.06156,-0.2015700340270996,-0.2668673098087311,-0.05778305232524872,-0.0011753071410518993,7.970771654527876e-05,0.8058914076633512,-0.592062322022726,202.40003323554993,drone3
1743534885.2615283,-0.20196199417114258,-0.2642767131328583,0.04652826488018036,-0.001135880245995101,0.00011088181414610116,0.8060671389482174,-0.5918230332903054,202.60000157356262,drone3
1743534885.461572,-0.20223069190979004,-0.2626742720603943,0.14761151373386383,-0.0010566763983164797,0.00015222478560790684,0.8062012923670275,-0.5916404952894048,202.8000452518463,drone3
1743534885.6615257,-0.20367752015590668,-0.2642662823200226,0.22909720242023468,-0.0010701358132886938,0.00017880677003650233,0.8063128866851723,-0.5914883557029925,202.99999904632568,drone3
1743534885.861518,-0.20483534038066864,-0.26830998063087463,0.2842732071876526,-0.0011041065436197602,0.00018318876635165106,0.8064003308591203,-0.5913689642178733,203.1999912261963,drone3
1743534886.0615144,-0.20682036876678467,-0.27235060930252075,0.32144325971603394,-0.001128903296205278,0.00019670555701412334,0.806494191890754,-0.5912409642389457,203.39998769760132,drone3
1743534886.2615125,-0.20716165006160736,-0.27481546998023987,0.35624319314956665,-0.0011068241921680779,0.00021885545458593167,0.8066006442933804,-0.5910956524419922,203.5999858379364,drone3
1743534886.4615772,-0.20349888503551483,-0.27601540088653564,0.3679385185241699,-0.0010378802209696368,0.0001729666327035846,0.8066831783594769,-0.5909831941134531,203.80005049705505,drone3
1743534886.6615596,-0.2003205269575119,-0.2752351760864258,0.3825656771659851,-0.0009681952637226198,0.00017014048894757668,0.806770137844667,-0.5908645401981828,204.00003290176392,drone3
1743534886.8614872,-0.19908708333969116,-0.274015873670578,0.3922159671783447,-0.0009381937457772924,0.00020585282254806682,0.806884566538374,-0.59070838612445,204.19996047019958,drone3
1743534887.0615137,-0.19759580492973328,-0.273466020822525,0.39565396308898926,-0.0009101430013007367,0.0002013169737722406,0.8069995958246724,-0.5905513785770347,204.39998698234558,drone3
1743534887.2614973,-0.19627080857753754,-0.27257776260375977,0.3952290415763855,-0.0009173919299723566,0.0002117223885886851,0.8071233178984761,-0.5903821379068392,204.59997057914734,drone3
1743534887.461489,-0.1945977360010147,-0.2721613645553589,0.38884907960891724,-0.0008902689718099692,0.0002363865885124555,0.807239390319275,-0.5902234128753472,204.7999622821808,drone3
1743534887.66151,-0.19268417358398438,-0.26984596252441406,0.38231176137924194,-0.00084681845212746,0.00026735126895973944,0.8073428924425057,-0.5900818942947597,204.99998331069946,drone3
1743534887.8615177,-0.19082693755626678,-0.2653672397136688,0.3751388192176819,-0.0007686938765793587,0.000281019483700016,0.8074462049049181,-0.5899406496686876,205.1999909877777,drone3
1743534888.0615094,-0.19051390886306763,-0.261095255613327,0.36643320322036743,-0.0007276764318996552,0.00032178865710021006,0.807580337250304,-0.5897571212168469,205.39998269081116,drone3
1743534888.261516,-0.19034262001514435,-0.2555980682373047,0.3589126467704773,-0.0006735826496459822,0.00037091413263147077,0.8077056398309269,-0.5895856256902561,205.5999894142151,drone3
1743534888.4615138,-0.18953029811382294,-0.24829688668251038,0.33892959356307983,-0.0006307609885198068,0.00039623620822895795,0.8078132723453115,-0.589438037963483,205.799987077713,drone3
1743534888.6615138,-0.18923617899417877,-0.24425356090068817,0.3361314535140991,-0.0006461694482814594,0.0004049204346557261,0.80790438329508,-0.5893131252412089,205.99998712539673,drone3
1743534888.8614867,-0.19015078246593475,-0.24309042096138,0.3352150321006775,-0.0006595687299082886,0.0003598778424661367,0.807998760625608,-0.5891838503201138,206.19995999336243,drone3
1743534889.0616004,-0.19191336631774902,-0.24174588918685913,0.3322324752807617,-0.0006695321481725393,0.0003393705504026382,0.8080722225825625,-0.5890829929116272,206.40007376670837,drone3
1743534889.2614791,-0.1950993537902832,-0.23850107192993164,0.3229573965072632,-0.0006714767272070329,0.0003697176189990137,0.8081855976050568,-0.5889275553343192,206.59995245933533,drone3
1743534889.4614813,-0.1981482058763504,-0.2342481017112732,0.3155556917190552,-0.0006806692676759003,0.0003996767843006716,0.8082944418413363,-0.5887779972423782,206.79995465278625,drone3
1743534889.6614695,-0.1992916315793991,-0.23076531291007996,0.31352341175079346,-0.0006885807127020666,0.00039459494038918006,0.8084065629950874,-0.5886239821212073,206.99994277954102,drone3
1743534889.8614814,-0.19822774827480316,-0.22990328073501587,0.3114277720451355,-0.000660699955026634,0.0003646033006114723,0.8084758102671907,-0.5885290252715122,207.1999547481537,drone3
1743534890.061597,-0.1949160099029541,-0.2299720197916031,0.30133408308029175,-0.0006450398901039001,0.00030080165652167774,0.808563528395654,-0.5884085168949075,207.40007042884827,drone3
1743534890.2614639,-0.19017134606838226,-0.2312770038843155,0.3184230327606201,-0.0006267367259291039,0.00021931911107858296,0.8086839524785618,-0.588242995684093,207.59993720054626,drone3
1743534890.4614599,-0.18553794920444489,-0.23418746888637543,0.36216068267822266,-0.0005975892990515983,0.00014042383266098322,0.8087955362599943,-0.5880896022289376,207.79993319511414,drone3
1743534890.6614687,-0.17966489493846893,-0.23938818275928497,0.39821702241897583,-0.0005925672386337221,6.158839947554636e-05,0.808894749941389,-0.5879532993208534,207.99994206428528,drone3
1743534890.8614612,-0.17366068065166473,-0.2436598539352417,0.43172866106033325,-0.0005608128604237875,-1.67100112431464e-05,0.8090036679346533,-0.5878033302971395,208.19993448257446,drone3
1743534891.061524,-0.17075136303901672,-0.24709363281726837,0.4500666856765747,-0.0005555140260969157,-3.329514598395303e-05,0.8090874031859323,-0.5876881534968713,208.39999723434448,drone3
1743534891.2614756,-0.1683095246553421,-0.25171124935150146,0.4618356227874756,-0.0005840415979562826,-3.9614497923523475e-05,0.8092028539407157,-0.5875291229007276,208.59994888305664,drone3
1743534891.4614625,-0.16689252853393555,-0.2561154365539551,0.46684521436691284,-0.0005805687017548881,-6.944646123756131e-05,0.8092952082225152,-0.5874019553220582,208.7999358177185,drone3
1743534891.6614926,-0.167474165558815,-0.26001477241516113,0.46626657247543335,-0.0006156607275878902,-4.9649419715680056e-05,0.8093995743561404,-0.5872579711508329,208.9999659061432,drone3
1743534891.8615098,-0.17004676163196564,-0.26227080821990967,0.460199773311615,-0.0006418200293399402,-2.0797576424679355e-05,0.8095097672915721,-0.5871060528353753,209.1999831199646,drone3
1743534892.0615344,-0.17304019629955292,-0.2625287175178528,0.45244085788726807,-0.0006776681260066542,-1.1483637391668617e-05,0.8095978542049599,-0.5869846699116639,209.40000772476196,drone3
1743534892.2614772,-0.17773377895355225,-0.26003915071487427,0.4392610192298889,-0.0006588497845212147,3.865503973439734e-05,0.8097117771364848,-0.5868274200198698,209.5999505519867,drone3
1743534892.4614744,-0.18253712356090546,-0.2580317556858063,0.4196500778198242,-0.0006246805030209916,7.351702773895475e-05,0.8097974089959469,-0.5867092507933573,209.79994773864746,drone3
1743534892.6615417,-0.18717564642429352,-0.25734055042266846,0.40670156478881836,-0.0006528257074754109,8.92307228800574e-05,0.8098742953843429,-0.5866031987857918,210.00001502037048,drone3
1743534892.8615396,-0.19395262002944946,-0.2573719024658203,0.3898707628250122,-0.0006968870066095585,0.0001314765382827917,0.8099583994205464,-0.5864869788510231,210.200012922287,drone3
1743534893.0615432,-0.2013562172651291,-0.2565244138240814,0.37267982959747314,-0.0007336148981594213,0.00016448027832194893,0.8100293114931659,-0.5863890085016594,210.4000165462494,drone3
1743534893.261532,-0.20836856961250305,-0.25439324975013733,0.35795915126800537,-0.0007526684017727584,0.0002273454309623603,0.8100986009121178,-0.5862932508618427,210.6000053882599,drone3
1743534893.4615605,-0.21492820978164673,-0.2510960102081299,0.3446894884109497,-0.0007361080447690646,0.0002671785862420364,0.8101708722206019,-0.5861933312207355,210.80003380775452,drone3
1743534893.6616182,-0.21840481460094452,-0.24763832986354828,0.32796889543533325,-0.0006865559455839684,0.00028814582019557114,0.8102651125738722,-0.5860631817525338,211.00009155273438,drone3
1743534893.8615632,-0.21955665946006775,-0.24448859691619873,0.3157889246940613,-0.0006546957475034073,0.00027158464001124236,0.8103608702136891,-0.5859308406482097,211.20003652572632,drone3
1743534894.0615187,-0.22095398604869843,-0.24273371696472168,0.3011477589607239,-0.000626400538957779,0.0002451869039882709,0.8104484829750309,-0.5858095947017559,211.39999198913574,drone3
1743534894.2615225,-0.2232167273759842,-0.24208824336528778,0.2857522964477539,-0.0006273097831281444,0.0002593460636592486,0.8105276979768072,-0.5857000339690518,211.59999585151672,drone3
1743534894.4615133,-0.2258092164993286,-0.24190057814121246,0.2699812054634094,-0.0006514403973643218,0.0002631392182866814,0.8106150262469217,-0.5855791568075226,211.79998660087585,drone3
1743534894.6615498,-0.22681091725826263,-0.24213054776191711,0.25604426860809326,-0.0006534285432339217,0.00025549606840897046,0.8106982241258823,-0.5854639273236939,212.00002312660217,drone3
1743534894.8615446,-0.22661994397640228,-0.2422797977924347,0.2426430732011795,-0.0006553884540077417,0.0002137392428829292,0.8107687252667288,-0.5853661993187091,212.20001792907715,drone3
1743534895.06153,-0.22495068609714508,-0.2454081028699875,0.2174738198518753,-0.0006396815706863934,0.00018175400366391488,0.8108714898201105,-0.5852239853151213,212.40000343322754,drone3
1743534895.2615309,-0.22428353130817413,-0.24737003445625305,0.22614605724811554,-0.000593032706123771,0.00013855895809147107,0.8109628747243943,-0.5850973656454825,212.600004196167,drone3
1743534895.4615269,-0.22315974533557892,-0.2484281063079834,0.24081109464168549,-0.0006015491065985829,7.069893057365362e-05,0.8110595595948784,-0.5849633386672178,212.80000019073486,drone3
1743534895.6615624,-0.22090908885002136,-0.2488388568162918,0.2506396770477295,-0.0005641061591901459,3.941411517742654e-05,0.8111659066303835,-0.584815856307566,213.00003576278687,drone3
1743534895.8615062,-0.2180606573820114,-0.25025373697280884,0.2515585422515869,-0.0005286094783365043,1.0069433640264169e-05,0.8112578078335614,-0.5846883831642449,213.1999795436859,drone3
1743534896.0615191,-0.21615950763225555,-0.252855122089386,0.2462306171655655,-0.0005260577830041982,2.1706203209541047e-05,0.8113470748587075,-0.5845646400170169,213.3999924659729,drone3
1743534896.2615397,-0.21560978889465332,-0.2549841105937958,0.2394508570432663,-0.0005649628638564838,2.9988717486439698e-05,0.8114017393212261,-0.5844886492491517,213.60001301765442,drone3
1743534896.4615328,-0.21381428837776184,-0.25644931197166443,0.2249290496110916,-0.0005589234550713537,2.0913418519509228e-05,0.8114717136264664,-0.5843914480797735,213.80000615119934,drone3
1743534896.661512,-0.21114256978034973,-0.25645092129707336,0.22013284265995026,-0.000541949305741972,-4.496809434226217e-06,0.8115513711701519,-0.5842808547492808,213.9999852180481,drone3
1743534896.861544,-0.207472562789917,-0.2567528486251831,0.21462209522724152,-0.0005446734985763378,-6.069144127618545e-05,0.8116394053999791,-0.584158597278463,214.2000172138214,drone3
1743534897.0615113,-0.2021973431110382,-0.25780433416366577,0.20582012832164764,-0.0005148704700616196,-0.00013329364779598643,0.8117293573114134,-0.5840334948953705,214.3999845981598,drone3
1743534897.2615044,-0.19775114953517914,-0.2585219144821167,0.19703738391399384,-0.0004620138871432875,-0.00014593090081925814,0.8118178973034227,-0.5839106473686734,214.5999777317047,drone3
1743534897.4615467,-0.19408643245697021,-0.2581130862236023,0.18681256473064423,-0.0004214429973785438,-0.00014690486756704875,0.8119090714734638,-0.5837837326710948,214.80001997947693,drone3
1743534897.6615148,-0.1920073926448822,-0.25730711221694946,0.17537374794483185,-0.00041979746957897994,-0.00013965975639562367,0.8119954619761991,-0.583663708983248,214.99998807907104,drone3
1743534897.8615541,-0.19146662950515747,-0.25657919049263,0.1620933562517166,-0.00042600665937007437,-0.00014181659255684648,0.8120782173132503,-0.5835485005728436,215.2000274658203,drone3
1743534898.061589,-0.1920105367898941,-0.25591763854026794,0.1465134173631668,-0.00043531238717625117,-0.00013373855634967642,0.8121563364969652,-0.5834396984834127,215.40006232261658,drone3
1743534898.2615144,-0.19325122237205505,-0.2550717294216156,0.13173703849315643,-0.000466785433114424,-0.00012790334781081065,0.8122270167619179,-0.5833412855921396,215.59998774528503,drone3
1743534898.461507,-0.1952810436487198,-0.25525039434432983,0.11847741901874542,-0.0005096088846584806,-0.00013017928792015686,0.8122978656142648,-0.5832427041134727,215.7999804019928,drone3
1743534898.6615126,-0.19784040749073029,-0.2563668489456177,0.10561253130435944,-0.0005567033368988171,-0.0001355696805131542,0.8123750575673125,-0.5831349978421031,215.99998593330383,drone3
1743534898.861516,-0.20218855142593384,-0.2572398781776428,0.0913306325674057,-0.0005998351621984945,-0.00014445093522490434,0.8124449265054314,-0.583037733452452,216.19998931884766,drone3
1743534899.0615187,-0.20817337930202484,-0.25546231865882874,0.07657890021800995,-0.0006380543483662002,-7.648916258060365e-05,0.81250716686397,-0.5829509636280803,216.39999198913574,drone3
1743534899.26151,-0.2148178368806839,-0.25137174129486084,0.06031261384487152,-0.0006473171061432311,5.92056208094107e-06,0.8125698497644176,-0.5828634983807082,216.59998321533203,drone3
1743534899.461544,-0.22070908546447754,-0.24763575196266174,0.04363955557346344,-0.0006684679916964297,5.133885391233457e-05,0.8126355040176855,-0.5827718816687575,216.80001735687256,drone3
1743534899.6614943,-0.22441637516021729,-0.24689558148384094,0.031090334057807922,-0.0006921655923390926,2.968669251146594e-05,0.812692876415221,-0.5826920028541173,216.99996757507324,drone3
1743534899.8614943,-0.225927472114563,-0.24885930120944977,0.023149117827415466,-0.0007084062259841608,-4.5635714416621164e-05,0.8127430100915246,-0.5826219758653164,217.19996762275696,drone3
1743534900.061484,-0.225179523229599,-0.2536270022392273,0.011653199791908264,-0.0007179502028456162,-0.00013689547466433453,0.8128170515676462,-0.5825187687700253,217.39995741844177,drone3
1743534900.261487,-0.22449570894241333,-0.2558080852031708,0.0033477097749710083,-0.0007219505520388731,-0.00018901472439815847,0.8128968987721501,-0.5824072271354412,217.59996032714844,drone3
1743534900.4614794,-0.22260765731334686,-0.2556163966655731,-0.00810958445072174,-0.0006887626047531237,-0.00018849852840147944,0.8129665359026023,-0.5823101102597601,217.79995274543762,drone3
1743534900.6615522,-0.2198079228401184,-0.25374293327331543,-0.02130340039730072,-0.0006548830622568971,-0.00018440013839459666,0.8130516409264579,-0.5821912034633986,218.00002551078796,drone3
1743534900.8614872,-0.21708054840564728,-0.25241658091545105,-0.034918636083602905,-0.0006161129212902003,-0.00020118526487067131,0.8131265990965345,-0.5820866582056674,218.19996047019958,drone3
1743534901.0614743,-0.21340544521808624,-0.2508109509944916,-0.04779709875583649,-0.0006031431753187029,-0.00023427288701653284,0.8131964153510928,-0.5819891093247889,218.39994764328003,drone3
1743534901.2614648,-0.21011312305927277,-0.24870827794075012,-0.058839574456214905,-0.0005882016853517577,-0.00024815782463848336,0.8132623014120274,-0.5818969236303835,218.59993815422058,drone3
1743534901.4614596,-0.20514409244060516,-0.2475569099187851,-0.06824003159999847,-0.0005589788345485721,-0.00025083277069136157,0.8133428440395317,-0.5817843493980108,218.79993295669556,drone3
1743534901.6614544,-0.19919905066490173,-0.24717268347740173,-0.07681547105312347,-0.0005543739620765029,-0.0002819820082370077,0.8134302566033433,-0.5816622921247233,218.99992775917053,drone3
1743534901.861525,-0.1959889829158783,-0.24701224267482758,-0.08540566265583038,-0.0005392508270126919,-0.0002981291800107321,0.8134898101002892,-0.5815788835115202,219.19999837875366,drone3
1743534902.0614607,-0.1918245255947113,-0.24890369176864624,-0.09693245589733124,-0.00053081638445985,-0.0003346679149404349,0.8135604692918177,-0.5814799859314894,219.39993405342102,drone3
1743534902.2615552,-0.18937794864177704,-0.2514307200908661,-0.10502766072750092,-0.0005254552405037893,-0.0003543556123495962,0.8136127524573955,-0.5814068822227473,219.60002851486206,drone3
1743534902.461474,-0.18741410970687866,-0.25491663813591003,-0.11630479991436005,-0.0005134773860384091,-0.0003552258789168954,0.8136953497437648,-0.5812913261008426,219.7999472618103,drone3
1743534902.661457,-0.18628056347370148,-0.25699716806411743,-0.12635347247123718,-0.0005072160271745729,-0.0003422889366937019,0.8137586753836523,-0.5812025437644543,219.9999303817749,drone3
1743534902.8614683,-0.1880541741847992,-0.2587941884994507,-0.1323179304599762,-0.0005143457747248847,-0.00029073731631160625,0.8138120649040035,-0.5811279965261507,220.19994163513184,drone3
1743534903.0614698,-0.18953560292720795,-0.2593304514884949,-0.13702817261219025,-0.0005369952091752717,-0.0002656974476153055,0.8138520833366647,-0.5810717937036615,220.39994311332703,drone3
1743534903.2615018,-0.19026648998260498,-0.2578358054161072,-0.14170096814632416,-0.000526019042065565,-0.0002269174490605049,0.8139352496054888,-0.5809554157182107,220.59997510910034,drone3
1743534903.4615152,-0.18875397741794586,-0.2554114758968353,-0.14461222290992737,-0.0004898892118265296,-0.00020817809175699152,0.8139943394871011,-0.5808725550140383,220.7999885082245,drone3
1743534903.661474,-0.1859263777732849,-0.2536221742630005,-0.14746974408626556,-0.0004517446161141109,-0.0002488637637715251,0.8140726588683465,-0.5807628783775008,220.99994730949402,drone3
1743534903.8616407,-0.18286575376987457,-0.25163477659225464,-0.14735126495361328,-0.0004565023943891273,-0.00025120032084487956,0.8141297994582151,-0.5806828941957393,221.20011401176453,drone3
1743534904.0614743,-0.18081222474575043,-0.2511375844478607,-0.14809410274028778,-0.0004808484864462682,-0.00024374861191359075,0.8141792798583668,-0.5806134361893933,221.39994764328003,drone3
1743534904.2615194,-0.17912684381008148,-0.2519259452819824,-0.1487562358379364,-0.0004833609263520438,-0.00024390714621412967,0.814222606818636,-0.5805526604338406,221.5999927520752,drone3
1743534904.4614668,-0.1781052201986313,-0.25321438908576965,-0.15133008360862732,-0.0005113207505274661,-0.00025238475430151825,0.814279199499474,-0.5804731398674127,221.79994010925293,drone3
1743534904.6614711,-0.17822280526161194,-0.25366249680519104,-0.15669575333595276,-0.0005065019334083661,-0.0002327900917387464,0.8143395116396931,-0.5803885511424514,221.99994444847107,drone3
1743534904.8615353,-0.17926856875419617,-0.25290951132774353,-0.15991997718811035,-0.0005154359539988184,-0.00020498136236887438,0.8143636407104656,-0.5803547282965213,222.20000863075256,drone3
1743534905.0614634,-0.18123997747898102,-0.2509484887123108,-0.16339325904846191,-0.0005069451544417543,-0.00015192125832830188,0.8144367865660562,-0.580252079646973,222.3999366760254,drone3
1743534905.2615268,-0.18028314411640167,-0.25019100308418274,-0.1497347354888916,-0.0004975547933765438,-0.00017036133802221095,0.8144900707192861,-0.5801773006010026,222.60000014305115,drone3
1743534905.4614992,-0.1782936304807663,-0.248909130692482,-0.13162186741828918,-0.0004567026022093121,-0.0001860279883900246,0.8145440081486679,-0.5801016996914862,222.7999725341797,drone3
1743534905.661494,-0.17814244329929352,-0.24770335853099823,-0.11419814825057983,-0.0004588601586535905,-0.00017533532469100443,0.8145961648737001,-0.5800283009548044,222.99996733665466,drone3
1743534905.8614953,-0.17978434264659882,-0.24661575257778168,-0.09876321256160736,-0.000500174658355184,-0.00012472213537766312,0.8146319264746618,-0.5799780408379552,223.19996857643127,drone3
1743534906.0614793,-0.18236593902111053,-0.24566693603992462,-0.0852346271276474,-0.0005190886945894398,-9.514630471819885e-05,0.814686074638286,-0.5799020606068022,223.3999526500702,drone3
1743534906.2614927,-0.18372152745723724,-0.2466968595981598,-0.07412824034690857,-0.0005343512661630585,-9.263583015618937e-05,0.8147411184224413,-0.5798247632866332,223.59996604919434,drone3
1743534906.4614973,-0.1837606281042099,-0.2468494325876236,-0.06784762442111969,-0.00054769376890559,-0.00011784851533704588,0.814788280745925,-0.5797582977065315,223.79997062683105,drone3
1743534906.661492,-0.1818554699420929,-0.2460542917251587,-0.06413386762142181,-0.0004967538077494362,-0.000125663277797634,0.814857738752271,-0.5796608541927744,223.99996542930603,drone3
1743534906.861632,-0.17976438999176025,-0.24647314846515656,-0.0635363757610321,-0.00045192800018006835,-0.0001392157533406326,0.8149087469756813,-0.5795891940135937,224.20010542869568,drone3
1743534907.0615156,-0.17808261513710022,-0.24970023334026337,-0.0680493414402008,-0.00047928040965469803,-0.00017611370371992417,0.8149750861152374,-0.5794958808909906,224.3999888896942,drone3
1743534907.261478,-0.17696548998355865,-0.2542837858200073,-0.07539664208889008,-0.0005098667871514198,-0.00023533073587102797,0.8150192560124768,-0.5794336721425886,224.59995126724243,drone3
1743534907.4614573,-0.17471230030059814,-0.257470041513443,-0.08275334537029266,-0.0005344353437751637,-0.00029522314657409976,0.8150681358200373,-0.5793648147288338,224.79993057250977,drone3
1743534907.6615279,-0.17164450883865356,-0.2578011155128479,-0.08876766264438629,-0.0004925526436402763,-0.0003144352873855551,0.8151221575431162,-0.5792888766445293,225.0000011920929,drone3
1743534907.8614733,-0.16833801567554474,-0.2569446563720703,-0.09591233730316162,-0.00042256457584882343,-0.0003068494463146756,0.8151897610881277,-0.5791937933542888,225.199946641922,drone3
1743534908.061474,-0.16666632890701294,-0.2578223645687103,-0.10179907083511353,-0.00041179816545466706,-0.000307799674590905,0.8152414541978263,-0.5791210268203347,225.39994740486145,drone3
1743534908.261476,-0.16803982853889465,-0.2569848299026489,-0.10622867941856384,-0.00042529830728879695,-0.0003150437670762943,0.8152856978520506,-0.5790588286086448,225.5999493598938,drone3
1743534908.46146,-0.16976456344127655,-0.25321295857429504,-0.11305443197488785,-0.00043396186159186915,-0.00026432432572249317,0.8153283504627435,-0.5789988114963652,225.79993343353271,drone3
1743534908.6615112,-0.1707339584827423,-0.25090211629867554,-0.11675919592380524,-0.00042194524046346046,-0.0002419056545284855,0.8153593600065355,-0.5789549893106261,225.99998450279236,drone3
1743534908.86156,-0.17155052721500397,-0.2504838705062866,-0.12092028558254242,-0.00042617247881923323,-0.00023463124841621312,0.8154297136334122,-0.5788558915330648,226.2000334262848,drone3
1743534909.0615132,-0.17265179753303528,-0.2525441646575928,-0.1257389634847641,-0.00044697035364687924,-0.0002611860987531281,0.8154778874812603,-0.5787879929601137,226.39998650550842,drone3
1743534909.2614849,-0.17588192224502563,-0.25518175959587097,-0.13033173978328705,-0.000475333361407556,-0.0002967385398050316,0.8155268199723813,-0.5787190828627984,226.59995818138123,drone3
1743534909.4615424,-0.17937211692333221,-0.25833144783973694,-0.1343364715576172,-0.0005078626612877434,-0.00032439123528554354,0.815581157796824,-0.578642491502342,226.8000156879425,drone3
1743534909.6615672,-0.18273571133613586,-0.2613128423690796,-0.1380210965871811,-0.0005218820860459336,-0.000329058669485871,0.8156336833067808,-0.5785683025122507,227.00004053115845,drone3
1743534909.8615324,-0.18532946705818176,-0.2631787657737732,-0.14058521389961243,-0.0005556168207787095,-0.00033414496886254936,0.8156597616692969,-0.5785315188502128,227.20000576972961,drone3
1743534910.0614986,-0.18974028527736664,-0.2664875090122223,-0.14148110151290894,-0.0005760851969776894,-0.00035182105460913497,0.8156901390103611,-0.5784886660419895,227.3999719619751,drone3
1743534910.2615452,-0.19462384283542633,-0.27032753825187683,-0.1434098184108734,-0.0005831202015817942,-0.0003321820843486854,0.8157399881954374,-0.5784183334885369,227.60001850128174,drone3
1743534910.46149,-0.19802381098270416,-0.27347779273986816,-0.14931905269622803,-0.0005968422523355985,-0.00032720418757187583,0.815777414596915,-0.5783657342215952,227.7999632358551,drone3
1743534910.661501,-0.199447900056839,-0.27459460496902466,-0.15652909874916077,-0.0005998906445732925,-0.00033392974828553424,0.8158048943421442,-0.5783269591209652,227.99997425079346,drone3
1743534910.8615055,-0.1997809112071991,-0.2730146050453186,-0.16396775841712952,-0.0005814977228400098,-0.00030954526514152955,0.8158485374037772,-0.5782652772081694,228.19997882843018,drone3
1743534911.0615115,-0.19937622547149658,-0.27139297127723694,-0.1729143261909485,-0.0005424768204723827,-0.00030922735278030093,0.8159028646915077,-0.5781887806781223,228.39998483657837,drone3
1743534911.261489,-0.20033076405525208,-0.2707137167453766,-0.1807916760444641,-0.0005361444005402321,-0.00028998519674494275,0.8159436417674419,-0.5781311448627836,228.59996223449707,drone3
1743534911.461473,-0.2027551233768463,-0.27002838253974915,-0.1886817216873169,-0.0005656670743101927,-0.00027339419684211183,0.8159754731747798,-0.5780862479324074,228.799946308136,drone3
1743534911.6614578,-0.20395000278949738,-0.27126696705818176,-0.19266356527805328,-0.0005763606435079114,-0.0002895523683670711,0.8160254698738258,-0.5780155992775909,228.99993109703064,drone3
1743534911.8615704,-0.20496390759944916,-0.27277836203575134,-0.1934812366962433,-0.0005809226076893823,-0.0002970440735874619,0.8160622640725759,-0.577963632213377,229.2000436782837,drone3
1743534912.0614707,-0.20409834384918213,-0.2746264636516571,-0.19412094354629517,-0.0005663526603020344,-0.0003235226459487882,0.8161123450653189,-0.5778930678522577,229.39994406700134,drone3
1743534912.2614574,-0.19981525838375092,-0.276339590549469,-0.1944088637828827,-0.0005048353218947891,-0.0003668096613776749,0.8161685900346568,-0.5778134735288449,229.59993076324463,drone3
1743534912.4614506,-0.1948900818824768,-0.2778730094432831,-0.19696301221847534,-0.000440791691638255,-0.0004295094492476067,0.8162150674718521,-0.5777479457161225,229.79992389678955,drone3
1743534912.6614742,-0.19276924431324005,-0.2787466049194336,-0.19046363234519958,-0.00046301818038015926,-0.0004156490276170515,0.8162532419798909,-0.5776940082867407,229.9999475479126,drone3
1743534912.8616083,-0.1931270807981491,-0.28088560700416565,-0.18114903569221497,-0.0005263366663135717,-0.0003782346368593298,0.8162818280798934,-0.5776535367754582,230.20008158683777,drone3
1743534913.061545,-0.19625629484653473,-0.28240424394607544,-0.1754702627658844,-0.0006058515733746356,-0.000346087519168447,0.816311415167548,-0.5776115585143413,230.40001821517944,drone3
1743534913.2615619,-0.20022940635681152,-0.2819574773311615,-0.1734323799610138,-0.000642669222482985,-0.00029782560128231033,0.8163366400563818,-0.5775761340881679,230.60003519058228,drone3
1743534913.4615614,-0.20294393599033356,-0.28035786747932434,-0.17190822958946228,-0.000676558355033609,-0.0002644768045004861,0.8163753097898906,-0.577521279964831,230.80003476142883,drone3
1743534913.6615574,-0.20658326148986816,-0.27749139070510864,-0.16837552189826965,-0.000679235461935654,-0.00020944458603317995,0.8163985537768443,-0.5774884264964167,231.0000307559967,drone3
1743534913.8615563,-0.21225306391716003,-0.2751329243183136,-0.164291113615036,-0.0007123921489367903,-0.00017546908125443074,0.8164267816286345,-0.5774485661144375,231.20002961158752,drone3
1743534914.0615673,-0.21630904078483582,-0.27412188053131104,-0.16302838921546936,-0.0007455676044564039,-0.00015349999530909548,0.8164714467513439,-0.5773852720846864,231.40004062652588,drone3
1743534914.2615156,-0.2179347276687622,-0.2709469795227051,-0.16457025706768036,-0.0007100475658522447,-0.0001146088673685728,0.816507587673942,-0.5773343797651095,231.59998893737793,drone3
1743534914.4615622,-0.2182236760854721,-0.2645227611064911,-0.16703221201896667,-0.0006517235097642076,-5.30628411161984e-05,0.8165455830578746,-0.5772806214598338,231.80003547668457,drone3
1743534914.6615157,-0.21964654326438904,-0.256552129983902,-0.1697588413953781,-0.0006251040911962366,1.1658110527224128e-05,0.8165821349122456,-0.5772290653273928,231.99998903274536,drone3
1743534914.8615289,-0.22091464698314667,-0.2515382468700409,-0.17325612902641296,-0.0006291278598785585,4.69861628277904e-05,0.8165969916763458,-0.5772078865360161,232.20000219345093,drone3
1743534915.0614676,-0.2216828316450119,-0.24088287353515625,-0.18360739946365356,-0.0006081918450506053,0.00011831149270564466,0.8166404766872968,-0.5771463626739023,232.39994096755981,drone3
1743534915.2614844,-0.21936821937561035,-0.23403608798980713,-0.16021710634231567,-0.0005660777385494676,0.00010134872384854167,0.816673741087484,-0.5770993584011005,232.59995770454407,drone3
1743534915.4615405,-0.2164614051580429,-0.23098769783973694,-0.11988358944654465,-0.0005502480984159281,4.631033152647311e-05,0.8167140334746605,-0.5770422915682168,232.80001378059387,drone3
1743534915.6614468,-0.2120063453912735,-0.22726476192474365,-0.08492355048656464,-0.0005168333237062103,3.5684654151624354e-05,0.8167501954706828,-0.5769912938815186,232.999920129776,drone3
1743534915.861467,-0.20752592384815216,-0.224450021982193,-0.05976743996143341,-0.0004548149975645171,4.19082496038309e-05,0.8167929429117851,-0.5769308447640419,233.19994020462036,drone3
1743534916.0614755,-0.20472602546215057,-0.22513793408870697,-0.04414987564086914,-0.00047338183678645495,1.3122898728620503e-05,0.816830148042308,-0.5768780452995699,233.39994883537292,drone3
1743534916.261468,-0.20402838289737701,-0.23082703351974487,-0.03311051428318024,-0.000521152243805204,-3.269220732786429e-05,0.8168554361514145,-0.5768422204783356,233.5999412536621,drone3
1743534916.4614654,-0.2038246989250183,-0.23654218018054962,-0.02579362690448761,-0.0005811806130799004,-0.00010303655284301477,0.8168963291311823,-0.5767843844654665,233.79993867874146,drone3
1743534916.6615,-0.2006845772266388,-0.24261198937892914,-0.022112712264060974,-0.0005906631806659865,-0.00016239127224507662,0.8169312267217492,-0.5767347354779206,233.99997329711914,drone3
1743534916.861978,-0.19623713195323944,-0.24709689617156982,-0.015272468328475952,-0.0005747360553657498,-0.0002443895094867116,0.8169582323149326,-0.5766966031167304,234.20045137405396,drone3
1743534917.061576,-0.19166523218154907,-0.2503582239151001,-0.009879276156425476,-0.0005442025980940992,-0.0002739763090281369,0.8169928559509843,-0.5766473966710939,234.40004920959473,drone3
1743534917.261577,-0.18775127828121185,-0.2532987892627716,-0.0044464170932769775,-0.0005078506737197468,-0.000292832599140849,0.8170311779729929,-0.5765933117277423,234.60005021095276,drone3
1743534917.4615376,-0.18527919054031372,-0.255431205034256,-0.001579388976097107,-0.0004829390977254075,-0.00027849879140840275,0.8170608177442081,-0.5765512807830648,234.80001091957092,drone3
1743534917.661521,-0.1842748373746872,-0.25816771388053894,-0.00017736852169036865,-0.0005046725996627698,-0.0003032391869896983,0.8170853261366173,-0.5765164885596191,234.9999942779541,drone3
1743534917.8615458,-0.18361753225326538,-0.26065829396247864,-0.0002126544713973999,-0.0005293388060893379,-0.00030774839558222507,0.8171069685433275,-0.5764858267273274,235.20001912117004,drone3
1743534918.0615668,-0.18443059921264648,-0.261981725692749,-0.000738486647605896,-0.0005333355127082851,-0.0003069775692356313,0.8171304443379481,-0.5764524885701553,235.40004014968872,drone3
1743534918.2615347,-0.18779458105564117,-0.2649511694908142,-0.0034715086221694946,-0.0005739069375404417,-0.0003012533563156344,0.8171387261936804,-0.5764406663791479,235.60000801086426,drone3
1743534918.4615211,-0.19168424606323242,-0.26989424228668213,-0.009434640407562256,-0.0006332476422921929,-0.0003170872358294439,0.8171613906614672,-0.5764086453109918,235.79999446868896,drone3
1743534918.661552,-0.1935061514377594,-0.27535581588745117,-0.01761363446712494,-0.0006710022767583066,-0.0003422412179412684,0.8171864996464676,-0.5763728310264697,236.00002527236938,drone3
1743534918.8615477,-0.19467785954475403,-0.2808490991592407,-0.02492612600326538,-0.0006683548969669424,-0.0003847803428940035,0.8172124410317261,-0.5763361843416895,236.20002102851868,drone3
1743534919.0615647,-0.1956987977027893,-0.28467753529548645,-0.03253959119319916,-0.000646188947372752,-0.00037827795674024556,0.817240647810092,-0.5762960921520436,236.4000380039215,drone3
1743534919.2615488,-0.19542832672595978,-0.2868442237377167,-0.04009909927845001,-0.0006084907316494082,-0.00034498836722559223,0.8172542296320247,-0.5762769469461074,236.60002207756042,drone3
1743534919.4615805,-0.19505183398723602,-0.2871597409248352,-0.04688595235347748,-0.0005880952583854135,-0.0003200034561264342,0.8172754716436741,-0.5762468540962706,236.80005383491516,drone3
1743534919.6615343,-0.19551058113574982,-0.2859244644641876,-0.052656203508377075,-0.0005692749721357238,-0.0002656467705574652,0.8172938898164733,-0.5762208494907395,237.00000762939453,drone3
1743534919.86154,-0.1949244737625122,-0.2827191948890686,-0.056429460644721985,-0.0005126366665110272,-0.00023319643427968808,0.817314404794986,-0.5761917365551305,237.20001339912415,drone3
1743534920.0615227,-0.19496862590312958,-0.2793787717819214,-0.06181921064853668,-0.000475020964356582,-0.00018356943594656676,0.8173439918826406,-0.5761497582940136,237.3999960422516,drone3
1743534920.2615163,-0.19695165753364563,-0.2746070623397827,-0.059372857213020325,-0.00046793719658961273,-0.00015626232198637677,0.8173689006701106,-0.5761144813818101,237.59998965263367,drone3
1743534920.461528,-0.19870507717132568,-0.27288562059402466,-0.042391419410705566,-0.0004921142793726347,-0.00016445698231000737,0.8173890047168504,-0.5760859479653683,237.80000138282776,drone3
1743534920.6615174,-0.20078487694263458,-0.27400901913642883,-0.023009389638900757,-0.0005369273482216762,-0.0001985280789399935,0.8174051574965421,-0.5760629673962177,237.99999070167542,drone3
1743534920.8615458,-0.2044171541929245,-0.27815893292427063,-0.005128070712089539,-0.0005871618847326853,-0.00022644754668478596,0.8174294130078602,-0.576028428053863,238.20001912117004,drone3
1743534921.0614953,-0.20798565447330475,-0.2821236550807953,0.009222924709320068,-0.0006585962243061265,-0.00023891408233412106,0.8174521301592075,-0.5759961857147522,238.399968624115,drone3
1743534921.2615001,-0.21079380810260773,-0.2853897511959076,0.01715923845767975,-0.0006493701803854157,-0.00024830838437662155,0.817474689259873,-0.5759641014263231,238.5999734401703,drone3
1743534921.4615145,-0.21321897208690643,-0.2874968945980072,0.019141241908073425,-0.0006384355221592278,-0.00023560927961838917,0.8174879444437297,-0.5759452828584631,238.79998779296875,drone3
1743534921.6615229,-0.21630211174488068,-0.2880611717700958,0.016757860779762268,-0.0006386314185708367,-0.00022898228449601146,0.8174830448725903,-0.5759522054783309,238.99999618530273,drone3
1743534921.861513,-0.21959462761878967,-0.2840113341808319,0.014779254794120789,-0.0006129924904571883,-0.0001631795911801638,0.8174918535639291,-0.5759398564517173,239.19998621940613,drone3
1743534922.0615208,-0.2230551540851593,-0.2777749001979828,0.013743817806243896,-0.0005746819518185159,-8.80111396103335e-05,0.8175213879680231,-0.5758980994615552,239.39999413490295,drone3
1743534922.2615516,-0.2255648523569107,-0.27118372917175293,0.011765837669372559,-0.0005314693724985471,-5.150525987772424e-05,0.8175540412389068,-0.5758516220243598,239.60002493858337,drone3
1743534922.4615593,-0.227185919880867,-0.2659618556499481,0.007628530263900757,-0.0005164689839571692,-6.420872749332202e-05,0.8175737027437372,-0.5758237840309184,239.80003261566162,drone3
1743534922.6615345,-0.22649136185646057,-0.25803589820861816,0.0020481497049331665,-0.0004755935585165151,-4.440775528390871e-05,0.8175992753440712,-0.5757875904247596,240.0000078678131,drone3
1743534922.8615086,-0.22435076534748077,-0.2523978650569916,-0.005205109715461731,-0.00046035310992246153,-6.921372749253826e-05,0.8176220557156914,-0.575755284865376,240.1999819278717,drone3
1743534923.0615191,-0.22084437310695648,-0.24765713512897491,-0.01427893340587616,-0.00042262301652902826,-9.299807079461207e-05,0.8176479760275255,-0.5757183220792319,240.3999924659729,drone3
1743534923.2614973,-0.21566574275493622,-0.24454282224178314,-0.02494041621685028,-0.0003968225803747971,-0.0001307125649150125,0.8176797547513027,-0.5756732249513252,240.59997057914734,drone3
1743534923.4615188,-0.21060515940189362,-0.24383072555065155,-0.03834174573421478,-0.0003568477505629623,-0.0001884005133122491,0.8177110277128978,-0.5756289707603889,240.79999208450317,drone3
1743534923.661589,-0.20736299455165863,-0.24522173404693604,-0.051339998841285706,-0.0003661499129680138,-0.0002302842166985354,0.8177287188525603,-0.5756036088942974,241.00006222724915,drone3
1743534923.861487,-0.20640423893928528,-0.24686388671398163,-0.06323419511318207,-0.00039184967927546606,-0.0002407098148751737,0.8177473582963142,-0.5755771301367204,241.199960231781,drone3
1743534924.0615513,-0.20763637125492096,-0.24903221428394318,-0.07454191148281097,-0.00042502092113920443,-0.00023502272225693532,0.8177587695555485,-0.5755609141367559,241.40002465248108,drone3
1743534924.2615402,-0.21023297309875488,-0.2502860724925995,-0.08309701085090637,-0.0004535957950158088,-0.0002183229699024659,0.8177819397855174,-0.5755281344253265,241.60001349449158,drone3
1743534924.461503,-0.2120925784111023,-0.25043612718582153,-0.09100063145160675,-0.000455425859334219,-0.0002178065372413542,0.817797660560012,-0.5755056701550703,241.79997634887695,drone3
1743534924.6615,-0.21323290467262268,-0.2510159909725189,-0.09997928142547607,-0.00045184897483911083,-0.00021647109129722874,0.8178121485391876,-0.575485197323406,241.99997329711914,drone3
1743534924.8615375,-0.21545006334781647,-0.2523031532764435,-0.10603062808513641,-0.0004738608147286753,-0.00023838182402530203,0.8178220109017391,-0.5754710359823064,242.20001077651978,drone3
1743534925.0615714,-0.21832069754600525,-0.252576619386673,-0.11221971362829208,-0.0005000943365047265,-0.00022015315769797133,0.8178329058620792,-0.5754555048686302,242.40004467964172,drone3
1743534925.2614355,-0.22177939116954803,-0.2524169087409973,-0.11944517493247986,-0.0005493985451313568,-0.00021281980156247657,0.8178351923286109,-0.5754522911714312,242.59990882873535,drone3
1743534925.4615316,-0.22211255133152008,-0.2508460581302643,-0.1275044083595276,-0.0005358216828620471,-0.00021390308669859228,0.8178474992083761,-0.5754347580824506,242.80000495910645,drone3
1743534925.66151,-0.22200118005275726,-0.24474790692329407,-0.1364738941192627,-0.0005049996801983206,-0.00017387084518234662,0.8178630830056131,-0.5754125993768461,242.99998331069946,drone3
1743534925.8615105,-0.22228029370307922,-0.238034188747406,-0.14095847308635712,-0.00046287598364278546,-0.00013223611792398854,0.8178733984467861,-0.5753980692508219,243.19998383522034,drone3
1743534926.0615034,-0.2216244488954544,-0.23122695088386536,-0.14428921043872833,-0.00044122348267990486,-6.033397508544698e-05,0.8178947036787083,-0.5753678288870153,243.39997673034668,drone3
1743534926.261532,-0.2179432064294815,-0.22656382620334625,-0.14841705560684204,-0.00041304304609430837,-6.607710058053252e-05,0.8179209400919063,-0.5753305499995074,243.6000053882599,drone3
1743534926.461533,-0.21457849442958832,-0.22433340549468994,-0.15164780616760254,-0.0003959941519632708,-0.00011558355439941919,0.8179482091028929,-0.575291901339423,243.80000638961792,drone3
1743534926.6615272,-0.2119150161743164,-0.22295601665973663,-0.15538227558135986,-0.00038856243603165405,-0.00015456922463586917,0.8179771218409714,-0.5752507660152764,244.00000047683716,drone3
1743534926.86151,-0.2113753855228424,-0.22440548241138458,-0.15550602972507477,-0.00040251364998447825,-0.00018316159110096683,0.8179897764322368,-0.5752325480400075,244.19998335838318,drone3
1743534927.061576,-0.21128877997398376,-0.2275448739528656,-0.1566530019044876,-0.00042138446923539773,-0.00024309434794491053,0.818017361544587,-0.5751933303974681,244.40004920959473,drone3
1743534927.2615216,-0.2106824517250061,-0.23000724613666534,-0.157789409160614,-0.00043627433548677194,-0.0002476785894523155,0.8180318495237627,-0.5751728575658039,244.5999948978424,drone3
1743534927.4615293,-0.20846065878868103,-0.23336564004421234,-0.15959370136260986,-0.000418909926508105,-0.00028792935455787414,0.8180506154080622,-0.5751460837802874,244.80000257492065,drone3
1743534927.661499,-0.20504894852638245,-0.23597170412540436,-0.16233360767364502,-0.00037731859373140776,-0.00030494067821024346,0.8180685067452551,-0.5751206903040597,244.99997234344482,drone3
1743534927.861534,-0.20191942155361176,-0.23665747046470642,-0.1569540798664093,-0.00034915643368523734,-0.0003284611284509294,0.8180924356184972,-0.575086561893478,245.20000743865967,drone3
1743534928.061538,-0.20083922147750854,-0.23795808851718903,-0.14888706803321838,-0.0003617480857168806,-0.0003064857934069769,0.8181057013390659,-0.5750678170826027,245.40001130104065,drone3
1743534928.2614703,-0.2005983144044876,-0.23906394839286804,-0.1390083283185959,-0.00037250971394603557,-0.00030130244875075307,0.8181168807906335,-0.5750518328903049,245.5999436378479,drone3
1743534928.4614625,-0.20231911540031433,-0.23872193694114685,-0.13343507051467896,-0.00038197659479614627,-0.0002528234735658095,0.8181160589270875,-0.5750529076349419,245.7999358177185,drone3
1743534928.661479,-0.20408837497234344,-0.2384546399116516,-0.12959536910057068,-0.0004022618904770281,-0.00021807987437119888,0.8181244145398048,-0.5750412645680408,245.99995231628418,drone3
1743534928.8614726,-0.2036944031715393,-0.23850582540035248,-0.1263599544763565,-0.00039543066423911223,-0.0002257981189023357,0.8181426219783615,-0.575015302109358,246.19994592666626,drone3
1743534929.0614586,-0.20282067358493805,-0.2389199584722519,-0.12693244218826294,-0.00041508688013386456,-0.00023957933576427892,0.81817004904003,-0.5749762425175007,246.3999319076538,drone3
1743534929.2614567,-0.2011285126209259,-0.24227102100849152,-0.1299918293952942,-0.00043327089405662667,-0.0002617387873763319,0.8181840312570234,-0.5749562754480185,246.5999300479889,drone3
1743534929.4614599,-0.19926516711711884,-0.24535112082958221,-0.13403621315956116,-0.00047090016325691207,-0.0003013615634101024,0.8181872344175103,-0.5749517235883793,246.79993319511414,drone3
1743534929.6614716,-0.19612924754619598,-0.24627627432346344,-0.13788190484046936,-0.00043105027168595107,-0.00031546606903179653,0.8181982242082595,-0.574936013350597,246.99994492530823,drone3
1743534929.8614533,-0.19300121068954468,-0.24584433436393738,-0.14403173327445984,-0.00042252556737648383,-0.00031684358979612733,0.8182172745837865,-0.574908870780156,247.19992661476135,drone3
1743534930.0615356,-0.19145514070987701,-0.24581488966941833,-0.1501707136631012,-0.00039181032095135624,-0.00029975286779907487,0.8182327003303413,-0.5748870387126273,247.40000891685486,drone3
1743534930.2615628,-0.1906890571117401,-0.2454649657011032,-0.13968953490257263,-0.00041499007409119115,-0.00029690386534580944,0.8182412772140133,-0.5748747529062863,247.6000361442566,drone3
1743534930.4614995,-0.19267447292804718,-0.24434997141361237,-0.10101129114627838,-0.00044481908424470095,-0.00025281909527380723,0.8182390750411788,-0.5748780508971824,247.79997277259827,drone3
1743534930.6615362,-0.19474446773529053,-0.24410486221313477,-0.056654900312423706,-0.000457885121770975,-0.00023199791414443347,0.8182486845226392,-0.5748642267308708,248.00000953674316,drone3
1743534930.861549,-0.19486409425735474,-0.24302107095718384,-0.018008485436439514,-0.0004592439769144076,-0.00023789593136574813,0.8182641840261791,-0.5748422366126603,248.20002222061157,drone3
1743534931.0616138,-0.19446419179439545,-0.2413129210472107,0.007995769381523132,-0.000434847176930152,-0.00023143749276814018,0.8182840562652519,-0.5748139350038852,248.4000871181488,drone3
1743534931.2615192,-0.19369865953922272,-0.23882651329040527,0.022424563765525818,-0.00039910150451394523,-0.00021532583094905722,0.8183023901443542,-0.574787930398354,248.59999251365662,drone3
1743534931.4615114,-0.1923913210630417,-0.23699648678302765,0.027758583426475525,-0.0003828908912376589,-0.00021110715881676715,0.8183158033788928,-0.5747687851924179,248.79998469352722,drone3
1743534931.6615121,-0.18963181972503662,-0.2358924001455307,0.03207375109195709,-0.0003891607442966723,-0.00022993221436926078,0.8183281629422186,-0.5747511994198767,248.99998545646667,drone3
1743534931.8614986,-0.18978624045848846,-0.23651638627052307,0.032186850905418396,-0.00041230700941930046,-0.00020771964188185687,0.8183335261286916,-0.5747435603035841,249.19997191429138,drone3
1743534932.0615287,-0.1924590915441513,-0.23910367488861084,0.0315621942281723,-0.00048234698389466765,-0.00019337779784846153,0.8183296275452043,-0.5747490604673148,249.40000200271606,drone3
1743534932.2615278,-0.19482018053531647,-0.2417839616537094,0.029592975974082947,-0.0005447519682703681,-0.00020987204315740864,0.8183243170422919,-0.5747565626063497,249.60000109672546,drone3
1743534932.4614937,-0.19674579799175262,-0.24363122880458832,0.027782663702964783,-0.0005558306522384035,-0.0002242006648518546,0.8183301122339622,-0.5747482386037688,249.79996705055237,drone3
1743534932.6614997,-0.19907845556735992,-0.24146096408367157,0.026824817061424255,-0.0005399414858551973,-0.00016323875728830296,0.8183245172398224,-0.5747563624088192,249.99997305870056,drone3
1743534932.8614774,-0.2002224177122116,-0.23923832178115845,0.024342522025108337,-0.0005299141784839142,-0.00012114148483115048,0.8183295327147952,-0.574749071004027,250.19995069503784,drone3
1743534933.0614862,-0.20189934968948364,-0.23928895592689514,0.018238991498947144,-0.0005757839437345616,-0.00011713872783453625,0.818352618651067,-0.5747161227052034,250.39995956420898,drone3
1743534933.261475,-0.2036658376455307,-0.23873558640480042,0.012317314743995667,-0.0006069233648511356,-0.00012849419600132516,0.818365073044802,-0.5746984421022532,250.59994840621948,drone3
1743534933.4614785,-0.20595547556877136,-0.2387494444847107,0.0063800811767578125,-0.0006362086127464525,-0.00013241885373519588,0.8183641458141349,-0.5746997065077085,250.7999517917633,drone3
1743534933.6615593,-0.20816141366958618,-0.23861536383628845,0.0010921061038970947,-0.000680530880721404,-0.0001449131717309615,0.8183684869395313,-0.5746934266272804,251.00003266334534,drone3
1743534933.8615623,-0.2116517871618271,-0.2379678189754486,-0.00766347348690033,-0.0006902387528472837,-0.00014201473213568667,0.8183780648108555,-0.5746798869521963,251.200035572052,drone3
1743534934.0615373,-0.2119084596633911,-0.23906856775283813,-0.0017680525779724121,-0.0006596868974884414,-0.00016744228804178843,0.8183969571357005,-0.5746530710198312,251.4000105857849,drone3
1743534934.2615418,-0.2122494876384735,-0.24067354202270508,0.011504724621772766,-0.0006248656157662835,-0.00019947743258679827,0.8184096538738144,-0.5746348108977138,251.60001516342163,drone3
1743534934.4615483,-0.21412307024002075,-0.2435457408428192,0.024344459176063538,-0.0006562929443099413,-0.00023199782153661205,0.8184100121220267,-0.5746342840621075,251.80002164840698,drone3
1743534934.661516,-0.21657635271549225,-0.24531716108322144,0.03336556255817413,-0.000686706525901623,-0.00024278220813788467,0.8184220345105645,-0.5746171197580514,251.99998927116394,drone3
1743534934.86154,-0.21897798776626587,-0.2465098798274994,0.03923310339450836,-0.0006997756091962464,-0.00023606602139370704,0.818414247880302,-0.5746281938424976,252.20001339912415,drone3
1743534935.0614872,-0.22151251137256622,-0.2483840435743332,0.04149450361728668,-0.000687433723674563,-0.00024151434532389092,0.81842216095111,-0.5746169933175059,252.3999605178833,drone3
1743534935.2614677,-0.22331510484218597,-0.2500452697277069,0.05422918498516083,-0.0007006882284072152,-0.00023585952653142268,0.8184293680622053,-0.5746067516333178,252.59994101524353,drone3
1743534935.461462,-0.22199201583862305,-0.24861116707324982,0.10897447168827057,-0.0006358246401392669,-0.00025569999083179906,0.8184397467236512,-0.5745920739933239,252.79993534088135,drone3
1743534935.6615348,-0.22217947244644165,-0.24741315841674805,0.16514243185520172,-0.0005952308659528708,-0.00023310699570369778,0.8184557730627975,-0.5745692198647189,253.0000081062317,drone3
1743534935.8615031,-0.22237658500671387,-0.24803169071674347,0.20882953703403473,-0.000592279639899378,-0.00022168408846338832,0.8184616841583011,-0.5745607799583046,253.19997644424438,drone3
1743534936.0615036,-0.2207624912261963,-0.2491414099931717,0.23639808595180511,-0.0005821205001494032,-0.0002308631493493578,0.818462906416908,-0.5745592205249096,253.39997696876526,drone3
1743534936.2615006,-0.2182760387659073,-0.2503751516342163,0.25378847122192383,-0.0005683129415071407,-0.000282183872708221,0.8184699660140334,-0.5745490420609942,253.59997391700745,drone3
1743534936.4614937,-0.21540091931819916,-0.25060686469078064,0.2630627155303955,-0.0005338706109902952,-0.00027867988085834025,0.8184826838255717,-0.5745309294528466,253.79996705055237,drone3
1743534936.661511,-0.2119108885526657,-0.2491077035665512,0.2670087218284607,-0.000477928757341822,-0.00026652666833819376,0.81849872070143,-0.5745081490812265,253.99998426437378,drone3
1743534936.8615377,-0.20890627801418304,-0.24720221757888794,0.2599397897720337,-0.00042949076111786343,-0.00024021628207035144,0.8185061596201922,-0.5744975070019775,254.20001101493835,drone3
1743534937.0615308,-0.20742462575435638,-0.24842606484889984,0.2579091191291809,-0.0004140647881882016,-0.00022801800041043994,0.8185014497098712,-0.5745042399610272,254.40000414848328,drone3
1743534937.2614963,-0.2059587836265564,-0.25135231018066406,0.2537029981613159,-0.0004390651647935393,-0.00026482375455861396,0.8185020819125988,-0.5745033548772084,254.59996962547302,drone3
1743534937.4614892,-0.20457389950752258,-0.25354671478271484,0.24674491584300995,-0.0004507957460859299,-0.0002771558956795309,0.8185091836565729,-0.5744933871475355,254.79996252059937,drone3
1743534937.6615014,-0.2044849693775177,-0.2549801766872406,0.23445405066013336,-0.00043182433416141607,-0.0002786930002997102,0.8185148734811218,-0.574485252805773,254.99997472763062,drone3
1743534937.8614905,-0.20597034692764282,-0.2565035820007324,0.22129307687282562,-0.0004553576176595794,-0.000252338347493222,0.8185032830977813,-0.5745016479298437,255.1999638080597,drone3
1743534938.0614815,-0.20683002471923828,-0.25860685110092163,0.20762579143047333,-0.00046545939200905406,-0.000265928946589378,0.8185110697280437,-0.5744906581390945,255.3999547958374,drone3
1743534938.2614894,-0.20811070501804352,-0.26019778847694397,0.19268544018268585,-0.0004844388093652431,-0.00026821055635534765,0.8185219646883838,-0.5744751270254183,255.59996271133423,drone3
1743534938.461499,-0.20877942442893982,-0.2602154016494751,0.1809879094362259,-0.0004921135487998213,-0.0002657881209622491,0.8185185086468059,-0.5744800160598454,255.7999722957611,drone3
1743534938.6614707,-0.21071304380893707,-0.2583523094654083,0.17157085239887238,-0.0004912223528648779,-0.0002120366686653899,0.8185229762127482,-0.5744735254451748,255.9999439716339,drone3
1743534938.8614714,-0.21290476620197296,-0.25745847821235657,0.16080068051815033,-0.0005000222258811026,-0.00020266871869296672,0.8185348510873159,-0.5744566772424825,256.19994473457336,drone3
1743534939.0615451,-0.21365788578987122,-0.2562154233455658,0.14894463121891022,-0.0005111330447631758,-0.0002291776664197237,0.8185378435135603,-0.574452420410783,256.400018453598,drone3
1743534939.2614655,-0.21231350302696228,-0.25611546635627747,0.13573779165744781,-0.00047459084218504804,-0.00025177914030836523,0.8185535116044942,-0.5744300088240873,256.5999388694763,drone3
1743534939.4614801,-0.21239306032657623,-0.2573210895061493,0.12368045747280121,-0.00045969917522603484,-0.00027103975616946287,0.8185445975460341,-0.5744428003926104,256.79995346069336,drone3
1743534939.6615016,-0.21363940834999084,-0.2579854130744934,0.11237089335918427,-0.00047170871185610373,-0.0002580580432094844,0.8185486857903397,-0.5744369419806673,256.9999749660492,drone3
1743534939.8614655,-0.21662300825119019,-0.25975432991981506,0.0937984436750412,-0.0005101140911936838,-0.0002475722345142764,0.8185471685037933,-0.5744390493230929,257.1999387741089,drone3
1743534940.061586,-0.21773552894592285,-0.26073378324508667,0.08353446424007416,-0.0005249124403379642,-0.00025800906396170325,0.8185505297149621,-0.5744343394127718,257.40005922317505,drone3
1743534940.2614746,-0.21707938611507416,-0.26477837562561035,0.07960911095142365,-0.0005394226659702444,-0.0003417314530433004,0.8185694220398071,-0.5744072705993157,257.5999479293823,drone3
1743534940.4615312,-0.21649298071861267,-0.2687905430793762,0.18751280009746552,-0.0005401789528888728,-0.00040529397344839165,0.8185686212496853,-0.5744084928579225,257.8000044822693,drone3
1743534940.6614842,-0.21566109359264374,-0.27217569947242737,0.3144511580467224,-0.0005354644173215876,-0.00046694099881979895,0.8185747325427194,-0.5743996841665837,257.9999575614929,drone3
1743534940.8614988,-0.2130163013935089,-0.27379846572875977,0.42789655923843384,-0.000514323474246996,-0.00048529358212952826,0.8185737315550673,-0.5744010223290239,258.19997215270996,drone3
1743534941.0615244,-0.20843063294887543,-0.2745187282562256,0.5060446858406067,-0.0005067435446420513,-0.00047455239193207614,0.818583277816255,-0.5743875985577732,258.39999771118164,drone3
1743534941.2614903,-0.20271334052085876,-0.27333828806877136,0.5572800636291504,-0.00046718353187109505,-0.00046505421389892316,0.8185957638201264,-0.5743697177572925,258.59996366500854,drone3
1743534941.4614813,-0.19933421909809113,-0.2721420228481293,0.5945518612861633,-0.0004522741231989022,-0.00044893901457360565,0.8185898632613349,-0.5743781471269946,258.79995465278625,drone3
1743534941.6615636,-0.19715015590190887,-0.2710359990596771,0.6057887673377991,-0.0004452986615653209,-0.0004195151572077755,0.8185949630300047,-0.5743710243095963,259.00003695487976,drone3
1743534941.8614838,-0.19602034986019135,-0.27038392424583435,0.602483332157135,-0.00045820336083201814,-0.0003818927306965184,0.818588641002728,-0.5743799594414806,259.1999571323395,drone3
1743534942.061463,-0.19538387656211853,-0.270223468542099,0.5984992384910583,-0.00048382728390615454,-0.00035742109587522477,0.8185925185127911,-0.5743744803511742,259.3999364376068,drone3
1743534942.2614648,-0.19544033706188202,-0.2680637240409851,0.5904239416122437,-0.00047420913332460864,-0.00033495100676080475,0.8185933930598976,-0.5743731000418855,259.5999381542206,drone3
1743534942.4614542,-0.19549395143985748,-0.26474738121032715,0.5800842046737671,-0.00048046833133927796,-0.00028081093088617233,0.8185939620423526,-0.5743723624720366,259.79992747306824,drone3
1743534942.6614523,-0.19418133795261383,-0.2595452070236206,0.5695164799690247,-0.0004418894255238446,-0.000268351155607802,0.8186014852548117,-0.5743617203927875,259.9999256134033,drone3
1743534942.861535,-0.19088123738765717,-0.25319552421569824,0.5564817786216736,-0.00037614716910124127,-0.0002455863472465438,0.8186229169272795,-0.5743312692947384,260.200008392334,drone3
1743534943.0615258,-0.1881410777568817,-0.24732255935668945,0.5471620559692383,-0.00033594116444270964,-0.00022807458893421575,0.8186398810338051,-0.5743070559302689,260.3999991416931,drone3
1743534943.2615,-0.186224564909935,-0.24407845735549927,0.5333971381187439,-0.0003372894520047407,-0.00022094012352988975,0.8186384796510922,-0.574309131662558,260.5999732017517,drone3
1743534943.461493,-0.1843721866607666,-0.24245114624500275,0.5177842378616333,-0.0003359289196307643,-0.00021828530424353675,0.8186465191624457,-0.5742976361096267,260.79996633529663,drone3
1743534943.6615348,-0.18326885998249054,-0.23953555524349213,0.49864453077316284,-0.00034642975651743966,-0.00019704027255009157,0.8186541055951776,-0.5742867622227109,261.0000081062317,drone3
1743534943.8615024,-0.18518951535224915,-0.23494571447372437,0.48158562183380127,-0.0003555156745145614,-0.00018593859097306654,0.8186585310142713,-0.5742804823422828,261.19997572898865,drone3
1743534944.061628,-0.18819274008274078,-0.22842082381248474,0.4650369882583618,-0.0003721097922140472,-0.00015389283768762338,0.8186477098109161,-0.5742959396989742,261.40010142326355,drone3
1743534944.2615063,-0.19023673236370087,-0.2230808585882187,0.43953919410705566,-0.0003767094477788423,-0.00012180940330861412,0.8186578250545586,-0.5742816097704805,261.59997963905334,drone3
1743534944.4614959,-0.19060197472572327,-0.21976260840892792,0.42928624153137207,-0.00035882481950814276,-0.00010306364577566378,0.8186587312118017,-0.5742801978510553,261.7999691963196,drone3
1743534944.661493,-0.1886458545923233,-0.21802020072937012,0.41852229833602905,-0.00035619455158422805,-0.00011159772405461186,0.8186475201500978,-0.5742961293597925,261.99996638298035,drone3
1743534944.8614736,-0.18773919343948364,-0.21766357123851776,0.40499937534332275,-0.0003381889774987344,-0.00013066429566052913,0.818665780272215,-0.574270114217549,262.1999468803406,drone3
1743534945.0614202,-0.1878538429737091,-0.21846888959407806,0.3961392641067505,-0.00035099046534844226,-0.00013969635706460735,0.818669731539263,-0.5742645613702578,262.3998935222626,drone3
1743534945.2614877,-0.1914387196302414,-0.22788332402706146,0.3668596148490906,-0.0004616099935647364,-0.000230936402136113,0.8186616077342125,-0.5742761412168862,262.5999610424042,drone3
1743534945.461495,-0.1926455944776535,-0.2355113923549652,0.355713427066803,-0.0005309548743119279,-0.0002801381762224783,0.8186432843918223,-0.5743021352857052,262.79996824264526,drone3
1743534945.6615212,-0.193105086684227,-0.24148723483085632,0.34428703784942627,-0.0005499198654274888,-0.00031562921828877036,0.818647288342431,-0.5742963611674593,262.9999945163727,drone3
1743534945.861475,-0.1948048174381256,-0.24363966286182404,0.32818543910980225,-0.0005389687127193276,-0.00030840841152559304,0.8186478151780373,-0.5742955814507618,263.19994831085205,drone3
1743534946.061509,-0.19726774096488953,-0.24436518549919128,0.3083534240722656,-0.0005446496263379246,-0.0002838519659469413,0.8186529676302678,-0.5742881530687117,263.399982213974,drone3
1743534946.2614927,-0.20140263438224792,-0.24381059408187866,0.28458690643310547,-0.0005690101343459356,-0.0002326180675655524,0.8186387852157438,-0.5743084889231183,263.59996604919434,drone3
1743534946.4614632,-0.205103799700737,-0.24119366705417633,0.2608579993247986,-0.0005887571882237578,-0.00017970045609289466,0.8186302399422083,-0.5743206588256258,263.79993653297424,drone3
1743534946.6614594,-0.20677180588245392,-0.23805776238441467,0.23865841329097748,-0.00054649128721353,-0.0001520523910034545,0.8186361615744241,-0.5743122083824994,263.9999327659607,drone3
1743534946.8614364,-0.2060828059911728,-0.234269917011261,0.21333129703998566,-0.0005174526642364526,-0.00014855665153943936,0.8186423993080036,-0.5743035261317061,264.19990968704224,drone3
1743534947.061531,-0.20384155213832855,-0.22965966165065765,0.19055719673633575,-0.00048018363431667066,-0.00013260483082015338,0.8186499435938871,-0.5742926943916388,264.40000438690186,drone3
1743534947.261491,-0.2016175538301468,-0.2246619313955307,0.16947610676288605,-0.00041112106336824503,-0.00010694408841967815,0.8186478046413252,-0.574295844868565,264.5999643802643,drone3
1743534947.461484,-0.1986171454191208,-0.22069479525089264,0.14703594148159027,-0.00036405618389222016,-8.747708059387561e-05,0.8186589630194685,-0.5742797974559944,264.7999572753906,drone3
1743534947.661514,-0.1950438767671585,-0.217723548412323,0.12763459980487823,-0.0003262962193314951,-8.065601034704379e-05,0.8186694681214598,-0.5742649933754551,264.9999873638153,drone3
1743534947.8614917,-0.19191023707389832,-0.21685022115707397,0.11084659397602081,-0.0003141648313879335,-0.00010034279711262762,0.8186749472117661,-0.574257069767935,265.1999650001526,drone3
1743534948.0615048,-0.18935371935367584,-0.21744590997695923,0.0949985533952713,-0.0003134263354607785,-0.00012025835606642988,0.8186915425333674,-0.574233478069481,265.39997816085815,drone3
1743534948.2614975,-0.18554389476776123,-0.21934421360492706,0.078598752617836,-0.00031186954653366527,-0.0001468571642492527,0.818685989686076,-0.574241475433986,265.5999708175659,drone3
1743534948.461475,-0.1802811324596405,-0.22295790910720825,0.06233321130275726,-0.0002968367221028297,-0.00022516105169160755,0.8186817539278007,-0.5742474813598988,265.7999482154846,drone3
1743534948.6614919,-0.1746828556060791,-0.22688956558704376,0.04747600853443146,-0.00030934959253215615,-0.0002857238607038058,0.8186926804982771,-0.5742318343423891,265.99996519088745,drone3
1743534948.8614807,-0.16970902681350708,-0.23181676864624023,0.025590971112251282,-0.00032152751365510434,-0.00032660178366164413,0.8186991395028115,-0.574222509352156,266.19995403289795,drone3
1743534949.0614893,-0.1684945672750473,-0.23602358996868134,0.0282411128282547,-0.0003661358841692863,-0.0003270599187344976,0.8187023426632983,-0.5742180417862139,266.3999626636505,drone3
1743534949.2615054,-0.16959278285503387,-0.23835881054401398,0.038432613015174866,-0.0004196510771928079,-0.00029606744179236594,0.818696052246158,-0.5742269453079618,266.599978685379,drone3
1743534949.4614623,-0.17134074866771698,-0.23840570449829102,0.04662494361400604,-0.00042289185703465435,-0.0002486222734424969,0.8186985073000839,-0.5742233944359748,266.7999355792999,drone3
1743534949.66147,-0.17499712109565735,-0.23786500096321106,0.052688971161842346,-0.00044325151165126956,-0.00019625077029284175,0.818691426629534,-0.5742335939733144,266.9999432563782,drone3
1743534949.8614857,-0.17849335074424744,-0.23671108484268188,0.0561039000749588,-0.00045256246665447845,-0.00017326769044134007,0.8186881181019259,-0.5742382512000749,267.1999590396881,drone3
1743534950.0615292,-0.1795177459716797,-0.23602640628814697,0.056306615471839905,-0.0004639101763437827,-0.00015339289950848514,0.8186804368387848,-0.5742493042110969,267.4000024795532,drone3
1743534950.261504,-0.18238215148448944,-0.23197807371616364,0.054412052035331726,-0.00045528975670598335,-0.00013428155716578292,0.8186882761526079,-0.574238008855696,267.59997725486755,drone3
1743534950.461521,-0.18511056900024414,-0.2288203090429306,0.050866320729255676,-0.000443668802494656,-0.00011313625895114438,0.8186895089479267,-0.5742363545918918,267.7999942302704,drone3
1743534950.6615748,-0.18649646639823914,-0.22659432888031006,0.04560492932796478,-0.0004345479199000636,-0.00012248047045200643,0.81869967687513,-0.5742218876861406,268.000048160553,drone3
1743534950.8614907,-0.1866605281829834,-0.22716638445854187,0.03625847399234772,-0.0004399417595619698,-0.00017513971639261826,0.8186969373299768,-0.5742258073430521,268.19996404647827,drone3
1743534951.0618997,-0.18810077011585236,-0.2303471565246582,0.025868967175483704,-0.0005050926378715258,-0.00022645556240621922,0.8186913528725491,-0.5742335834366024,268.40037298202515,drone3
1743534951.261474,-0.19033367931842804,-0.23288396000862122,0.01278926432132721,-0.0005254586206892724,-0.00021191654603123074,0.81869967687513,-0.5742217190987465,268.5999472141266,drone3
1743534951.4615047,-0.19157947599887848,-0.23419396579265594,0.0010042041540145874,-0.0005182521475589016,-0.00019857107983841329,0.8186941661746872,-0.5742296743164029,268.799978017807,drone3
1743534951.661543,-0.19289804995059967,-0.235123410820961,-0.008357539772987366,-0.0005105623542084612,-0.00018468975392149875,0.818697537922568,-0.5742247009882786,269.0000162124634,drone3
1743534951.8615508,-0.19897517561912537,-0.23714184761047363,-0.020656123757362366,-0.0005617345552012584,-0.00014927141928479113,0.8186957256080821,-0.5742274405334318,269.2000241279602,drone3
1743534952.0615027,-0.20732681453227997,-0.23882542550563812,-0.030001789331436157,-0.000608803900432228,-0.00011675903576665256,0.8186847252806206,-0.5742429084268353,269.39997601509094,drone3
1743534952.2615006,-0.21408116817474365,-0.23979417979717255,-0.03643143177032471,-0.0006352375065513686,-9.108720100712099e-05,0.8186645580136083,-0.574271673650944,269.59997391700745,drone3
1743534952.4615095,-0.21780097484588623,-0.2399214506149292,-0.04167596995830536,-0.0006157288046264044,-9.644394609166348e-05,0.818658583697832,-0.5742802610713281,269.7999827861786,drone3
1743534952.6615267,-0.2197120189666748,-0.23988567292690277,-0.0457959920167923,-0.0005913469556604316,-6.309337947147405e-05,0.8186607753339544,-0.5742771422045383,270.0,drone3
1743534952.8614743,-0.2209291160106659,-0.239949032664299,-0.05085773766040802,-0.0005519380265209915,-4.7989023215898284e-05,0.818651018338524,-0.5742910295911225,270.1999475955963,drone3
1743534953.0614636,-0.22137172520160675,-0.2425362765789032,-0.05630573630332947,-0.0005674128963803712,-8.492861624556179e-05,0.8186531256809497,-0.5742881636054239,270.39993691444397,drone3
1743534953.2614667,-0.22023729979991913,-0.2444876730442047,-0.06250445544719696,-0.0005676262442214416,-0.0001459304377801519,0.8186539264710715,-0.5742869413468171,270.5999400615692,drone3
1743534953.46146,-0.21915407478809357,-0.24409225583076477,-0.06849440932273865,-0.000541092333541929,-0.00014826571892352219,0.8186533785620408,-0.5742877421369388,270.7999334335327,drone3
1743534953.661471,-0.21722595393657684,-0.24107614159584045,-0.07568654417991638,-0.0004957212716994674,-9.887753558236605e-05,0.8186604170857421,-0.5742778376275387,270.9999442100525,drone3
1743534953.861554,-0.2145056128501892,-0.23890583217144012,-0.0830468088388443,-0.0004903537223690908,-7.906826982805535e-05,0.818661481293667,-0.5742762676574317,271.20002722740173,drone3
1743534954.0614498,-0.2111354023218155,-0.2391330599784851,-0.0907793939113617,-0.00047124243147517815,-9.34497705885407e-05,0.8186626508687131,-0.5742746766139004,271.3999230861664,drone3
1743534954.2614336,-0.2063104212284088,-0.24095264077186584,-0.10254375636577606,-0.000470592324568704,-0.00015301277527076794,0.8186715122436126,-0.574261937728938,271.5999069213867,drone3
1743534954.4614854,-0.20136085152626038,-0.24300576746463776,-0.1106126606464386,-0.0004568313476606233,-0.00017461775813149436,0.8186851994326665,-0.5742425185684866,271.7999587059021,drone3
1743534954.661472,-0.19896617531776428,-0.24578286707401276,-0.10662727802991867,-0.0004440583727301595,-0.00019271000284809325,0.8186908576470792,-0.5742342472494664,271.9999454021454,drone3
1743534954.8614678,-0.19860094785690308,-0.24910463392734528,-0.1017279326915741,-0.0004839809562960681,-0.00021401135553160785,0.8186786245242987,-0.574251875168856,272.1999411582947,drone3
1743534955.0615537,-0.19909155368804932,-0.2524498701095581,-0.09588512778282166,-0.0005178979123521546,-0.00023190217823658551,0.8186796465853752,-0.5742503473455974,272.40002703666687,drone3
1743534955.2614841,-0.20129957795143127,-0.2587151825428009,-0.0661969780921936,-0.0005840530092978364,-0.00026294956775816894,0.8186686462579139,-0.574265983826395,272.5999574661255,drone3
1743534955.461498,-0.2008984237909317,-0.26028379797935486,-0.025959625840187073,-0.0005624740492349333,-0.00026960928431078707,0.8186636834665016,-0.5742728853728387,272.7999713420868,drone3
1743534955.6616018,-0.19932623207569122,-0.2582226097583771,0.017692074179649353,-0.0005249473329071294,-0.0002647699391246023,0.8186652323631844,-0.5742707464202768,273.0000751018524,drone3
1743534955.8614976,-0.1986003965139389,-0.25379037857055664,0.04877378046512604,-0.00047399733923698663,-0.00022403621394050178,0.8186750104320389,-0.5742568379602682,273.19997096061707,drone3
1743534956.0614865,-0.19737647473812103,-0.2483862191438675,0.07023416459560394,-0.00044994457730936224,-0.0001904876929571159,0.8186684355236713,-0.5742662788543346,273.39995980262756,drone3
1743534956.2614849,-0.19498750567436218,-0.24329888820648193,0.0839112251996994,-0.0004057218936117273,-0.00016384543112652416,0.8186662438875487,-0.5742695663085184,273.5999581813812,drone3
1743534956.4614882,-0.1919189840555191,-0.23791298270225525,0.0926097184419632,-0.00036700625749282406,-0.00014098456273004296,0.8186561813274668,-0.5742838435534516,273.79996156692505,drone3
1743534956.6614842,-0.18947693705558777,-0.23372560739517212,0.09823949635028839,-0.00035026640595167317,-0.00012814926273575344,0.8186587838953623,-0.5742801451674947,273.9999575614929,drone3
1743534956.8615084,-0.18515369296073914,-0.23170948028564453,0.1000058501958847,-0.0003157851081215194,-0.00014163998944137076,0.8186567819200581,-0.5742831586671632,274.1999816894531,drone3
1743534957.0614736,-0.1800975799560547,-0.23214346170425415,0.0978098064661026,-0.00031743669144362945,-0.00017500412310740045,0.81867031105843,-0.5742638132636968,274.3999469280243,drone3
1743534957.2614722,-0.17598305642604828,-0.23336094617843628,0.09509558975696564,-0.0003065164748927063,-0.0002026426856053855,0.8186717335145672,-0.5742616321642863,274.59994554519653,drone3
1743534957.4614747,-0.1726495772600174,-0.23422707617282867,0.09310765564441681,-0.00029466154702052327,-0.0001924875742956432,0.8186770124073433,-0.5742540773416908,274.79994797706604,drone3
1743534957.6615052,-0.1705586314201355,-0.23519209027290344,0.09008224308490753,-0.0002983769213677086,-0.00017720317814543972,0.8186706587699303,-0.5742632969648025,274.9999785423279,drone3
1743534957.861746,-0.16769397258758545,-0.23586663603782654,0.08582465350627899,-0.00028553384746129746,-0.0001807271475603556,0.8186814588998612,-0.5742477763878383,275.2002193927765,drone3
1743534958.0615115,-0.16510911285877228,-0.2377673238515854,0.07874967157840729,-0.0002696604372699326,-0.00018751585394603538,0.8186785613040259,-0.5742519383891287,275.39998483657837,drone3
1743534958.2615306,-0.16584476828575134,-0.2409854382276535,0.07018058001995087,-0.00032353784906614084,-0.0002390285301667781,0.8186715649271732,-0.5742619693390744,275.6000039577484,drone3
1743534958.4615092,-0.17105861008167267,-0.24490688741207123,0.060136690735816956,-0.000410645681696424,-0.0002471063502890314,0.8186664124749428,-0.5742692291337304,275.79998254776,drone3
1743534958.6615057,-0.1762850433588028,-0.24772273004055023,0.04929395020008087,-0.0004526549407090604,-0.0002674384540787697,0.8186508497511301,-0.5742914510596078,275.99997901916504,drone3
1743534958.8615315,-0.17892968654632568,-0.24918358027935028,0.03834126889705658,-0.0004597982450154545,-0.00027927135672408814,0.8186297236433141,-0.5743215122993082,276.2000048160553,drone3
1743534959.061487,-0.17955508828163147,-0.24987977743148804,0.025652840733528137,-0.0004524555612143896,-0.0003045457958872049,0.8186193765920046,-0.5743362426228628,276.3999602794647,drone3
1743534959.2614799,-0.180230051279068,-0.2508719563484192,0.014486581087112427,-0.000421680659917621,-0.00030704938145627547,0.8186241707960228,-0.5743294253701161,276.59995317459106,drone3
1743534959.4614758,-0.18005067110061646,-0.25301989912986755,0.003567054867744446,-0.00041215059995377564,-0.0003330155598864805,0.8186299238408445,-0.5743213121017777,276.79994916915894,drone3
1743534959.661482,-0.18175777792930603,-0.2566153109073639,-0.006702244281768799,-0.0004203969637386013,-0.00035013279087241873,0.8186261938447512,-0.5743264750907203,276.9999554157257,drone3
1743534959.861484,-0.18503524363040924,-0.2613622546195984,-0.01506592333316803,-0.00048259519858050853,-0.0003816582811343581,0.8186205040202023,-0.5743345251387859,277.19995737075806,drone3
1743534960.0615494,-0.18742208182811737,-0.2645905017852783,-0.019016355276107788,-0.0005182916550845016,-0.00038888764897613925,0.8186126752430913,-0.5743456413700806,277.40002274513245,drone3
1743534960.2614691,-0.18935748934745789,-0.2700484097003937,-0.027993246912956238,-0.0005625319085438144,-0.00041240964975472434,0.8186213996407331,-0.5743331237560729,277.599942445755,drone3
1743534960.461494,-0.1911967694759369,-0.2736770510673523,-0.03367270529270172,-0.000563933882917883,-0.0004306285150876199,0.8186185968753071,-0.5743371066332572,277.79996728897095,drone3
1743534960.6614842,-0.19397929310798645,-0.27698081731796265,-0.03862987458705902,-0.0005964272458184746,-0.00041909110856586383,0.8186209676355359,-0.5743338086423613,277.9999575614929,drone3
1743534960.8614678,-0.1975308358669281,-0.2783118486404419,-0.047696277499198914,-0.0006135040251935221,-0.0003874423855904287,0.8186212099799148,-0.5743333977105882,278.1999411582947,drone3
1743534961.0614734,-0.20144891738891602,-0.2783798575401306,-0.06128498911857605,-0.0006358684024797741,-0.00032717506755691386,0.8186214101774453,-0.5743331975130579,278.3999466896057,drone3
1743534961.2614691,-0.20617100596427917,-0.2797006666660309,-0.07635293900966644,-0.0006563578315234935,-0.0002736967568844985,0.8186173008597154,-0.574338992704728,278.599942445755,drone3
1743534961.4615605,-0.20946410298347473,-0.2817032039165497,-0.08853407204151154,-0.0006888633003242983,-0.00028011596063509176,0.8186200193314443,-0.5743350098275437,278.8000338077545,drone3
1743534961.6614866,-0.21310767531394958,-0.2846333086490631,-0.10482993721961975,-0.000702693126002737,-0.0003477126115087479,0.8186030973717673,-0.5743591810451648,278.9999599456787,drone3
1743534961.8614569,-0.21564814448356628,-0.2867124378681183,-0.11842934787273407,-0.0007394945481628194,-0.00037246065238019085,0.8186155939123507,-0.5743412054142748,279.19993019104004,drone3
1743534962.0615432,-0.21640418469905853,-0.28677019476890564,-0.12933596968650818,-0.0007270374379317548,-0.00037075205865422977,0.818609998918211,-0.5743491606319312,279.4000165462494,drone3
1743534962.2615142,-0.21579448878765106,-0.28614261746406555,-0.1401161104440689,-0.0006885883888614892,-0.00035319033327735854,0.8186000627986745,-0.5743635643174099,279.59998750686646,drone3
1743534962.461472,-0.21500839293003082,-0.2846023440361023,-0.1485573798418045,-0.0006623261175017615,-0.00032015198878225835,0.8186142768233348,-0.5743431968528669,279.79994535446167,drone3
1743534962.661458,-0.21375684440135956,-0.2828522026538849,-0.1556262969970703,-0.00062077620871808,-0.0003085345536681455,0.8186056683295264,-0.5743555142693443,279.9999313354492,drone3
1743534962.8614607,-0.21340708434581757,-0.281517893075943,-0.16099777817726135,-0.0006009023747327132,-0.00029432302941902525,0.8185999995784017,-0.5743637118313797,280.1999340057373,drone3
1743534963.061476,-0.21477261185646057,-0.2813710868358612,-0.16387349367141724,-0.0006488234032281474,-0.0002914908970238979,0.818593909358792,-0.5743723308619001,280.3999493122101,drone3
1743534963.2614667,-0.2153746336698532,-0.28043609857559204,-0.16827112436294556,-0.0006725770624720523,-0.00028759144919697353,0.8185904111703655,-0.5743773463368729,280.5999400615692,drone3
1743534963.4614656,-0.21477508544921875,-0.27954304218292236,-0.1726362407207489,-0.000639028767863341,-0.0002685620441967255,0.8185836782113158,-0.5743870295753183,280.79993891716003,drone3
1743534963.6615355,-0.2147911787033081,-0.2805534899234772,-0.17774595320224762,-0.0006380978328832439,-0.0002884216886058968,0.8185911171300781,-0.5743762189086753,281.0000088214874,drone3
1743534963.8615777,-0.21357518434524536,-0.28292036056518555,-0.1826007217168808,-0.0006313956196303451,-0.00030889604315423834,0.8185857328701808,-0.5743839633920892,281.20005106925964,drone3
1743534964.061492,-0.21217359602451324,-0.2860410809516907,-0.18393293023109436,-0.0006000028955426303,-0.00029794773041926767,0.8185857012600444,-0.5743841635896196,281.3999652862549,drone3
1743534964.2615008,-0.20952081680297852,-0.28917136788368225,-0.18938839435577393,-0.0005840810591779734,-0.000325174964988591,0.8186002313860685,-0.5743633114363188,281.599974155426,drone3
1743534964.4614997,-0.20540593564510345,-0.2926948070526123,-0.19540736079216003,-0.000529414775372189,-0.0003752362940042428,0.8185976920384458,-0.5743669466020029,281.79997301101685,drone3
1743534964.6615047,-0.20175062119960785,-0.2945685386657715,-0.20265406370162964,-0.0004998041524686994,-0.00041998767832689,0.8186140344789559,-0.5743436077846399,281.9999780654907,drone3
1743534964.8615093,-0.1978016346693039,-0.29662343859672546,-0.20887036621570587,-0.0004888469648175078,-0.0004476105695235367,0.818618586338595,-0.5743372014636664,282.19998264312744,drone3
