timestamp,x,y,z,qx,qy,qz,qw,relative_time,drone_id
1743770848.1668823,-0.9956332445144653,-0.9137665629386902,0.011723518371582031,-0.0022248792023753052,0.0004801768224968627,0.9481983239787777,-0.31767072280943254,0.0,drone1
1743770848.3669214,-0.9978241324424744,-0.9059167504310608,0.00574985146522522,-0.0022337576171138646,0.0005247806182489768,0.9481596963921174,-0.31778588907298855,0.20003914833068848,drone1
1743770848.5668836,-0.9995025396347046,-0.9019575715065002,0.0014073848724365234,-0.002260664099348769,0.0004963268856925677,0.9481234290289737,-0.3178942275470858,0.40000128746032715,drone1
1743770848.7668757,-1.0006895065307617,-0.8995668888092041,-0.0011446475982666016,-0.0023039501475404095,0.00045103556947411963,0.9480864662428297,-0.3180041043811537,0.5999934673309326,drone1
1743770848.9669895,-1.0021158456802368,-0.8981753587722778,-0.0026637017726898193,-0.002313848483085707,0.0004466237328609529,0.9480665729303326,-0.31806319426276597,0.8001072406768799,drone1
1743770849.1669278,-1.0074772834777832,-0.8967339992523193,-0.004183083772659302,-0.0023485916449656054,0.0004477318986317607,0.948013067506148,-0.31822265686410695,1.0000455379486084,drone1
1743770849.3669107,-1.0108516216278076,-0.8976237177848816,0.02829718589782715,-0.0023949703004847965,0.00043856067854133944,0.9479747770942758,-0.31833630584111655,1.200028419494629,drone1
1743770849.5669098,-1.0123493671417236,-0.8990200757980347,0.07336890697479248,-0.0024106882761652008,0.0004230926205017142,0.9479429140768016,-0.31843113625026614,1.4000275135040283,drone1
1743770849.7669191,-1.0124636888504028,-0.9018065333366394,0.11060068011283875,-0.002397856618745221,0.0003725018319914024,0.947912505125601,-0.3185218151948373,1.600036859512329,drone1
1743770849.966908,-1.0126334428787231,-0.9031224846839905,0.1353316307067871,-0.0023902834392214834,0.000373944291418075,0.9478804735207327,-0.31861706707247195,1.8000257015228271,drone1
1743770850.1669025,-1.01175057888031,-0.9027348160743713,0.15108025074005127,-0.002364557151062948,0.0004118203964766376,0.9478407922628598,-0.3187353100559692,2.0000202655792236,drone1
1743770850.366903,-1.0120346546173096,-0.9020124077796936,0.1591581106185913,-0.0023842770194003,0.00043554898987020746,0.9478066743889901,-0.3188365257126682,2.2000207901000977,drone1
1743770850.5669136,-1.0144082307815552,-0.9007906317710876,0.16258370876312256,-0.0024059575393740435,0.00045542625034496734,0.9477708074209074,-0.3189428622114611,2.400031328201294,drone1
1743770850.7669284,-1.0141719579696655,-0.9016818404197693,0.16348028182983398,-0.002401971781057542,0.00044397407903308436,0.9477342028829756,-0.3190517064477405,2.600046157836914,drone1
1743770850.9669375,-1.0133508443832397,-0.9040031433105469,0.16286206245422363,-0.0023874779572994136,0.00040977512187097026,0.9476967132612253,-0.31916345881656716,2.8000552654266357,drone1
1743770851.1669052,-1.0134791135787964,-0.9050459861755371,0.16065552830696106,-0.0023775638166859243,0.0004049796830819036,0.9476694231768144,-0.31924427539858685,3.0000228881835938,drone1
1743770851.3669007,-1.0152462720870972,-0.9048017859458923,0.15599948167800903,-0.0023743947358773844,0.00042936278739834485,0.9476327343451856,-0.31935320392856326,3.2000184059143066,drone1
1743770851.5668826,-1.0174684524536133,-0.9024130702018738,0.15009689331054688,-0.002384103904512764,0.00046612743396355963,0.9475995858488319,-0.3194514271590178,3.4000003337860107,drone1
1743770851.7668817,-1.0206941366195679,-0.8987588286399841,0.14364561438560486,-0.0024025210071771993,0.0005138673832988143,0.9475667745272662,-0.31954847027771416,3.59999942779541,drone1
1743770851.9669065,-1.0229589939117432,-0.897557258605957,0.1385268270969391,-0.002408725072668841,0.0005150192599613396,0.9475281469406058,-0.319662962191694,3.8000242710113525,drone1
1743770852.1669035,-1.025104284286499,-0.8981364965438843,0.13401076197624207,-0.0024077625275523607,0.00046926893822082775,0.9474916266963713,-0.3197713006657913,4.00002121925354,drone1
1743770852.366886,-1.0238242149353027,-0.8998258709907532,0.12829840183258057,-0.002386721042705551,0.00044244411550491353,0.947460922717231,-0.31986244322569607,4.200003623962402,drone1
1743770852.5668962,-1.0206658840179443,-0.9036160111427307,0.12100675702095032,-0.0023550520489069794,0.00039536122895249867,0.9474245289135419,-0.31997031808445964,4.4000139236450195,drone1
1743770852.7668955,-1.0192099809646606,-0.9090169072151184,0.11163294315338135,-0.0023252740656630804,0.00032963297174556894,0.9473897999103689,-0.32007349356961434,4.600013256072998,drone1
1743770852.9668953,-1.0177674293518066,-0.9126423597335815,0.10211208462715149,-0.002322309792196523,0.0003121300111762771,0.9473481377506159,-0.32019675202808445,4.800013065338135,drone1
1743770853.1668754,-1.0176118612289429,-0.9147700071334839,0.09373578429222107,-0.0023372596580264293,0.0003383546528912285,0.94729254605743,-0.32036108259042845,4.999993085861206,drone1
1743770853.3669293,-1.0163521766662598,-0.9163587689399719,0.08727774024009705,-0.0023542111698883488,0.00033503303671102733,0.9472405579197919,-0.320514897514069,5.200047016143799,drone1
1743770853.5668528,-1.0137147903442383,-0.918599009513855,0.08313176035881042,-0.0023180878633558455,0.00029643277964787427,0.9471908035651246,-0.32066209538249324,5.399970531463623,drone1
1743770853.7669675,-1.009751319885254,-0.9194714426994324,0.07851296663284302,0.0007173658474923086,0.001283551834295261,0.9471467390350066,-0.32079744998648596,5.600085258483887,drone1
1743770853.9669406,-0.9979066848754883,-0.9124782681465149,0.08180555701255798,0.020689017996702797,0.0073959401719482796,0.9468539870252499,-0.3209124265892237,5.800058364868164,drone1
1743770854.1668735,-0.9724908471107483,-0.8955168128013611,0.12236425280570984,0.014636663049726347,0.004566438168221983,0.9474309563079397,-0.3195925769546808,5.999991178512573,drone1
1743770854.3668761,-0.925234317779541,-0.8678232431411743,0.23879265785217285,0.0006791361194675959,0.0007701010472811336,0.9485957055399625,-0.31648865122267184,6.199993848800659,drone1
1743770854.566882,-0.8757390975952148,-0.8417150378227234,0.39463645219802856,-0.007595277643247682,-0.0006087796166035194,0.9497567879961649,-0.31289628566326994,6.399999618530273,drone1
1743770854.7668936,-0.832930326461792,-0.8218532204627991,0.5668514966964722,-0.012698022275697432,-0.0010744838534026762,0.9509064486564209,-0.30921604392472296,6.600011348724365,drone1
1743770854.9668875,-0.8039889335632324,-0.8093674182891846,0.7503671646118164,-0.01471321851950716,-0.0011190159501214827,0.9520083358638897,-0.3057164225054693,6.800005197525024,drone1
1743770855.1668935,-0.788204550743103,-0.8018696904182434,0.9431302547454834,-0.014316034521674589,-0.000910348220233063,0.9531148170778461,-0.3022687681504298,7.000011205673218,drone1
1743770855.3669305,-0.7835734486579895,-0.7983490824699402,1.1432913541793823,-0.019882405024456307,-0.006590275503793284,0.9540956796098159,-0.2987684513081758,7.200048208236694,drone1
1743770855.5668945,-0.7954486608505249,-0.8058599233627319,1.299355387687683,-0.08666290835384312,-0.03000239216316187,0.9512490814613902,-0.2944736874449156,7.400012254714966,drone1
1743770855.7668765,-0.8548280000686646,-0.8470004200935364,1.3411763906478882,-0.15750708766882734,-0.049840634534368294,0.9428856294302824,-0.2892651799059393,7.59999418258667,drone1
1743770855.9668772,-1.0059707164764404,-0.948664665222168,1.2727463245391846,-0.17839800026515398,-0.05257933148225011,0.9398747639397855,-0.2864349979550086,7.799994945526123,drone1
1743770856.1669037,-1.28334641456604,-1.1235167980194092,1.1709553003311157,-0.117820087287711,-0.033930820887521335,0.949862049750321,-0.2876269108308967,8.00002145767212,drone1
1743770856.3668752,-1.6481415033340454,-1.337931752204895,1.0931501388549805,-0.040536840214866934,-0.012085812959296378,0.9574384093854877,-0.28552138071983785,8.199992895126343,drone1
1743770856.5669253,-1.9703660011291504,-1.515352487564087,1.047272801399231,-0.019654601966799433,-0.007852401736577978,0.959510243091162,-0.2808774934369378,8.40004301071167,drone1
1743770856.7669792,-2.3481123447418213,-1.7157071828842163,1.0060434341430664,-0.016918887237722002,-0.009827863709681807,0.9611709975098852,-0.2752592342367386,8.600096940994263,drone1
1743770856.9669425,-2.717667579650879,-1.911678671836853,0.9721953868865967,-0.024511693034158934,-0.011475298736458871,0.9619615038005556,-0.27184087194141404,8.800060272216797,drone1
1743770857.166946,-3.088285446166992,-2.1097285747528076,0.9420076608657837,-0.028419482973638225,-0.011409075500736127,0.9624014958255851,-0.26989910341024437,9.00006365776062,drone1
1743770857.3669477,-3.462709665298462,-2.314549207687378,0.9155092239379883,-0.029035226039869116,-0.011089327117419213,0.9627260687059674,-0.2686868336065255,9.20006537437439,drone1
1743770857.566943,-3.8389549255371094,-2.5273826122283936,0.8898751735687256,-0.010379924040265628,-0.005519744069891436,0.9634262121534305,-0.2677158545105316,9.400060653686523,drone1
1743770857.7669451,-4.207400798797607,-2.7436580657958984,0.8677977323532104,-0.01334696125348672,-0.0009824733318363496,0.965939344436438,-0.2584224744138794,9.600062847137451,drone1
1743770857.9670517,-4.5713372230529785,-2.957979202270508,0.8417389392852783,-0.01703628415616269,0.014695161393734314,0.982619591937352,-0.18426218632641417,9.800169467926025,drone1
1743770858.166987,-4.940181732177734,-3.15751576423645,0.8011022806167603,-0.01689711851908812,0.016769836754974673,0.999380929974801,-0.025904127444371594,10.000104665756226,drone1
1743770858.3670223,-5.3145222663879395,-3.3374059200286865,0.7707065343856812,-0.02541882953282655,0.015349390294920077,0.9863209281735787,0.16213972701153107,10.200139999389648,drone1
1743770858.5669472,-5.6970415115356445,-3.4939706325531006,0.7909436225891113,-0.030575926148425896,0.02426734964336719,0.9560915436210493,0.290456713460191,10.400064945220947,drone1
1743770858.7669685,-6.083708763122559,-3.6199092864990234,0.7981752157211304,-0.030221534043449794,0.04560831188572149,0.9338451936449684,0.3534680010781907,10.600086212158203,drone1
1743770858.9669743,-6.4651689529418945,-3.6978628635406494,0.7885088920593262,-0.02695529223674669,0.053358657004263815,0.9234791341068656,0.3789625033018851,10.800091981887817,drone1
1743770859.1669703,-6.746579170227051,-3.7207725048065186,0.7776521444320679,-0.02575514228615276,0.050871194786177396,0.9209805424865941,0.385413794962902,11.000087976455688,drone1
1743770859.3669882,-7.104011535644531,-3.6990439891815186,0.7610241174697876,-0.01632133284152938,0.051962657234084844,0.9168754394416331,0.3954403616362497,11.200105905532837,drone1
1743770859.5669596,-7.449242115020752,-3.6403558254241943,0.719610333442688,-0.0022945481899180444,0.05685129390046573,0.8822547536693294,0.4673213060093973,11.40007734298706,drone1
1743770859.7670004,-7.763556480407715,-3.542583465576172,0.6800854802131653,-0.01077899196929945,0.04838484155704241,0.7917382009054533,0.6088459135961888,11.600118160247803,drone1
1743770859.9669611,-8.044937133789062,-3.4132449626922607,0.6504387855529785,-0.016744742715847853,0.05107174924772746,0.6339649611566358,0.7714918347950478,11.800078868865967,drone1
1743770860.1669593,-8.286276817321777,-3.25458025932312,0.6411930918693542,-0.023033551690410287,0.055885710918170156,0.44011087914227887,0.8959066236641902,12.00007700920105,drone1
1743770860.366952,-8.480411529541016,-3.066331148147583,0.672744870185852,-0.02032928740067284,0.060168511661898245,0.29751679527452346,0.9526018899314685,12.200069665908813,drone1
1743770860.566924,-8.623823165893555,-2.8663296699523926,0.6882057785987854,0.000893813484726526,0.0711394706723636,0.22266087345238583,0.9722965221847302,12.400041818618774,drone1
1743770860.7669458,-8.705544471740723,-2.6718175411224365,0.6810031533241272,0.011411483139457201,0.07177349361704707,0.1916152519581702,0.9787756729126129,12.600063562393188,drone1
1743770860.9669614,-8.728096008300781,-2.4915542602539062,0.6628769040107727,0.010772687064179881,0.06553033626486701,0.18166771062578047,0.98111503373921,12.800079107284546,drone1
1743770861.1669586,-8.7015962600708,-2.3212738037109375,0.645673930644989,0.007359777517381402,0.05909008707815984,0.18007742573776742,0.9818484731969968,13.000076293945312,drone1
1743770861.3669584,-8.634289741516113,-2.1523096561431885,0.6350867748260498,0.0040313539626010446,0.05496755367716148,0.1814844561284551,0.9818481360222087,13.20007610321045,drone1
1743770861.5669312,-8.53060531616211,-1.9801723957061768,0.6303563714027405,0.0020819489493168184,0.0512354897541923,0.183718196952684,0.9816406470869894,13.400048971176147,drone1
1743770861.7669375,-8.394148826599121,-1.807317852973938,0.6301426887512207,0.0011264983328210787,0.04788783669977885,0.185745460366058,0.9814296599633439,13.60005521774292,drone1
1743770861.9669244,-8.2288179397583,-1.6357795000076294,0.6331099271774292,-9.782283539385331e-05,0.0460840437797437,0.18685935942535242,0.9813052003196913,13.800042152404785,drone1
1743770862.1668816,-8.038463592529297,-1.4620100259780884,0.6375515460968018,-0.0007397996806447424,0.04378288248587657,0.18706785988493585,0.9813705700817317,13.999999284744263,drone1
1743770862.366936,-7.827642440795898,-1.284102439880371,0.6411111354827881,-0.0010206030588485748,0.041800882153625235,0.18661541346617144,0.9815429085452927,14.200053691864014,drone1
1743770862.566929,-7.593745708465576,-1.1007254123687744,0.6437978744506836,-0.0013308525961823446,0.04003792031017404,0.18606923245631868,0.9817196302810989,14.400046825408936,drone1
1743770862.7669342,-7.332767009735107,-0.9143965244293213,0.6432372331619263,-0.00747571427801189,0.03740998396308982,0.19274141575038134,0.9805077397990167,14.600051879882812,drone1
1743770862.9669185,-7.049155235290527,-0.7223265767097473,0.6378544569015503,-0.021124575383015633,0.028856766405106257,0.25782508498308604,0.9655295084815182,14.800036191940308,drone1
1743770863.166926,-6.753849506378174,-0.5164119601249695,0.658603847026825,-0.0034542556051877366,0.03178965561604654,0.35907230967153264,0.9327618089039958,15.000043630599976,drone1
1743770863.366929,-6.447279453277588,-0.30482593178749084,0.6708249449729919,-0.009474177564418297,0.02958577780962115,0.42711867054688646,0.903661749157316,15.20004677772522,drone1
1743770863.5669813,-6.13357400894165,-0.08181587606668472,0.6696380972862244,-0.026932395632020902,0.022983102242014847,0.4620799660754309,0.886131294354816,15.400099039077759,drone1
1743770863.766968,-5.824952602386475,0.16291958093643188,0.6653566360473633,-0.032033305230199156,0.019452136409087068,0.48274148918038096,0.8749607357723371,15.600085735321045,drone1
1743770863.9669347,-5.525256156921387,0.43513691425323486,0.6615392565727234,-0.030236660152253653,0.01857916849221616,0.499042836513182,0.8658503994387677,15.800052404403687,drone1
1743770864.1669598,-5.313996315002441,0.6462491750717163,0.6600037813186646,-0.028446614019550395,0.018708291618802112,0.5085988968431783,0.8603302370284777,16.000077486038208,drone1
1743770864.3669271,-5.028356552124023,0.9640151262283325,0.6633837223052979,-0.022164165350164113,0.023622374362653385,0.5078094231502965,0.8608602547219265,16.200044870376587,drone1
1743770864.5669174,-4.7355241775512695,1.3025972843170166,0.6782448887825012,-0.00824224296314658,0.024066245626425196,0.4443463634631084,0.8954938585032987,16.40003514289856,drone1
1743770864.7669206,-4.434589385986328,1.6485254764556885,0.6928728222846985,-0.018020229664246625,0.016047763410109453,0.35086193499421653,0.936116192283281,16.600038290023804,drone1
1743770864.966905,-4.132710933685303,2.002092123031616,0.6875813603401184,0.007259513457496517,0.026219975268567706,0.24798000263942627,0.9683831030067968,16.800022840499878,drone1
1743770865.1669066,-3.816458225250244,2.342184543609619,0.6885740160942078,0.03155870109364672,0.025876532124581325,0.08200305795206941,0.9957961297747069,17.00002431869507,drone1
1743770865.3669605,-3.48319149017334,2.6432697772979736,0.6612122654914856,0.0401112673511119,0.03004687717394826,-0.13670296597029685,0.9893434894145374,17.20007824897766,drone1
1743770865.5668943,-3.1384501457214355,2.8929426670074463,0.6189799308776855,0.05418518831369888,0.03543981109020188,-0.37531195401811396,0.9246345056650946,17.400012016296387,drone1
1743770865.766899,-2.795668840408325,3.07682466506958,0.572504460811615,0.06975554597428305,0.03818778034475614,-0.5996844847455122,0.7962752775375146,17.600016832351685,drone1
1743770865.966922,-2.472182512283325,3.181009292602539,0.5358867645263672,0.06665192646547023,0.05475804498593645,-0.7568950113831485,0.6478186513355909,17.800039768218994,drone1
1743770866.166889,-2.173478126525879,3.200920820236206,0.5306051969528198,0.06698838870839978,0.050694558002612834,-0.8293718279005433,0.5523449126904091,18.000006675720215,drone1
1743770866.3668888,-1.9046108722686768,3.1505720615386963,0.5435461401939392,0.0653323033702381,0.043861857118907464,-0.8427366251734841,0.5325437858876725,18.20000648498535,drone1
1743770866.5669005,-1.6706329584121704,3.0416948795318604,0.5645676851272583,0.06512330439246215,0.03103867121547837,-0.803213807840742,0.5913063023908497,18.400018215179443,drone1
1743770866.7668998,-1.4729139804840088,2.8870811462402344,0.5801967978477478,0.06995758611224316,-0.000429900488989156,-0.7228317835368523,0.6874735858675246,18.600017547607422,drone1
1743770866.9668918,-1.3167533874511719,2.707188844680786,0.5509987473487854,0.060010600591418155,-0.0010673057182656366,-0.6628978348919853,0.7463003368020105,18.80000948905945,drone1
1743770867.1668904,-1.196987509727478,2.5037877559661865,0.5367175936698914,0.03748327206429426,0.02142228557437282,-0.6429005092410744,0.7647319913244385,19.00000810623169,drone1
1743770867.3668795,-1.0845322608947754,2.2759206295013428,0.5575750470161438,0.02817307461621664,0.028258884483346076,-0.6476350912736138,0.7609051681151267,19.199997186660767,drone1
1743770867.5668812,-0.9657132625579834,2.026698589324951,0.5713630318641663,0.0287854494099324,0.026810948417901846,-0.6639247718319116,0.7467640496002175,19.399998903274536,drone1
1743770867.7668765,-0.8432472944259644,1.7549657821655273,0.5697936415672302,0.02943653071532422,0.024820313826288284,-0.6822296802441553,0.7301233516482748,19.59999418258667,drone1
1743770867.9668708,-0.7211440801620483,1.4627848863601685,0.5513976216316223,0.03131926583507316,0.021665718527382163,-0.6981593806180543,0.7149287766061028,19.799988508224487,drone1
1743770868.1668642,-0.6067448854446411,1.1458009481430054,0.5744107365608215,0.031134822664910886,0.017783017158023485,-0.7114226945359537,0.7018492229477109,19.99998188018799,drone1
1743770868.3669162,-0.5042566061019897,0.8036403059959412,0.6766207218170166,0.029404277674865132,0.014835372598837344,-0.722998566518944,0.6900641340087125,20.20003390312195,drone1
1743770868.5669463,-0.413767546415329,0.44302791357040405,0.771796464920044,0.027312200311015472,0.01564998688685591,-0.7331220366995523,0.6793683096253263,20.40006399154663,drone1
1743770868.7668817,-0.32668784260749817,0.07353454828262329,0.7791761159896851,-0.02170784364392429,0.05678863865888732,-0.7400686855394739,0.6697777046846194,20.59999942779541,drone1
1743770868.96687,-0.18824854493141174,-0.30618077516555786,0.7641463279724121,-0.0748643946557773,0.10694714209054672,-0.7419273009727095,0.6576485766188549,20.79998779296875,drone1
1743770869.1668785,0.0399535670876503,-0.6695457696914673,0.7641700506210327,-0.06287207130901223,0.09360596417492914,-0.7501783578955509,0.651550127836859,20.999996185302734,drone1
1743770869.3668654,0.3773405849933624,-1.0785088539123535,0.7603363990783691,-0.012960840803388208,0.039675810392836706,-0.7614702414498244,0.6468547318367225,21.1999831199646,drone1
1743770869.566863,0.7389132976531982,-1.4952671527862549,0.754361629486084,-0.0034090689152279077,0.029740544330075783,-0.7677645202950703,0.6400326058607263,21.399980783462524,drone1
1743770869.7668848,1.1014360189437866,-1.9184415340423584,0.7568008899688721,-0.012803604082484219,0.03682958366351343,-0.7673892605609974,0.6399948264793924,21.60000252723694,drone1
1743770869.9672482,1.4143038988113403,-2.279285192489624,0.7670233249664307,-0.01973159569795018,0.03754262602225426,-0.7450420215662935,0.6656678732900909,21.800365924835205,drone1
1743770870.1669545,1.8038785457611084,-2.70900297164917,0.7814594507217407,-0.022367207052002694,0.03090103574258222,-0.6770623212002158,0.7349363399899348,22.000072240829468,drone1
1743770870.3669465,2.2134900093078613,-3.1274452209472656,0.7926359176635742,-0.05724360466893932,0.05169760097215596,-0.5681811590131803,0.8192806184982919,22.200064182281494,drone1
1743770870.5669563,2.6768505573272705,-3.5093913078308105,0.8051924705505371,-0.1274743945557642,0.06130686116168511,-0.42475985894970164,0.8941872429791882,22.400074005126953,drone1
1743770870.766979,3.22036075592041,-3.7983486652374268,0.8144313097000122,-0.1384238850152693,0.04329313742326904,-0.27440571840754463,0.9506135069858459,22.600096702575684,drone1
1743770870.96697,3.8171138763427734,-3.9664831161499023,0.8271052837371826,-0.13534572681276863,0.03009576323768162,-0.16518247659292662,0.9764683436908841,22.800087690353394,drone1
1743770871.1671116,4.437188148498535,-4.014599800109863,0.843694806098938,-0.1446032294046259,0.01127791187399211,-0.11100316644750596,0.9831790070576372,23.000229358673096,drone1
1743770871.366979,5.056469917297363,-3.942965030670166,0.8497874736785889,-0.14551879066318407,0.0007551661581939096,-0.09214687715797448,0.9850547525506145,23.200096607208252,drone1
1743770871.5669317,5.660620212554932,-3.7644524574279785,0.814572811126709,-0.1433720988861984,-0.018810154295480244,-0.06630563281158114,0.9872660291045869,23.400049448013306,drone1
1743770871.7669375,6.234809875488281,-3.4786787033081055,0.7623398303985596,-0.1335233550350743,-0.019417485114166168,0.009134612918311523,0.990813360756355,23.60005521774292,drone1
1743770871.9669588,6.770127296447754,-3.090338706970215,0.7212530374526978,-0.1192249471157004,-0.022679835581371613,0.12990670235421792,0.9840707500784306,23.800076484680176,drone1
1743770872.1669571,7.255401134490967,-2.6258649826049805,0.6791430711746216,-0.11960686605183793,-0.04281289515791176,0.27067544835981505,0.9542516440227304,24.000074863433838,drone1
1743770872.3669415,7.658174991607666,-2.0987184047698975,0.6482594013214111,-0.12052899168205175,-0.06440394066498926,0.4117412875005655,0.9009961506498202,24.200059175491333,drone1
1743770872.566935,7.945488929748535,-1.5228742361068726,0.6494278311729431,-0.11317890135438269,-0.08043430088402245,0.5356307896600044,0.8329588934937449,24.400052785873413,drone1
1743770872.7669568,8.119101524353027,-0.9339070320129395,0.6122201681137085,-0.11437914844029155,-0.10345879791672016,0.6360792420071165,0.756053586431121,24.600074529647827,drone1
1743770872.9669569,8.154857635498047,-0.3556956350803375,0.5784812569618225,-0.10708928398351106,-0.1123042814786135,0.7185131289959314,0.6779813082073045,24.800074577331543,drone1
1743770873.1669586,8.058931350708008,0.1917864978313446,0.5531386733055115,-0.10151554469695727,-0.059440235193054414,0.7813825516389327,0.6128644470143085,25.000076293945312,drone1
1743770873.3669496,7.866194725036621,0.7379458546638489,0.5698285102844238,-0.11969724996846957,0.036590387127323855,0.8092644620965265,0.5739554879934154,25.200067281723022,drone1
1743770873.5669346,7.630502700805664,1.3622150421142578,0.571732759475708,-0.16089954545738597,0.09745397671232972,0.8126347137642758,0.5515786092274961,25.400052309036255,drone1
1743770873.7669365,7.352674961090088,2.1363394260406494,0.5716414451599121,-0.16175485252764177,0.09115251709776896,0.817117979407501,0.5457516177600469,25.600054264068604,drone1
1743770873.9669437,7.027308464050293,3.044905185699463,0.5573862791061401,-0.13509162873145253,0.03181933226575427,0.8261304612955401,0.5461194227702892,25.800061464309692,drone1
1743770874.1669657,6.614060878753662,4.0384063720703125,0.5499395132064819,-0.12493727808177593,-0.052032618368435035,0.8296059009604605,0.5416987135869664,26.000083446502686,drone1
1743770874.3669338,6.166973114013672,4.891831874847412,0.5623631477355957,-0.11544270605248999,-0.13466368938800816,0.8302299798830735,0.5284476917315808,26.2000515460968,drone1
1743770874.5669227,5.59943962097168,5.682826042175293,0.5721383094787598,-0.0950240159665025,-0.21063997585941957,0.8385978257231385,0.49331019076612437,26.4000403881073,drone1
1743770874.7669606,4.855889320373535,6.371481895446777,0.5706331133842468,-0.059830707305261646,-0.23669513126707395,0.8628305566695379,0.4426276992745313,26.600078344345093,drone1
1743770874.9669406,3.9756648540496826,6.890765190124512,0.537203848361969,-0.04421032660385114,-0.22457687972240337,0.8903720048848608,0.39350773897120683,26.800058364868164,drone1
1743770875.166933,3.0048301219940186,7.235911846160889,0.47190648317337036,-0.030206267006121258,-0.21595299177763466,0.9122236917714857,0.34684285366706635,27.00005078315735,drone1
1743770875.366934,1.976294994354248,7.414783477783203,0.37928491830825806,0.006516545519223922,-0.17878536141310553,0.9360688192255546,0.3029333818045982,27.20005178451538,drone1
1743770875.5669398,0.9575822353363037,7.459070205688477,0.29972612857818604,-0.030195809319334473,-0.1233954726062625,0.9648128013225903,0.23021320938390166,27.400057554244995,drone1
1743770875.7669306,0.04498691484332085,7.42790412902832,0.310116171836853,-0.00381472311252223,-0.047213061703852525,0.9971818760068966,0.05817832957267982,27.600048303604126,drone1
1743770875.966954,-0.7623826861381531,7.3702592849731445,0.32397890090942383,-0.0004058446607137151,-0.0009356204625328744,0.9930038167671631,-0.1180784000538781,27.800071716308594,drone1
1743770876.1669698,-1.503117322921753,7.355352401733398,0.36079883575439453,-0.06884939531674397,-0.015908833732619126,0.973065449288963,-0.2194318348005722,28.00008749961853,drone1
1743770876.3669147,-2.2310495376586914,7.339175224304199,0.38451462984085083,-0.14115243510937214,-0.057634714252230254,0.9121027303162594,-0.3805561177909303,28.200032472610474,drone1
1743770876.5669174,-2.9862399101257324,7.266681671142578,0.3909163475036621,-0.15191409023595437,-0.12219080504034373,0.7631751183505826,-0.6160805834621216,28.40003514289856,drone1
1743770876.7669418,-3.7375924587249756,7.056954860687256,0.40177619457244873,-0.08600834672304462,-0.17191761674195227,0.524545388784942,-0.8293967472247252,28.600059509277344,drone1
1743770876.966938,-4.386653900146484,6.68355655670166,0.4339379668235779,-0.04493598469973127,-0.1885035448642549,0.32441950800066394,-0.9258505686851795,28.800055742263794,drone1
1743770877.1669266,-4.877750396728516,6.224374771118164,0.44764310121536255,-0.002196936088766696,-0.1990571526098752,0.21087417009152642,-0.9570284891368708,29.000044345855713,drone1
1743770877.366934,-5.204008102416992,5.74818229675293,0.4044904112815857,0.05216282052019727,-0.19624149551661246,0.18300574662545604,-0.9619133088792834,29.20005178451538,drone1
1743770877.5669243,-5.345622539520264,5.3445353507995605,0.3614218831062317,-0.05216596046041126,-0.09728830271918952,0.14364800796161897,-0.9834525401044728,29.400042057037354,drone1
1743770877.7669177,-5.3714423179626465,4.9579267501831055,0.3496989607810974,-0.00931935836040298,-0.15082822409927565,0.07613807110068753,-0.985579480814575,29.600035429000854,drone1
1743770877.9669018,-5.2547807693481445,4.576089859008789,0.361880898475647,0.03835078196428308,-0.16935249105295042,0.06107428168071188,-0.982913524058867,29.80001950263977,drone1
1743770878.1669893,-4.977612018585205,4.219444274902344,0.4470175504684448,0.047971116238258456,-0.15625428313355305,0.11155512157560464,-0.9802239229211442,30.000107049942017,drone1
1743770878.3669312,-4.534592151641846,3.890885353088379,0.6775131225585938,0.008460252805425204,-0.11236559493575686,0.2001423602020459,-0.9732653517914502,30.20004892349243,drone1
1743770878.5669258,-3.9960851669311523,3.5348317623138428,1.0042372941970825,-0.04761133493430121,-0.08781051435523403,0.33017202598679457,-0.9386207476826165,30.400043487548828,drone1
1743770878.7669094,-3.44140887260437,3.1049582958221436,1.2901924848556519,-0.08062804204409285,-0.06968088546632402,0.516237106978535,-0.8497899634920549,30.600027084350586,drone1
1743770878.9669015,-2.9157989025115967,2.601259469985962,1.437193512916565,-0.11115693132176378,-0.06440879018674597,0.7134756375631444,-0.6888021058990595,30.80001926422119,drone1
1743770879.1668804,-2.5169503688812256,2.1264634132385254,1.433379888534546,-0.12398082779471702,-0.08558329180454524,0.8370508256485462,-0.525975642089159,30.999998092651367,drone1
1743770879.3668864,-2.119112253189087,1.479837417602539,1.3547534942626953,-0.15522003634958823,-0.06486853064448087,0.9163286683759013,-0.3633739856179486,31.20000410079956,drone1
1743770879.56689,-1.8685939311981201,0.7547550797462463,1.3098469972610474,-0.19328103238857855,0.018434178064982678,0.9474885499764298,-0.2541027596163009,31.400007724761963,drone1
1743770879.7668965,-1.8158873319625854,0.03882179409265518,1.2845468521118164,-0.15986873890993072,0.05976940471410241,0.9662486601576594,-0.19295868275445494,31.600014209747314,drone1
1743770879.9668908,-1.9212594032287598,-0.6107274293899536,1.26334810256958,-0.1576219167575953,0.019390779817278363,0.9732244693483947,-0.1661731804140235,31.800008535385132,drone1
1743770880.1668851,-2.173218011856079,-1.2244999408721924,1.2686105966567993,-0.19882281613215474,-6.382086535767049e-05,0.9695874492029954,-0.14272267390256216,32.00000286102295,drone1
1743770880.3668826,-2.573174238204956,-1.8336765766143799,1.2648589611053467,-0.13550830301254335,-0.04512044565059532,0.9814149085663652,-0.12816570033592994,32.200000286102295,drone1
1743770880.566872,-3.0570569038391113,-2.474752902984619,1.2604697942733765,-0.07187687588517737,-0.11413541617880331,0.9837785459777046,-0.11826494200538729,32.39998960494995,drone1
1743770880.766878,-3.554826498031616,-3.205923080444336,1.26547372341156,-0.010512425006269165,-0.16096270250987949,0.9811344634363737,-0.10656358601276228,32.599995613098145,drone1
1743770880.966875,-4.006698131561279,-4.067676067352295,1.2782591581344604,0.05223043460192079,-0.18854182473941503,0.9761912703087734,-0.09367343601103895,32.79999279975891,drone1
1743770881.1669977,-4.4099016189575195,-5.198720455169678,1.2874952554702759,0.0529869178491307,-0.16959712189841986,0.9814291963480104,-0.07229065388752198,33.000115394592285,drone1
1743770881.3669324,-4.675431251525879,-6.3075642585754395,1.2869125604629517,0.04980045805102519,-0.1454221637446168,0.9856844686142157,-0.06927062145747381,33.20005011558533,drone1
1743770881.5669003,-4.8929443359375,-7.515931129455566,1.2461262941360474,0.052765504648834775,-0.14703087207378515,0.9788152909502132,-0.13235653007076215,33.400017976760864,drone1
1743770881.7668972,-5.062170028686523,-8.800724029541016,1.145092248916626,0.017402070233579675,-0.11077661133169167,0.9678321594030623,-0.22522576206536488,33.60001492500305,drone1
1743770881.9669132,-5.203449249267578,-10.13676929473877,1.0824862718582153,-0.00217752746502751,-0.014885730838818317,0.9591678420938594,-0.28243734830032596,33.80003094673157,drone1
1743770882.1668959,-5.353055000305176,-11.436135292053223,1.0786807537078857,-0.002116959809539316,0.07189325388709081,0.9588635629210351,-0.27460450401854614,34.00001358985901,drone1
1743770882.366918,-5.524811744689941,-12.626579284667969,1.0517467260360718,0.005422697823108596,0.14955091643994844,0.9745128142136756,-0.16712308608576204,34.20003581047058,drone1
1743770882.566948,-5.709843635559082,-13.644773483276367,0.9944626092910767,-0.020641261007528472,0.19690578780106088,0.9799620224044976,0.021831646060158028,34.400065660476685,drone1
1743770882.766927,-5.902857303619385,-14.438615798950195,0.9295923709869385,-0.1006706241906813,0.22399915179644014,0.9447459702501291,0.21712876241054313,34.60004472732544,drone1
1743770882.9669137,-6.120574951171875,-14.96060562133789,0.8890094757080078,-0.10829390907330895,0.23703475584073064,0.8984621135299511,0.3533451430147815,34.800031423568726,drone1
1743770883.1668968,-6.320854663848877,-15.205729484558105,0.8674499988555908,-0.05663118198411769,0.26273405486969537,0.8621261985372239,0.42953714100813867,35.000014543533325,drone1
1743770883.3669255,-6.406784534454346,-15.176709175109863,0.8891750574111938,0.011556992499763052,0.2615364837793947,0.8444771846498627,0.4672510050660811,35.20004320144653,drone1
1743770883.5668917,-6.281974792480469,-14.913995742797852,1.0106010437011719,0.06828269932837853,0.2162445847490571,0.8410248730680626,0.4911749682002897,35.40000939369202,drone1
1743770883.7668922,-5.90246057510376,-14.51184368133545,1.289135456085205,0.08206255613127664,0.1497934320404581,0.8426794635101912,0.5106066146555555,35.60000991821289,drone1
1743770883.9668832,-5.346843242645264,-14.08185863494873,1.6389540433883667,0.0753925407657343,0.13481355963004568,0.8297783869379913,0.5362920947865647,35.8000009059906,drone1
1743770884.1669633,-4.774214267730713,-13.708964347839355,1.923343539237976,0.09472220370140484,0.12498514504788298,0.804972058456783,0.5722118728705198,36.000081062316895,drone1
1743770884.3669424,-4.169915199279785,-13.370466232299805,2.1266846656799316,0.11824909083908017,0.11050432029979788,0.7849260057806375,0.5980779838575345,36.20006012916565,drone1
1743770884.5669127,-3.397542715072632,-12.995685577392578,2.2301368713378906,0.13247589982391264,0.11387055418750407,0.7683744905601441,0.6156982588625673,36.40003037452698,drone1
1743770884.7669158,-2.552335739135742,-12.650388717651367,2.1944313049316406,0.13275708252375307,0.11874414179478854,0.7593337544785345,0.6258496486961361,36.60003352165222,drone1
1743770884.9669006,-1.6037991046905518,-12.321433067321777,2.121716022491455,0.06866081977979398,0.12539875973118972,0.7621049308415498,0.631472101507762,36.800018310546875,drone1
1743770885.1669488,-0.5761525630950928,-11.959602355957031,2.0900521278381348,-0.025447561171165336,0.11328194117936856,0.7646626755637063,0.6338853246863746,37.00006651878357,drone1
1743770885.3669255,0.4452759027481079,-11.512380599975586,2.0932507514953613,-0.10272758466864282,0.09529518944836594,0.7623480812789654,0.6318158880827094,37.20004320144653,drone1
1743770885.566992,1.3912489414215088,-10.949995994567871,2.1065011024475098,-0.15550768859067512,0.048977798983297106,0.7626330993420202,0.625946749766749,37.40010976791382,drone1
1743770885.7669284,2.25203275680542,-10.241189956665039,2.1204347610473633,-0.18252526728407578,-0.026100916348425155,0.7637006105261723,0.6186798586351295,37.600046157836914,drone1
1743770885.9669209,2.8599648475646973,-9.50988483428955,2.13670015335083,-0.19128292932601806,-0.09390713501767593,0.7573681044893272,0.6172404858065658,37.8000385761261,drone1
1743770886.1668954,3.2444820404052734,-8.762151718139648,2.1611814498901367,-0.1914536438188224,-0.1653491423540959,0.7419707016899635,0.6208741131306597,38.00001311302185,drone1
1743770886.3668883,3.367851495742798,-8.052994728088379,2.1889166831970215,-0.16275930675806552,-0.230204000297502,0.7236172664500157,0.6299949440295083,38.20000600814819,drone1
1743770886.5669127,3.23517107963562,-7.436434268951416,2.202089309692383,-0.12444287447531892,-0.2353910287488059,0.7055658581606747,0.6567205109171792,38.40003037452698,drone1
1743770886.7668934,2.8880856037139893,-6.924671173095703,2.1965417861938477,-0.09609908724160629,-0.2063239383743736,0.6918488103694977,0.6852303438924069,38.600011110305786,drone1
1743770886.966923,2.3828444480895996,-6.496726989746094,2.1762027740478516,-0.04567989238101685,-0.16112386152187305,0.6929456531260354,0.7012693982160344,38.80004072189331,drone1
1743770887.1669164,1.7927004098892212,-6.1444830894470215,2.15285587310791,0.010801631412394706,-0.11036597458665007,0.700133422933835,0.7053480710710761,39.00003409385681,drone1
1743770887.366901,1.1932111978530884,-5.863842964172363,2.132904529571533,0.05547304980731098,-0.0509691954285885,0.7065769370195766,0.703614973068609,39.200018644332886,drone1
1743770887.5669076,0.650154173374176,-5.638064861297607,2.1197738647460938,0.061272543090285056,0.020545026581487814,0.7086560990085357,0.7025882178869669,39.400025367736816,drone1
1743770887.7668843,0.20824837684631348,-5.425909996032715,2.1204142570495605,0.08813477253365964,0.0860973278575561,0.7018485899115128,0.7015897091712872,39.60000205039978,drone1
1743770887.9668639,-0.07889187335968018,-5.206671237945557,2.137324810028076,0.12274665875192961,0.14551322727918048,0.6880043780093147,0.7002923285711584,39.79998159408569,drone1
1743770888.166889,-0.15355916321277618,-4.970048904418945,2.166471004486084,0.14919355857978062,0.19949433660112262,0.6725837470280654,0.6968317614754063,40.000006675720215,drone1
1743770888.366878,0.017739037051796913,-4.71121072769165,2.1868643760681152,0.14657676217159343,0.18920448251639446,0.6668968569534224,0.705666683959025,40.19999575614929,drone1
1743770888.5669432,0.39246487617492676,-4.443990707397461,2.1778388023376465,0.10722470872249373,0.12667413719656406,0.6748342517612895,0.7190656254476159,40.4000608921051,drone1
1743770888.7672179,0.8857495784759521,-4.186446666717529,2.156816005706787,0.06220872613504334,0.06304310968223734,0.6844941579747497,0.7236183951953025,40.60033559799194,drone1
1743770888.9669545,1.4121997356414795,-3.9472224712371826,2.138667106628418,0.009626065422192156,0.00543119782170922,0.6922724405269541,0.7215516849659003,40.80007219314575,drone1
1743770889.1669362,1.750510334968567,-3.794217586517334,2.132404327392578,-0.029045467065512805,-0.03320109232803729,0.6947307305404259,0.7179158962987311,41.00005388259888,drone1
1743770889.366908,2.2579965591430664,-3.5187876224517822,2.136363983154297,-0.10533907715936272,-0.08680718294319652,0.6912455200506404,0.7096110316797759,41.20002579689026,drone1
1743770889.5669115,2.4687557220458984,-3.2920124530792236,2.151094436645508,-0.16270065151582855,-0.09495239003163626,0.6840451939393434,0.7046948974874643,41.40002918243408,drone1
1743770889.7669234,2.501253128051758,-3.0218546390533447,2.151477336883545,-0.13116530734951862,-0.06397921633583285,0.69037919026241,0.7085752741947098,41.60004115104675,drone1
1743770889.9669077,2.4126040935516357,-2.705956220626831,2.143343448638916,-0.09338381077060633,-0.01689915032954554,0.6946596498804123,0.7130510752359368,41.80002546310425,drone1
1743770890.166937,2.271815538406372,-2.343801259994507,2.136569023132324,-0.06131559741312811,0.02201955910133276,0.6964269910448415,0.7146642484968694,42.00005483627319,drone1
1743770890.3669305,2.1299233436584473,-1.9342011213302612,2.1351099014282227,-0.04422312080655219,0.036018225219542246,0.6989037736466421,0.7129380169733509,42.200048208236694,drone1
1743770890.5668983,2.0049383640289307,-1.4840154647827148,2.13674259185791,-0.062484902456057145,0.009351729774237353,0.703187517920014,0.7081917531844205,42.40001606941223,drone1
1743770890.7669103,1.8626126050949097,-1.0031918287277222,2.145702838897705,-0.10349535602726408,-0.04043788073165241,0.705056801774279,0.7003916491013995,42.6000280380249,drone1
1743770890.966902,1.6419960260391235,-0.5013387799263,2.159090518951416,-0.11983650842430563,-0.07369334842116924,0.7041720757098542,0.6959527224367162,42.80001974105835,drone1
1743770891.1669064,1.3068403005599976,0.011575604788959026,2.17244815826416,-0.12443845037331426,-0.0867296518397272,0.7004403558763903,0.6974069108703482,43.00002408027649,drone1
1743770891.366907,0.8497363328933716,0.5292693376541138,2.1810107231140137,-0.10961299874748968,-0.09266953627509106,0.697558946242092,0.702003444357949,43.20002460479736,drone1
1743770891.5669773,0.28430289030075073,1.0426958799362183,2.1824092864990234,-0.10465885962235004,-0.098168423417234,0.6945728876293024,0.7049666593788457,43.400094985961914,drone1
1743770891.766921,-0.37860891222953796,1.5448631048202515,2.1856589317321777,-0.09563338399262387,-0.08701217566545813,0.694799043996417,0.707486791660701,43.60003876686096,drone1
1743770891.966909,-1.124306321144104,2.0396454334259033,2.197220802307129,-0.07733076566890666,-0.06557100072969058,0.697994288778259,0.7088895151703065,43.800026655197144,drone1
1743770892.1669033,-1.9138962030410767,2.5299599170684814,2.2009053230285645,-0.020182675636860662,-0.009016329105054873,0.7032746372668833,0.7105746077476834,44.00002098083496,drone1
1743770892.3668892,-2.677567481994629,3.007923126220703,2.2081828117370605,0.054900242525911545,0.02810019952274382,0.7034792404600685,0.7080348162659037,44.20000696182251,drone1
1743770892.5669103,-3.341184616088867,3.449427843093872,2.2198333740234375,0.11958903266656162,0.059867401405246254,0.699586957597391,0.7019205943551249,44.40002799034119,drone1
1743770892.7668786,-3.8558945655822754,3.8401057720184326,2.2386856079101562,0.1709398151248555,0.10959995561496438,0.6885433864816587,0.6961863480156405,44.59999632835388,drone1
1743770892.966888,-4.1298933029174805,4.160417079925537,2.2799415588378906,0.20307964256339883,0.1571229612914989,0.6698524573888095,0.6966841684802771,44.80000567436218,drone1
1743770893.1668909,-4.147934913635254,4.427501678466797,2.3129611015319824,0.19123470674587634,0.1652384067779894,0.6583029881015056,0.7090576929496661,45.00000858306885,drone1
1743770893.3668816,-3.9460225105285645,4.651534080505371,2.3145737648010254,0.14524917068781465,0.11424250605251327,0.658158247921185,0.7298486569289271,45.19999933242798,drone1
1743770893.5668714,-3.606266736984253,4.830172061920166,2.307095527648926,0.100037201838589,0.053681785037995686,0.6588468009853076,0.7436610642697659,45.39998912811279,drone1
1743770893.7670147,-3.215789794921875,4.957225322723389,2.287010669708252,0.1159364682365961,0.033184560885253234,0.6320636167215442,0.765475893737368,45.60013246536255,drone1
1743770893.9668832,-2.782790422439575,5.010360240936279,2.2432007789611816,0.1887069192133881,0.05510653027594809,0.5266177387895105,0.8270590406619323,45.8000009059906,drone1
1743770894.1669338,-2.438406467437744,4.976315975189209,2.2086496353149414,0.1952367778683855,0.03480095311174075,0.405625632267665,0.8922664214317285,46.000051498413086,drone1
1743770894.3669033,-1.771236777305603,4.731388568878174,2.1525092124938965,0.17452368282592634,0.030406770101199524,0.16026874411243536,0.9710463202173516,46.20002102851868,drone1
1743770894.5668972,-1.2068277597427368,4.353440761566162,2.123122215270996,0.1772670159271444,0.01859969400744098,0.0068885230674689555,0.9839628962930912,46.400014877319336,drone1
1743770894.7668853,-0.6761600375175476,3.8120977878570557,2.1307926177978516,0.18746276005041473,-0.04111658460411347,-0.0710368272911715,0.9788365329618627,46.6000030040741,drone1
1743770894.9668868,-0.2515978217124939,3.117703437805176,2.1616311073303223,0.1751575793300643,-0.0935147557605736,-0.0995592012587369,0.9750193771859281,46.80000448226929,drone1
1743770895.1669028,0.0322248600423336,2.320387125015259,2.172985553741455,0.1305728965152054,-0.09466713225838044,-0.10740159180170455,0.9810473459005016,47.0000205039978,drone1
1743770895.3668876,0.1940373331308365,1.4753934144973755,2.1675825119018555,0.0536518792147992,-0.08758228390219158,-0.11548502017130585,0.9879848857527889,47.200005292892456,drone1
1743770895.5669334,0.26220703125,0.6537867784500122,2.1620936393737793,-0.023256019879007977,-0.0760883694295811,-0.12361822396899869,0.9891351153954997,47.40005111694336,drone1
1743770895.7669008,0.27538007497787476,-0.0915350392460823,2.1636548042297363,-0.08530649896239506,-0.030723427276596094,-0.13145180582062743,0.9871673633322229,47.60001850128174,drone1
1743770895.966896,0.2875974774360657,-0.69166499376297,2.171877861022949,-0.10306057177220368,0.04013607505199986,-0.1374784679828972,0.9843105656464575,47.80001378059387,drone1
1743770896.1668859,0.3754160404205322,-1.1737215518951416,2.1801695823669434,-0.08331109988358429,0.11035893738003764,-0.14119286974216233,0.9802779551809352,48.00000357627869,drone1
1743770896.3668723,0.5870941877365112,-1.5818136930465698,2.184329032897949,-0.0479606348438694,0.10761370898772563,-0.13994827330563558,0.983124469035664,48.199990034103394,drone1
1743770896.5668728,0.9014465808868408,-1.9568676948547363,2.170947551727295,-0.05297083882642391,0.040226474773699665,-0.13447866604013442,0.9886816574523709,48.39999055862427,drone1
1743770896.7668693,1.252185344696045,-2.2865850925445557,2.166044235229492,-0.08915590497997464,-0.030082302587938536,-0.1301317243784178,0.9870218302643149,48.5999870300293,drone1
1743770896.9670022,1.5765413045883179,-2.5338635444641113,2.154819965362549,-0.11572620287773144,-0.03256085601592096,-0.13247833446295876,0.9838683609118812,48.80011987686157,drone1
1743770897.1668756,1.8250828981399536,-2.6577415466308594,2.1501402854919434,-0.11480154580242898,-0.02261659950353706,-0.13387124565939534,0.9840669147152161,48.999993324279785,drone1
1743770897.3668737,2.107497215270996,-2.713252305984497,2.1415367126464844,-0.09699536631697073,-0.017427837763088136,-0.1332744462844811,0.9861674293513021,49.19999146461487,drone1
1743770897.5668766,2.3806190490722656,-2.6897406578063965,2.1300954818725586,-0.09335367313974298,-0.013033760119668175,-0.13245915764688632,0.9866964565938108,49.39999437332153,drone1
1743770897.7668867,2.6499972343444824,-2.5905420780181885,2.1278843879699707,-0.13568872313430635,-0.003537637876610439,-0.13223506285335396,0.9818808841235016,49.60000443458557,drone1
1743770897.9668658,2.9278249740600586,-2.3905248641967773,2.1231846809387207,-0.13460414247650732,-0.001113114074240937,-0.13138091482143216,0.9821504553665772,49.799983501434326,drone1
1743770898.1668718,3.2208354473114014,-2.0890183448791504,2.1143240928649902,-0.11655861103835569,-0.001865846251933394,-0.13050253235161663,0.9845708224360123,49.99998950958252,drone1
1743770898.366879,3.523778200149536,-1.7063707113265991,2.1052255630493164,-0.10018622519238954,-0.003203060388062776,-0.1297047346561539,0.9864731204435515,50.19999670982361,drone1
1743770898.5669389,3.829287052154541,-1.266430377960205,2.0943799018859863,-0.03126030305255098,-0.011023746621136272,-0.12825791764047195,0.99118682398101,50.40005660057068,drone1
1743770898.7669425,4.1232829093933105,-0.8293884992599487,2.0853662490844727,0.052200677609783086,-0.013250333017830431,-0.1260209736557562,0.9905646100564436,50.60006022453308,drone1
1743770898.9669154,4.390363693237305,-0.463413804769516,2.0800528526306152,0.06623280042317614,-0.016193743794374754,-0.12511342556677113,0.9897968209171206,50.80003309249878,drone1
1743770899.1669326,4.587403297424316,-0.2234618216753006,2.091144561767578,0.05920250721111759,-0.026557868528713197,-0.125971788283544,0.9899096058837358,51.00005030632019,drone1
1743770899.366892,4.795583724975586,0.015537494793534279,2.106510639190674,0.07357920026742244,-0.04904860437170652,-0.17377533392047917,0.9808070667171409,51.20000982284546,drone1
1743770899.5668883,4.925256729125977,0.17329007387161255,2.106447219848633,0.06687951483761746,-0.037713474199593776,-0.3099250803572218,0.9476557043776241,51.40000605583191,drone1
1743770899.7668872,4.9961442947387695,0.2848559319972992,2.1159963607788086,0.04708108806736368,-0.0025641642140202124,-0.5028912231038634,0.8630627647314087,51.60000491142273,drone1
1743770899.966882,5.0410871505737305,0.3654727637767792,2.1219959259033203,0.04488436798119559,0.01626661569545003,-0.6995600079804909,0.7129773742273259,51.799999713897705,drone1
1743770900.166899,5.070932388305664,0.4139690101146698,2.118846893310547,0.03822396604838081,0.024805091734622413,-0.8605851200948473,0.5072641272242625,52.00001668930054,drone1
1743770900.3668892,5.086752414703369,0.4295004606246948,2.1115570068359375,0.025202621797593958,0.028903769031546872,-0.9639685999469172,0.2632376254157035,52.20000696182251,drone1
1743770900.5668864,5.090366363525391,0.4204079806804657,2.0939207077026367,0.011864893008836962,0.0238288594290883,-0.9996456543302978,-0.0001016160517598445,52.400004148483276,drone1
1743770900.7669153,5.087596893310547,0.39972129464149475,2.0285019874572754,-3.0452415138059673e-05,0.01676759947863091,-0.9671064749654017,-0.2538188584447316,52.60003304481506,drone1
1743770900.966894,5.079099178314209,0.3705455958843231,1.9783018827438354,-0.0006257071739088412,0.007176819694357026,-0.9064335998699076,-0.4222868504664764,52.80001163482666,drone1
1743770901.1669328,5.067168712615967,0.34444016218185425,1.9719809293746948,0.002721914270368227,-0.006146539323963548,-0.8721329351183471,-0.48922300013178044,53.00005054473877,drone1
1743770901.366907,5.050652980804443,0.3248496353626251,1.9955636262893677,0.0016014445832454116,-0.015709151183997495,-0.8523845340230977,-0.5226770506005904,53.20002460479736,drone1
1743770901.566927,5.037637233734131,0.3234952688217163,2.0064454078674316,-0.000504879732489949,-0.016449806972502548,-0.8463284744339916,-0.5324070509743912,53.400044679641724,drone1
1743770901.7669122,5.029329299926758,0.33861640095710754,2.005950450897217,-0.0014698614636497259,-0.012828435820246651,-0.8456330830436982,-0.5336084574279064,53.600029945373535,drone1
1743770901.9669251,5.023612976074219,0.3649236559867859,2.0021982192993164,-0.0022834902398120895,-0.008241237694954981,-0.8466689682863989,-0.5320512999628229,53.80004286766052,drone1
1743770902.1669123,5.016806125640869,0.39434704184532166,1.9986387491226196,-0.0032255314495591944,-0.004290176894966758,-0.8480711307160836,-0.5298552594945869,54.00003004074097,drone1
1743770902.366907,5.008745193481445,0.4236816465854645,1.9983872175216675,-0.0021620482940491862,0.0003652137199216803,-0.8530807262035127,-0.521774423156169,54.20002460479736,drone1
1743770902.5669124,4.996733665466309,0.44910839200019836,2.017889976501465,-0.00035527159116643405,0.010300656190292677,-0.8896354044134358,-0.4565551675118048,54.4000301361084,drone1
1743770902.7669027,4.981389045715332,0.4686907231807709,2.0351428985595703,-0.009148496518264937,-0.005291798766620717,-0.9362320961166859,-0.351223133485955,54.60002040863037,drone1
1743770902.966913,4.975464820861816,0.4909215569496155,2.037367343902588,-0.01093431594767984,-0.00741671165354678,-0.9589056886961217,-0.28341717823450746,54.80003070831299,drone1
1743770903.1669827,4.982056617736816,0.5159731507301331,2.032438278198242,-0.005465406574720903,0.0029620500556622135,-0.9677953652043123,-0.25166131912261047,55.0001003742218,drone1
1743770903.3668973,4.990845680236816,0.5382434725761414,2.0253682136535645,-0.002292270284464778,0.008404916627508465,-0.9708500844906849,-0.23952960165984072,55.2000150680542,drone1
1743770903.5669072,4.9941558837890625,0.5519561171531677,2.0197529792785645,-0.0014950389372789309,0.009324070904902235,-0.9718981923194538,-0.23521249996686977,55.40002489089966,drone1
1743770903.7669363,4.988212585449219,0.5549196600914001,2.018303394317627,-0.002047706281262982,0.00949634186765121,-0.973791007286078,-0.22723722041054734,55.600054025650024,drone1
1743770903.9669197,4.976943016052246,0.5481802821159363,2.019664764404297,-0.0024888477957311465,0.008926624806355485,-0.9819289736776525,-0.18902309433420494,55.8000373840332,drone1
1743770904.1669054,4.968179702758789,0.5368139743804932,2.0237479209899902,-0.0037967466584515612,-0.00017076898736232576,-0.9882093177211093,-0.1530620123387092,56.00002312660217,drone1
1743770904.3669004,4.958743095397949,0.5251591205596924,2.0124940872192383,-0.004245231108819859,-0.002089379636272642,-0.9924476048073648,-0.12257846121623495,56.20001816749573,drone1
1743770904.5669212,4.951971530914307,0.5179769992828369,2.000683307647705,-4.5191299771231324e-05,-0.00908487436871261,-0.9936376210750699,-0.11225724592494757,56.400038957595825,drone1
1743770904.7669132,4.946742534637451,0.5235421061515808,1.9954880475997925,0.007900318752067842,-0.07724536100729976,-0.9909752468014853,-0.10926494612121973,56.60003089904785,drone1
1743770904.966917,4.941572189331055,0.5980803966522217,1.9920345544815063,-0.0016292812595976906,-0.044647468448249884,-0.9929329257679678,-0.10994616563370124,56.80003476142883,drone1
1743770905.1669075,4.9428935050964355,0.7103654146194458,1.9908567667007446,0.0004754855983762913,0.012882005781793165,-0.9938421597308933,-0.11005309218837334,57.000025272369385,drone1
1743770905.3668861,4.9455671310424805,0.808621883392334,1.9890652894973755,-0.0006049799794284802,0.004569541065307578,-0.9939008702908689,-0.11018142934208902,57.20000386238098,drone1
1743770905.5668826,4.949531555175781,0.891422688961029,1.9850162267684937,-0.0016808940268663289,-0.006650032490992038,-0.9938513898907171,-0.11050992187938291,57.40000033378601,drone1
1743770905.7668974,4.955017566680908,0.9690403342247009,1.9802042245864868,-0.001651837396812862,-0.010166149462353818,-0.9937838706394028,-0.11084937259728977,57.60001516342163,drone1
1743770905.9669032,4.96287202835083,1.0506106615066528,1.975995421409607,-0.0016352707218977947,-0.01278488363775574,-0.9937354439104638,-0.11101277592896641,57.800020933151245,drone1
1743770906.1668882,4.972973823547363,1.139941930770874,1.9699877500534058,-0.0015895018785929956,-0.013942519272003321,-0.9937257079884577,-0.11096097745214661,58.00000596046448,drone1
1743770906.3668847,4.987537860870361,1.2357292175292969,1.9621914625167847,-0.0014768222790991208,-0.015222142373820607,-0.9937272674218526,-0.11078037820627734,58.20000243186951,drone1
1743770906.566886,5.008111953735352,1.3383338451385498,1.9540969133377075,-0.002322354573222961,-0.027332834486084024,-0.9934941532027388,-0.1105298151918801,58.40000367164612,drone1
1743770906.7668762,5.036388874053955,1.4571605920791626,1.9472342729568481,-0.0019528544694169694,-0.02886156521893593,-0.9934744706244842,-0.11032544512345077,58.59999394416809,drone1
1743770906.966875,5.07081937789917,1.596291422843933,1.9412516355514526,-0.0010940347227555629,-0.025620386957662146,-0.9935783204592151,-0.11020246061949596,58.79999279975891,drone1
1743770907.166872,5.108656406402588,1.751920223236084,1.9379407167434692,0.018484627184105804,-0.02831591828867923,-0.9933822533199425,-0.10976404910128562,58.9999897480011,drone1
1743770907.3668716,5.1332902908325195,1.9280083179473877,1.9378911256790161,0.05829293080504805,-0.028416349618869137,-0.991926163997588,-0.10898129783074134,59.199989318847656,drone1
1743770907.566876,5.110805988311768,2.1292965412139893,1.9364765882492065,0.062207984490450396,-0.0021898132713683276,-0.9921752097254388,-0.10823045172451973,59.399993658065796,drone1
1743770907.7670896,5.032878875732422,2.3329901695251465,1.9320517778396606,0.056862217836764296,0.01727419932937578,-0.9923840895066589,-0.10789791308976882,59.60020732879639,drone1
1743770907.967198,4.906558513641357,2.5157392024993896,1.9258323907852173,0.04870045954920541,0.01633870787982798,-0.9927721776877472,-0.10846579972660464,59.800315618515015,drone1
1743770908.1670756,4.744954586029053,2.6783089637756348,1.9184633493423462,0.0423789683278008,0.011037383760807594,-0.9930632438235634,-0.10912253192010135,60.00019335746765,drone1
1743770908.3668954,4.588643550872803,2.806377410888672,1.913988471031189,0.03939195268520491,0.008966003133754813,-0.9931633425887768,-0.10951867014925526,60.200013160705566,drone1
1743770908.5668986,4.381488800048828,2.9506819248199463,1.911566138267517,0.03667681187437362,0.007303817039271188,-0.993247088376768,-0.10982579423435407,60.40001630783081,drone1
1743770908.766887,4.153475761413574,3.0885093212127686,1.9088870286941528,0.03442732129969183,0.005808338852805357,-0.9933259872771805,-0.10992972836278192,60.60000467300415,drone1
1743770908.9668996,3.9080440998077393,3.2213215827941895,1.903250813484192,0.03241361204938113,0.004761067375561586,-0.993398142681831,-0.10994068654339478,60.80001735687256,drone1
1743770909.1669,3.647568702697754,3.3456764221191406,1.8972934484481812,0.03086111971359219,0.004108705283419809,-0.9934632174159318,-0.10982503559108092,61.00001764297485,drone1
1743770909.3668964,3.4620676040649414,3.4274742603302,1.8931814432144165,0.030478554086747822,0.004057640425181811,-0.9934866510637039,-0.1097217758122293,61.20001411437988,drone1
1743770909.5668814,3.175213098526001,3.544710874557495,1.8885761499404907,0.03003224925406482,0.0053220182216392985,-0.993502835453532,-0.10964473137315134,61.399999141693115,drone1
1743770909.7668796,2.8774349689483643,3.661015748977661,1.8826831579208374,0.028484538609948342,0.0065151342583434635,-0.9935421163163443,-0.10963739782151044,61.5999972820282,drone1
1743770909.9668846,2.5673203468322754,3.7735347747802734,1.8773831129074097,0.027466275359736697,0.0074680698933632245,-0.9935602816080524,-0.10967132603456164,61.800002336502075,drone1
1743770910.1668909,2.246668577194214,3.881347179412842,1.8710039854049683,0.026981685383537617,0.011175668887860852,-0.9935382388062812,-0.10967608862844336,62.00000858306885,drone1
1743770910.3670192,1.8731961250305176,3.99096941947937,1.8633333444595337,0.028335898529051565,0.01582953377860139,-0.9934367070482185,-0.10968160986559833,62.20013689994812,drone1
1743770910.5669365,1.5261837244033813,4.0728254318237305,1.8582278490066528,0.030574908367888804,0.013921590068995252,-0.99338684732643,-0.10979064376269604,62.40005421638489,drone1
1743770910.766905,1.1672873497009277,4.141806602478027,1.8563741445541382,0.02900324185020544,0.011679627975128724,-0.9934649032898724,-0.10977252061783638,62.60002279281616,drone1
1743770910.9669023,0.7984702587127686,4.200362205505371,1.8536289930343628,0.028282476740019498,0.013616996111896039,-0.9934767887011524,-0.10963006426986954,62.80001997947693,drone1
1743770911.166907,0.42151033878326416,4.247176647186279,1.846812129020691,0.02770971292255759,0.013269109438842039,-0.9935091153339602,-0.1095252450576229,63.00002479553223,drone1
1743770911.3668954,0.03673087805509567,4.281104564666748,1.8382941484451294,0.026166322659685735,0.015214048532545378,-0.9935358785827646,-0.1094092990773694,63.200013160705566,drone1
1743770911.5669043,-0.3557626008987427,4.303404808044434,1.8302472829818726,0.02444951984716031,0.03963917819603572,-0.9929573709401041,-0.10893430409465171,63.40002202987671,drone1
1743770911.766881,-0.7575059533119202,4.290135860443115,1.828104853630066,0.02488733735822444,0.10169467407148461,-0.9886774849143682,-0.10749671723879362,63.59999871253967,drone1
1743770911.9668999,-1.1769731044769287,4.180417537689209,1.8369303941726685,0.014847886920122615,0.18007677772997177,-0.977978676007272,-0.10444966867885003,63.80001759529114,drone1
1743770912.1668935,-1.6103461980819702,3.899592638015747,1.8550902605056763,-0.007561323746960482,0.23056754847604483,-0.9676030069877086,-0.10259642960297743,64.00001120567322,drone1
1743770912.3668816,-2.044051170349121,3.411531925201416,1.864350438117981,-0.010706321582843396,0.21496444798252376,-0.9704874951529456,-0.10876441014830429,64.19999933242798,drone1
1743770912.5669055,-2.4752190113067627,2.7417144775390625,1.8657854795455933,-0.008499301860570428,0.1906188477758122,-0.9748312336541753,-0.1153099000157431,64.4000232219696,drone1
1743770912.7669332,-2.9067392349243164,1.928813099861145,1.8647149801254272,-0.006935432509861582,0.16994646132065847,-0.9782788458623665,-0.11849325148377093,64.6000509262085,drone1
1743770912.9670432,-3.3341033458709717,1.009634017944336,1.854397177696228,-0.014369725655410302,0.10713134620905265,-0.9872382121845699,-0.11694945456966538,64.80016088485718,drone1
1743770913.1669436,-3.7431552410125732,0.04624343290925026,1.8368538618087769,-0.025526665969633905,0.025641004236948376,-0.9930085372141964,-0.11236118005337548,65.00006127357483,drone1
1743770913.3669379,-4.115486145019531,-0.8865618109703064,1.8222323656082153,-0.033860243355511715,-0.05208608954830506,-0.9923230187231666,-0.106937344265357,65.20005559921265,drone1
1743770913.566935,-4.435341835021973,-1.722025752067566,1.815317988395691,-0.04048349152427515,-0.1257330158500175,-0.9859189736793303,-0.10254749711185634,65.40005278587341,drone1
1743770913.766916,-4.690324783325195,-2.396091938018799,1.8216108083724976,-0.0449901908152723,-0.193614856502209,-0.9749083623869503,-0.10021509051526345,65.6000337600708,drone1
1743770913.9669168,-4.874134540557861,-2.850184679031372,1.8445063829421997,-0.045645152841131596,-0.2533401229292084,-0.9611335078881348,-0.09978839582093918,65.80003452301025,drone1
1743770914.1669233,-4.98298978805542,-3.0329136848449707,1.8757027387619019,-0.03625962919692253,-0.28269823729260846,-0.9531970877261393,-0.10090714176781235,66.0000410079956,drone1
1743770914.3669477,-5.033245086669922,-2.988097906112671,1.8878995180130005,-0.02915327014292495,-0.2526777114478748,-0.9612602434616071,-0.10622122716230842,66.20006537437439,drone1
1743770914.5669022,-5.018070697784424,-2.6859095096588135,1.910720705986023,-0.025318570741297626,-0.22556880580210714,-0.9678162700411737,-0.10867029623557944,66.4000198841095,drone1
1743770914.766898,-4.963698863983154,-2.2244105339050293,1.9441481828689575,-0.02393470004386667,-0.21000549193358037,-0.97136166293791,-0.10854183264131828,66.60001564025879,drone1
1743770914.966916,-4.869201183319092,-1.6297439336776733,1.9439173936843872,-0.021534031357754342,-0.1932650640013489,-0.9749891578955456,-0.1076154449110488,66.80003380775452,drone1
1743770915.1669068,-4.736032009124756,-0.921676754951477,1.9110804796218872,-0.01577717224622706,-0.13751533067027594,-0.9844568995044874,-0.10809789988595297,67.00002455711365,drone1
1743770915.3669233,-4.573999881744385,-0.14860445261001587,1.8548089265823364,-0.0266341385194496,-0.06400113137996936,-0.9879501146027674,-0.13838074771581843,67.20004105567932,drone1
1743770915.566934,-4.390949726104736,0.617074191570282,1.7706023454666138,-0.0024640262654085122,0.009692939793797326,-0.9676762160635719,-0.2519975245331819,67.4000518321991,drone1
1743770915.7669024,-4.217716217041016,1.3197389841079712,1.6971708536148071,0.010396950543883446,0.09201914323102817,-0.8963289350862692,-0.43361149792711107,67.60002017021179,drone1
1743770915.966897,-4.099125385284424,1.9083795547485352,1.6104565858840942,-0.027622328017615178,0.1631319481191746,-0.7607308592863977,-0.6276253586441728,67.80001473426819,drone1
1743770916.1669261,-4.058958530426025,2.3391079902648926,1.4812252521514893,-0.10277141804963849,0.163262819352157,-0.599244029105149,-0.7769749079786483,68.00004386901855,drone1
1743770916.366928,-4.086380481719971,2.581293821334839,1.347199559211731,-0.1118923464130742,0.07529365108823774,-0.4924333045094308,-0.8598374560756883,68.2000458240509,drone1
1743770916.5669107,-4.125670909881592,2.676618814468384,1.2619506120681763,-0.07217078429908992,0.032600159269246434,-0.43732267545246495,-0.8958111399788887,68.40002846717834,drone1
1743770916.7669024,-4.153763294219971,2.694196939468384,1.2370506525039673,-0.044909471697839806,0.02051982803443454,-0.41477664031004735,-0.9085826466020539,68.60002017021179,drone1
1743770916.9670298,-4.174698829650879,2.6827101707458496,1.207684874534607,-0.039984816598139315,0.020596257392941995,-0.3898746384827192,-0.9197688838121787,68.80014753341675,drone1
1743770917.1669106,-4.192916393280029,2.6498522758483887,1.1492588520050049,-0.0358499782930093,0.014793253409195866,-0.2941209183228795,-0.9549811006033329,69.00002837181091,drone1
1743770917.3669183,-4.210957050323486,2.600212574005127,1.0896779298782349,-0.01686753887607321,0.005030077538716468,-0.1119889390873271,-0.9935535802591393,69.20003604888916,drone1
1743770917.5668797,-4.229065895080566,2.550027847290039,1.0339055061340332,0.0029547472909770434,-0.0035981656901558027,0.12470030215766736,-0.9921835969482926,69.39999747276306,drone1
1743770917.766874,-4.241331577301025,2.514066219329834,0.9653226137161255,0.018736318943789715,-0.0048051378325802,0.37336868927382216,-0.92748139884146,69.59999179840088,drone1
1743770917.9669063,-4.240554332733154,2.502703905105591,0.9230669736862183,0.02686427480029834,-0.0023910644730078968,0.5643106031801823,-0.8251219609676592,69.80002403259277,drone1
1743770918.1668742,-4.2207255363464355,2.5154566764831543,0.920203447341919,-0.018799290286732006,-0.040567796416553635,0.6615602546051095,-0.748557898498182,69.99999189376831,drone1
1743770918.3669024,-4.182145118713379,2.4955482482910156,0.9204603433609009,-0.0895948146871052,-0.09953577518422664,0.6968754595255057,-0.7045779758735222,70.20002007484436,drone1
1743770918.566827,-4.133584022521973,2.3541386127471924,0.9136221408843994,-0.11986375998386263,-0.11075652473638138,0.7093828427150375,-0.6856689078636707,70.39994478225708,drone1
1743770918.767246,-4.0899658203125,2.0708601474761963,0.8918154239654541,-0.06831342816757394,-0.06682086371128367,0.7199827817009723,-0.6873814120269203,70.60036373138428,drone1
1743770918.9670806,-4.0518717765808105,1.7116776704788208,0.8661530017852783,-0.009021435623805816,-0.003507447397550316,0.7247814085040022,-0.6889108816467102,70.8001983165741,drone1
1743770919.1669226,-4.025583744049072,1.4160937070846558,0.8522448539733887,0.03482916186574028,0.04683832287848546,0.7239116160887488,-0.6874191861398982,71.00004029273987,drone1
1743770919.3669403,-4.003410339355469,1.1685725450515747,0.8465001583099365,0.058615076290373956,0.07187831019511572,0.7217717810771802,-0.6858887892894411,71.20005798339844,drone1
1743770919.5669274,-3.9767184257507324,0.9845197200775146,0.8382600545883179,0.058238456003347656,0.034189456340497415,0.7239862844992419,-0.686500737822217,71.40004515647888,drone1
1743770919.7669604,-3.9338266849517822,0.8733373880386353,0.8298839330673218,0.04102399851464711,0.017758005637610295,0.7244669837944878,-0.6878585683527132,71.60007810592651,drone1
1743770919.9669528,-3.872246265411377,0.7996994853019714,0.8262976408004761,0.05100999752921401,-0.013216863151756665,0.7245923667175407,-0.6871602411710033,71.8000705242157,drone1
1743770920.1669369,-3.761815071105957,0.746728241443634,0.8360534906387329,0.10620126799536041,-0.08801568784796315,0.7207258609332667,-0.6793591505883093,72.00005459785461,drone1
1743770920.3669298,-3.5227677822113037,0.6975337266921997,0.854915976524353,0.12264524223915582,-0.13222189262173872,0.7174829006505544,-0.6728252221282527,72.20004749298096,drone1
1743770920.5669506,-3.129119396209717,0.632509171962738,0.8619569540023804,0.08745992764969734,-0.09972792431294909,0.7221668498300531,-0.678881638648482,72.40006828308105,drone1
1743770920.7669325,-2.636537790298462,0.5523701906204224,0.8580644130706787,0.030097142476835557,-0.03223380017578924,0.7267766890448014,-0.6854566457978577,72.60005021095276,drone1
1743770920.9669235,-2.1330080032348633,0.46827006340026855,0.8538579940795898,-0.023335652727274458,0.033239173652028074,0.7263816466337089,-0.686090660840007,72.80004119873047,drone1
1743770921.1669247,-1.7009315490722656,0.3919981122016907,0.8574868440628052,-0.0710642286696041,0.0900057902532962,0.7220888096716791,-0.68222917843324,73.00004243850708,drone1
1743770921.3669236,-1.398127794265747,0.33311277627944946,0.8642216920852661,-0.07939471923099832,0.0958968897115087,0.7211182059460548,-0.681534138705714,73.2000412940979,drone1
1743770921.5669653,-1.222572922706604,0.2915838062763214,0.8662776947021484,-0.044147516604313146,0.05434266145208127,0.7252467702976572,-0.6849196830940277,73.40008306503296,drone1
1743770921.7669475,-1.1097753047943115,0.26252225041389465,0.866466760635376,0.022522552268443623,-0.01752247768823867,0.7273108634711847,-0.6857147478297824,73.60006523132324,drone1
1743770921.9669387,-0.9630403518676758,0.23903337121009827,0.8761366605758667,0.07805070035446794,-0.07773877152863884,0.7237276543146218,-0.6812365292716664,73.80005645751953,drone1
1743770922.166931,-0.7112005949020386,0.21212060749530792,0.8864438533782959,0.06453354897424139,-0.06678635828397116,0.7254262105051923,-0.6820057553551059,74.00004863739014,drone1
1743770922.3669186,-0.3620268702507019,0.179025799036026,0.8887588977813721,-0.015970276429122254,0.017843444708167597,0.7284305998689977,-0.6847009686091255,74.20003628730774,drone1
1743770922.566908,-0.056072898209095,0.1474486142396927,0.8934932947158813,-0.0620969091053779,0.06584200957542713,0.725553151544551,-0.6821886779459991,74.4000256061554,drone1
1743770922.766919,0.15770207345485687,0.12354094535112381,0.8962900638580322,-0.052941571791400084,0.055576036948736446,0.7261410671540526,-0.6832478611763033,74.60003662109375,drone1
1743770922.9669569,0.2944659888744354,0.1049526259303093,0.8969495296478271,-0.01524907025875209,0.01551550551288075,0.7278094514694454,-0.685434311919414,74.80007457733154,drone1
1743770923.166939,0.40372470021247864,0.08748845756053925,0.900122880935669,-0.013124492874528451,0.01297770368442014,0.7276249852502253,-0.6857269269519131,75.00005674362183,drone1
1743770923.3669345,0.49527373909950256,0.07237829267978668,0.9054028987884521,-0.035756298608069496,0.03702844805290182,0.7267261207291225,-0.6849960571347965,75.20005226135254,drone1
1743770923.5669084,0.5444949269294739,0.06122078746557236,0.9090741872787476,-0.027359780213455767,0.027862606480692814,0.727174364316837,-0.6853412701171482,75.40002608299255,drone1
1743770923.766905,0.5623782873153687,0.051908865571022034,0.9141713380813599,-0.018114635219580587,0.01778405890340681,0.7276081976336278,-0.6855232022571014,75.60002279281616,drone1
1743770923.9669275,0.5637612342834473,0.0461050420999527,0.9178298711776733,-0.009900130284877174,0.008854895932750776,0.7278773302860612,-0.685578853219293,75.80004525184631,drone1
1743770924.1668983,0.5596080422401428,0.044183142483234406,0.9205654859542847,-0.00020556722002677719,-0.002126079580840019,0.7280260823195243,-0.6855460893129319,76.0000159740448,drone1
1743770924.3668969,0.5622238516807556,0.042062439024448395,0.9241328239440918,0.0017327821480574307,-0.004361282044604359,0.7280748620283196,-0.6854815466827935,76.20001459121704,drone1
1743770924.5668974,0.573214054107666,0.03809898719191551,0.897209644317627,-0.000785866679975466,-0.0015873145230098,0.727826326013918,-0.6857592483163647,76.40001511573792,drone1
1743770924.7669015,0.5879067778587341,0.03645361587405205,0.7530810832977295,-0.0016095501960037733,-0.0008499732713314877,0.7268081951311525,-0.686838154954683,76.60001921653748,drone1
1743770924.9668949,0.6048908233642578,0.03631218522787094,0.5566617846488953,-0.003104175814285955,0.0002799039710420521,0.7250081769882369,-0.688733256387839,76.80001258850098,drone1
1743770925.1668942,0.6213603615760803,0.033717188984155655,0.41903531551361084,-0.003945530631323407,0.0012402093776506453,0.7230221450465079,-0.6908125171584742,77.00001192092896,drone1
1743770925.3668933,0.6351953148841858,0.03165799379348755,0.2893363833427429,-0.004543076795709719,0.0018208332530875795,0.7209282606365282,-0.6929924654331131,77.20001101493835,drone1
1743770925.5668862,0.6447300910949707,0.028400002047419548,0.155717670917511,-0.0045974421967036605,0.0022423492357191584,0.7188126758679216,-0.6951850946407977,77.4000039100647,drone1
1743770925.7668724,0.6499490737915039,0.028612542897462845,0.020479947328567505,-0.004336736609066699,0.002189751615138833,0.7166997068381007,-0.6973649928660538,77.59999012947083,drone1
1743770925.966889,0.6514806151390076,0.03164657577872276,-0.11670824885368347,-0.004223771777482804,0.0013142608965759062,0.7145873838404422,-0.6995321910604736,77.8000066280365,drone1
1743770926.166952,0.6601234674453735,0.030130477622151375,-0.12682199478149414,-0.001625101148333339,-0.0020696117765043403,0.7136388327947566,-0.7005088962009645,78.0000696182251,drone1
1743770926.3669417,0.6597820520401001,0.029051022604107857,-0.11650325357913971,-0.0019120685237114044,-0.0021519736126324454,0.713628445572232,-0.7005185247802157,78.20005941390991,drone1
1743770926.566905,0.6610632538795471,0.03069213218986988,-0.11077038943767548,-0.0018642891131544605,-0.0021919305022513164,0.7136150685576415,-0.7005322389695944,78.40002274513245,drone1
1743770926.7669127,0.661958634853363,0.032637182623147964,-0.1085759848356247,-0.0018065875359728363,-0.002221037089079569,0.7136053820264735,-0.7005420940881564,78.6000304222107,drone1
1743770926.9669209,0.6609150171279907,0.033209726214408875,-0.10894070565700531,-0.0018131682066049805,-0.0022441989226059562,0.7135887116307984,-0.7005589330712255,78.8000385761261,drone1
1743770927.1668918,0.6600067019462585,0.03232215717434883,-0.10999557375907898,-0.001832848335897179,-0.0022905046237413724,0.7135686530236298,-0.7005791602657881,79.00000953674316,drone1
1743770927.3668814,0.6607664227485657,0.030524756759405136,-0.10955886542797089,-0.001844198515128388,-0.0023619166962786375,0.7135666589508596,-0.7005809857511643,79.1999990940094,drone1
1743770927.566941,0.6627962589263916,0.029027650132775307,-0.10816450417041779,-0.0018282829966751047,-0.0024215220330250187,0.7135429157871689,-0.7006049817959462,79.40005874633789,drone1
1743770927.766896,0.6643182039260864,0.026601146906614304,-0.10851185023784637,-0.001807916231835755,-0.002502655004521712,0.7135321288281281,-0.7006158530486839,79.60001373291016,drone1
1743770927.9668665,0.6660783886909485,0.022722749039530754,-0.11220744252204895,-0.0018341030072414972,-0.002556741511916523,0.7135523507543347,-0.7005949567729012,79.79998421669006,drone1
1743770928.166875,0.6682396531105042,0.019260970875620842,-0.11967796087265015,-0.001845295382744981,-0.0026359258090550637,0.7135713102507195,-0.7005752386332432,79.99999260902405,drone1
1743770928.3668664,0.6730086803436279,0.01529343705624342,-0.12503261864185333,-0.0018625508128973347,-0.002698173493901178,0.7135933280277994,-0.7005525465065872,80.19998407363892,drone1
1743770928.5669,0.6789926290512085,0.012424363754689693,-0.1276053637266159,-0.0018710708147874244,-0.0027619290810344454,0.7135993912470844,-0.700546061818817,80.40001773834229,drone1
1743770928.766877,0.6854450702667236,0.009722665883600712,-0.1274341642856598,-0.0018699288986105827,-0.002810802632422129,0.7136260504458566,-0.7005187282704686,80.59999465942383,drone1
1743770928.9668837,0.6928199529647827,0.00730364304035902,-0.12622013688087463,-0.0018577204300903132,-0.0028536340791081027,0.7136356263415471,-0.70050881519999,80.80000138282776,drone1
1743770929.1670473,0.7002658843994141,0.006238599773496389,-0.12371398508548737,-0.0018249285767465994,-0.002869559619785617,0.7136372680930055,-0.7005071734485315,81.00016498565674,drone1
1743770929.3668904,0.7052780985832214,0.006242574192583561,-0.1213281899690628,-0.001803014108836395,-0.0028732817956627988,0.7136345344747529,-0.7005100756541782,81.2000081539154,drone1
1743770929.566978,0.7087418437004089,0.0031875097192823887,-0.1187974214553833,-0.0018062669894335756,-0.0028749656939697104,0.7136512437245539,-0.7004930292295891,81.40009570121765,drone1
1743770929.7669451,0.7113577723503113,-0.0010295466054230928,-0.1168571412563324,-0.0018493836682095697,-0.0029069411990777162,0.7136865180025795,-0.7004568277208963,81.60006284713745,drone1
1743770929.966968,0.712965726852417,-0.0027032343205064535,-0.11499150097370148,-0.0018896128351132187,-0.0028855246731336113,0.7195484386707324,-0.6944337375040379,81.80008578300476,drone1
1743770930.1669157,0.7110695838928223,-0.0027004920411854982,-0.11310996115207672,-0.001881994421813589,-0.0028119913052590388,0.7196201396796725,-0.6943598448589752,82.00003337860107,drone1
1743770930.3670185,0.7073904871940613,-0.0029039205983281136,-0.11216935515403748,-0.0019211937074248159,-0.002725601378750278,0.7196812460245682,-0.6942966311716539,82.20013618469238,drone1
1743770930.5669565,0.7050591707229614,-0.0011945756850764155,-0.11118541657924652,-0.0019238041366954272,-0.002678364680896217,0.7197473717957037,-0.6942283137643958,82.40007424354553,drone1
1743770930.7669103,0.7049984335899353,0.0025772445369511843,-0.11040094494819641,-0.0018912560271377309,-0.0026347606791843163,0.7198175002003588,-0.6941559094299211,82.6000280380249,drone1
1743770930.9669235,0.7055440545082092,0.008085813373327255,-0.11042797565460205,-0.0018371173300906621,-0.002579428534852656,0.7198701600533952,-0.6941015637029443,82.80004119873047,drone1
1743770931.1669364,0.7040937542915344,0.014509148895740509,-0.1035928875207901,-0.0018189807673866273,-0.0025114686349442996,0.7199273190825101,-0.6940426345061921,83.00005412101746,drone1
1743770931.3669116,0.7041268944740295,0.018496951088309288,-0.09467166662216187,-0.0018454871426738999,-0.0024893919592899726,0.7199788396535476,-0.693989090886426,83.20002937316895,drone1
1743770931.5669072,0.703339159488678,0.01950876973569393,-0.08749479055404663,-0.0018838891572606346,-0.0024912698195340014,0.7200367112278201,-0.6939290276760309,83.40002489089966,drone1
1743770931.7669504,0.7018260359764099,0.019606197252869606,-0.08409741520881653,-0.001945378919116608,-0.0024964553842054997,0.7200880381867723,-0.6938755933746531,83.60006809234619,drone1
1743770931.9669163,0.700613260269165,0.021459687501192093,-0.08376951515674591,-0.0019631214046711624,-0.0024641179059927782,0.7201343035726361,-0.6938275578211519,83.8000340461731,drone1
1743770932.166922,0.6992172598838806,0.025193991139531136,-0.08469831943511963,-0.0019497632203375349,-0.0024150809738285677,0.7201920829506775,-0.6937678396880791,84.00003981590271,drone1
1743770932.366897,0.7006678581237793,0.02896863967180252,-0.08554908633232117,-0.0018937965066338853,-0.002434686481796205,0.7202333513008147,-0.6937249697576984,84.20001482963562,drone1
1743770932.566901,0.7035983800888062,0.03195084258913994,-0.08793595433235168,-0.001824943867326895,-0.002468966522250865,0.7202968876749449,-0.6936590731600515,84.4000186920166,drone1
1743770932.7668953,0.704639732837677,0.034536056220531464,-0.09089262783527374,-0.0018108730966765983,-0.0024800652815366356,0.7203553993544792,-0.6935984541380917,84.60001301765442,drone1
1743770932.9670136,0.70602947473526,0.03549319878220558,-0.09223960340023041,-0.0018108563449506763,-0.0024904106453257583,0.7204027961198077,-0.6935490343240347,84.80013132095337,drone1
1743770933.166903,0.7080301642417908,0.035144250839948654,-0.09398353099822998,-0.0018443459879391453,-0.002513664160595366,0.7204490088221109,-0.693500967160397,85.00002074241638,drone1
1743770933.3668954,0.708358645439148,0.03326176851987839,-0.09580051898956299,-0.0018780144257615316,-0.0025544422037669023,0.7205022020961986,-0.6934454979564896,85.20001316070557,drone1
1743770933.5669174,0.7065917253494263,0.030665704980492592,-0.09530431032180786,-0.0019487363024953991,-0.0025467130726718676,0.7205583772598186,-0.6933869625693532,85.40003514289856,drone1
1743770933.7669156,0.7054306268692017,0.026987403631210327,-0.09264984726905823,-0.0019999932705140836,-0.002551432058559461,0.7206154533123255,-0.6933273577059357,85.60003328323364,drone1
1743770933.966889,0.7042685747146606,0.021929344162344933,-0.08963197469711304,-0.002022440274556571,-0.002564511225816863,0.7206834625207539,-0.6932566510992025,85.8000066280365,drone1
1743770934.1668854,0.701188862323761,0.01748001202940941,-0.08768860995769501,-0.0020803212536678315,-0.0025895696469467244,0.7207368638949062,-0.6932008895015336,86.00000309944153,drone1
1743770934.3669267,0.698544442653656,0.01387588120996952,-0.08778062462806702,-0.002123996213550467,-0.002566175223731924,0.7207833215757663,-0.6931524930656419,86.20004439353943,drone1
1743770934.5668716,0.6965221166610718,0.00885266624391079,-0.0866687148809433,-0.002168324902334372,-0.002566282154896408,0.7208341243332902,-0.6930995829656925,86.39998936653137,drone1
1743770934.7669158,0.6964737176895142,0.0040293047204613686,-0.0857057273387909,-0.002188762378390266,-0.002621354379942574,0.7208775158309211,-0.6930541684193331,86.60003352165222,drone1
1743770934.9669113,0.6972417831420898,-0.0005581101286225021,-0.08485352993011475,-0.0021746796098822143,-0.0026603936803973926,0.7209275902382192,-0.6930019866696095,86.80002903938293,drone1
1743770935.166933,0.6962518095970154,-0.0033828462474048138,-0.08001822233200073,-0.002175991574598727,-0.002663098178635067,0.7209794927650712,-0.6929479768003318,87.00005078315735,drone1
1743770935.3669214,0.6947473883628845,-0.0026955914217978716,-0.06341041624546051,-0.0021440962884436,-0.002617622716908574,0.7210322566681399,-0.6928932741422318,87.20003914833069,drone1
1743770935.5669055,0.6935172080993652,0.0015717397909611464,-0.04546539485454559,-0.002121517513760968,-0.0025584418738361352,0.7210785615666742,-0.692845367663454,87.4000232219696,drone1
1743770935.7669175,0.6920427083969116,0.0076446630991995335,-0.03042018413543701,-0.002082366651750594,-0.002527183461958775,0.7211223429226539,-0.6928000690209278,87.60003519058228,drone1
1743770935.966932,0.6913803815841675,0.014146956615149975,-0.01938605308532715,-0.002071071707939992,-0.0024828439071904896,0.7211856685625414,-0.6927343831575237,87.80004978179932,drone1
1743770936.1668985,0.6905921697616577,0.018151016905903816,-0.014997094869613647,-0.002037299693414209,-0.0024813844490837044,0.7212350844253315,-0.6926830285397022,88.00001621246338,drone1
1743770936.36691,0.6868337988853455,0.01912323758006096,-0.014020144939422607,-0.002070301848830644,-0.0024589865066070612,0.7212942309417715,-0.6926213532123515,88.20002770423889,drone1
1743770936.5669067,0.6820918917655945,0.016177307814359665,-0.013048112392425537,-0.00213092338149139,-0.002418205602882819,0.7213414077532343,-0.6925722376458572,88.4000244140625,drone1
1743770936.7669017,0.6785562038421631,0.009982467629015446,-0.012783169746398926,-0.0021846961027179052,-0.0024367167024860106,0.7213847149571683,-0.6925268230994976,88.60001945495605,drone1
1743770936.966913,0.6756600141525269,0.0017519452376291156,-0.014275848865509033,-0.002227487830938241,-0.0024646552886010502,0.7214506484333075,-0.6924579393439627,88.80003070831299,drone1
1743770937.166893,0.6737285256385803,-0.005367572419345379,-0.016282498836517334,-0.0022489703039409673,-0.002502184659686402,0.7215114768724209,-0.6923944135065446,89.00001072883606,drone1
1743770937.3668978,0.674474835395813,-0.009163849987089634,-0.017842650413513184,-0.002224167552426572,-0.0025184467474767694,0.7215458660666276,-0.6923585913194884,89.20001554489136,drone1
1743770937.566909,0.6773638725280762,-0.00815397035330534,-0.018826425075531006,-0.002146685356176734,-0.0025015203323344587,0.7216043882828741,-0.6922977931734224,89.40002679824829,drone1
1743770937.76689,0.6826527118682861,-0.004407128784805536,-0.0184614360332489,-0.0020605716890890725,-0.0025157979888578413,0.7216610560377861,-0.692239018076085,89.60000777244568,drone1
1743770937.9669468,0.6866041421890259,-0.0024515397381037474,-0.01883503794670105,-0.0020456430818990646,-0.0025254625205232894,0.7217083619239725,-0.6921896891411701,89.80006456375122,drone1
1743770938.1670024,0.6893117427825928,-0.002826816402375698,-0.021728932857513428,-0.002055165614904979,-0.00256422545865943,0.7217563408426461,-0.6921395185863739,90.00012016296387,drone1
1743770938.3669078,0.6895285844802856,-0.0034911553375422955,-0.027523696422576904,-0.0020983373644654526,-0.002596855803962561,0.7218060517333755,-0.6920873631784307,90.20002555847168,drone1
1743770938.5669296,0.687585711479187,-0.0034628440625965595,-0.0333503782749176,-0.0021283296422081525,-0.002569545448728621,0.7218475835013161,-0.6920441455365497,90.4000473022461,drone1
1743770938.7669528,0.6852853894233704,-0.002332734875380993,-0.03920884430408478,-0.0021269947930699874,-0.0025126369752195244,0.7218938936682064,-0.691996065202022,90.60007047653198,drone1
1743770938.9669275,0.6843042969703674,-0.0002860587846953422,-0.042334869503974915,-0.0020890161197043063,-0.0024868491131494926,0.7219317125622109,-0.6919567290214711,90.80004525184631,drone1
1743770939.1669693,0.6836467981338501,0.003972234670072794,-0.044188469648361206,-0.002048070497535005,-0.0024557753201090425,0.7219737777512027,-0.6919130622522359,91.00008702278137,drone1
1743770939.366943,0.6835686564445496,0.008771388791501522,-0.04514671862125397,-0.0020142994296669524,-0.0024165628636076556,0.7220172653963319,-0.6918679730268632,91.20006060600281,drone1
1743770939.5668993,0.6837741136550903,0.012151379138231277,-0.04726000130176544,-0.0019906062741997183,-0.0024070110459506523,0.7220579265684328,-0.691825541687125,91.40001702308655,drone1
1743770939.7668903,0.6844134330749512,0.014734858646988869,-0.022896379232406616,-0.0019699842822044934,-0.0023875662022634467,0.7221183875397107,-0.6917625519049364,91.60000801086426,drone1
1743770939.9669545,0.6854450106620789,0.015161660499870777,0.009815216064453125,-0.0019632471660926713,-0.002379074147355914,0.7221340529964666,-0.6917463806859984,91.80007219314575,drone1
1743770940.1669285,0.6882041692733765,0.015783457085490227,0.07626715302467346,-0.001946162216649822,-0.0023862815877235305,0.7221805804830446,-0.6916977458569947,92.00004625320435,drone1
1743770940.3669555,0.6899212002754211,0.017288813367486,0.12929767370224,-0.001940977701533633,-0.0023750647225961566,0.722223022359495,-0.6916534495192098,92.2000732421875,drone1
1743770940.566955,0.6908302903175354,0.01883511245250702,0.16566914319992065,-0.0019380579621394278,-0.0023434349121958103,0.7222671909396455,-0.691607426477725,92.40007281303406,drone1
1743770940.7669559,0.690683901309967,0.01835068129003048,0.18871712684631348,-0.001957468129342385,-0.0023415571754288765,0.7223266759479625,-0.6915453283648002,92.60007357597351,drone1
1743770940.9669235,0.6903124451637268,0.014844002202153206,0.20285344123840332,-0.002005751192681083,-0.0023902800230218117,0.7223761010303756,-0.6914934587651735,92.80004119873047,drone1
1743770941.166996,0.6905434131622314,0.014040219597518444,0.2103758454322815,-0.00200215796805037,-0.0024021198712537374,0.7224190881816788,-0.6914484485651419,93.00011372566223,drone1
1743770941.3669655,0.6890636086463928,0.012638408690690994,0.2123163938522339,-0.0019992032846382103,-0.002390937908985286,0.7224712633459571,-0.6913939974710438,93.20008325576782,drone1
1743770941.56692,0.6863033771514893,0.009947694838047028,0.2123621702194214,-0.0020420771559961593,-0.0023768039077724647,0.7225137039053187,-0.6913496181566509,93.40003776550293,drone1
1743770941.7669022,0.6851387023925781,0.007982243783771992,0.21128565073013306,-0.002047900798847104,-0.0023450764167000206,0.7225677111404183,-0.6912931664043377,93.60001993179321,drone1
1743770941.966911,0.684810996055603,0.007234577089548111,0.20926335453987122,-0.0020356994817086007,-0.0023362632493165413,0.7226143848238771,-0.6912443853784532,93.80002880096436,drone1
1743770942.1669097,0.6855731010437012,0.007333763409405947,0.20532649755477905,-0.0020252064701828366,-0.002356926492951336,0.7226754384852121,-0.6911806343188135,94.0000274181366,drone1
1743770942.3669136,0.6879362463951111,0.00976646225899458,0.20038938522338867,-0.0019738076887202615,-0.0023588774722152666,0.7227132903064419,-0.6911411809173403,94.20003128051758,drone1
1743770942.566912,0.6902017593383789,0.011319458484649658,0.19536015391349792,-0.0019522338529568116,-0.0023588233892475486,0.7227608214148501,-0.6910914581728096,94.40002965927124,drone1
1743770942.7669094,0.6928101778030396,0.012201461009681225,0.19073054194450378,-0.0019646052700837747,-0.0023629373167889166,0.7228160482743785,-0.6910337867960674,94.60002708435059,drone1
1743770942.9669254,0.6952716708183289,0.014073201455175877,0.18548843264579773,-0.0019818245214472214,-0.0024078731424501494,0.7228789893242735,-0.6909676425856858,94.8000431060791,drone1
1743770943.1669273,0.6958337426185608,0.017787372693419456,0.1802777349948883,-0.002008357279673845,-0.002417755919881446,0.7229362168420171,-0.6909076333759403,95.00004506111145,drone1
1743770943.366922,0.6965251564979553,0.020040327683091164,0.17317423224449158,-0.001997532639539522,-0.0024098107244492455,0.7229828707691407,-0.6908589564000882,95.20003962516785,drone1
1743770943.5669062,0.6964324712753296,0.02225625514984131,0.1655949354171753,-0.0020142815666471733,-0.0024144470424215707,0.7230264611472131,-0.6908131743858932,95.40002393722534,drone1
1743770943.766908,0.6954526305198669,0.025419065728783607,0.15797385573387146,-0.002019614727606524,-0.0023837684789834897,0.7230714186636841,-0.6907662781143908,95.60002565383911,drone1
1743770943.9669266,0.6960613131523132,0.028167270123958588,0.14998123049736023,-0.001995757923829056,-0.002385148500158999,0.723127591193126,-0.6907075767740383,95.800044298172,drone1
1743770944.1669214,0.6981895565986633,0.02950509823858738,0.14181670546531677,-0.001972648135898315,-0.002405626414963587,0.7231767357355787,-0.690655987714372,96.00003910064697,drone1
1743770944.3669133,0.7014750242233276,0.03017355687916279,0.13251113891601562,-0.0019368560772533275,-0.002427560721527094,0.723211151271566,-0.6906200548918383,96.200031042099,drone1
1743770944.5669196,0.7065063714981079,0.030012816190719604,0.12693938612937927,-0.001925952061926277,-0.00245359413838054,0.7232533363156582,-0.6905758467990175,96.40003728866577,drone1
1743770944.7668827,0.7114601135253906,0.02909163571894169,0.13331884145736694,-0.0019188467371164292,-0.002480545031210701,0.7232989892551297,-0.6905280022234235,96.60000038146973,drone1
1743770944.9668863,0.7117849588394165,0.028501078486442566,0.17258420586585999,-0.00194434922303983,-0.0024627857116121614,0.7233412467391179,-0.6904837216907067,96.80000400543213,drone1
1743770945.166914,0.7078570127487183,0.027864256873726845,0.20797669887542725,-0.002008344232260781,-0.0024131584971941234,0.7233855338572797,-0.6904373272301193,97.00003170967102,drone1
1743770945.3668945,0.7032817602157593,0.02663261629641056,0.23120874166488647,-0.002066253755160559,-0.0023719490044722793,0.7234425229819116,-0.6903775564134857,97.20001220703125,drone1
1743770945.5668943,0.6983513236045837,0.02216566912829876,0.24473756551742554,-0.0021367900663997862,-0.002408035000342502,0.7234954857654216,-0.6903216433505801,97.40001201629639,drone1
1743770945.7669053,0.6939942836761475,0.015043295919895172,0.2504480481147766,-0.0022086046331085242,-0.0024683919627471657,0.7235499500304097,-0.690264060218802,97.60002303123474,drone1
1743770945.9668825,0.6902289986610413,0.009405631572008133,0.2514292001724243,-0.00223624284060986,-0.0024723727819798576,0.7235990576943699,-0.6902125923313251,97.80000019073486,drone1
1743770946.1668804,0.6860300302505493,0.0069503760896623135,0.2509757876396179,-0.002264153953071208,-0.0024531781646261698,0.7236512302244704,-0.690157890990314,97.99999809265137,drone1
1743770946.3668778,0.6836995482444763,0.008102888241410255,0.2491282820701599,-0.002252430250481998,-0.0024202686839145966,0.723706885137929,-0.6900997072659447,98.19999551773071,drone1
1743770946.5669127,0.6836092472076416,0.011537724174559116,0.24531561136245728,-0.0022182427406755895,-0.002401072270998148,0.7237513368922179,-0.6900531481692304,98.40003037452698,drone1
1743770946.7668948,0.6867020130157471,0.014533584006130695,0.23854142427444458,-0.002143309708477605,-0.0024342980331443173,0.7237993948362325,-0.6900028142953963,98.60001254081726,drone1
1743770946.9668827,0.6885442733764648,0.015196518041193485,0.23004412651062012,-0.0021348230762725053,-0.002482555485275509,0.7238462660830436,-0.6899536671187655,98.80000042915344,drone1
1743770947.1669176,0.6876733303070068,0.01612299680709839,0.22128790616989136,-0.002170653484845325,-0.0024993299412726026,0.7238821554416396,-0.689915754711441,99.0000352859497,drone1
1743770947.366951,0.688052237033844,0.01850106380879879,0.21083936095237732,-0.002152451674786211,-0.0024875992570826326,0.723936214043211,-0.689859083005262,99.2000687122345,drone1
1743770947.567097,0.6900607347488403,0.022525746375322342,0.19869819283485413,-0.002098696230063272,-0.0024700428926696465,0.7239881297409533,-0.6898049756713971,99.40021467208862,drone1
1743770947.7668803,0.6910502314567566,0.02626878395676613,0.18628472089767456,-0.0020551619723306693,-0.002453611404594359,0.7240308653282543,-0.6897601327416706,99.59999799728394,drone1
1743770947.9668782,0.6897658705711365,0.029940174892544746,0.17422741651535034,-0.0020521132508207213,-0.002396600537704029,0.724079518596504,-0.6897093721309953,99.79999589920044,drone1
1743770948.1668787,0.6882836222648621,0.033615656197071075,0.161533385515213,-0.002056492335134374,-0.0023787581694691778,0.7241303174027609,-0.6896561288075248,99.99999642372131,drone1
1743770948.3668811,0.6884598135948181,0.03611980006098747,0.14810463786125183,-0.0020222259388987395,-0.002379581041411418,0.7241713565794093,-0.6896130665821478,100.19999885559082,drone1
1743770948.5670047,0.6882439851760864,0.03693373501300812,0.1359291672706604,-0.0020336414992518813,-0.0023994703820619965,0.7242233710588277,-0.6895582704107276,100.40012240409851,drone1
1743770948.7669072,0.688313364982605,0.03786204010248184,0.12762582302093506,-0.002027476246727179,-0.002405272447290546,0.7242527197533706,-0.6895274887233355,100.60002493858337,drone1
1743770948.9668963,0.6877331733703613,0.038680028170347214,0.1163381040096283,-0.002047206518009806,-0.002384510236763911,0.7243069034783983,-0.689470607600003,100.80001401901245,drone1
1743770949.1668952,0.6859164237976074,0.037323229014873505,0.10492125153541565,-0.0021025388063980774,-0.00240725663160334,0.7243456140416666,-0.6894296211069152,101.00001287460327,drone1
1743770949.3668952,0.6835365295410156,0.03375682234764099,0.09377136826515198,-0.0021590106648983814,-0.002450064638220733,0.724385488911625,-0.6893873860134402,101.20001292228699,drone1
1743770949.5669487,0.6813786625862122,0.03014250285923481,0.08495932817459106,-0.0022216083352812146,-0.0024658950089270857,0.7244147164339783,-0.6893564726171465,101.40006637573242,drone1
1743770949.766902,0.6786674857139587,0.025076959282159805,0.07790324091911316,-0.0022342409579134146,-0.002484592641262164,0.7244607197191278,-0.6893080248147831,101.60001969337463,drone1
1743770949.9669132,0.6777068376541138,0.021337781101465225,0.09216898679733276,-0.0022360765889908687,-0.0025240296408612565,0.7244941724630444,-0.6892728019032293,101.80003094673157,drone1
1743770950.1669073,0.6770769953727722,0.02021000348031521,0.10498329997062683,-0.002229747904240849,-0.0025149266521557172,0.7245363930685401,-0.6892283896616109,102.0000250339508,drone1
1743770950.3668664,0.676985502243042,0.019797109067440033,0.11242246627807617,-0.0022269368452699774,-0.00250206599819787,0.7245770344843059,-0.6891856409034197,102.19998407363892,drone1
1743770950.5669012,0.6795254349708557,0.019421979784965515,0.11609387397766113,-0.002208004688771994,-0.002491892463076541,0.7246196488994173,-0.6891409191458826,102.40001893043518,drone1
1743770950.76689,0.6829607486724854,0.01829300820827484,0.11757874488830566,-0.002183934444545634,-0.0025130828921694926,0.7246505451735539,-0.6891085898788967,102.60000777244568,drone1
1743770950.9668906,0.6857883334159851,0.01810871623456478,0.11716783046722412,-0.0021918928417372684,-0.002526721132844898,0.7246881981143424,-0.6890689138893797,102.80000829696655,drone1
1743770951.1669083,0.6880933046340942,0.016255710273981094,0.11434972286224365,-0.0021859008996055027,-0.002525030824018791,0.7247322982058638,-0.6890225378680386,103.00002598762512,drone1
1743770951.366901,0.6888209581375122,0.012460107915103436,0.10798144340515137,-0.0022482489198812627,-0.002526297544669654,0.7247771529893916,-0.6889750699799032,103.20001864433289,drone1
1743770951.5669715,0.6892073750495911,0.008399046957492828,0.09789055585861206,-0.002288076909702454,-0.002528929870545156,0.724808543171909,-0.6889419096297482,103.40008926391602,drone1
1743770848.1668823,-0.34384647011756897,-0.07055457681417465,0.027945488691329956,0.00029237380970371615,-1.777046340635677e-05,-0.9037497517770068,0.42806115837328707,0.0,drone2
1743770848.3669214,-0.34071728587150574,-0.06522868573665619,0.022715985774993896,0.00023971692011767192,-5.0702813104945486e-05,-0.9037576543111024,0.42804440500100394,0.20003914833068848,drone2
1743770848.5668836,-0.336376816034317,-0.05991794168949127,0.015603870153427124,0.00017771455853541834,-7.708009823401665e-05,-0.9037575700174054,0.428044742175792,0.40000128746032715,drone2
1743770848.7668757,-0.33007749915122986,-0.056880731135606766,0.005429387092590332,0.00011957669047237639,-6.879344232954824e-05,-0.9037597195066794,0.4280401481693044,0.5999934673309326,drone2
1743770848.9669895,-0.325571209192276,-0.0559258908033371,-0.002557128667831421,0.00010322274344046393,-5.788630148852393e-05,-0.9037644399537127,0.4280302858067528,0.8001072406768799,drone2
1743770849.1669278,-0.32391196489334106,-0.054666731506586075,-0.009056150913238525,0.0001326405157006939,-7.166262814300752e-05,-0.9037637656041365,0.42803163450590515,1.0000455379486084,drone2
1743770849.3669107,-0.3252878189086914,-0.055022481828927994,-0.014636322855949402,0.00017732760704330982,-7.709079443739241e-05,-0.9037674534533813,0.4280237319718093,1.200028419494629,drone2
1743770849.5669098,-0.3262459337711334,-0.05574991926550865,-0.020075172185897827,0.00023537500755456766,-6.471567814245061e-05,-0.9037693711349886,0.4280198755351706,1.4000275135040283,drone2
1743770849.7669191,-0.32594382762908936,-0.056341078132390976,-0.024912938475608826,0.0002467947815635853,-2.8230650604301108e-05,-0.9037690761070489,0.42802033915050425,1.600036859512329,drone2
1743770849.966908,-0.3251625597476959,-0.056511666625738144,-0.02997395396232605,0.00023451833890238255,-2.07527336595462e-05,-0.9037740072883247,0.42801018176001315,1.8000257015228271,drone2
1743770850.1669025,-0.32475805282592773,-0.054785750806331635,-0.03483836352825165,0.00021129189598590746,-5.302716652538636e-05,-0.9037747870050221,0.4280083905189514,2.0000202655792236,drone2
1743770850.366903,-0.32624658942222595,-0.052253276109695435,-0.04066373407840729,0.00021594049992920984,-0.00011328569710562276,-0.9037715416976868,0.42801534474895575,2.2000207901000977,drone2
1743770850.5669136,-0.3297715187072754,-0.051338937133550644,-0.045968130230903625,0.0002891284817888615,-0.00011380971331833412,-0.9037702562188072,0.42801789463329054,2.400031328201294,drone2
1743770850.7669284,-0.33383795619010925,-0.05274197831749916,-0.04911603033542633,0.00036865774306224774,-9.464062485408822e-05,-0.903769160400746,0.4280202548568073,2.600046157836914,drone2
1743770850.9669375,-0.33840060234069824,-0.05577445775270462,-0.05143982172012329,0.0004283047944873063,-5.1276868410505596e-05,-0.9037739862149005,0.42801003424604334,2.8000552654266357,drone2
1743770851.1669052,-0.3424742519855499,-0.06066948547959328,-0.05449393391609192,0.00046772378701000894,-1.9096967550573025e-06,-0.9037724900017783,0.42801313203940894,3.0000228881835938,drone2
1743770851.3669007,-0.34649765491485596,-0.06615930795669556,-0.059254616498947144,0.000502670891892223,3.185256308020075e-05,-0.9037693500615642,0.4280195594338068,3.2000184059143066,drone2
1743770851.5668826,-0.3487398028373718,-0.07071198523044586,-0.06487680971622467,0.0004923897773516603,4.6868859587349684e-05,-0.9037714574039898,0.42801526045525873,3.4000003337860107,drone2
1743770851.7668817,-0.350044310092926,-0.07496140152215958,-0.07196320593357086,0.0004819635978036986,5.797585067947037e-05,-0.9037763253649927,0.4280048291102522,3.59999942779541,drone2
1743770851.9669065,-0.3480917811393738,-0.07796628028154373,-0.07980521023273468,0.0004369670522808785,0.00010281973735353383,-0.9037764096586899,0.4280048291102523,3.8000242710113525,drone2
1743770852.1669035,-0.3450103998184204,-0.08040278404951096,-0.08924372494220734,0.0003921066505453258,0.00013803735997191784,-0.903774196949143,0.42800931774961865,4.00002121925354,drone2
1743770852.366886,-0.33968254923820496,-0.08240047097206116,-0.09449896216392517,0.0003360567235692379,0.00016044241267129558,-0.9037737333338094,0.42801045571452845,4.200003623962402,drone2
1743770852.5668962,-0.3349398374557495,-0.08357369154691696,-0.09811784327030182,0.0002949314319365941,0.00016920267011946193,-0.9037784748542669,0.42800040369115866,4.4000139236450195,drone2
1743770852.7668955,-0.33003175258636475,-0.08445034176111221,-0.10017552971839905,0.0002473489879260845,0.0001606572422375091,-0.9037796760394494,0.4279981066879147,4.600013256072998,drone2
1743770852.9668953,-0.3274702727794647,-0.08413679897785187,-0.10081237554550171,0.0002276137672698901,0.00010734442174199818,-0.9037843964864826,0.42798816003166623,4.800013065338135,drone2
1743770853.1668754,-0.3272877037525177,-0.08465816080570221,-0.10235674679279327,0.0002374143604045421,8.080333910120322e-05,-0.9037775054767512,0.4280025531804327,4.999993085861206,drone2
1743770853.3669293,-0.3289113938808441,-0.08684547990560532,-0.10527603328227997,0.0002717066971199366,6.0078809668133845e-05,-0.9037851762031801,0.4279864530843015,5.200047016143799,drone2
1743770853.5668528,-0.33126458525657654,-0.08804281800985336,-0.10802383720874786,0.00027569304195264094,5.594904618930043e-05,-0.9037873678393027,0.4279818169309654,5.399970531463623,drone2
1743770853.7669675,-0.334280401468277,-0.0884007066488266,-0.1106620728969574,0.0002872018480922104,7.340085637214808e-06,-0.9037883582902426,0.427979730661964,5.600085258483887,drone2
1743770853.9669406,-0.33580443263053894,-0.0908455029129982,-0.11288507282733917,0.00027285978797389845,9.172598918014026e-06,-0.903787641793818,0.427981374389056,5.800058364868164,drone2
1743770854.1668735,-0.3366108536720276,-0.09443826228380203,-0.11681443452835083,0.0002438906620219291,2.342461336461732e-05,-0.9037779269452362,0.4280017945371595,5.999991178512573,drone2
1743770854.3668761,-0.335711807012558,-0.09725513309240341,-0.08689500391483307,0.0002246353453861692,3.316058681942353e-05,-0.9037783484137213,0.42800095160018925,6.199993848800659,drone2
1743770854.566882,-0.33544987440109253,-0.09645390510559082,-0.03698605298995972,0.0002364198141408771,2.9210225270225698e-05,-0.903785091909483,0.42798645308430155,6.399999618530273,drone2
1743770854.7668936,-0.33664757013320923,-0.09415648132562637,0.006955981254577637,0.00022473973498044242,-6.7634990511439115e-06,-0.9037958815027018,0.4279639466671966,6.600011348724365,drone2
1743770854.9668875,-0.3375556468963623,-0.09307914227247238,0.03840455412864685,0.0002093765913127453,-1.54171237378067e-05,-0.9038077669139819,0.42793857426439313,6.800005197525024,drone2
1743770855.1668935,-0.3383423089981079,-0.09351133555173874,0.06064072251319885,0.00021428329325438723,1.5658243635608038e-05,-0.9038063128477083,0.42794188279200124,7.000011205673218,drone2
1743770855.3669305,-0.33821380138397217,-0.09510225057601929,0.07499730587005615,0.00022055002337186664,3.924469431303301e-05,-0.9038014027398569,0.4279520191090681,7.200048208236694,drone2
1743770855.5668945,-0.3379608690738678,-0.09855026751756668,0.08228868246078491,0.0002330149332394477,7.186701360497296e-05,-0.9038097899627104,0.4279344438732391,7.400012254714966,drone2
1743770855.7668765,-0.3379655182361603,-0.1014174073934555,0.0858575701713562,0.0002262112629732877,0.00011676207124525826,-0.9038165123850479,0.42792005072447253,7.59999418258667,drone2
1743770855.9668772,-0.3393762409687042,-0.1030433177947998,0.0869033932685852,0.00024550203811489935,0.00010391727380439264,-0.9038156694480777,0.4279220737732011,7.799994945526123,drone2
1743770856.1669037,-0.34232863783836365,-0.1057577058672905,0.08748862147331238,-0.00030079250892685615,0.0013211064667364156,-0.9014790481666337,0.43282080197562234,8.00002145767212,drone2
1743770856.3668752,-0.34740856289863586,-0.11650580167770386,0.1032872200012207,-0.007086133835068397,0.01895514208853573,-0.876361675943415,0.48122843839226415,8.199992895126343,drone2
1743770856.5669253,-0.3370688259601593,-0.1355866640806198,0.16625356674194336,-0.009298307491296974,0.011904274464322661,-0.8066479435941218,0.5908393047726369,8.40004301071167,drone2
1743770856.7669792,-0.3111695647239685,-0.15775738656520844,0.2678183317184448,-0.005071593666224777,0.0011797243694982083,-0.6678934165522845,0.7442387658539485,8.600096940994263,drone2
1743770856.9669425,-0.2815229296684265,-0.17320123314857483,0.4163806438446045,-0.0004642682804995273,-0.007001887882523491,-0.4454976678504564,0.8952557077357879,8.800060272216797,drone2
1743770857.166946,-0.26099786162376404,-0.18408355116844177,0.611751914024353,0.009696920695347958,-0.013224740331888944,-0.20224624658601276,0.9791973521319643,9.00006365776062,drone2
1743770857.3669477,-0.2568546235561371,-0.20077432692050934,0.8086806535720825,0.012075683186515456,-0.011213213868508992,-0.02811633122901147,0.9994688483007947,9.20006537437439,drone2
1743770857.566943,-0.26431500911712646,-0.22830036282539368,0.9917393922805786,0.007366788629167575,-0.005892387324315989,0.04524143871595787,0.9989315602759777,9.400060653686523,drone2
1743770857.7669451,-0.27580222487449646,-0.26158061623573303,1.1375985145568848,-0.0008847189850714155,-0.0026583347615727624,0.032011332234145595,0.999483641844622,9.600062847137451,drone2
1743770857.9670517,-0.28756842017173767,-0.2926250100135803,1.2329142093658447,-0.009263877631966821,-0.0012207041125048919,-0.03230863610354168,0.9994342457381672,9.800169467926025,drone2
1743770858.166987,-0.29899296164512634,-0.31580716371536255,1.2929697036743164,-0.011490199293768755,-0.0030719715061205085,-0.10789900890783011,0.9940906996965619,10.000104665756226,drone2
1743770858.3670223,-0.3139449954032898,-0.3249426484107971,1.3413337469100952,-0.006818945617612994,-0.004452312322670605,-0.16441675264918065,0.9863574273443891,10.200139999389648,drone2
1743770858.5669472,-0.33326125144958496,-0.32643482089042664,1.3899481296539307,0.0037657807432333453,-0.005997217978773393,-0.18896859845908026,0.9819575913877914,10.400064945220947,drone2
1743770858.7669685,-0.3584524691104889,-0.3312084376811981,1.4393080472946167,0.016128905807024446,-0.006570509619658448,-0.18421076717123103,0.9827325454913612,10.600086212158203,drone2
1743770858.9669743,-0.3920274078845978,-0.34899577498435974,1.4872732162475586,0.016296383224299816,-0.005316274396440663,-0.1620127385569678,0.9866398533762606,10.800091981887817,drone2
1743770859.1669703,-0.42001792788505554,-0.3703630268573761,1.5144401788711548,0.014277976246741415,-0.00513775318776642,-0.14456023435078869,0.9893796514105597,11.000087976455688,drone2
1743770859.3669882,-0.4611399471759796,-0.41056519746780396,1.4634640216827393,0.019563963851987647,-0.008240915337418461,-0.13184811263717539,0.9910426396122541,11.200105905532837,drone2
1743770859.5669596,-0.5057107210159302,-0.46465447545051575,1.370737075805664,0.01598638261679006,-0.01093469559858882,-0.15767991608950238,0.9873004209329719,11.40007734298706,drone2
1743770859.7670004,-0.5653883814811707,-0.5329928994178772,1.2954686880111694,0.009973545608648642,-0.0181178294176883,-0.23684429950066616,0.9713274818437677,11.600118160247803,drone2
1743770859.9669611,-0.6383417844772339,-0.5970363616943359,1.2518173456192017,0.0019307510815510655,-0.01244230944324774,-0.3370850363732484,0.9413900485108733,11.800078868865967,drone2
1743770860.1669593,-0.7201133370399475,-0.6544690728187561,1.2279951572418213,-7.486136403398114e-05,-0.010482436206464616,-0.4385673351092646,0.8986372758323624,12.00007700920105,drone2
1743770860.366952,-0.8069043159484863,-0.7029170989990234,1.205801010131836,0.0020851228045730905,-0.008186220911124684,-0.5273678157157468,0.8495951818316618,12.200069665908813,drone2
1743770860.566924,-0.8972368240356445,-0.7485502362251282,1.178715467453003,0.005217506467359792,-0.006573535384718401,-0.5979381827610238,0.8014982730556666,12.400041818618774,drone2
1743770860.7669458,-0.991451621055603,-0.794156551361084,1.1489862203598022,0.006685578994853673,-0.007041776005690047,-0.6524646512292727,0.7577570145339615,12.600063562393188,drone2
1743770860.9669614,-1.090396523475647,-0.8402228951454163,1.1203533411026,0.0057765090095106475,-0.004907655843361746,-0.6937413688330363,0.7201843305647294,12.800079107284546,drone2
1743770861.1669586,-1.191933035850525,-0.8861212730407715,1.0951730012893677,0.006943928948206071,-0.006362115617910623,-0.7265857401134449,0.6870112981596328,13.000076293945312,drone2
1743770861.3669584,-1.298497200012207,-0.9292529821395874,1.0726310014724731,0.006812908904744399,-0.007658398558111335,-0.7570696626550217,0.6532538298942149,13.20007610321045,drone2
1743770861.5669312,-1.410164713859558,-0.9697516560554504,1.0534111261367798,0.00403128926060321,-0.006271519053141471,-0.7872426705293116,0.6165982152504642,13.400048971176147,drone2
1743770861.7669375,-1.5212136507034302,-1.0073972940444946,1.040129542350769,0.0011102989611054181,-0.005068932817140253,-0.8167701098566043,0.576940022240305,13.60005521774292,drone2
1743770861.9669244,-1.6294344663619995,-1.0405744314193726,1.0289497375488281,-0.001299919608189422,-0.003856823698281352,-0.8432747877454077,0.5374673491205788,13.800042152404785,drone2
1743770862.1668816,-1.7350717782974243,-1.066991925239563,1.0171948671340942,0.0015680883984173276,-0.0029746543505907146,-0.8659328176010308,0.5001492123600172,13.999999284744263,drone2
1743770862.366936,-1.8405729532241821,-1.0877515077590942,1.003720760345459,0.0024777288067813685,-0.0026675890817481956,-0.8854127327345537,0.4647915678680763,14.200053691864014,drone2
1743770862.566929,-1.9483813047409058,-1.1051907539367676,0.9895657300949097,0.002133210103980861,-0.0021052755334437993,-0.9019100839863546,0.4319135910614253,14.400046825408936,drone2
1743770862.7669342,-2.056119918823242,-1.1222327947616577,0.9771381616592407,0.0006219764781122005,-0.0018392457047813969,-0.9162558175482503,0.40058891528321905,14.600051879882812,drone2
1743770862.9669185,-2.161740779876709,-1.1403136253356934,0.9684728384017944,-0.002903299159835315,-0.000830484881388655,-0.9282788593621347,0.37187285547332183,14.800036191940308,drone2
1743770863.166926,-2.2612931728363037,-1.1587753295898438,0.9632599353790283,-0.001022842686402056,-0.0031497180359619063,-0.9383685830879759,0.3456203211057349,15.000043630599976,drone2
1743770863.366929,-2.355759620666504,-1.1750166416168213,0.9598110914230347,-0.0014630066738661796,-0.004381377612583474,-0.9474501752708608,0.31987024039267065,15.20004677772522,drone2
1743770863.5669813,-2.44850754737854,-1.1864776611328125,0.9541517496109009,-0.0015020389361265674,-0.004535973899282702,-0.9556505611450798,0.2944642465508492,15.400099039077759,drone2
1743770863.766968,-2.5411453247070312,-1.1910394430160522,0.9458924531936646,-0.002204503588344049,-0.004267717275681082,-0.963095780861105,0.2691160571117605,15.600085735321045,drone2
1743770863.9669347,-2.631732702255249,-1.1869953870773315,0.9382332563400269,-0.004775917801170678,-0.0024669614805986856,-0.9694587327276432,0.24519582397364514,15.800052404403687,drone2
1743770864.1669598,-2.704254388809204,-1.1799722909927368,0.933516263961792,-0.0038515502384975264,9.809678990956442e-06,-0.9728237792596015,0.23151491480016045,16.000077486038208,drone2
1743770864.3669271,-2.7852659225463867,-1.1702724695205688,0.9314004182815552,-0.0034008512675850117,0.0010598470431682583,-0.9719845512120526,0.23501824514208292,16.200044870376587,drone2
1743770864.5669174,-2.8602190017700195,-1.1610641479492188,0.9274506568908691,-0.005185513963571644,-8.02131906141567e-05,-0.9652021749825582,0.26145335965741906,16.40003514289856,drone2
1743770864.7669206,-2.9288222789764404,-1.149575114250183,0.9243472814559937,-0.005085096462816411,-0.0018360199479861307,-0.9514929852737227,0.30762329344607203,16.600038290023804,drone2
1743770864.966905,-2.9911839962005615,-1.1357989311218262,0.9214258193969727,-0.006324616673639458,-0.0024657322249564827,-0.9310358533106262,0.36486467750293045,16.800022840499878,drone2
1743770865.1669066,-3.0477139949798584,-1.1194050312042236,0.919218897819519,-0.004567041065719052,-0.003424486759248781,-0.9041396944194294,0.4271990024401482,17.00002431869507,drone2
1743770865.3669605,-3.100689649581909,-1.099722981452942,0.9195064306259155,-0.004345884430247548,-0.0036955702880485,-0.8698283243683472,0.49332154934179795,17.20007824897766,drone2
1743770865.5668943,-3.1514413356781006,-1.0762909650802612,0.921592116355896,-0.006058699035494087,-0.002762139815276982,-0.8266442103054636,0.5626855998257083,17.400012016296387,drone2
1743770865.766899,-3.1999075412750244,-1.047265887260437,0.922918438911438,-0.006107042293916725,-0.002189005072620963,-0.7715529213836082,0.6361320098614522,17.600016832351685,drone2
1743770865.966922,-3.2454397678375244,-1.0136662721633911,0.9232571125030518,-0.00747145810485673,-0.0005680269068159862,-0.7058010649872808,0.7083705191246973,17.800039768218994,drone2
1743770866.166889,-3.2860257625579834,-0.9765132069587708,0.9236000776290894,-0.008560337411931624,-0.0014935259312719232,-0.6297639108110398,0.77673795839632,18.000006675720215,drone2
1743770866.3668888,-3.324587821960449,-0.9324284791946411,0.9235838651657104,-0.009958415548577803,0.00026510071368321896,-0.5351378928033818,0.8447060104271404,18.20000648498535,drone2
1743770866.5669005,-3.357154369354248,-0.8849628567695618,0.9231700897216797,-0.009877564063699251,0.0018064827450779755,-0.43493600478841443,0.9004053782742429,18.400018215179443,drone2
1743770866.7668998,-3.3844358921051025,-0.8322499394416809,0.9211826324462891,-0.008034739539948231,0.003666480792508167,-0.3286857384474821,0.944398005868823,18.600017547607422,drone2
1743770866.9668918,-3.4050192832946777,-0.7761256098747253,0.9173876047134399,-0.005877029294657967,0.005660339895856267,-0.2261112252057304,0.9740673220249154,18.80000948905945,drone2
1743770867.1668904,-3.4185121059417725,-0.7189503908157349,0.9124270677566528,-0.006059575136354204,0.006265753094673481,-0.13132068697491012,0.9913016741432021,19.00000810623169,drone2
1743770867.3668795,-3.4260780811309814,-0.6596278548240662,0.9086766242980957,-0.006088907459892091,0.00764173762901351,-0.044138582130973436,0.9989777110750973,19.199997186660767,drone2
1743770867.5668812,-3.426623821258545,-0.598576545715332,0.906807541847229,-0.0045392425849481765,0.008485479669892396,0.03468546547846485,0.9993519750898741,19.399998903274536,drone2
1743770867.7668765,-3.419544219970703,-0.5369950532913208,0.9060983657836914,-0.002669619086353177,0.007938947491180834,0.10491530706119823,0.9944458711889634,19.59999418258667,drone2
1743770867.9668708,-3.408384084701538,-0.4761884808540344,0.9040625095367432,-0.00038873487179522115,0.006636998578090041,0.16359568989333984,0.9865050677547229,19.799988508224487,drone2
1743770868.1668642,-3.3928914070129395,-0.4158787429332733,0.9025707244873047,-0.00040850009738556273,0.006632977176052042,0.2114364933443586,0.9773692325778044,19.99998188018799,drone2
1743770868.3669162,-3.3705813884735107,-0.356865793466568,0.9009336233139038,0.0002939074260958514,0.005449082738093154,0.2512986876380226,0.9678942417109189,20.20003390312195,drone2
1743770868.5669463,-3.348843812942505,-0.30786648392677307,0.9011015892028809,0.0015050102889465496,0.004419465522019379,0.2817768228904633,0.9594686862985303,20.40006399154663,drone2
1743770868.7668817,-3.320356845855713,-0.25331926345825195,0.9032835960388184,0.003502666035150029,0.00271909849868806,0.31034237630432815,0.9506145395836345,20.59999942779541,drone2
1743770868.96687,-3.2895002365112305,-0.20286394655704498,0.90340256690979,0.0033919728116873875,0.0023489673034482613,0.33275748226184665,0.9430034298718704,20.79998779296875,drone2
1743770869.1668785,-3.2640323638916016,-0.1630585789680481,0.9031689167022705,0.0039020932002129137,0.00149213870726577,0.3468365316397895,0.9379162420363327,20.999996185302734,drone2
1743770869.3668654,-3.231187105178833,-0.11476010084152222,0.9044934511184692,0.0046945687859163,0.0027513391091195587,0.359689318460308,0.9330562678611173,21.1999831199646,drone2
1743770869.566863,-3.1947178840637207,-0.07029174268245697,0.9051927328109741,0.006462060510083726,0.003331419603019343,0.3681136516140897,0.929752439626621,21.399980783462524,drone2
1743770869.7668848,-3.1521875858306885,-0.033595968037843704,0.9107273817062378,0.009394420909784098,-0.0007853080695966474,0.37120908475612374,0.9285015211628177,21.60000252723694,drone2
1743770869.9672482,-3.102348804473877,-0.004938303958624601,0.9155021905899048,0.005616305134007805,0.0007161916832140493,0.3681648178881819,0.9297434202010397,21.800365924835205,drone2
1743770870.1669545,-3.0565969944000244,0.01150520145893097,0.9277763366699219,0.006368048836393763,-0.0010734224442919755,0.3593672954642604,0.9331738786418868,22.000072240829468,drone2
1743770870.3669465,-3.0111358165740967,0.02617722935974598,0.9350049495697021,0.005916874725618739,0.0011600342179817035,0.34460885996174623,0.9387270209611368,22.200064182281494,drone2
1743770870.5669563,-2.96317458152771,0.039317935705184937,0.9360924959182739,0.007383735037309545,0.004179370072576498,0.3240797411813931,0.9459917678718383,22.400074005126953,drone2
1743770870.766979,-2.9096415042877197,0.04697205498814583,0.9336991310119629,0.009650913788203496,0.00407259531241345,0.2979760905561709,0.9545158836894696,22.600096702575684,drone2
1743770870.96697,-2.853097915649414,0.04863413795828819,0.9285697937011719,0.008159090688393099,0.005319416147651991,0.26849455968361885,0.9632319994754923,22.800087690353394,drone2
1743770871.1671116,-2.7940235137939453,0.0423462875187397,0.9248644113540649,0.013355340903078428,0.004718939954113537,0.23689344272602963,0.9714324274965598,23.000229358673096,drone2
1743770871.366979,-2.7345268726348877,0.025694649666547775,0.9237834215164185,0.013364281303318805,0.006863828636236368,0.20160569878234402,0.9793515253038172,23.200096607208252,drone2
1743770871.5669317,-2.6696135997772217,0.0007756883278489113,0.9236832857131958,0.012859196763486793,0.010445278820418354,0.16416610534108628,0.9862936591625922,23.400049448013306,drone2
1743770871.7669375,-2.594844102859497,-0.03433963283896446,0.9231139421463013,0.014782418047133624,0.008751228391371484,0.12592057986260313,0.9918916457286575,23.60005521774292,drone2
1743770871.9669588,-2.5108392238616943,-0.07950019091367722,0.9210410118103027,0.011817348317948196,0.012701501777923316,0.08948033034638714,0.9958375179799446,23.800076484680176,drone2
1743770872.1669571,-2.419295072555542,-0.13019007444381714,0.9187358617782593,0.01051034754530055,0.011436923125390897,0.05535693523966345,0.9983458033753734,24.000074863433838,drone2
1743770872.3669415,-2.321390151977539,-0.18645621836185455,0.9185353517532349,0.00817069144380961,0.014208763548224675,0.02311202517107036,0.9995985341536626,24.200059175491333,drone2
1743770872.566935,-2.2134199142456055,-0.24623416364192963,0.9200500249862671,0.0033625960878440274,0.016406596574611285,-0.005859086292590575,0.9998426065533893,24.400052785873413,drone2
1743770872.7669568,-2.094996213912964,-0.3076002895832062,0.9206053018569946,0.0010611970594095184,0.012312639395447815,-0.03098168472502466,0.9994436023385366,24.600074529647827,drone2
1743770872.9669569,-1.9690783023834229,-0.3670777380466461,0.9205418825149536,-0.0032680840849642415,0.010265650927698461,-0.050695072325873614,0.9986560884741107,24.800074577331543,drone2
1743770873.1669586,-1.8382753133773804,-0.4242323935031891,0.9193311929702759,-0.004080740355524441,0.009588070038259613,-0.06545628952038957,0.99780105535837,25.000076293945312,drone2
1743770873.3669496,-1.704985499382019,-0.47630009055137634,0.9172029495239258,-0.0065913891025563,0.009839597984997202,-0.07624680996984573,0.9970187255563109,25.200067281723022,drone2
1743770873.5669346,-1.5699564218521118,-0.5189162492752075,0.9151774644851685,-0.009295699768232767,0.009566146319857024,-0.08330080156456848,0.9964352024386776,25.400052309036255,drone2
1743770873.7669365,-1.4321231842041016,-0.5536680221557617,0.9138398170471191,-0.009426196011566652,0.006347165896137274,-0.08691641111092402,0.996150795504926,25.600054264068604,drone2
1743770873.9669437,-1.2925306558609009,-0.5811417698860168,0.9144166707992554,-0.011498330672081072,0.004652200748768811,-0.08725906498931757,0.9961084800690212,25.800061464309692,drone2
1743770874.1669657,-1.149420142173767,-0.6002389192581177,0.9083752632141113,-0.010645297885283565,0.002667249149304953,-0.08474808219558405,0.9963420157566198,26.000083446502686,drone2
1743770874.3669338,-1.026399850845337,-0.6083865761756897,0.9189388751983643,-0.009758459703985523,0.0030579306786657,-0.07940230237100787,0.9967902474905332,26.2000515460968,drone2
1743770874.5669227,-0.8990971446037292,-0.6103109121322632,0.971052885055542,-0.012127078345983354,0.002757712091277521,-0.07158283971363016,0.9973570804561562,26.4000403881073,drone2
1743770874.7669606,-0.7624539136886597,-0.6044843196868896,0.9769680500030518,-0.012038938749034946,-0.0011041028804659777,-0.06121463068625316,0.9980514919322219,26.600078344345093,drone2
1743770874.9669406,-0.6244987845420837,-0.5907077789306641,0.9338893890380859,-0.012889100940322163,-0.004348508339101136,-0.04868091658238649,0.9987217954109391,26.800058364868164,drone2
1743770875.166933,-0.49119532108306885,-0.5693175196647644,0.8657510280609131,-0.015251464068038664,-0.0021876558795602993,-0.03383043236272448,0.9993088588638472,27.00005078315735,drone2
1743770875.366934,-0.36179184913635254,-0.5364544987678528,0.796190619468689,-0.018150106988930326,-0.00440776878374098,-0.015530776501476495,0.9997049549461527,27.20005178451538,drone2
1743770875.5669398,-0.23828671872615814,-0.4889487028121948,0.7405738830566406,-0.020361420421395337,-0.006831865849269307,0.006397933750802165,0.9997489141091496,27.400057554244995,drone2
1743770875.7669306,-0.12306565046310425,-0.42494040727615356,0.6965800523757935,-0.017768842646033733,-0.008700086812698437,0.032605644944997736,0.999272443986734,27.600048303604126,drone2
1743770875.966954,-0.018961496651172638,-0.3478325605392456,0.6569764018058777,-0.016136994050671604,-0.011278398209111364,0.06149427502612276,0.9979132924159546,27.800071716308594,drone2
1743770876.1669698,0.06992630660533905,-0.26147982478141785,0.61905437707901,-0.015079872229313552,-0.010763972050797488,0.09309193594213416,0.9954852124732421,28.00008749961853,drone2
1743770876.3669147,0.14477095007896423,-0.16822348535060883,0.5788025856018066,-0.013277068854719715,-0.010800116513072314,0.12808671714182057,0.9916153731366687,28.200032472610474,drone2
1743770876.5669174,0.20733578503131866,-0.06943389773368835,0.537864625453949,-0.012933537054178944,-0.014613118931113181,0.16596611294728947,0.9859384455233424,28.40003514289856,drone2
1743770876.7669418,0.2583864629268646,0.035573333501815796,0.49811482429504395,-0.010289348651818351,-0.016550960396745612,0.20675768739746725,0.9781980082069226,28.600059509277344,drone2
1743770876.966938,0.2954014837741852,0.1456146389245987,0.4627700448036194,-0.006615625186811353,-0.016953790755189626,0.24807862626494176,0.9685689706087297,28.800055742263794,drone2
1743770877.1669266,0.31914040446281433,0.2560483515262604,0.43164658546447754,-0.008710553389836076,-0.014996248107420264,0.2893804936834652,0.9570570857735854,29.000044345855713,drone2
1743770877.366934,0.32943376898765564,0.3664129972457886,0.40424972772598267,-0.008616272206806223,-0.014128538009901092,0.3326597437201499,0.9429017295264136,29.20005178451538,drone2
1743770877.5669243,0.3268141746520996,0.47514161467552185,0.38075244426727295,-0.008309179402571467,-0.014449386491818591,0.3773871805450932,0.9259055703224862,29.400042057037354,drone2
1743770877.7669177,0.31226861476898193,0.5832576751708984,0.3588775396347046,-0.007626901279793307,-0.013765782718945862,0.4224151876201919,0.9062658975596828,29.600035429000854,drone2
1743770877.9669018,0.28455650806427,0.6883698105812073,0.33788883686065674,-0.006512843840544721,-0.014087023693390117,0.465159636296122,0.885090857252476,29.80001950263977,drone2
1743770878.1669893,0.24119308590888977,0.7901958227157593,0.3186209201812744,-0.007747994443921174,-0.012929834223046695,0.5057669236511858,0.8625384368625089,30.000107049942017,drone2
1743770878.3669312,0.1859755665063858,0.8895137906074524,0.30168408155441284,-0.006531556053466799,-0.012972240538093736,0.545758245351975,0.8378168340835197,30.20004892349243,drone2
1743770878.5669258,0.12169087678194046,0.9827249646186829,0.28706300258636475,-0.0028872237591233236,-0.012467156327533977,0.5854973287011387,0.8105732797934717,30.400043487548828,drone2
1743770878.7669094,0.04890873655676842,1.0668529272079468,0.2730613350868225,-8.441552775585129e-05,-0.010763286341328573,0.6247427354769821,0.7807564602043033,30.600027084350586,drone2
1743770878.9669015,-0.029863709583878517,1.1404911279678345,0.26160508394241333,0.0028126144529996284,-0.00753239207572757,0.6610647420097009,0.7502857849440491,30.80001926422119,drone2
1743770879.1668804,-0.09357421845197678,1.193257212638855,0.2547624707221985,0.0021808366511799943,-0.0054866148359645215,0.687156426881213,0.7264856242260742,30.999998092651367,drone2
1743770879.3668864,-0.17279985547065735,1.25626802444458,0.24327844381332397,0.00019536299055743147,-0.0037328062672658973,0.7182601622940801,0.6957646664913831,31.20000410079956,drone2
1743770879.56689,-0.2507818639278412,1.3173110485076904,0.24636530876159668,0.003240829356161566,-0.0020989527743082476,0.7483774494004607,0.663261867759286,31.400007724761963,drone2
1743770879.7668965,-0.3231152594089508,1.3749878406524658,0.26150935888290405,0.008516698960110055,-0.0006217506385050497,0.7764208613131922,0.6301570408088812,31.600014209747314,drone2
1743770879.9668908,-0.38696083426475525,1.426633596420288,0.2853269577026367,0.010430129004012198,-0.0010999751234899717,0.8000779874811221,0.5998043819928135,31.800008535385132,drone2
1743770880.1668851,-0.44290557503700256,1.4697730541229248,0.31342726945877075,0.010454156000385947,-0.004081829752776801,0.8191404907637053,0.5734831798722901,32.00000286102295,drone2
1743770880.3668826,-0.48943519592285156,1.5033409595489502,0.33953744173049927,0.010276376477463822,-0.005853566207888491,0.835673298051816,0.5490995948183581,32.200000286102295,drone2
1743770880.566872,-0.5277777314186096,1.525917649269104,0.3615255355834961,0.009270129853525466,-0.007499929947387194,0.8512814772405827,0.5245737325405655,32.39998960494995,drone2
1743770880.766878,-0.5610083341598511,1.538087010383606,0.38046133518218994,0.00879924334477735,-0.009407358860403734,0.8675272539536221,0.4972228513007847,32.599995613098145,drone2
1743770880.966875,-0.5889122486114502,1.5383211374282837,0.40079450607299805,0.008604096706670221,-0.006863078883314187,0.8776001821603318,0.4792669451359915,32.79999279975891,drone2
1743770881.1669977,-0.6114603281021118,1.5306733846664429,0.425808846950531,0.005668426791544981,-0.006254923237632019,0.8708280686884499,0.491515282928591,33.000115394592285,drone2
1743770881.3669324,-0.629996657371521,1.5196012258529663,0.4509471654891968,0.0029072935615484324,-0.00880416582091808,0.8441771939188742,0.5359841593746321,33.20005011558533,drone2
1743770881.5669003,-0.6551012396812439,1.4998186826705933,0.4796285629272461,0.0005630957255401246,-0.01446949844109239,0.7883464806867437,0.6150611354903402,33.400017976760864,drone2
1743770881.7668972,-0.6878893971443176,1.4699161052703857,0.5032450556755066,-0.0010914933994994117,-0.017345395234678325,0.7047594646483855,0.7092335854133006,33.60001492500305,drone2
1743770881.9669132,-0.7319144606590271,1.4274840354919434,0.5240224599838257,-0.0009691160735809808,-0.018296636434679044,0.6039077886271219,0.7968435645694114,33.80003094673157,drone2
1743770882.1668959,-0.7893286943435669,1.3746728897094727,0.5440980195999146,0.007529208506939683,-0.01883265478568453,0.49772269185069956,0.8670990630461758,34.00001358985901,drone2
1743770882.366918,-0.8585206270217896,1.3102177381515503,0.5648232698440552,0.016653372916928595,-0.017371569785851634,0.39058232621606565,0.9202534461295085,34.20003581047058,drone2
1743770882.566948,-0.9349902272224426,1.2294331789016724,0.5859665274620056,0.024236042766729946,-0.01579325061038959,0.2850452899190589,0.9580775241963069,34.400065660476685,drone2
1743770882.766927,-1.016995906829834,1.1245975494384766,0.6076647043228149,0.03172412385205718,-0.005254435750052089,0.1817158001799315,0.9828252264112367,34.60004472732544,drone2
1743770882.9669137,-1.0974721908569336,0.994941771030426,0.6258705258369446,0.024881658070387447,-0.0009092840123081924,0.08511012362429254,0.9960603905148702,34.800031423568726,drone2
1743770883.1668968,-1.173429012298584,0.8493648171424866,0.6398057341575623,0.01666398046374998,0.005666270716825867,-0.004298304198535052,0.9998358630576276,35.000014543533325,drone2
1743770883.3669255,-1.2402218580245972,0.6964940428733826,0.6505173444747925,0.008916493839962616,0.0073570734513135685,-0.08883931892738511,0.9959789206566986,35.20004320144653,drone2
1743770883.5668917,-1.2977761030197144,0.5423420071601868,0.6610384583473206,0.003723435508189422,0.006217528940198976,-0.1685357641541504,0.9856689164271152,35.40000939369202,drone2
1743770883.7668922,-1.3474915027618408,0.3909614384174347,0.6711569428443909,-3.2074410261737624e-06,0.003948757005504095,-0.24277179012838979,0.9700754254150545,35.60000991821289,drone2
1743770883.9668832,-1.3931901454925537,0.2438887506723404,0.6791329383850098,6.475665710342536e-05,0.0020267214312438935,-0.30790639382751983,0.9514144656949468,35.8000009059906,drone2
1743770884.1669633,-1.4297643899917603,0.12396963685750961,0.6863214373588562,0.0032544741102537977,0.001080128403016648,-0.35452588697581416,0.9350399725065552,36.000081062316895,drone2
1743770884.3669424,-1.475447177886963,-0.033183325082063675,0.695979118347168,0.008810652813593849,0.00021344514102154905,-0.4101436269140632,0.9119783971131523,36.20006012916565,drone2
1743770884.5669127,-1.5169267654418945,-0.1726880520582199,0.7223594188690186,0.0076473543551221265,-0.00032613725286113486,-0.45606310305544007,0.8899145429911236,36.40003037452698,drone2
1743770884.7669158,-1.562758445739746,-0.3155920207500458,0.7401715517044067,0.004780871784550064,8.854361400403178e-05,-0.49861957678701146,0.8668077440292684,36.60003352165222,drone2
1743770884.9669006,-1.6087396144866943,-0.45920878648757935,0.7455034255981445,0.004662707991029838,0.0014671639007089662,-0.5355135476641594,0.8445125142456269,36.800018310546875,drone2
1743770885.1669488,-1.6531473398208618,-0.6026350855827332,0.7495061159133911,0.0029087434296008905,0.004559356756809605,-0.5661838514723856,0.824261332857779,37.00006651878357,drone2
1743770885.3669255,-1.6937570571899414,-0.7476016879081726,0.7626941204071045,0.004600790483936421,0.007065238547102372,-0.5925272755187861,0.8055063645920677,37.20004320144653,drone2
1743770885.566992,-1.7309205532073975,-0.8970552086830139,0.7869962453842163,0.002693903738265599,0.008993732138080112,-0.6151592375486054,0.788347002253994,37.40010976791382,drone2
1743770885.7669284,-1.764164686203003,-1.0507197380065918,0.8190257549285889,-0.0027514058690691423,0.00889405418280734,-0.6340478692760129,0.7732377627262554,37.600046157836914,drone2
1743770885.9669209,-1.7906980514526367,-1.2028312683105469,0.8512798547744751,-0.0030744235965959343,0.009368689270951507,-0.6484953558669259,0.7611547143368036,37.8000385761261,drone2
1743770886.1668954,-1.809961199760437,-1.3532191514968872,0.879622220993042,-0.0045396396872864325,0.012438649252872329,-0.6585222333732813,0.7524448415527165,38.00001311302185,drone2
1743770886.3668883,-1.819648265838623,-1.505464792251587,0.9047877788543701,-0.006439433908606283,0.014730924147148739,-0.6648428118519978,0.7468103294740603,38.20000600814819,drone2
1743770886.5669127,-1.816608190536499,-1.6592880487442017,0.9321645498275757,-0.011370675276567238,0.01635757567389,-0.6675176536902077,0.7443275086776663,38.40003037452698,drone2
1743770886.7668934,-1.7984929084777832,-1.8111436367034912,0.9606990814208984,-0.016284525307253005,0.012555983609584757,-0.6662090757034633,0.7454814920240725,38.600011110305786,drone2
1743770886.966923,-1.763802409172058,-1.955394983291626,0.9862598180770874,-0.01773446530562796,0.00607411029406991,-0.6611886958911715,0.749985404354712,38.80004072189331,drone2
1743770887.1669164,-1.7135863304138184,-2.087460517883301,1.009653925895691,-0.01873263307017851,0.00325142653090701,-0.653059717315042,0.757067708094922,39.00003409385681,drone2
1743770887.366901,-1.6512287855148315,-2.2050130367279053,1.032637596130371,-0.01613072042641625,0.0011752260166003018,-0.6416332219949807,0.7668411197226889,39.200018644332886,drone2
1743770887.5669076,-1.5828897953033447,-2.3095974922180176,1.0577442646026611,-0.01246255968686818,-0.0018347142188629756,-0.6269511671186804,0.7789567686994638,39.400025367736816,drone2
1743770887.7668843,-1.514288067817688,-2.4034907817840576,1.0855180025100708,-0.009874593863332105,-0.005795111821726348,-0.6096760273877473,0.792567998595648,39.60000205039978,drone2
1743770887.9668639,-1.4488716125488281,-2.4887893199920654,1.1140432357788086,-0.006765555521035337,-0.007959568166087122,-0.5913962964491327,0.8063134029840664,39.79998159408569,drone2
1743770888.166889,-1.3898202180862427,-2.5678842067718506,1.142432689666748,-0.0038252240986103437,-0.008874910787868688,-0.5738958396660604,0.8188713831359633,40.000006675720215,drone2
1743770888.366878,-1.3379936218261719,-2.639853000640869,1.1700907945632935,-0.002996191472497884,-0.009743427108501762,-0.5578874656139707,0.8298540826779169,40.19999575614929,drone2
1743770888.5669432,-1.2946455478668213,-2.704437732696533,1.1985762119293213,-0.0015023310006159155,-0.009757328653793026,-0.5444986973209391,0.8387037196800221,40.4000608921051,drone2
1743770888.7672179,-1.259543776512146,-2.760692596435547,1.2246901988983154,-0.0016200329897999228,-0.008600860948230352,-0.5344481069439404,0.8451559807185549,40.60033559799194,drone2
1743770888.9669545,-1.2309709787368774,-2.8091137409210205,1.249127984046936,-0.0016058430020141653,-0.0076400020349628,-0.5279432782486024,0.8492437719454902,40.80007219314575,drone2
1743770889.1669362,-1.2129924297332764,-2.8395540714263916,1.266304850578308,-0.0010591404249111675,-0.0067145270473814135,-0.5255236066021677,0.8507518915523311,41.00005388259888,drone2
1743770889.366908,-1.1859291791915894,-2.889984130859375,1.2957491874694824,-0.0022516817992140566,-0.001471527663573089,-0.5244373664122086,0.8514449016456838,41.20002579689026,drone2
1743770889.5669115,-1.1623919010162354,-2.9331517219543457,1.325525164604187,-0.005436764169163052,-0.00044500437191588154,-0.5232567805018578,0.8521575732438665,41.40002918243408,drone2
1743770889.7669234,-1.1359257698059082,-2.9713330268859863,1.3544137477874756,-0.006871167456233422,0.00032469240621057366,-0.5192115786653428,0.8546181378700689,41.60004115104675,drone2
1743770889.9669077,-1.1047979593276978,-3.001932144165039,1.380232334136963,-0.004041615567760645,0.00040219568617442375,-0.5113210037378152,0.8593802365263299,41.80002546310425,drone2
1743770890.166937,-1.0708104372024536,-3.029959201812744,1.4020214080810547,-0.008649434038686272,0.004179165759142953,-0.49899008973227077,0.8665544836165665,42.00005483627319,drone2
1743770890.3669305,-1.02968168258667,-3.05400013923645,1.4237066507339478,-0.009589846791342232,0.006545582886850593,-0.4801293118033729,0.8771209303459144,42.200048208236694,drone2
1743770890.5668983,-0.9781588912010193,-3.0732555389404297,1.447143316268921,-0.007354869220527369,0.005950215187696686,-0.4545037961010825,0.8906946390102116,42.40001606941223,drone2
1743770890.7669103,-0.9197304248809814,-3.087751865386963,1.4707258939743042,-0.0044880647451679976,0.003440529273894526,-0.4235924544662226,0.9058352199881742,42.6000280380249,drone2
1743770890.966902,-0.8576515913009644,-3.098724842071533,1.4933382272720337,-0.0032295600544278635,-0.0003073738381035694,-0.39091878450772827,0.9204195468594899,42.80001974105835,drone2
1743770891.1669064,-0.7993074059486389,-3.1068661212921143,1.5150023698806763,-0.003072932487193764,-0.0014495099688112733,-0.359486528898698,0.9331440808199897,43.00002408027649,drone2
1743770891.366907,-0.7481934428215027,-3.112612247467041,1.5376791954040527,-0.0044715321910902585,-0.0019117970181585092,-0.3290843422672739,0.9442880236676339,43.20002460479736,drone2
1743770891.5669773,-0.7026560306549072,-3.112762212753296,1.5610653162002563,-0.00805306485797187,-0.0018672377564787493,-0.2983258040316902,0.9544284079053851,43.400094985961914,drone2
1743770891.766921,-0.6588322520256042,-3.106586217880249,1.583842396736145,-0.00872511315036303,-0.0003601234178291218,-0.26460284613266855,0.9643179130273754,43.60003876686096,drone2
1743770891.966909,-0.6144089698791504,-3.0928680896759033,1.6071277856826782,-0.005191426870072783,-0.00038572795757174763,-0.22897468209356042,0.9734185134389388,43.800026655197144,drone2
1743770892.1669033,-0.5659281015396118,-3.0753226280212402,1.6281380653381348,-0.012414212312542416,-0.0017899025700005683,-0.19260186753496195,0.9811967986253213,44.00002098083496,drone2
1743770892.3668892,-0.5148138403892517,-3.049762725830078,1.6472285985946655,-0.013573851239183284,-0.0030904621188156426,-0.15259755406811915,0.9881904359329765,44.20000696182251,drone2
1743770892.5669103,-0.4634596109390259,-3.0131258964538574,1.6661220788955688,-0.011129733103523273,-0.006352259408634374,-0.10654929823111725,0.9942248109685237,44.40002799034119,drone2
1743770892.7668786,-0.4174812138080597,-2.962275505065918,1.6863597631454468,-0.01027449345176145,-0.01028311396400707,-0.05510843742084337,0.9983745475260577,44.59999632835388,drone2
1743770892.966888,-0.38139963150024414,-2.901038885116577,1.708800196647644,-0.010377740306677175,-0.012079491425928145,-9.567334612049135e-06,0.9998731630185597,44.80000567436218,drone2
1743770893.1668909,-0.35687947273254395,-2.8336849212646484,1.731302261352539,-0.009941861632962625,-0.012515501808544301,0.058880622509416725,0.9981370500346989,45.00000858306885,drone2
1743770893.3668816,-0.344728022813797,-2.7636027336120605,1.7519387006759644,-0.011606114157794238,-0.013622918238020202,0.12163036785898212,0.9924140980627987,45.19999933242798,drone2
1743770893.5668714,-0.34483587741851807,-2.68778133392334,1.7711786031723022,-0.014736237695829539,-0.013142646091205776,0.1876518887647513,0.9820372067846285,45.39998912811279,drone2
1743770893.7670147,-0.35909774899482727,-2.603187084197998,1.7894092798233032,-0.01266190473142941,-0.010532077620748655,0.2535800965479173,0.9671742049509587,45.60013246536255,drone2
1743770893.9668832,-0.3862338364124298,-2.507373332977295,1.8072282075881958,-0.01287442395887277,-0.007435212473681947,0.3202924885944769,0.9472020778471013,45.8000009059906,drone2
1743770894.1669338,-0.4082830548286438,-2.444042921066284,1.8194948434829712,-0.012039252545493024,-0.005378513437890133,0.35980718212216867,0.9329335151648293,46.000051498413086,drone2
1743770894.3669033,-0.4520588219165802,-2.330920934677124,1.8435288667678833,-0.013658479147542904,-0.001257493372171114,0.41617087913221185,0.9091830495325157,46.20002102851868,drone2
1743770894.5668972,-0.4923839271068573,-2.2239556312561035,1.8733826875686646,-0.00969484430451442,0.0018779295558379813,0.4651703205222195,0.8851661525973408,46.400014877319336,drone2
1743770894.7668853,-0.5321101546287537,-2.1080527305603027,1.8974558115005493,-0.004178959552393996,0.004619972815319061,0.5093541156849328,0.8605345333399221,46.6000030040741,drone2
1743770894.9668868,-0.5659889578819275,-1.9893417358398438,1.9129105806350708,-0.0025280094619875115,0.0027666462353450405,0.5468443064178281,0.8372259984876697,46.80000448226929,drone2
1743770895.1669028,-0.5970889329910278,-1.8703550100326538,1.9231611490249634,-0.0011030955954820154,0.0014995491851369982,0.5777281893808831,0.8162270687869656,47.0000205039978,drone2
1743770895.3668876,-0.6274293661117554,-1.7546899318695068,1.932216763496399,-0.00010883485202023083,0.002884118557131886,0.603032261606293,0.7977115894512055,47.200005292892456,drone2
1743770895.5669334,-0.655409038066864,-1.6423307657241821,1.940933108329773,0.0034691692510695426,0.0016359688613942999,0.6242337754027207,0.7812282467581783,47.40005111694336,drone2
1743770895.7669008,-0.6784331202507019,-1.5352203845977783,1.9498602151870728,0.007084415198538628,0.0028930517133826704,0.641508361956267,0.7670778374973504,47.60001850128174,drone2
1743770895.966896,-0.6927629113197327,-1.4363915920257568,1.9582916498184204,0.00845558701758602,0.0015162704122162805,0.6550645691417202,0.755524195672044,47.80001378059387,drone2
1743770896.1668859,-0.7001319527626038,-1.3487414121627808,1.9653865098953247,0.010284840914661048,0.0006471526758112922,0.6648732524133347,0.7468850874466068,48.00000357627869,drone2
1743770896.3668723,-0.7004112005233765,-1.271067500114441,1.9742029905319214,0.011397992525938906,-0.0012082628896601115,0.6712866119106919,0.7411093254735223,48.199990034103394,drone2
1743770896.5668728,-0.6958629488945007,-1.2021760940551758,1.9833921194076538,0.011428709675969251,-0.0037800240731243866,0.6744945560648259,0.7381817421556828,48.39999055862427,drone2
1743770896.7668693,-0.6877707839012146,-1.1446055173873901,1.9921058416366577,0.010772068032342349,-0.00622234602863888,0.6749395082470895,0.7377681472287113,48.5999870300293,drone2
1743770896.9670022,-0.6775187253952026,-1.09977388381958,2.0002570152282715,0.010910327311523669,-0.007224073390891204,0.6728413670054103,0.739671064268088,48.80011987686157,drone2
1743770897.1668756,-0.6649800539016724,-1.0654574632644653,2.007199287414551,0.009464795857039346,-0.00739606142645594,0.6681233644894038,0.743953521251583,48.999993324279785,drone2
1743770897.3668737,-0.6515456438064575,-1.042519450187683,2.0161027908325195,0.008255671261890625,-0.005510179616411731,0.6600755027915896,0.7511337479259519,49.19999146461487,drone2
1743770897.5668766,-0.640325665473938,-1.0282213687896729,2.026576042175293,0.008298178745837704,-0.002726753913957397,0.6461461537512013,0.7631637913850453,49.39999437332153,drone2
1743770897.7668867,-0.6291008591651917,-1.0160601139068604,2.038048267364502,0.009129213182618305,0.00011171647815086306,0.623486137725342,0.7817811659954367,49.60000443458557,drone2
1743770897.9668658,-0.6155133843421936,-1.0063469409942627,2.0491299629211426,0.009427983301361176,0.0025136874360277323,0.58947605442084,0.8077269555995613,49.799983501434326,drone2
1743770898.1668718,-0.5950602889060974,-1.00199294090271,2.058506965637207,0.00902963845419716,0.0040572043040812515,0.5448840354201621,0.838452998614943,49.99998950958252,drone2
1743770898.366879,-0.5661418437957764,-1.0023353099822998,2.0669283866882324,0.008354210264436845,0.005699853934872997,0.4921315330740928,0.8704620865294055,50.19999670982361,drone2
1743770898.5669389,-0.5369821786880493,-1.0039020776748657,2.073312282562256,0.007472369777409888,0.006415522569111662,0.44610140038195056,0.894928289943131,50.40005660057068,drone2
1743770898.7669425,-0.4971843957901001,-1.0058794021606445,2.079669952392578,0.006411080768723385,0.006018617547196289,0.38933018549365545,0.9210563857404895,50.60006022453308,drone2
1743770898.9669154,-0.453421950340271,-1.0121883153915405,2.086080551147461,0.01337697343162115,0.008200876160605233,0.33589596840963465,0.9417683796965315,50.80003309249878,drone2
1743770899.1669326,-0.4122852087020874,-1.0247820615768433,2.091024875640869,0.009180298990803472,0.00820748741239797,0.2970224759617634,0.9547911026102457,51.00005030632019,drone2
1743770899.366892,-0.3424045741558075,-1.0486308336257935,2.0970168113708496,0.002466987740060913,0.008433904110388446,0.2438194343418249,0.9697807767971149,51.20000982284546,drone2
1743770899.5668883,-0.2788204848766327,-1.063313364982605,2.121189594268799,-0.0007147532573726401,0.007547426482208529,0.2061815821251718,0.9784843117488571,51.40000605583191,drone2
1743770899.7668872,-0.20752473175525665,-1.0737159252166748,2.136058807373047,-0.004828738421385135,0.006882847401626912,0.1748593930110277,0.984557504031883,51.60000491142273,drone2
1743770899.966882,-0.13312511146068573,-1.0782110691070557,2.1276021003723145,-0.005962253404454661,0.00588235972625891,0.15074182832818434,0.9885376416710092,51.799999713897705,drone2
1743770900.166899,-0.05784786492586136,-1.0780363082885742,2.1087069511413574,-0.005370323613752725,0.004902564388816272,0.133835758012949,0.9909768905285772,52.00001668930054,drone2
1743770900.3668892,0.01649636961519718,-1.0745413303375244,2.0910677909851074,-0.003783155452259824,0.0059120816740535235,0.12326823653896407,0.9923486440070612,52.20000696182251,drone2
1743770900.5668864,0.09305579960346222,-1.0677398443222046,2.079369068145752,-0.0018726057173994715,0.004576958581373107,0.11689584377835949,0.9931319431866361,52.400004148483276,drone2
1743770900.7669153,0.17224660515785217,-1.0578293800354004,2.0714492797851562,-0.001878824600142543,0.004252213573919937,0.11291928862135658,0.9935933668841335,52.60003304481506,drone2
1743770900.966894,0.2515960931777954,-1.0488476753234863,2.0645570755004883,-0.0016259382407211149,0.003363631237492504,0.11002620249902328,0.9939217329808818,52.80001163482666,drone2
1743770901.1669328,0.31517165899276733,-1.0430961847305298,2.059786319732666,-0.0021694193209886403,0.0025922272444676513,0.10811935263184486,0.9941322564891938,53.00005054473877,drone2
1743770901.366907,0.3940422832965851,-1.0359604358673096,2.054415225982666,-0.003100715903759142,0.0034768602277421646,0.10621452581339508,0.994332327579075,53.20002460479736,drone2
1743770901.566927,0.472050279378891,-1.0257985591888428,2.0475096702575684,-0.004055319014632144,0.0031467357759984434,0.1051381374492753,0.9944443960492655,53.400044679641724,drone2
1743770901.7669122,0.5510612726211548,-1.0118159055709839,2.039243698120117,-0.0031787812926195886,0.0019049100008529528,0.1050217278536883,0.9944630249563072,53.600029945373535,drone2
1743770901.9669251,0.6293655037879944,-0.9965314865112305,2.032850742340088,-0.0030064040984096674,0.0012516222009281107,0.10584936551789664,0.9943768346511025,53.80004286766052,drone2
1743770902.1669123,0.7061588168144226,-0.9812042713165283,2.025790214538574,-0.0019218396572691489,0.0012764551734615675,0.10776274814659426,0.994173939722371,54.00003004074097,drone2
1743770902.366907,0.7812318801879883,-0.9665780663490295,2.017216205596924,-0.0011960332859770192,0.0018773310417778191,0.11035836181213765,0.9938894063480741,54.20002460479736,drone2
1743770902.5669124,0.8548111915588379,-0.9506649374961853,2.0103445053100586,-0.0010618767390804308,0.0016890200750840335,0.11311868536166159,0.9935795848646705,54.4000301361084,drone2
1743770902.7669027,0.9256171584129333,-0.933011531829834,2.0073304176330566,-0.0009546381886578782,0.0011120404306079064,0.1155887857123396,0.9932960630147377,54.60002040863037,drone2
1743770902.966913,0.9953339099884033,-0.9149770736694336,2.008131504058838,-0.001020608059670932,0.0013067555677159389,0.11748695332872472,0.9930730640392665,54.80003070831299,drone2
1743770903.1669827,1.0614362955093384,-0.8953967690467834,2.010931968688965,-0.0008239123469003695,0.0008276061497345682,0.11913830900023009,0.9928770390468423,55.0001003742218,drone2
1743770903.3668973,1.1236572265625,-0.8745822310447693,2.012169361114502,-0.0005239394922762624,0.0021094728170279577,0.12089060637391902,0.9926634388185891,55.2000150680542,drone2
1743770903.5669072,1.186180830001831,-0.8528426885604858,2.0107340812683105,-0.0004665465152249337,0.0034531953485297407,0.12288212925975567,0.9924151938808599,55.40002489089966,drone2
1743770903.7669363,1.2516841888427734,-0.8334403038024902,2.0092148780822754,-0.000566067407632552,0.0036375808960475682,0.12523649436442275,0.9921201237944353,55.600054025650024,drone2
1743770903.9669197,1.3182228803634644,-0.8157158493995667,2.007986068725586,-0.0006253560050501095,0.0014219543263275223,0.12807702336666305,0.9917629714001539,55.8000373840332,drone2
1743770904.1669054,1.3842861652374268,-0.7981005311012268,2.0084686279296875,-0.00031516310254402555,0.0010282541112602444,0.13098519806076325,0.9913837762041013,56.00002312660217,drone2
1743770904.3669004,1.4449214935302734,-0.7821470499038696,2.0116147994995117,-0.0012692039501740638,0.0014641301405070091,0.1333333254318506,0.9910694028610586,56.20001816749573,drone2
1743770904.5669212,1.5078357458114624,-0.7637927532196045,2.016883373260498,-0.0015082254884503086,0.0020353303983810796,0.1358119394459278,0.9907315115765467,56.400038957595825,drone2
1743770904.7669132,1.569439172744751,-0.7449960112571716,2.0229015350341797,-0.0013391303360115621,0.0020449685471071763,0.13823475103257654,0.9903965705714306,56.60003089904785,drone2
1743770904.966917,1.6318957805633545,-0.7298991084098816,2.028339385986328,-0.000956123288841444,0.001272013486260623,0.1406956212234306,0.9900516407632176,56.80003476142883,drone2
1743770905.1669075,1.6965755224227905,-0.7176442742347717,2.0342020988464355,-0.0016018093345847569,0.0001568163225536333,0.14301879766019965,0.98971872280683,57.000025272369385,drone2
1743770905.3668861,1.760267734527588,-0.7047130465507507,2.0395560264587402,-0.0026093930508285087,0.0009111519738049474,0.145390021504271,0.9893705476912815,57.20000386238098,drone2
1743770905.5668826,1.8229658603668213,-0.6882457137107849,2.043802261352539,-0.002849852510748176,0.0011047681750550415,0.14791992823298594,0.9889945978025643,57.40000033378601,drone2
1743770905.7668974,1.886497139930725,-0.6682290434837341,2.0470428466796875,-0.002456295940701703,0.0003896854807923547,0.150595452323306,0.9885923904272249,57.60001516342163,drone2
1743770905.9669032,1.9482717514038086,-0.6452863216400146,2.0499696731567383,-0.0010903169817641867,-0.000831120963355165,0.15350278408043605,0.9881472775601012,57.800020933151245,drone2
1743770906.1668882,2.0072851181030273,-0.620547354221344,2.0535202026367188,-0.0005594902355181084,-0.0017772744439926102,0.15649192287052566,0.9876775087865989,58.00000596046448,drone2
1743770906.3668847,2.061631679534912,-0.5961492657661438,2.0579919815063477,-0.0004932942072015721,0.0005133308328746838,0.15958668166298362,0.9871837163094452,58.20000243186951,drone2
1743770906.566886,2.112990140914917,-0.5721457004547119,2.0608792304992676,-0.001065559772718422,0.0015904417656624945,0.16314834324324518,0.9865996452827813,58.40000367164612,drone2
1743770906.7668762,2.161959409713745,-0.5485712885856628,2.062849998474121,-0.0017750454972077633,0.002298363446945377,0.16730393821272233,0.9859011877092587,58.59999394416809,drone2
1743770906.966875,2.210341215133667,-0.5249364376068115,2.0632944107055664,-0.0012701926621449802,0.0022327372847167,0.17214766477783677,0.9850678180736528,58.79999279975891,drone2
1743770907.166872,2.2595980167388916,-0.4992547035217285,2.064645767211914,-0.0016026650977382453,0.0016914393978253528,0.17737324179046,0.9841409667280498,58.9999897480011,drone2
1743770907.3668716,2.3086676597595215,-0.4712938368320465,2.067368507385254,-0.001963956048096552,0.0028407820479673354,0.18279505452974987,0.9831449945508888,59.199989318847656,drone2
1743770907.566876,2.3611032962799072,-0.4407235085964203,2.0699591636657715,-0.00188128961455399,0.002603275336985335,0.18908753686557794,0.9819550625768807,59.399993658065796,drone2
1743770907.7670896,2.409426689147949,-0.41052189469337463,2.0716400146484375,-0.0020835139186016326,0.0024626684083716033,0.1953128371248795,0.9807357963963091,59.60020732879639,drone2
1743770907.967198,2.457195281982422,-0.3778218924999237,2.0720744132995605,-0.0014499637677158586,0.0017118483558171227,0.20199366052288686,0.9793843576988073,59.800315618515015,drone2
1743770908.1670756,2.504460573196411,-0.3446637988090515,2.073462963104248,-0.0013323502550154768,0.0013550814724618036,0.20873437459262817,0.9779705838123579,60.00019335746765,drone2
1743770908.3668954,2.5490870475769043,-0.31093254685401917,2.074685573577881,-0.0024037425660805097,0.003015340176951567,0.21571258615372835,0.9764493776090541,60.200013160705566,drone2
1743770908.5668986,2.5932044982910156,-0.27897801995277405,2.075986385345459,-0.00318954526434112,0.0036985675298994384,0.22337610547161574,0.9747200502678037,60.40001630783081,drone2
1743770908.766887,2.6380488872528076,-0.24703611433506012,2.0777816772460938,-0.004727273793703177,0.004043253573747062,0.23201431280816603,0.9726924918264901,60.60000467300415,drone2
1743770908.9668996,2.6842920780181885,-0.21406856179237366,2.079829216003418,-0.004852020110011977,0.0027695117271354106,0.24180603724161098,0.970308666074714,60.80001735687256,drone2
1743770909.1669,2.7315938472747803,-0.1783600151538849,2.0834574699401855,-0.0052536728262395915,0.0014684867519893217,0.2523090318905258,0.967631329669908,61.00001764297485,drone2
1743770909.3668964,2.772078514099121,-0.14131532609462738,2.087130069732666,-0.007218195716521318,0.001049867459694168,0.2626939099964888,0.9648517660840388,61.20001411437988,drone2
1743770909.5668814,2.8149282932281494,-0.09309254586696625,2.0924458503723145,-0.005904892014387767,-0.00031486264161226506,0.2769353722551684,0.960870448333154,61.399999141693115,drone2
1743770909.7668796,2.8531596660614014,-0.041397880762815475,2.0968685150146484,-0.0046284342067481,-0.0013057360379201465,0.2925849396491727,0.9562274461340727,61.5999972820282,drone2
1743770909.9668846,2.8888912200927734,0.012768782675266266,2.1002516746520996,-0.003942329611106305,-0.00223274675129415,0.3094588729924185,0.9509020864576001,61.800002336502075,drone2
1743770910.1668909,2.925546169281006,0.07461033016443253,2.1056160926818848,-0.0027466269144723614,-0.002968031347894517,0.32790730722891,0.9447013578109803,62.00000858306885,drone2
1743770910.3670192,2.958045721054077,0.1324450969696045,2.1116814613342285,-0.0032646828826512968,-0.0033185791221320904,0.34596141555073356,0.9382371270674703,62.20013689994812,drone2
1743770910.5669365,2.9812357425689697,0.1819903552532196,2.114104747772217,-0.003558175101579819,-0.003906476287242561,0.361325880587986,0.932424655189333,62.40005421638489,drone2
1743770910.766905,3.002427816390991,0.24017684161663055,2.115788459777832,-0.004732206065693298,-0.004282491824615376,0.38218939246442446,0.9240620671686197,62.60002279281616,drone2
1743770910.9669023,3.0159146785736084,0.2995441257953644,2.1167235374450684,-0.004961591173633023,-0.004003342483840923,0.40537997936111925,0.914126074072722,62.80001997947693,drone2
1743770911.166907,3.024902820587158,0.3615456819534302,2.11639404296875,-0.0039770020617696635,-0.0036486173611389367,0.42942692699928264,0.9030854752976265,63.00002479553223,drone2
1743770911.3668954,3.031067132949829,0.4258381128311157,2.11507511138916,-0.005451468891799925,-0.0037188891638606303,0.45389732402443483,0.891029601088752,63.200013160705566,drone2
1743770911.5669043,3.033454418182373,0.49152424931526184,2.1141934394836426,-0.0059843011221577275,-0.003914413086232288,0.47986642083578607,0.8773124245521237,63.40002202987671,drone2
1743770911.766881,3.0310850143432617,0.5566383004188538,2.113389492034912,-0.0063213944153620175,-0.004795877379709064,0.5073801996450615,0.8616857428968608,63.59999871253967,drone2
1743770911.9668999,3.0221855640411377,0.6200321316719055,2.1137356758117676,-0.005992545111580911,-0.005198625913997962,0.5360961856979738,0.8441196213238085,63.80001759529114,drone2
1743770912.1668935,3.006281614303589,0.6796656847000122,2.114154815673828,-0.005705042421835919,-0.0050565633139083655,0.5641383700837426,0.8256450244311039,64.00001120567322,drone2
1743770912.3668816,2.9854838848114014,0.7384511828422546,2.1146154403686523,-0.007031516458482199,-0.0045572547650582895,0.5912600672980333,0.8064374095490977,64.19999933242798,drone2
1743770912.5669055,2.958644151687622,0.799882709980011,2.115969181060791,-0.008744530829089325,-0.004707812033653934,0.6182654128686536,0.7859066628467208,64.4000232219696,drone2
1743770912.7669332,2.924103260040283,0.8641257286071777,2.117617607116699,-0.009218357389213814,-0.005076984346931077,0.6454606036500352,0.7637212150667382,64.6000509262085,drone2
1743770912.9670432,2.879426956176758,0.9309437870979309,2.1190567016601562,-0.007798621452379426,-0.0054388488741212,0.6730118352025686,0.7395705598394577,64.80016088485718,drone2
1743770913.1669436,2.8284788131713867,0.997692883014679,2.119558811187744,-0.0048884006193338925,-0.005562198252892444,0.6992289280218249,0.7148595425048896,65.00006127357483,drone2
1743770913.3669379,2.773113250732422,1.0633888244628906,2.1208505630493164,-0.004894840484918425,-0.007683405715667246,0.7234863135575142,0.6902786377600308,65.20005559921265,drone2
1743770913.566935,2.710440158843994,1.1245720386505127,2.123195171356201,-0.004310809300197188,-0.009834019454470221,0.7474985242899705,0.6641767019847075,65.40005278587341,drone2
1743770913.766916,2.640791654586792,1.1782158613204956,2.126288414001465,-0.002273156030120743,-0.013226621464276032,0.7718580329566906,0.635653337566202,65.6000337600708,drone2
1743770913.9669168,2.5666491985321045,1.2185670137405396,2.129162311553955,3.3546257236552446e-05,-0.01533555756753005,0.7969840716256346,0.6038057194967408,65.80003452301025,drone2
1743770914.1669233,2.4878103733062744,1.244698166847229,2.130634307861328,0.0006892557311124054,-0.0158638755576037,0.8218665067785415,0.5694587880422275,66.0000410079956,drone2
1743770914.3669477,2.4149622917175293,1.2597954273223877,2.128617763519287,-0.00034587679521571967,-0.016649579083177306,0.8443012426307539,0.5356100112636887,66.20006537437439,drone2
1743770914.5669022,2.325908899307251,1.2630207538604736,2.141841411590576,0.0002329950225577254,-0.01577353773908764,0.8602455850832434,0.5096359832710617,66.4000198841095,drone2
1743770914.766898,2.2304086685180664,1.256401538848877,2.162776470184326,0.002148407943973403,-0.015930497212753764,0.8573592635300962,0.5144675504703808,66.60001564025879,drone2
1743770914.966916,2.131486177444458,1.2412400245666504,2.165365695953369,0.0038036200521174885,-0.015203640565868983,0.8289028704538746,0.5591729023467045,66.80003380775452,drone2
1743770915.1669068,2.0308964252471924,1.2157115936279297,2.1475276947021484,0.003439743259865158,-0.015044855606826732,0.7749905763988386,0.6317844886805688,67.00002455711365,drone2
1743770915.3669233,1.9276119470596313,1.1795892715454102,2.1186909675598145,0.002560546170493242,-0.014039352315001764,0.6986860897838948,0.7152861397346268,67.20004105567932,drone2
1743770915.566934,1.8186529874801636,1.1340563297271729,2.093693733215332,-0.0002092222243642273,-0.011353312585978229,0.6040737629165579,0.7968476106668685,67.4000518321991,drone2
1743770915.7669024,1.703441858291626,1.084985613822937,2.0778021812438965,-0.0028229496505080805,-0.007369770436381806,0.4990845618932078,0.8665173311696042,67.60002017021179,drone2
1743770915.966897,1.582991600036621,1.038781762123108,2.067941665649414,-0.0029752965961222276,-0.0004490140024708582,0.39017312246387326,0.9207365754539889,67.80001473426819,drone2
1743770916.1669261,1.461969017982483,0.9977931976318359,2.060943603515625,-0.006459925014880619,0.0010189015444759307,0.28552523715647665,0.9583489709741414,68.00004386901855,drone2
1743770916.366928,1.3438057899475098,0.9638293385505676,2.05279541015625,-0.005884412761914642,0.004069301766692908,0.18494509171283618,0.9827228095693552,68.2000458240509,drone2
1743770916.5669107,1.2340564727783203,0.9345278739929199,2.0430665016174316,-0.004614025664503745,0.002404480917950915,0.08286997647909,0.9965468915872315,68.40002846717834,drone2
1743770916.7669024,1.1301294565200806,0.9107965230941772,2.0311942100524902,-0.007945861385334143,0.002715891880842584,-0.023020903684590033,0.9996997708837858,68.60002017021179,drone2
1743770916.9670298,1.0291632413864136,0.8961040377616882,2.019350051879883,-0.011123420295869746,0.0024781197764238744,-0.13204826802075365,0.9911778045554286,68.80014753341675,drone2
1743770917.1669106,0.9328927397727966,0.89244544506073,2.0120887756347656,-0.017486021487457423,0.0034405710503117347,-0.2096093431677144,0.977622872312143,69.00002837181091,drone2
1743770917.3669183,0.8454302549362183,0.9031177759170532,2.014845371246338,-0.019193728153966333,0.0005560861777971987,-0.21305914701202816,0.9768506577537264,69.20003604888916,drone2
1743770917.5668797,0.7655345797538757,0.9283499121665955,2.018432140350342,-0.009263833180212526,-0.0022172567966496095,-0.13439378228723342,0.9908822287068217,69.39999747276306,drone2
1743770917.766874,0.689505934715271,0.9575461745262146,2.0042805671691895,0.002300453193884857,-0.004215048532293998,0.006523742093607121,0.9999671926375875,69.59999179840088,drone2
1743770917.9669063,0.6127788424491882,0.9798685312271118,1.972965121269226,0.0067052912899291175,-0.0045548214431012785,0.1739789874924837,0.9847160183291324,69.80002403259277,drone2
1743770918.1668742,0.5334988236427307,0.9904736280441284,1.9388386011123657,0.008605773360987551,-0.0017695486056201245,0.3269483399847416,0.9450014855192264,69.99999189376831,drone2
1743770918.3669024,0.4574308395385742,0.9919711947441101,1.912807583808899,0.0010197623033068894,-4.5737603599783646e-05,0.44407769837727573,0.8959876720538766,70.20002007484436,drone2
1743770918.566827,0.3836350440979004,0.9950559735298157,1.891196370124817,-0.005905628596419953,0.0011392329372441757,0.5288506893603298,0.8486935132280441,70.39994478225708,drone2
1743770918.767246,0.30726900696754456,1.0056917667388916,1.86882483959198,-0.007457618298113178,0.002447690574979611,0.5912613000933522,0.8064418244314792,70.60036373138428,drone2
1743770918.9670806,0.22850792109966278,1.0244263410568237,1.8438023328781128,-0.0070702932054734925,0.004077324320525266,0.6408961895183585,0.7675842213454966,70.8001983165741,drone2
1743770919.1669226,0.15073232352733612,1.0491310358047485,1.8185428380966187,-0.003926807470098971,0.002024376271932857,0.682124397416575,0.7312227943385301,71.00004029273987,drone2
1743770919.3669403,0.08612693846225739,1.0731476545333862,1.797390103340149,-0.0021986478928972585,0.0006891250923456358,0.711862546291003,0.7023151069671607,71.20005798339844,drone2
1743770919.5669274,0.014408491551876068,1.1025787591934204,1.780821442604065,-0.001614164782007419,-0.002518172700353712,0.7479637991557504,0.663732922011668,71.40004515647888,drone2
1743770919.7669604,-0.059034720063209534,1.1287716627120972,1.7751890420913696,-8.527657470081616e-06,-0.003999386401186317,0.7840920776992889,0.6206316159693963,71.60007810592651,drone2
1743770919.9669528,-0.13267549872398376,1.1486152410507202,1.753294825553894,0.0042914682595878795,-0.0028780504810813137,0.818846611325751,0.5739892265456483,71.8000705242157,drone2
1743770920.1669369,-0.20206023752689362,1.1608473062515259,1.7166552543640137,0.0037548488220827334,-0.003089871815982335,0.8488695184674255,0.5285801065928899,72.00005459785461,drone2
1743770920.3669298,-0.26693785190582275,1.165544867515564,1.675485610961914,0.0016043951095951981,-0.0031200285446363867,0.8731122803637705,0.4875067593869926,72.20004749298096,drone2
1743770920.5669506,-0.3314705491065979,1.1670242547988892,1.6381077766418457,-0.0007078047073147348,-0.003188058332580651,0.8933963995137297,0.44925763035296173,72.40006828308105,drone2
1743770920.7669325,-0.3981223404407501,1.1669636964797974,1.60520601272583,-0.0007146580976912459,-0.002204923245831884,0.910928034427988,0.4125587045540101,72.60005021095276,drone2
1743770920.9669235,-0.4730021357536316,1.1680463552474976,1.5730109214782715,0.0003475700880714648,-5.3894037472675e-05,0.9282803134284083,0.3718810108885089,72.80004119873047,drone2
1743770921.1669247,-0.5382499694824219,1.1703237295150757,1.5511252880096436,0.00199599489695427,0.00011639658933297808,0.940506165877327,0.3397708653680293,73.00004243850708,drone2
1743770921.3669236,-0.6033055782318115,1.1715164184570312,1.5285742282867432,0.001474342138743499,-0.0008167615341254624,0.9502742459287574,0.3114100402708062,73.2000412940979,drone2
1743770921.5669653,-0.6691412329673767,1.1693763732910156,1.500582218170166,0.00303983708599079,0.0005105660173621949,0.9555584913545078,0.2947857637847147,73.40008306503296,drone2
1743770921.7669475,-0.7340084910392761,1.1660646200180054,1.4702308177947998,0.006802921665690439,0.0021796043497694403,0.953271877308822,0.30202926868376667,73.60006523132324,drone2
1743770921.9669387,-0.7911825776100159,1.161356806755066,1.4399317502975464,0.008881888560839053,0.001422969801958821,0.9414530791228213,0.3370238602226348,73.80005645751953,drone2
1743770922.166931,-0.8370329737663269,1.154264211654663,1.412815809249878,0.009169038661738566,0.0010642345959525666,0.9198499532752893,0.3921618004374357,74.00004863739014,drone2
1743770922.3669186,-0.8741432428359985,1.1446380615234375,1.3887909650802612,0.008198780671980828,0.0007512297083973943,0.8885050259363737,0.45879299658033923,74.20003628730774,drone2
1743770922.566908,-0.9054651260375977,1.1326273679733276,1.3658990859985352,0.006209951891726219,0.0012136675644369539,0.8463422669901668,0.532601969612042,74.4000256061554,drone2
1743770922.766919,-0.9312185645103455,1.1196520328521729,1.3459562063217163,0.004575955618087431,0.0019756804452442656,0.7925250825671517,0.6098190000346083,74.60003662109375,drone2
1743770922.9669569,-0.9526528120040894,1.1080083847045898,1.3275350332260132,0.0022838156431170937,0.0017561148738835558,0.7270192085965781,0.6866111256868231,74.80007457733154,drone2
1743770923.166939,-0.9737298488616943,1.0967742204666138,1.311257004737854,0.0012800184548966637,0.0013764356681971908,0.6535076961678642,0.7569176231673747,75.00005674362183,drone2
1743770923.3669345,-0.992992103099823,1.0855977535247803,1.2962448596954346,0.002993582566111345,0.0018657873945178564,0.5734291792226355,0.8192475121487868,75.20005226135254,drone2
1743770923.5669084,-1.0084524154663086,1.0714538097381592,1.2818599939346313,0.004288091696100296,0.0035906946261898033,0.48244593440519834,0.8759078808254982,75.40002608299255,drone2
1743770923.766905,-1.018162727355957,1.0555740594863892,1.2671022415161133,0.004132217215670108,0.0050942481735257415,0.3818599726964633,0.9241969370838545,75.60002279281616,drone2
1743770923.9669275,-1.0224311351776123,1.0392944812774658,1.2530639171600342,0.002209283798291335,0.0049957186375568325,0.27608864206858447,0.9611166702221547,75.80004525184631,drone2
1743770924.1668983,-1.020760416984558,1.0225132703781128,1.2387604713439941,-5.767516337307057e-05,0.003917084142756513,0.1767328204273369,0.9842510964432087,76.0000159740448,drone2
1743770924.3668969,-1.0168710947036743,1.0071433782577515,1.2285388708114624,0.0005744346271966548,0.002764587872167294,0.10308554377994633,0.9946685751364949,76.20001459121704,drone2
1743770924.5668974,-1.0132286548614502,0.9903749227523804,1.219202995300293,0.0034250040459597687,0.0028499076638505865,0.02610377706576772,0.9996493632529668,76.40001511573792,drone2
1743770924.7669015,-1.0080795288085938,0.9736213088035583,1.2092475891113281,0.002582101978600816,0.00896739496757231,-0.04229090643910427,0.9990617940378765,76.60001921653748,drone2
1743770924.9668949,-0.9900814890861511,0.9539180397987366,1.2014650106430054,-0.00829907272000743,0.02145490328385316,-0.10162119367528394,0.9945572231627291,76.80001258850098,drone2
1743770925.1668942,-0.9533256888389587,0.9432564973831177,1.2034152746200562,-0.006259247076235274,0.011484453657572627,-0.12746783281828666,0.9917564807854833,77.00001192092896,drone2
1743770925.3668933,-0.9068341255187988,0.9391618967056274,1.2114320993423462,-0.0005446219057300794,0.005377296118366996,-0.13061835189132448,0.9914179994450922,77.20001101493835,drone2
1743770925.5668862,-0.8592779636383057,0.9361402988433838,1.203194499015808,0.0033054656230971993,0.0009076871241942754,-0.12093498700540106,0.9926546301272503,77.4000039100647,drone2
1743770925.7668724,-0.8142842054367065,0.9291805624961853,1.1824028491973877,0.0051527355692313,-0.001378804349894967,-0.10873520238228623,0.9940563921618741,77.59999012947083,drone2
1743770925.966889,-0.7716461420059204,0.9162798523902893,1.1562180519104004,0.004374511298270977,-0.002277070747948413,-0.10140443243339237,0.9948330742862328,77.8000066280365,drone2
1743770926.166952,-0.7330738306045532,0.8976377248764038,1.1281099319458008,0.0019563505587327657,-0.0014541579347896038,-0.10141067016697203,0.9948416722433291,78.0000696182251,drone2
1743770926.3669417,-0.703437089920044,0.8802195191383362,1.1038521528244019,-0.0001893967728206503,-0.0003858721067906992,-0.10608336482082925,0.9943571099259993,78.20005941390991,drone2
1743770926.566905,-0.6694090962409973,0.8590417504310608,1.0744667053222656,0.0004778246249914285,0.000699370357369578,-0.11605754296147786,0.9932421150486437,78.40002274513245,drone2
1743770926.7669127,-0.6357243061065674,0.8380281925201416,1.044662356376648,-0.0007133117034446468,0.0017428416623710076,-0.12859403875734626,0.991695578589385,78.6000304222107,drone2
1743770926.9669209,-0.6015315651893616,0.8171954154968262,1.011783480644226,-0.0019587622721982004,0.0013667903577996045,-0.14121457536914545,0.9899761557575345,78.8000385761261,drone2
1743770927.1668918,-0.5653970241546631,0.7969110012054443,0.9764180183410645,-0.0017637336164555775,0.0009423233960687244,-0.15158156213791563,0.9884427269681626,79.00000953674316,drone2
1743770927.3668814,-0.5284438729286194,0.7762624025344849,0.940497875213623,-7.462993644512617e-05,9.37074267703332e-05,-0.15904496821907327,0.9872714239011964,79.1999990940094,drone2
1743770927.566941,-0.49471667408943176,0.7557052373886108,0.9053249359130859,0.0019202212018225998,-8.860181287499796e-05,-0.16526929910085908,0.9862466654265025,79.40005874633789,drone2
1743770927.766896,-0.4635995030403137,0.7329633235931396,0.8730498552322388,0.0018282168541110333,5.333255625118446e-05,-0.17198995127070926,0.9850970679865194,79.60001373291016,drone2
1743770927.9668665,-0.43527206778526306,0.7071893215179443,0.845096230506897,0.0024519925169780433,-0.0011742923651241659,-0.18091669593216508,0.9834946869529837,79.79998421669006,drone2
1743770928.166875,-0.4092704653739929,0.6796815991401672,0.8195796012878418,0.0007091799746219464,-7.509426241515128e-05,-0.1922753980463966,0.9813407722598344,79.99999260902405,drone2
1743770928.3668664,-0.38317161798477173,0.6540161371231079,0.7952474355697632,-0.0034986997038966372,0.0018234568120892734,-0.20452285075517718,0.9788539396102978,80.19998407363892,drone2
1743770928.5669,-0.3530827462673187,0.6330270767211914,0.771719217300415,-0.004833889391890425,0.0025148305046575033,-0.21466789221968907,0.9766719551160402,80.40001773834229,drone2
1743770928.766877,-0.320294588804245,0.6184005737304688,0.7491235733032227,-0.0027948855293461685,0.0016430841055308397,-0.22057270784291372,0.9753651920779598,80.59999465942383,drone2
1743770928.9668837,-0.28849849104881287,0.6057735085487366,0.7263706922531128,-0.0012427923950061599,0.0003008793956428608,-0.22175880445370738,0.9751007627504026,80.80000138282776,drone2
1743770929.1670473,-0.25806620717048645,0.5929789543151855,0.7033995389938354,0.00066479917850385,0.00023791856883314885,-0.2194592302521045,0.9756214027700576,81.00016498565674,drone2
1743770929.3668904,-0.23104515671730042,0.5822453498840332,0.6852323412895203,0.003075519579293292,-0.0004552183972347204,-0.21659623697960795,0.9762563450428743,81.2000081539154,drone2
1743770929.566978,-0.19831421971321106,0.5662783980369568,0.6632179021835327,0.004181598422555416,0.0004284097088591582,-0.21534708868344205,0.9765286136842546,81.40009570121765,drone2
1743770929.7669451,-0.17194262146949768,0.551010012626648,0.6596103310585022,0.00204091767520247,-0.00023055956033120957,-0.21799024399410577,0.9759487994892903,81.60006284713745,drone2
1743770929.966968,-0.14620505273342133,0.5370228290557861,0.6477012634277344,0.0007605312791414013,3.118508706225338e-05,-0.22397808890889698,0.9745939047502105,81.80008578300476,drone2
1743770930.1669157,-0.11924692988395691,0.5222913026809692,0.621160626411438,0.0003414801257056233,0.0007272299387231841,-0.231375535172135,0.9728642823810205,82.00003337860107,drone2
1743770930.3670185,-0.09053023904561996,0.5060971975326538,0.5904483795166016,-0.000855446967232348,0.0007773156879068609,-0.23805286038171602,0.9712514910759027,82.20013618469238,drone2
1743770930.5669565,-0.06112009659409523,0.49026235938072205,0.5606186389923096,-0.0006631329991601967,0.001172861430226289,-0.24252759128811757,0.9701435347222482,82.40007424354553,drone2
1743770930.7669103,-0.030865881592035294,0.47449952363967896,0.5332944393157959,-2.8532778476927578e-05,0.00046984230411259984,-0.2444965234631526,0.9696501637135797,82.6000280380249,drone2
1743770930.9669235,-0.0002619127626530826,0.45706936717033386,0.5103060603141785,0.0006217018444727799,-0.0011350787355903697,-0.24493556718409054,0.9695385167118743,82.80004119873047,drone2
1743770931.1669364,0.030949003994464874,0.4373984634876251,0.49178218841552734,0.0004717266674836448,-0.0015282820582468582,-0.24515679599192425,0.9694820820817183,83.00005412101746,drone2
1743770931.3669116,0.06299876421689987,0.4179493188858032,0.47381722927093506,0.0006907530966874748,-0.0018239880105531162,-0.24637121528491712,0.9691735671506185,83.20002937316895,drone2
1743770931.5669072,0.09503262490034103,0.4003281891345978,0.45500266551971436,0.0001197848831446471,-0.0016590301022472234,-0.2492139780701284,0.9684470819228362,83.40002489089966,drone2
1743770931.7669504,0.12427902966737747,0.38407906889915466,0.4354780912399292,-0.0003163508287231793,-0.0015502797497192586,-0.25318374758452095,0.9674169707983814,83.60006809234619,drone2
1743770931.9669163,0.14731425046920776,0.36956849694252014,0.417577862739563,-0.0011262643848847264,-0.0015550855194252935,-0.2569259662638032,0.9664293015503772,83.8000340461731,drone2
1743770932.166922,0.16424046456813812,0.3579704165458679,0.4022511839866638,-0.0007504745842215388,-0.0002751782762323292,-0.2592229484342227,0.9658172660897262,84.00003981590271,drone2
1743770932.366897,0.1784701645374298,0.3484458327293396,0.38833028078079224,-0.00010553694344227426,0.0016596871650299755,-0.259798463650639,0.9656614491907815,84.20001482963562,drone2
1743770932.566901,0.19313374161720276,0.3389948606491089,0.37550365924835205,0.0007429077637681199,0.0032241011320469286,-0.2592790458895908,0.9657969091618954,84.4000186920166,drone2
1743770932.7668953,0.20918086171150208,0.3287005126476288,0.36252760887145996,0.0010627836577653913,0.0034432666376190374,-0.25859869038750366,0.9659780773902196,84.60001301765442,drone2
1743770932.9670136,0.22590801119804382,0.3148866295814514,0.3498089909553528,0.001298128325968652,0.0023372467752494105,-0.25861512765842287,0.9659768129847641,84.80013132095337,drone2
1743770933.166903,0.24410328269004822,0.2983219027519226,0.3373144865036011,0.00038584888280693736,0.0017944388715256537,-0.25979304778060536,0.965662650375964,85.00002074241638,drone2
1743770933.3668954,0.26624035835266113,0.28348085284233093,0.3247186541557312,-0.0003549632071211816,0.0009865791304688616,-0.26202761046838013,0.96505976078144,85.20001316070557,drone2
1743770933.5669174,0.28852805495262146,0.26937955617904663,0.3128981590270996,-0.0006762860263000705,0.0002518641337088691,-0.2646833044664758,0.9643351510884164,85.40003514289856,drone2
1743770933.7669156,0.3109615743160248,0.2573823034763336,0.30286073684692383,-0.0006608673179395122,9.735950817334478e-05,-0.26687517239670916,0.9637308706478914,85.60003328323364,drone2
1743770933.966889,0.3352244198322296,0.2484229952096939,0.2940300703048706,-0.000917859784686276,-0.0005437453418309125,-0.26761322693440776,0.9635258051564617,85.8000066280365,drone2
1743770934.1668854,0.3603757619857788,0.2443770170211792,0.28506922721862793,1.3799100461195416e-05,-0.0007457835864755346,-0.26644301968550277,0.9638503780368441,86.00000309944153,drone2
1743770934.3669267,0.3776111304759979,0.24236124753952026,0.27941566705703735,-0.003478492018714992,-0.0006606627163926883,-0.2635139823013896,0.9646491451098225,86.20004439353943,drone2
1743770934.5668716,0.4087006151676178,0.23921434581279755,0.2721483111381531,-0.0020057225871540595,-0.0009073763735046686,-0.24996448700156182,0.9682524899232614,86.39998936653137,drone2
1743770934.7669158,0.43387100100517273,0.23919737339019775,0.29243582487106323,0.00021648531174263739,-0.003944433660809278,-0.2310896952455342,0.972924468080694,86.60003352165222,drone2
1743770934.9669113,0.4530473053455353,0.23942112922668457,0.30095887184143066,0.006709392458170668,-0.004206859942927536,-0.21086675224618845,0.9774827761876927,86.80002903938293,drone2
1743770935.166933,0.46518564224243164,0.2341204732656479,0.28330379724502563,0.00538538543214887,-0.0027676484577682597,-0.1979499654362063,0.9801934507496709,87.00005078315735,drone2
1743770935.3669214,0.47298869490623474,0.22317646443843842,0.2518410086631775,0.002522622814866271,-0.000494376029905819,-0.1964313723375103,0.9805143147073843,87.20003914833069,drone2
1743770935.5669055,0.4790428876876831,0.21033844351768494,0.21839112043380737,1.5054327452437722e-05,0.001641479479519075,-0.2054783619577677,0.9786602748413901,87.4000232219696,drone2
1743770935.7669175,0.4861147105693817,0.1988857388496399,0.192082941532135,-0.004044055434003714,0.002891518004382651,-0.21989920120370965,0.9755100086494433,87.60003519058228,drone2
1743770935.966932,0.4961540997028351,0.19093406200408936,0.1712253987789154,-0.010737774985633788,0.002857753892390966,-0.22876268344555062,0.9734188506137269,87.80004978179932,drone2
1743770936.1668985,0.5086244344711304,0.1924958974123001,0.15256643295288086,-0.006868166468910569,0.002073660837411626,-0.22353166948946956,0.9746702748397122,88.00001621246338,drone2
1743770936.36691,0.5214618444442749,0.20221802592277527,0.13307365775108337,-0.0007295102931387783,0.0012066830002262943,-0.2026790525733711,0.9792442615743571,88.20002770423889,drone2
1743770936.5669067,0.5331993699073792,0.21199621260166168,0.11926177144050598,-0.00011778292841998871,0.0007832016120901555,-0.18080728271343072,0.9835182048944529,88.4000244140625,drone2
1743770936.7669017,0.5342426896095276,0.21253915131092072,0.11864426732063293,0.00023482890437636633,0.001353936556820547,-0.1878170622640657,0.9822030546335188,88.60001945495605,drone2
1743770936.966913,0.5302965641021729,0.2088564932346344,0.11656686663627625,0.00033356398854983465,0.0014579832963592767,-0.18852643587135248,0.9820670467533742,88.80003070831299,drone2
1743770937.166893,0.5269590616226196,0.2055208534002304,0.11176842451095581,0.00034307979205405785,0.0014231902497328986,-0.18849499432236339,0.9820731158995597,89.00001072883606,drone2
1743770937.3668978,0.5261078476905823,0.2006935477256775,0.10358551144599915,0.0007189085908998277,0.003358322874849802,-0.18845465978833842,0.9820758554447129,89.20001554489136,drone2
1743770937.566909,0.5278480052947998,0.19352418184280396,0.09524008631706238,0.0017232726830440513,0.008406463548557596,-0.18826398744567513,0.9820809973602312,89.40002679824829,drone2
1743770937.76689,0.5328002572059631,0.18241439759731293,0.0869411826133728,0.0009727489343591311,0.011915566362364849,-0.17636841877511195,0.9842516022053909,89.60000777244568,drone2
1743770937.9669468,0.5408158302307129,0.1681440770626068,0.07974499464035034,-0.004948747291980584,0.010343015748679515,-0.14875515232992648,0.9888076765294185,89.80006456375122,drone2
1743770938.1670024,0.5499285459518433,0.15111768245697021,0.06939265131950378,-0.010150015451180617,0.007539946733686879,-0.1071434845014238,0.9941632765696977,90.00012016296387,drone2
1743770938.3669078,0.556354284286499,0.1417398303747177,0.05990329384803772,-0.009030140347430448,0.0064563806460204605,-0.06584033160402086,0.9977684336976227,90.20002555847168,drone2
1743770938.5669296,0.5621780753135681,0.13919080793857574,0.052695006132125854,-0.007209313103561505,0.006216128216030488,-0.030786586963267748,0.9994807337120748,90.4000473022461,drone2
1743770938.7669528,0.5738660097122192,0.14048901200294495,0.044982343912124634,-0.005299842105764263,0.005795082639972766,0.004319672650729911,0.9999598169390981,90.60007047653198,drone2
1743770938.9669275,0.588923990726471,0.14503630995750427,0.03791436553001404,-0.004009795849587851,0.004483866235816294,0.028507791157980633,0.9995754798275271,90.80004525184631,drone2
1743770939.1669693,0.610678493976593,0.15320299565792084,0.029482334852218628,-0.0019393212357214436,0.0020946264044243565,0.05228527292018953,0.9986281029666992,91.00008702278137,drone2
1743770939.366943,0.6288038492202759,0.1603994369506836,0.02274802327156067,-0.00021425680259416869,-0.00020518011386680678,0.06450086261149596,0.9979175913945026,91.20006060600281,drone2
1743770939.5668993,0.6484969854354858,0.16926158964633942,0.01569056510925293,0.00046995291901040406,-0.0014244242798229089,0.07000313368459321,0.9975456033095456,91.40001702308655,drone2
1743770939.7668903,0.6655803322792053,0.17661897838115692,0.023593515157699585,0.00015867160706875154,-0.0012515792308990974,0.06676511775404675,0.9977679279354406,91.60000801086426,drone2
1743770939.9669545,0.6697148084640503,0.17714227735996246,0.031685829162597656,-0.00027332556415672095,0.0011506012676084048,0.06582128122849379,0.9978308110334186,91.80007219314575,drone2
1743770940.1669285,0.6732127070426941,0.17462387681007385,0.05944186449050903,0.00024564619762350575,0.00045037566671806247,0.06483584576346058,0.9978958436206711,92.00004625320435,drone2
1743770940.3669555,0.6680086255073547,0.17262369394302368,0.08232197165489197,0.0002384661846056706,0.0003532709175165639,0.06479336174016159,0.9978986253126729,92.2000732421875,drone2
1743770940.566955,0.6631261706352234,0.16937106847763062,0.09735947847366333,0.00024027512662347505,0.00030077610962510743,0.06481852340872257,0.997897065879278,92.40007281303406,drone2
1743770940.7669559,0.6605563163757324,0.1682056188583374,0.10434982180595398,0.0002188034810185388,0.00032066243280417053,0.0648538424677747,0.9978947899494583,92.60007357597351,drone2
1743770940.9669235,0.6606584787368774,0.16780459880828857,0.10609668493270874,0.0001864237324802111,0.00035457132169003407,0.06487162843784633,0.9978936098377,92.80004119873047,drone2
1743770941.166996,0.6628345251083374,0.1662575602531433,0.1047806441783905,0.00020327368443129033,0.00040319826873899396,0.06492540781654615,0.9978899852087281,93.00011372566223,drone2
1743770941.3669655,0.6654408574104309,0.16726142168045044,0.10292404890060425,0.00017414231986592478,0.0007880615882409886,0.06495727083402042,0.9978877935726055,93.20008325576782,drone2
1743770941.56692,0.6699510812759399,0.16986128687858582,0.10197001695632935,-0.0002849436475255836,0.0059447965188488385,0.06531299023545234,0.997847164010641,93.40003776550293,drone2
1743770941.7669022,0.6774395704269409,0.17042191326618195,0.10151463747024536,-0.0009283422903692077,0.014202178761689352,0.07241448132844697,0.9972731239339226,93.60001993179321,drone2
1743770941.966911,0.6892052888870239,0.16500622034072876,0.09619021415710449,-0.0018117850161840905,0.017223014616037202,0.10172976395704775,0.994661410172248,93.80002880096436,drone2
1743770942.1669097,0.7062763571739197,0.15493924915790558,0.08582049608230591,-0.0020856842137662343,0.01482290042440059,0.1544359574533158,0.9878894652877601,94.0000274181366,drone2
1743770942.3669136,0.7262958884239197,0.14687579870224,0.07369309663772583,-0.002240122779055805,0.01147177881606359,0.2131498470300235,0.976949702847727,94.20003128051758,drone2
1743770942.566912,0.747845470905304,0.14549146592617035,0.06353521347045898,-0.0036862766404182398,0.013999742179935456,0.26299348979570414,0.9646889949550896,94.40002965927124,drone2
1743770942.7669094,0.7695570588111877,0.1501845419406891,0.05656462907791138,-0.011052283947686191,0.01162936658234936,0.2898418752341139,0.9569400439752707,94.60002708435059,drone2
1743770942.9669254,0.7905060052871704,0.16438299417495728,0.0499458909034729,-0.01580237013473613,0.005891005286347784,0.28162871886479596,0.9593752045885331,94.8000431060791,drone2
1743770943.1669273,0.8075265288352966,0.1911645531654358,0.03994879126548767,-0.006893591390638667,0.0028689180327986404,0.2477389648127925,0.9687981230240835,95.00004506111145,drone2
1743770943.366922,0.8235893845558167,0.2194630205631256,0.03246384859085083,-0.0004203539808473157,0.001880498126373314,0.20858622842011232,0.9780021518018924,95.20003962516785,drone2
1743770943.5669062,0.839950680732727,0.24173812568187714,0.02775174379348755,-0.0004754604090488634,0.002415924034275808,0.1751325467362268,0.9845418675510853,95.40002393722534,drone2
1743770943.766908,0.8559015989303589,0.2578522264957428,0.020132720470428467,-0.0005456714610396936,0.0036027499831119804,0.14965414460866366,0.9887317279084018,95.60002565383911,drone2
1743770943.9669266,0.8717824816703796,0.271000474691391,0.01078653335571289,-0.0005067687674112479,0.00426516393398748,0.13032749648975073,0.991461790020695,95.800044298172,drone2
1743770944.1669214,0.8900138139724731,0.2843494117259979,0.0017248988151550293,0.0005808741223498995,0.003431440330708532,0.11878225242400997,0.992914212567229,96.00003910064697,drone2
1743770944.3669133,0.9120877981185913,0.29623162746429443,-0.0028541386127471924,0.002586366445300796,0.0024129959190186457,0.11478040915790066,0.9933846556903076,96.200031042099,drone2
1743770944.5669196,0.9352884292602539,0.305690199136734,-0.004256248474121094,0.0023287555023634565,0.001485061123643332,0.11451994163410328,0.993417108763661,96.40003728866577,drone2
1743770944.7668827,0.9574034810066223,0.3122263252735138,0.005927771329879761,0.0025445797588972206,0.0007050377502462311,0.11425386857945408,0.9934481709910135,96.60000038146973,drone2
1743770944.9668863,0.9795187711715698,0.3175737261772156,0.020909518003463745,0.0024270487443311,0.00029005041323066635,0.11227899369877908,0.9936737830710923,96.80000400543213,drone2
1743770945.166914,0.995257556438446,0.32121315598487854,0.03642648458480835,3.291771766273465e-05,0.0009685210374588322,0.10477255568529187,0.9944958152044487,97.00003170967102,drone2
1743770945.3668945,0.997527003288269,0.3182447850704193,0.051996707916259766,6.615441782159135e-05,0.0011867061760537144,0.09589352125635031,0.9953909721199716,97.20001220703125,drone2
1743770945.5668943,0.9955548644065857,0.31121790409088135,0.06078618764877319,0.00023686481015741358,0.00031171523617867786,0.09601945603970086,0.9953793395897828,97.40001201629639,drone2
1743770945.7669053,0.9951175451278687,0.30421119928359985,0.06526577472686768,0.00027884346742994466,0.00032851027683652496,0.09621463809515479,0.9953605842421953,97.60002303123474,drone2
1743770945.9668825,0.996431827545166,0.2976545989513397,0.06677836179733276,0.0001885358596431949,0.0016015018766174563,0.09632485210401082,0.9953486566840667,97.80000019073486,drone2
1743770946.1668804,1.0015689134597778,0.29484814405441284,0.06624647974967957,-0.000550130959811623,0.008692338378017384,0.0963289824951648,0.9953113988699831,97.99999809265137,drone2
1743770946.3668778,1.0072604417800903,0.29582861065864563,0.06546095013618469,-0.0015243500947848718,0.017906399422861027,0.09837112374606322,0.9949875846328738,98.19999551773071,drone2
1743770946.5669127,1.0152586698532104,0.29542726278305054,0.0644732117652893,-0.0023337434419441437,0.023454327386696686,0.10829143821431486,0.9938397152136798,98.40003037452698,drone2
1743770946.7668948,1.0343711376190186,0.29488930106163025,0.06047782301902771,-0.0019263684678505451,0.017377399180677114,0.1222148182072828,0.9923496555314255,98.60001254081726,drone2
1743770946.9668827,1.0616601705551147,0.29424402117729187,0.05525052547454834,-0.0012483198471749035,0.010809117746361474,0.13428955313086577,0.9908823551473673,98.80000042915344,drone2
1743770947.1669176,1.089584231376648,0.2955295145511627,0.048648834228515625,-0.0006877272493095342,0.006387255451605216,0.1406145306868956,0.9900435485683035,99.0000352859497,drone2
1743770947.366951,1.115504503250122,0.2981517016887665,0.04049167037010193,-0.000351391282289425,0.0036795323214757177,0.13929111964365365,0.9902445890357005,99.2000687122345,drone2
1743770947.567097,1.140457272529602,0.3022143244743347,0.032191306352615356,-0.00035419972766178036,0.0019874617241740305,0.12918809858710723,0.9916181548286704,99.40021467208862,drone2
1743770947.7668803,1.1654939651489258,0.30686911940574646,0.025869309902191162,-0.002897832581874652,0.00036863477632243516,0.11061680628720638,0.9938588077360551,99.59999799728394,drone2
1743770947.9668782,1.1900241374969482,0.31149423122406006,0.02276623249053955,-0.0040581404250995,-0.000759455093938374,0.08548763294640466,0.9963307625480675,99.79999589920044,drone2
1743770948.1668787,1.2131438255310059,0.3161710202693939,0.022191554307937622,-0.002151986639466058,-0.0010778656440873198,0.06223715537797586,0.9980585304559232,99.99999642372131,drone2
1743770948.3668811,1.2370028495788574,0.32251834869384766,0.022422730922698975,-0.0005885812745221122,-0.0015396437620069767,0.04698956355164413,0.9988940074339545,100.19999885559082,drone2
1743770948.5670047,1.258265733718872,0.3312625288963318,0.022096723318099976,0.0009206421352323964,-0.0019395243349636083,0.040855890541005246,0.9991627778869085,100.40012240409851,drone2
1743770948.7669072,1.2752999067306519,0.33938801288604736,0.02115166187286377,0.002449535857850031,-0.003208928143106018,0.04197935693491167,0.999110347207361,100.60002493858337,drone2
1743770948.9668963,1.2876390218734741,0.3452775180339813,0.02083072066307068,0.0032102298180644653,-0.003551806605756325,0.04731936264124198,0.9988683400032115,100.80001401901245,drone2
1743770949.1668952,1.2947192192077637,0.34885749220848083,0.021555602550506592,0.003340477180450681,-0.003402252035485072,0.053616523277254635,0.9985502155906512,101.00001287460327,drone2
1743770949.3668952,1.2961397171020508,0.3488225042819977,0.02406543493270874,0.0029024899012427942,-0.002641420941094168,0.058540581735630814,0.9982773147465431,101.20001292228699,drone2
1743770949.5669487,1.2949190139770508,0.3448963761329651,-0.030021801590919495,0.00023153942825506567,0.0003145669602729196,0.060963056147491534,0.9981399581672462,101.40006637573242,drone2
1743770949.766902,1.2868285179138184,0.33961156010627747,-0.01584021747112274,0.00027908575007033656,0.00023158695150209873,0.061022146029103774,0.9981364178319713,101.60001969337463,drone2
1743770949.9669132,1.2816849946975708,0.3374282717704773,0.022550851106643677,0.0002699412730607942,0.00020550328976064533,0.0609828651662917,0.9981387780554878,101.80003094673157,drone2
1743770950.1669073,1.2789729833602905,0.3380280137062073,0.055260807275772095,0.00022824167273730102,0.00019465280818548267,0.06089009995271916,0.9981444678800369,102.0000250339508,drone2
1743770950.3668664,1.2790366411209106,0.34169548749923706,0.0779908299446106,0.00021834433401230345,0.00014692268685527772,0.06078060244028788,0.9981511270821016,102.19998407363892,drone2
1743770950.5669012,1.2810231447219849,0.3451637327671051,0.09379172325134277,0.0002007891837907541,0.0001477853801607351,0.06072210261455474,0.9981546674173765,102.40001893043518,drone2
1743770950.76689,1.2809349298477173,0.34821340441703796,0.10574984550476074,0.00018323380076343143,0.00014854561448775222,0.06068699428974522,0.9981568169066506,102.60000777244568,drone2
1743770950.9668906,1.2797162532806396,0.3509485125541687,0.11419740319252014,0.00016657545696734086,0.00013858900547081645,0.060681051584105195,0.9981571962282871,102.80000829696655,drone2
1743770951.1669083,1.2790501117706299,0.3539745807647705,0.11891856789588928,0.00015579861275863622,0.0001264862642133521,0.06066861826379438,0.9981579970184089,103.00002598762512,drone2
1743770951.366901,1.2779242992401123,0.35500940680503845,0.12164142727851868,0.0001517996333894047,0.00012984441803776882,0.06066642662767191,0.9981580813121058,103.20001864433289,drone2
1743770951.5669715,1.278067946434021,0.35459715127944946,0.11999881267547607,0.0001880271134312643,0.00013554873056591512,0.060667185270945057,0.9981580813121058,103.40008926391602,drone2
1743770848.1668823,-0.23269695043563843,-0.07287377119064331,-0.05588190257549286,-0.00026442651684569087,-0.00027499650926613264,0.9243025992330713,-0.3816604916624613,0.0,drone3
1743770848.3669214,-0.23355065286159515,-0.07550524175167084,-0.06304731965065002,-0.00025448974728594547,-0.00025150679437162775,0.9243375811173354,-0.3815756922032573,0.20003914833068848,drone3
1743770848.5668836,-0.23295171558856964,-0.07655806094408035,-0.07127732038497925,-0.00022510972959458432,-0.00024259594744149238,0.9243706453199922,-0.3814954235302684,0.40000128746032715,drone3
1743770848.7668757,-0.23268552124500275,-0.07684486359357834,-0.07672645151615143,-0.00021536698033417645,-0.0002312358437387528,0.924408746071046,-0.38140320622572654,0.5999934673309326,drone3
1743770848.9669895,-0.2328770011663437,-0.07649865746498108,-0.07918579876422882,-0.0002089039525045285,-0.00022692664746100992,0.9244449923607654,-0.3813155407808238,0.8001072406768799,drone3
1743770849.1669278,-0.23376858234405518,-0.07636712491512299,-0.0816386491060257,-0.0002052217735595586,-0.000230661427648555,0.9244749376966324,-0.3812428585405668,1.0000455379486084,drone3
1743770849.3669107,-0.2362453043460846,-0.07875605672597885,-0.08468988537788391,-0.00021131133976975375,-0.0002481196020464249,0.9245145768076568,-0.3811467426525377,1.200028419494629,drone3
1743770849.5669098,-0.24012671411037445,-0.07989650219678879,-0.0890207439661026,-0.00024126454054891234,-0.00024525455946831004,0.9245560071597431,-0.38104613812514226,1.4000275135040283,drone3
1743770849.7669191,-0.24392126500606537,-0.08013571053743362,-0.09434886276721954,-0.0002450947080787553,-0.00024296328697652751,0.9245898089322488,-0.380964036064243,1.600036859512329,drone3
1743770849.966908,-0.24730446934700012,-0.08109438419342041,-0.10005877912044525,-0.00022655698083290648,-0.0002112596658916127,0.9246209133064499,-0.3808887617928025,1.8000257015228271,drone3
1743770850.1669025,-0.2472308725118637,-0.08422224968671799,-0.10499252378940582,-0.0001888394229370802,-0.00022793903166316908,0.9246584029282003,-0.3807976613797462,2.0000202655792236,drone3
1743770850.366903,-0.2454662024974823,-0.08802615106105804,-0.10224035382270813,-0.00017313669153305963,-0.0002656327867764471,0.924703247175016,-0.38068866962949705,2.2000207901000977,drone3
1743770850.5669136,-0.24375106394290924,-0.09185563027858734,-0.09690225124359131,-0.00016782494870485552,-0.00029547453050540425,0.9247338247136105,-0.38061442795584516,2.400031328201294,drone3
1743770850.7669284,-0.24102193117141724,-0.0946442112326622,-0.09368441998958588,-0.00013144687291070562,-0.00031195645382922155,0.924766362080661,-0.3805352761743417,2.600046157836914,drone3
1743770850.9669375,-0.2387671321630478,-0.096439890563488,-0.0923662781715393,-0.00011239289082362452,-0.0002780693843750639,0.9248085510760204,-0.3804328171856116,2.8000552654266357,drone3
1743770851.1669052,-0.2381121814250946,-0.0976262092590332,-0.09136776626110077,-0.00010720057607091893,-0.0002604839205266315,0.9248421842611321,-0.3803510522995006,3.0000228881835938,drone3
1743770851.3669007,-0.23747435212135315,-0.09616200625896454,-0.08991293609142303,-9.024823073860633e-05,-0.0002095076056556853,0.9248792734878217,-0.38026102663108124,3.2000184059143066,drone3
1743770851.5668826,-0.23724298179149628,-0.0940052792429924,-0.08901669085025787,-8.192636328247673e-05,-0.0001876211104524332,0.9249098088795679,-0.3801864899294898,3.4000003337860107,drone3
1743770851.7668817,-0.23676684498786926,-0.09269537031650543,-0.0889730304479599,-6.140223717499288e-05,-0.00020462243503252702,0.9249361506598872,-0.3801224688666017,3.59999942779541,drone3
1743770851.9669065,-0.2347399741411209,-0.09154418110847473,-0.08869782090187073,-6.337858069223872e-05,-0.000214310746328568,0.9249735770613647,-0.38003151596751517,3.8000242710113525,drone3
1743770852.1669035,-0.2310560792684555,-0.09033083915710449,-0.08738811314105988,-8.125718945484539e-06,-0.0001944206339461445,0.9250104555538119,-0.37994170103333846,4.00002121925354,drone3
1743770852.366886,-0.22863426804542542,-0.08771011233329773,-0.08436302840709686,-2.3269675334481757e-05,-0.00017720812751902598,0.9250437726375597,-0.3798604208359852,4.200003623962402,drone3
1743770852.5668962,-0.22639860212802887,-0.08430945873260498,-0.08141693472862244,-2.723846584014517e-05,-0.000134450797959474,0.9250714209701829,-0.37979323875945886,4.4000139236450195,drone3
1743770852.7668955,-0.22298289835453033,-0.0831378847360611,-0.07980524003505707,-3.6317422816022345e-05,-0.00013756995800738136,0.9251096060149337,-0.37970017851794685,4.600013256072998,drone3
1743770852.9668953,-0.2184181809425354,-0.08316498249769211,-0.0803801417350769,-2.3185088379358776e-05,-0.00018923895880314598,0.9251405839485892,-0.3796248620996578,4.800013065338135,drone3
1743770853.1668754,-0.21321624517440796,-0.08198954910039902,-0.08179928362369537,2.4493750083506775e-05,-0.0002467683677549647,0.9251856178562231,-0.3795150063390142,4.999993085861206,drone3
1743770853.3669293,-0.21054527163505554,-0.07913526892662048,-0.08429081737995148,2.3030011437419918e-05,-0.00022012641461711106,0.9252177759016369,-0.3794366553476325,5.200047016143799,drone3
1743770853.5668528,-0.20956933498382568,-0.07585904002189636,-0.0870196521282196,1.1375625802554504e-05,-0.00020078084651448369,0.9252484588073528,-0.379361633957283,5.399970531463623,drone3
1743770853.7669675,-0.21120978891849518,-0.07035359740257263,-0.09144310653209686,-3.115228331402898e-05,-0.00013210402830136691,0.9252741473115202,-0.37929910910751713,5.600085258483887,drone3
1743770853.9669406,-0.2139301896095276,-0.06513815373182297,-0.09478689730167389,-7.219114869731848e-05,-0.00010277231443164496,0.9253044930424481,-0.379224930654138,5.800058364868164,drone3
1743770854.1668735,-0.21724030375480652,-0.06075449660420418,-0.09971140325069427,-7.990157462019772e-05,-8.850434925246432e-05,0.9253398331749245,-0.3791389300097515,5.999991178512573,drone3
1743770854.3668761,-0.22050067782402039,-0.06023786589503288,-0.07203222811222076,-0.00010257757304536446,-0.00013511252200265936,0.9253731291852482,-0.3790575865921255,6.199993848800659,drone3
1743770854.566882,-0.22334857285022736,-0.06201116368174553,-0.01869446039199829,-0.00012363666109556544,-0.00018265208087452612,0.9254061301676321,-0.3789768753772271,6.399999618530273,drone3
1743770854.7668936,-0.22488701343536377,-0.0641198456287384,0.028591841459274292,-0.0001494829252592095,-0.00024380096620199462,0.9254332938114973,-0.3789105151642467,6.600011348724365,drone3
1743770854.9668875,-0.22550402581691742,-0.06662385910749435,0.061684638261795044,-0.00013446022852262358,-0.00026696430203304063,0.9254639977906376,-0.3788354727004731,6.800005197525024,drone3
1743770855.1668935,-0.2247098833322525,-0.06818714737892151,0.08268466591835022,-0.00011997200239281328,-0.00027318882356346157,0.9254991061154472,-0.3787497881574505,7.000011205673218,drone3
1743770855.3669305,-0.22144871950149536,-0.06917086988687515,0.09642091393470764,-8.418432718470674e-05,-0.0003021829947862501,0.925529451846375,-0.3786756097040712,7.200048208236694,drone3
1743770855.5668945,-0.21779172122478485,-0.06882612407207489,0.10555428266525269,-7.45577338570748e-06,-0.00028988954315517713,0.9255626003427289,-0.37859466668150604,7.400012254714966,drone3
1743770855.7668765,-0.21555392444133759,-0.06734000891447067,0.11174464225769043,7.421415883888062e-06,-0.00026338387786120214,0.9255959595733252,-0.37851300716251624,7.59999418258667,drone3
1743770855.9668772,-0.21413390338420868,-0.06784173101186752,0.11498656868934631,-4.710527706602159e-06,-0.0002588493153051181,0.9256203836720373,-0.37845309541735794,7.799994945526123,drone3
1743770856.1669037,-0.2125597447156906,-0.07118366658687592,0.11749425530433655,-1.9615499322628232e-05,-0.00029447084179181216,0.925644280935143,-0.37839489061956444,8.00002145767212,drone3
1743770856.3668752,-0.2121088057756424,-0.07438607513904572,0.1168484091758728,-5.02597669975048e-05,-0.00030573144868017776,0.9256548387206949,-0.3783690756748515,8.199992895126343,drone3
1743770856.5669253,-0.21060623228549957,-0.07749368995428085,0.1138426661491394,-6.199140813496294e-05,-0.00033187377233163127,0.925671592092978,-0.3783278771304321,8.40004301071167,drone3
1743770856.7669792,-0.20918354392051697,-0.07887355983257294,0.11059501767158508,-4.9537878739660495e-05,-0.000349689994291564,0.9256751745751015,-0.3783193213201844,8.600096940994263,drone3
1743770856.9669425,-0.20799648761749268,-0.07933121919631958,0.10649821162223816,-6.126252284172134e-05,-0.00036684446133903757,0.9256723296628269,-0.3783263809173099,8.800060272216797,drone3
1743770857.166946,-0.208195760846138,-0.07981819659471512,0.10252073407173157,5.7021722584920204e-05,-0.0006948374720441247,0.9250997015055337,-0.3797235700188703,9.00006365776062,drone3
1743770857.3669477,-0.21384134888648987,-0.08843878656625748,0.10679033398628235,0.00942939884278114,-0.01895580820630556,0.9109487917508797,-0.4119757925656801,9.20006537437439,drone3
1743770857.566943,-0.20480889081954956,-0.1094784364104271,0.1591482162475586,0.018488024368268206,-0.01711228587233025,0.8615764350452478,-0.5070023742215857,9.400060653686523,drone3
1743770857.7669451,-0.17446446418762207,-0.13480262458324432,0.2430182695388794,0.00595377692566813,-0.001917584965839139,0.7565646064326035,-0.6538890355848347,9.600062847137451,drone3
1743770857.9670517,-0.1398685723543167,-0.15663966536521912,0.23199251294136047,-0.004396978367341481,0.00847736129783419,0.5744096097494082,-0.8185122919866505,9.800169467926025,drone3
1743770858.166987,-0.1169436126947403,-0.174000546336174,0.3159237205982208,-0.01418774247825764,0.017699820266879784,0.33031401871942767,-0.9435985012259958,10.000104665756226,drone3
1743770858.3670223,-0.11915647983551025,-0.1973581314086914,0.5321500301361084,-0.015216817218292942,0.01861753480134299,0.10937903764013862,-0.9937092707175386,10.200139999389648,drone3
1743770858.5669472,-0.13798083364963531,-0.231281578540802,0.775322675704956,-0.011906680539000562,0.014569558763770087,-0.017176526642129653,-0.9996754521521951,10.400064945220947,drone3
1743770858.7669685,-0.16469313204288483,-0.27439817786216736,0.9905916452407837,-0.003836453105652003,0.009764739255141403,-0.045738181472507244,-0.9988984328530482,10.600086212158203,drone3
1743770858.9669743,-0.19641229510307312,-0.32206979393959045,1.1461340188980103,-0.001826648036456879,0.012788962333166058,-0.005157889173914575,-0.9999032558683965,10.800091981887817,drone3
1743770859.1669703,-0.2285487800836563,-0.36200815439224243,1.2310470342636108,-4.368718411500815e-05,0.015716307587165888,0.06066166403379031,-0.9980347174865145,11.000087976455688,drone3
1743770859.3669882,-0.278723806142807,-0.4072156250476837,1.2959990501403809,0.005251240492099338,0.01211753109697887,0.13227223637374053,-0.9911254581695781,11.200105905532837,drone3
1743770859.5669596,-0.34017443656921387,-0.44646531343460083,1.3504868745803833,0.00039664662551410585,0.01358904616588822,0.17703235807970402,-0.984111126759304,11.40007734298706,drone3
1743770859.7670004,-0.4123893082141876,-0.4827556014060974,1.3833588361740112,-0.0024256686819965774,0.0041152765697926984,0.19096581116946604,-0.9815851396875006,11.600118160247803,drone3
1743770859.9669611,-0.488493949174881,-0.5196679830551147,1.310443639755249,-0.0003155046864932722,-0.00018354268772074626,0.197475012600337,-0.9803078794433779,11.800078868865967,drone3
1743770860.1669593,-0.5636739134788513,-0.5563005805015564,1.3234809637069702,-0.005421945436008229,0.011900127444919802,0.1903736058010394,-0.9816247155782524,12.00007700920105,drone3
1743770860.366952,-0.6458263397216797,-0.5961163640022278,1.3850747346878052,-0.003972745271228962,0.004303584614195231,0.16621815110138483,-0.9860717138583337,12.200069665908813,drone3
1743770860.566924,-0.726198673248291,-0.6363584399223328,1.3472459316253662,-0.010592425322371047,0.0027277437063528585,0.15403429798700702,-0.9880050319463771,12.400041818618774,drone3
1743770860.7669458,-0.8047007918357849,-0.6795629262924194,1.2644158601760864,-0.008459459588565248,0.0038008637140794625,0.1682426328227571,-0.9857020859968932,12.600063562393188,drone3
1743770860.9669614,-0.8862453699111938,-0.7290515899658203,1.199990153312683,-0.010413782694553153,0.009600310816619908,0.21550631947711618,-0.9763998129152054,12.800079107284546,drone3
1743770861.1669586,-0.9769018888473511,-0.782326877117157,1.1554282903671265,-0.008958942219540116,0.011756810708553294,0.29072274436799167,-0.9566932320303909,13.000076293945312,drone3
1743770861.3669584,-1.0772923231124878,-0.8354955911636353,1.1256040334701538,0.0030428113199431413,0.0060426122748892626,0.3701813760020343,-0.9289348750592067,13.20007610321045,drone3
1743770861.5669312,-1.177811861038208,-0.8822745084762573,1.1099413633346558,0.0003500236499824324,0.014080891326931728,0.442100526493357,-0.8968550331228065,13.400048971176147,drone3
1743770861.7669375,-1.2831087112426758,-0.9210065007209778,1.0839202404022217,-0.0037401047514116336,0.016189563353838043,0.5090091121197349,-0.8606007776490691,13.60005521774292,drone3
1743770861.9669244,-1.407472848892212,-0.9556960463523865,1.052638053894043,-0.0016749253087182784,0.009979240701553739,0.5755295568814639,-0.817718392874675,13.800042152404785,drone3
1743770862.1668816,-1.5267925262451172,-0.9816440939903259,1.0289846658706665,0.001175425884858491,0.0035157949430973854,0.6295813833468512,-0.7769257120697239,13.999999284744263,drone3
1743770862.366936,-1.644257664680481,-1.0064208507537842,1.016964077949524,0.00470975095332148,-0.0018106786614106103,0.6691408631694418,-0.7431185184255972,14.200053691864014,drone3
1743770862.566929,-1.7550604343414307,-1.0297611951828003,1.005156397819519,0.004860418445804146,-0.003044014892349508,0.6976978126993097,-0.7163692472283614,14.400046825408936,drone3
1743770862.7669342,-1.8567173480987549,-1.0523842573165894,0.9937978982925415,0.0026790338855934197,-0.0010877438940250608,0.717166283646373,-0.696896140127962,14.600051879882812,drone3
1743770862.9669185,-1.9507286548614502,-1.0722318887710571,0.9789201021194458,-0.0024444317674819456,0.006139859871655287,0.7351504644196164,-0.6778717751334697,14.800036191940308,drone3
1743770863.166926,-2.0448367595672607,-1.0898997783660889,0.9604361057281494,-0.0021363374816866787,0.00861493766636071,0.7576489552827357,-0.6526020446870621,15.000043630599976,drone3
1743770863.366929,-2.142648458480835,-1.1016929149627686,0.9453258514404297,0.0013725061125386194,0.003320563249851127,0.7811348756836584,-0.6243520131178619,15.20004677772522,drone3
1743770863.5669813,-2.240851879119873,-1.1078158617019653,0.9345760345458984,-0.0025832435655054747,0.0064656611021811855,0.8058268176180082,-0.5921104747971497,15.400099039077759,drone3
1743770863.766968,-2.3424072265625,-1.1114526987075806,0.9257898330688477,-0.001496716744049235,0.005731194479598279,0.8332517614073349,-0.552862159888759,15.600085735321045,drone3
1743770863.9669347,-2.446362018585205,-1.1147456169128418,0.9163205623626709,0.003950162174848026,0.0010812031476536896,0.860245132004622,-0.5098642822127329,15.800052404403687,drone3
1743770864.1669598,-2.5304372310638428,-1.1161212921142578,0.9085652828216553,0.00869361496654615,-0.0026754223451936053,0.8728246491961079,-0.48794932236978106,16.000077486038208,drone3
1743770864.3669271,-2.6218018531799316,-1.1179579496383667,0.9032570123672485,0.009543721510822438,-0.004080369759602543,0.8736674175789318,-0.48641298544786193,16.200044870376587,drone3
1743770864.5669174,-2.70330548286438,-1.1202466487884521,0.9001840353012085,0.007443160447348692,0.0014060274274020072,0.8568238405033259,-0.5155538328071883,16.40003514289856,drone3
1743770864.7669206,-2.781961441040039,-1.1191893815994263,0.8975303173065186,0.008034907468797715,0.004864945527706192,0.8148825316359074,-0.5795500817381756,16.600038290023804,drone3
1743770864.966905,-2.8508188724517822,-1.113028645515442,0.8950589895248413,0.00845599416272816,0.004146759113177392,0.7559382884586634,-0.6545752020836602,16.800022840499878,drone3
1743770865.1669066,-2.9159762859344482,-1.0998198986053467,0.8914483785629272,0.007763571984985168,0.0020227444809602273,0.6849977377403811,-0.7285010983756662,17.00002431869507,drone3
1743770865.3669605,-2.9780516624450684,-1.080200433731079,0.8892965316772461,0.004719314995210919,0.0006756087132735775,0.6187482050183459,-0.7855750092957886,17.20007824897766,drone3
1743770865.5668943,-3.0356037616729736,-1.056852102279663,0.8850194215774536,0.003924387072077874,-0.0029100708083747923,0.5619464178598124,-0.8271593396246759,17.400012016296387,drone3
1743770865.766899,-3.086442708969116,-1.0316989421844482,0.8820219039916992,0.0058560248838089805,-0.002636928607704574,0.519348461092594,-0.8545384908630954,17.600016832351685,drone3
1743770865.966922,-3.130558729171753,-1.002906322479248,0.87934410572052,0.010532880715776087,-0.002263640061980281,0.4786183894311059,-0.877956997379825,17.800039768218994,drone3
1743770866.166889,-3.1695518493652344,-0.9691394567489624,0.8767988681793213,0.012166624272959942,-0.003857340161811729,0.4258161854139301,-0.904719613981515,18.000006675720215,drone3
1743770866.3668888,-3.2052159309387207,-0.9297822117805481,0.8743791580200195,0.006980389697060401,-0.00253246813757869,0.36629073719572086,-0.9304708537329134,18.20000648498535,drone3
1743770866.5669005,-3.2367641925811768,-0.887326180934906,0.8729737997055054,0.0127529784734331,-0.0010809790778848307,0.2961698030695397,-0.955049589232163,18.400018215179443,drone3
1743770866.7668998,-3.262723684310913,-0.8380348682403564,0.8725348711013794,0.014047893307998006,-0.0033613497923626837,0.21064602920053693,-0.9774556757641002,18.600017547607422,drone3
1743770866.9668918,-3.2818775177001953,-0.7781586647033691,0.8706926107406616,0.008792463649647322,-0.00615611604283479,0.1156386032872796,-0.9932334327978505,18.80000948905945,drone3
1743770867.1668904,-3.293076515197754,-0.7128024101257324,0.8665585517883301,0.0025640863411321756,-0.007466776676585549,0.022908498039611425,-0.999706387939002,19.00000810623169,drone3
1743770867.3668795,-3.29617977142334,-0.6476301550865173,0.8633512258529663,-0.002426759560974037,-0.005945235109491156,-0.048956051209465556,-0.9987802952366722,19.199997186660767,drone3
1743770867.5668812,-3.2926135063171387,-0.5851198434829712,0.859900951385498,-0.0022238787909495106,-0.004143958817293262,-0.0987560509135132,-0.9951006646274286,19.399998903274536,drone3
1743770867.7668765,-3.284527540206909,-0.5254627466201782,0.8571059703826904,0.00020962574751147653,-0.00513512378418205,-0.12779076197157702,-0.9917877537470783,19.59999418258667,drone3
1743770867.9668708,-3.2718260288238525,-0.4696558117866516,0.8542166948318481,0.005412976882990257,-0.007170920946562747,-0.14846800585102166,-0.9888764180393398,19.799988508224487,drone3
1743770868.1668642,-3.253704786300659,-0.4131207764148712,0.8533453941345215,0.004466718971599509,-0.006078867701913574,-0.17161193618641485,-0.9851357166466039,19.99998188018799,drone3
1743770868.3669162,-3.2325873374938965,-0.3550121486186981,0.8542389869689941,0.0006692723626539564,-0.004337117000838049,-0.19623994135157363,-0.9805461777248585,20.20003390312195,drone3
1743770868.5669463,-3.2100894451141357,-0.2990075647830963,0.8557969331741333,0.0013886966762216475,-0.006343089999541224,-0.22371462895885524,-0.9746330591724772,20.40006399154663,drone3
1743770868.7668817,-3.1846606731414795,-0.244203582406044,0.8563171625137329,-0.0010298910059528936,-0.006167469679424645,-0.2540256308835259,-0.9671772816709001,20.59999942779541,drone3
1743770868.96687,-3.154661178588867,-0.19150158762931824,0.8573498725891113,-0.004384979418872269,-0.004770641069243822,-0.28354136392364465,-0.9589382049897479,20.79998779296875,drone3
1743770869.1668785,-3.126927375793457,-0.15327399969100952,0.8584977388381958,-0.005812156435317996,-0.0026793159895969506,-0.3030983024228211,-0.9529378846077974,20.999996185302734,drone3
1743770869.3668654,-3.090146064758301,-0.11066363751888275,0.8631752729415894,-0.0055662203546338156,-0.0010268921588996633,-0.3210614999924067,-0.9470414140605778,21.1999831199646,drone3
1743770869.566863,-3.054427146911621,-0.06952138245105743,0.8630266189575195,-0.004392906061870907,-0.004458695378501435,-0.33099852568609295,-0.9436105130778213,21.399980783462524,drone3
1743770869.7668848,-3.0163674354553223,-0.027755238115787506,0.8646187782287598,-0.006661747668516785,-0.004738085818594116,-0.33384824270130864,-0.9425914022808279,21.60000252723694,drone3
1743770869.9672482,-2.968688726425171,0.01218622736632824,0.8727128505706787,-0.007886285497874842,-0.001398497958769929,-0.3299185126930013,-0.9439754626390771,21.800365924835205,drone3
1743770870.1669545,-2.9333388805389404,0.03458346053957939,0.8877987861633301,-0.007478366236745392,0.0006841915238461849,-0.3236300975280547,-0.9461539700183326,22.000072240829468,drone3
1743770870.3669465,-2.8907456398010254,0.0557359904050827,0.8994311094284058,-0.006164259110312099,0.0022042782014863116,-0.3143590763345376,-0.9492816665729017,22.200064182281494,drone3
1743770870.5669563,-2.846421957015991,0.07300744205713272,0.8985723257064819,-0.006123806367547992,0.002950419995015114,-0.30394239843137305,-0.9526661428020236,22.400074005126953,drone3
1743770870.766979,-2.8026888370513916,0.08505931496620178,0.8914039134979248,-0.006533617297776622,0.00030133317396801554,-0.293664762981446,-0.9558861198814073,22.600096702575684,drone3
1743770870.96697,-2.758924961090088,0.09352525323629379,0.8846104145050049,-0.010600162067886932,-0.005993785809433787,-0.28088834625042935,-0.9596632572246808,22.800087690353394,drone3
1743770871.1671116,-2.710179090499878,0.0949648916721344,0.8809120655059814,-0.013266325277298275,-0.008596300033604095,-0.2620228689479226,-0.9649322454912703,23.000229358673096,drone3
1743770871.366979,-2.65341854095459,0.08745649456977844,0.8781630992889404,-0.0089954254206462,-0.0059883165972949935,-0.2402476575179207,-0.970651446393653,23.200096607208252,drone3
1743770871.5669317,-2.5924558639526367,0.07305406033992767,0.8761081695556641,-0.013930978691091238,-0.011327322056835705,-0.21563520453986235,-0.9763088600161188,23.400049448013306,drone3
1743770871.7669375,-2.5232763290405273,0.04992479085922241,0.8728179931640625,-0.017004434968123004,-0.013993347218854564,-0.18531269652554816,-0.9824329235452973,23.60005521774292,drone3
1743770871.9669588,-2.44260573387146,0.016999144107103348,0.8702405691146851,-0.012718752968695398,-0.011542658908115502,-0.15014346951987523,-0.988515008813359,23.800076484680176,drone3
1743770872.1669571,-2.3514204025268555,-0.022368909791111946,0.8696738481521606,-0.008256076184444992,-0.006832199237426344,-0.11364952491865637,-0.9934631331222348,24.000074863433838,drone3
1743770872.3669415,-2.259300708770752,-0.06646569073200226,0.8698828220367432,-0.0034871018090327334,-0.0038780092603187513,-0.08317625762721859,-0.9965212241564883,24.200059175491333,drone3
1743770872.566935,-2.1692466735839844,-0.11235690116882324,0.871064305305481,-0.002919718691211849,-0.0016303648534265473,-0.06014043395825591,-0.9981842966518797,24.400052785873413,drone3
1743770872.7669568,-2.0806593894958496,-0.15820713341236115,0.8727134466171265,-0.0025598467962257886,-0.007615672108115294,-0.04502670052279484,-0.998953518784052,24.600074529647827,drone3
1743770872.9669569,-1.986773133277893,-0.2063038945198059,0.8752936124801636,-0.005244767987402512,-0.015859516980777463,-0.03362399709871794,-0.9992949504038386,24.800074577331543,drone3
1743770873.1669586,-1.879798173904419,-0.25925153493881226,0.8763853311538696,-0.0031988555813792017,-0.01677653922032664,-0.02154032704325065,-0.9996221785356774,25.000076293945312,drone3
1743770873.3669496,-1.7614718675613403,-0.3134102523326874,0.8745064735412598,0.0018955696583012036,-0.01102336532386604,-0.00918354540943267,-0.9998952901140279,25.200067281723022,drone3
1743770873.5669346,-1.6381725072860718,-0.3637283742427826,0.8708306550979614,0.004756332440549188,-0.01677432980350236,0.003409047841803791,-0.9998422272317526,25.400052309036255,drone3
1743770873.7669365,-1.5034924745559692,-0.40791141986846924,0.8664765357971191,0.008795526704790082,-0.015896847234756976,0.015996035562188204,-0.9997070201417297,25.600054264068604,drone3
1743770873.9669437,-1.3602145910263062,-0.44163069128990173,0.8633530139923096,0.011385750677444033,-0.009433529398571307,0.027027467397732652,-0.9995253672246478,25.800061464309692,drone3
1743770874.1669657,-1.2184011936187744,-0.4642309248447418,0.8592352867126465,0.011027841450886918,-0.0019491481809260501,0.03475682009299397,-0.9993330511548926,26.000083446502686,drone3
1743770874.3669338,-1.0893288850784302,-0.47410687804222107,0.8705155849456787,0.009028959000901194,0.0023098221419639215,0.038348869551031894,-0.9992209826847022,26.2000515460968,drone3
1743770874.5669227,-0.9664906859397888,-0.47707805037498474,0.9117653369903564,0.007139349088079231,0.005614413711862953,0.037969252886494276,-0.9992376306898638,26.4000403881073,drone3
1743770874.7669606,-0.8467337489128113,-0.47483915090560913,0.9188637733459473,0.00704830341653516,0.0027184588873348185,0.03508973804938148,-0.999355684012543,26.600078344345093,drone3
1743770874.9669406,-0.7327472567558289,-0.46810346841812134,0.885521650314331,0.010554441462967476,-0.0035973099115676733,0.030057994393059895,-0.9994860020681386,26.800058364868164,drone3
1743770875.166933,-0.6180717945098877,-0.45491933822631836,0.8318018913269043,0.013179630691636643,-0.003116954047282665,0.022388153047895987,-0.9996576661821235,27.00005078315735,drone3
1743770875.366934,-0.5019325613975525,-0.4345517158508301,0.7798563241958618,0.010066082965821463,3.0869273812293606e-06,0.013761578241534622,-0.9998547026989119,27.20005178451538,drone3
1743770875.5669398,-0.38948526978492737,-0.40907156467437744,0.741304874420166,0.020650999563712545,-0.002597568225643042,0.0031185717618666398,-0.9997785011968043,27.400057554244995,drone3
1743770875.7669306,-0.2799852788448334,-0.3700660169124603,0.7147722244262695,0.027193227001658868,-2.2262755636804398e-05,-0.012911476307069736,-0.9995468621173884,27.600048303604126,drone3
1743770875.966954,-0.17586034536361694,-0.3115869164466858,0.6899318695068359,0.022400622588154562,0.004713741074495403,-0.03533149237243988,-0.9991134239273023,27.800071716308594,drone3
1743770876.1669698,-0.08196298032999039,-0.23584377765655518,0.6632190942764282,0.01698519707204757,0.008527278148358693,-0.0626300061529459,-0.9978558462614342,28.00008749961853,drone3
1743770876.3669147,-0.00026619384880177677,-0.15072885155677795,0.6391643285751343,0.01005941588180217,0.010548219843148802,-0.08895518061394136,-0.9959290609349103,28.200032472610474,drone3
1743770876.5669174,0.06791238486766815,-0.06306061148643494,0.6161315441131592,0.006652322744154811,0.011881817108783742,-0.1133936514013466,-0.9934567689481096,28.40003514289856,drone3
1743770876.7669418,0.1224125325679779,0.02426275424659252,0.596829891204834,0.006975638133799214,0.012283618491434034,-0.13360146368207698,-0.9909345329458238,28.600059509277344,drone3
1743770876.966938,0.16466771066188812,0.11233602464199066,0.5728776454925537,0.013821642275110343,0.014380125884188896,-0.15449955704771862,-0.9877915581586694,28.800055742263794,drone3
1743770877.1669266,0.19098572432994843,0.20864279568195343,0.5462079048156738,0.014293410883647386,0.015771795888864012,-0.1821804270379156,-0.9830347805420327,29.000044345855713,drone3
1743770877.366934,0.20350125432014465,0.3098890781402588,0.5258023738861084,0.006099849176892239,0.013012267531833422,-0.21265618099341538,-0.9770213946370441,29.20005178451538,drone3
1743770877.5669243,0.2083081752061844,0.4092833697795868,0.5110987424850464,0.012724070705307745,0.012882987311513047,-0.2475100652785298,-0.9687161474037298,29.400042057037354,drone3
1743770877.7669177,0.20362745225429535,0.5119969844818115,0.49864283204078674,0.01481890869802463,0.014105164248520227,-0.2905708471259584,-0.9566348164983547,29.600035429000854,drone3
1743770877.9669018,0.1886506825685501,0.6200670003890991,0.48582765460014343,0.009761775640219367,0.014683928600061777,-0.33999599275935016,-0.9402615666419942,29.80001950263977,drone3
1743770878.1669893,0.16062305867671967,0.7291548848152161,0.47252729535102844,0.004137417494695619,0.014258536012865898,-0.39098729420998246,-0.9202763529416742,30.000107049942017,drone3
1743770878.3669312,0.122452512383461,0.8331491947174072,0.4614643156528473,-0.001277245097598877,0.01214137765215746,-0.4337988406687419,-0.9009270298182623,30.20004892349243,drone3
1743770878.5669258,0.07845533639192581,0.9274811744689941,0.450787216424942,0.00562406097731461,0.016825631737763372,-0.4699086167457839,-0.8825368003795643,30.400043487548828,drone3
1743770878.7669094,0.025227298960089684,1.0147271156311035,0.4416375458240509,0.006757751933251941,0.017619268749024652,-0.506735036761481,-0.8618953602479298,30.600027084350586,drone3
1743770878.9669015,-0.03942006826400757,1.0954475402832031,0.43393149971961975,0.0023149992896134546,0.013711684933976353,-0.5467585481178205,-0.8371749481174109,30.80001926422119,drone3
1743770879.1668804,-0.11261206120252609,1.1671260595321655,0.42869624495506287,-0.0018741030829743438,0.009490251977313654,-0.5883496798943862,-0.8085487769986752,30.999998092651367,drone3
1743770879.3668864,-0.18265801668167114,1.222115159034729,0.4277307689189911,-0.00578774028029905,0.004633617898683665,-0.6243588567123889,-0.7811025753926308,31.20000410079956,drone3
1743770879.56689,-0.25026947259902954,1.2678349018096924,0.44473233819007874,-0.0056535647590888255,0.0027415184818263697,-0.6529305003458635,-0.7573918963853117,31.400007724761963,drone3
1743770879.7668965,-0.3143622577190399,1.3098098039627075,0.449735552072525,-0.004182300924909267,0.00018729664351545231,-0.6731264272153138,-0.7395155634705071,31.600014209747314,drone3
1743770879.9668908,-0.37259641289711,1.352265477180481,0.44437119364738464,-0.0019949474819143153,0.00028990281694296963,-0.6902342518601927,-0.7235832987242939,31.800008535385132,drone3
1743770880.1668851,-0.42814287543296814,1.3964964151382446,0.447916179895401,-0.0043696828499384145,9.731608539497942e-05,-0.7093835198634276,-0.704809221966503,32.00000286102295,drone3
1743770880.3668826,-0.4815709590911865,1.4404656887054443,0.4532999098300934,-0.007220518732273067,-4.9181091672824045e-05,-0.728503052935766,-0.6850045497247716,32.200000286102295,drone3
1743770880.566872,-0.5312896966934204,1.478106141090393,0.46315017342567444,-0.009094567649961716,0.004777808070862912,-0.7487257720299789,-0.6628004229883645,32.39998960494995,drone3
1743770880.766878,-0.5752964019775391,1.5047781467437744,0.4749648869037628,-0.011850773156041154,0.007632590116525523,-0.77254154420406,-0.6348078981268538,32.599995613098145,drone3
1743770880.966875,-0.6143951416015625,1.5196993350982666,0.48309066891670227,-0.013740637184725136,0.0077052611615259226,-0.7983789953340875,-0.6019492877970936,32.79999279975891,drone3
1743770881.1669977,-0.647508978843689,1.523500919342041,0.4931391775608063,-0.01477504169009969,0.004082564688447711,-0.8112960350251607,-0.5844346169893608,33.000115394592285,drone3
1743770881.3669324,-0.6680579781532288,1.521286964416504,0.5033698081970215,-0.011284901994672051,0.00421771909491002,-0.8073587818043942,-0.5899379628070951,33.20005011558533,drone3
1743770881.5669003,-0.6874863505363464,1.5146490335464478,0.51719069480896,-0.007191790222020702,0.004908434325288331,-0.7817434972495799,-0.6235393165114507,33.400017976760864,drone3
1743770881.7668972,-0.7032206058502197,1.5024211406707764,0.5278192758560181,-0.002924264582791399,0.011711652665279694,-0.7403130924798105,-0.6721539044909931,33.60001492500305,drone3
1743770881.9669132,-0.7220419645309448,1.4794096946716309,0.538076639175415,-0.001030105856098609,0.02118423885689437,-0.6851594723202744,-0.7280843753622819,33.80003094673157,drone3
1743770882.1668959,-0.7529299855232239,1.4424875974655151,0.5493075847625732,-0.0005112267844578811,0.023888337193415803,-0.6165545774571872,-0.7869495550029866,34.00001358985901,drone3
1743770882.366918,-0.8007751703262329,1.395097255706787,0.5587153434753418,-0.001991420811437941,0.02005164832882988,-0.5480569344697592,-0.8361983108070042,34.20003581047058,drone3
1743770882.566948,-0.8622798323631287,1.3397408723831177,0.5699180364608765,-0.017603700427583517,0.02615299437738868,-0.48032070064246074,-0.8765261961665772,34.400065660476685,drone3
1743770882.766927,-0.9344715476036072,1.2631524801254272,0.5840013027191162,-0.027874612138084058,0.023003709416758802,-0.4032839322909754,-0.9143610006063216,34.60004472732544,drone3
1743770882.9669137,-1.0124534368515015,1.158408284187317,0.5983073711395264,-0.027556106098981455,0.014527105939017187,-0.31473081153840365,-0.9486697786262206,34.800031423568726,drone3
1743770883.1668968,-1.0894708633422852,1.0300055742263794,0.6096681356430054,-0.02084670121078316,0.0048687822080097885,-0.21977630099345175,-0.9753153745030201,35.000014543533325,drone3
1743770883.3669255,-1.1623096466064453,0.8883472084999084,0.6188583374023438,-0.007985805402465707,-0.00145485290504056,-0.13697864850640634,-0.9905407549401865,35.20004320144653,drone3
1743770883.5668917,-1.228183627128601,0.7459753155708313,0.6235983371734619,-0.010687057509623645,-0.0031459622743147866,-0.06754276925592123,-0.9976542578850067,35.40000939369202,drone3
1743770883.7668922,-1.2868273258209229,0.6021532416343689,0.6263899803161621,-0.010334803369392707,-0.004219937731357265,0.00012323738504593757,-0.9999376898436299,35.60000991821289,drone3
1743770883.9668832,-1.339547872543335,0.45681050419807434,0.6293973922729492,-0.003688997746325093,-0.004385991375406383,0.07079524155550704,-0.9974744594292592,35.8000009059906,drone3
1743770884.1669633,-1.390864372253418,0.3073541820049286,0.6335616111755371,-0.0003055834202224064,-0.0039446285899835416,0.11982273167319857,-0.9927873927000597,36.000081062316895,drone3
1743770884.3669424,-1.4303752183914185,0.1835271120071411,0.6443196535110474,0.00782323101368851,-0.0030310734226327764,0.20075955865163947,-0.9796045749822767,36.20006012916565,drone3
1743770884.5669127,-1.4672058820724487,0.07237609475851059,0.6893892288208008,0.003570006162358431,-0.0015536258555232628,0.25049423074049537,-0.9681103286032342,36.40003037452698,drone3
1743770884.7669158,-1.505622386932373,-0.0366266667842865,0.707255482673645,-0.001124488516721287,-0.0007749787372502689,0.2847155119028855,-0.9586110400781821,36.60003352165222,drone3
1743770884.9669006,-1.5475819110870361,-0.14586564898490906,0.6894173622131348,-0.01596614225133722,3.639709641173677e-05,0.3112011183427377,-0.9502100562784753,36.800018310546875,drone3
1743770885.1669488,-1.5965197086334229,-0.26718929409980774,0.6565002202987671,-0.015215840102879243,-0.0010993603721916462,0.3400680427968797,-0.9402770977556704,37.00006651878357,drone3
1743770885.3669255,-1.6497424840927124,-0.3993508219718933,0.6241105794906616,-0.006206890112513499,-0.004997989175543302,0.36984179884358204,-0.9290605991083147,37.20004320144653,drone3
1743770885.566992,-1.7001398801803589,-0.5389547348022461,0.6140891313552856,-0.013887074928151149,-0.010006149982602752,0.40168964345235403,-0.9156158387270366,37.40010976791382,drone3
1743770885.7669284,-1.744491457939148,-0.6932841539382935,0.6332961320877075,-0.009550370999355663,-0.011839581356764172,0.43828423472781686,-0.8987077875099211,37.600046157836914,drone3
1743770885.9669209,-1.7795331478118896,-0.8586724996566772,0.6563904285430908,0.001815125483200791,-0.010418792818851844,0.4767263752546034,-0.878988204322341,37.8000385761261,drone3
1743770886.1668954,-1.801399827003479,-1.022891640663147,0.6755938529968262,0.010058505588076447,-0.005678121389883185,0.5118693131635176,-0.8589856788039951,38.00001311302185,drone3
1743770886.3668883,-1.8109208345413208,-1.1772308349609375,0.6895512342453003,0.013595702075230372,-0.004122902844467326,0.5375591238832114,-0.8431064743058793,38.20000600814819,drone3
1743770886.5669127,-1.8083000183105469,-1.3172671794891357,0.696516752243042,0.013054059095582203,-0.000604567565930407,0.5531930337229939,-0.8329506432481486,38.40003037452698,drone3
1743770886.7668934,-1.7982544898986816,-1.4427164793014526,0.7029061317443848,0.007437303187858604,-0.008207426538190074,0.5602951991655646,-0.8282189851532247,38.600011110305786,drone3
1743770886.966923,-1.7822037935256958,-1.5622926950454712,0.7151581048965454,0.002656131271649005,-0.01673537821294424,0.562264584419221,-0.8267838533512923,38.80004072189331,drone3
1743770887.1669164,-1.757517695426941,-1.6837873458862305,0.7370399236679077,0.005686703706547379,-0.01711115095318877,0.562216400034661,-0.8267935998100105,39.00003409385681,drone3
1743770887.366901,-1.7199746370315552,-1.8033926486968994,0.7613343000411987,0.008028146356970413,-0.011185578500980769,0.5619019634713455,-0.8270893231725871,39.200018644332886,drone3
1743770887.5669076,-1.6735519170761108,-1.9151990413665771,0.7878267765045166,0.010103369920499528,-0.011733431226066961,0.5609977028365443,-0.8276725934091295,39.400025367736816,drone3
1743770887.7668843,-1.6198477745056152,-2.019981622695923,0.8144686222076416,0.01255374422898538,-0.007937049895181132,0.558351944957985,-0.8294712839263167,39.60000205039978,drone3
1743770887.9668639,-1.559601902961731,-2.1147022247314453,0.8378459215164185,0.012208958806655599,0.00040885143088051606,0.5546005698758637,-0.8320271215035779,39.79998159408569,drone3
1743770888.166889,-1.4987742900848389,-2.19648814201355,0.8578363656997681,0.012317917629679372,0.004981597467672251,0.5491534690274673,-0.8356159678011292,40.000006675720215,drone3
1743770888.366878,-1.4412285089492798,-2.2630906105041504,0.8770781755447388,0.007065195453596161,0.005886286115244641,0.5427398882591554,-0.8398504722077308,40.19999575614929,drone3
1743770888.5669432,-1.3887519836425781,-2.3214175701141357,0.9010348320007324,0.000674345295635022,0.005541821609885407,0.5352260007901938,-0.8446904793134642,40.4000608921051,drone3
1743770888.7672179,-1.3442438840866089,-2.3787548542022705,0.9277278184890747,-0.0007660380694762105,0.007940027668810136,0.5269979244365031,-0.8498291916713064,40.60033559799194,drone3
1743770888.9669545,-1.3121241331100464,-2.4282028675079346,0.948519229888916,0.00015670626330282589,0.00783976591383104,0.5207957311868976,-0.8536453675330132,40.80007219314575,drone3
1743770889.1669362,-1.2908127307891846,-2.465867519378662,0.9636462926864624,-4.0980895459489555e-05,0.006994703161941391,0.5176351390170656,-0.8555729957965075,41.00005388259888,drone3
1743770889.366908,-1.262866735458374,-2.5265660285949707,0.9854798316955566,0.00048036689490553886,0.005375462895092973,0.5149150446344453,-0.8572242461008915,41.20002579689026,drone3
1743770889.5669115,-1.241066813468933,-2.581050395965576,1.013128399848938,0.0023268372856888866,0.0011466619778388336,0.5142157125138161,-0.8576569572578407,41.40002918243408,drone3
1743770889.7669234,-1.2183109521865845,-2.6289517879486084,1.0460082292556763,0.006016021564745923,-0.0008319325268533416,0.5135921498900975,-0.8580130559809094,41.60004115104675,drone3
1743770889.9669077,-1.1931076049804688,-2.669215440750122,1.0758159160614014,0.005632283728677345,-0.0012023065192214265,0.5113096240887172,-0.8593772862469341,41.80002546310425,drone3
1743770890.166937,-1.166799545288086,-2.704051971435547,1.103754997253418,0.0037753630597329463,9.264223038563327e-05,0.5067494509836719,-0.8620851053599258,42.00005483627319,drone3
1743770890.3669305,-1.1401324272155762,-2.7361650466918945,1.1274739503860474,0.005921281540830133,-0.0013171795658352642,0.5009451766675699,-0.8654578436917373,42.200048208236694,drone3
1743770890.5668983,-1.1128190755844116,-2.7636804580688477,1.1481750011444092,0.010137909549038105,-0.010142478287738912,0.49164488448776195,-0.8706778151735085,42.40001606941223,drone3
1743770890.7669103,-1.0762121677398682,-2.785571813583374,1.1711426973342896,0.010527786791688778,-0.012436711238703381,0.4755967764942386,-0.8795125743380893,42.6000280380249,drone3
1743770890.966902,-1.027266025543213,-2.80074143409729,1.1970776319503784,0.007488969009119177,-0.008840485003282566,0.4528411029273278,-0.891515996793992,42.80001974105835,drone3
1743770891.1669064,-0.9677374958992004,-2.810054302215576,1.2235876321792603,0.004182713976372499,-0.004380984976000115,0.42628209775079384,-0.904569971595877,43.00002408027649,drone3
1743770891.366907,-0.906561553478241,-2.816418170928955,1.2479883432388306,0.0015860461662874543,-2.1860549578582032e-05,0.40189118968193305,-0.9156860553766556,43.20002460479736,drone3
1743770891.5669773,-0.8506622314453125,-2.823545217514038,1.274886965751648,0.00594186731287743,0.0005357713968150264,0.37913423063614266,-0.9253225318936107,43.400094985961914,drone3
1743770891.766921,-0.79653000831604,-2.8271067142486572,1.3047599792480469,0.010630319619721733,0.0013186016927003094,0.35283813750061976,-0.9356231373759762,43.60003876686096,drone3
1743770891.966909,-0.7420253157615662,-2.820988416671753,1.3318438529968262,0.008508206370135234,0.0013736267083370626,0.3210559576818277,-0.9470209939124743,43.800026655197144,drone3
1743770892.1669033,-0.6864412426948547,-2.806379795074463,1.353430151939392,0.008605897331991299,0.003154198196567853,0.28513135378371823,-0.9584446232468367,44.00002098083496,drone3
1743770892.3668892,-0.6328332424163818,-2.7809011936187744,1.3723869323730469,0.007905821879248778,0.004955161186216074,0.2464765402593458,-0.96910389841003,44.20000696182251,drone3
1743770892.5669103,-0.5845206379890442,-2.7472620010375977,1.3881781101226807,0.004296931668303332,0.005613401899385457,0.21200100823331364,-0.977243887850333,44.40002799034119,drone3
1743770892.7668786,-0.5417491793632507,-2.7101809978485107,1.4070818424224854,0.008363964543371155,0.00644366818515653,0.17963151208052236,-0.9836773092475813,44.59999632835388,drone3
1743770892.966888,-0.5013938546180725,-2.6672263145446777,1.4308562278747559,0.008832711667387512,0.007012742424694403,0.1433873718504275,-0.9896024396517884,44.80000567436218,drone3
1743770893.1668909,-0.4647495150566101,-2.6172680854797363,1.454636573791504,0.004818334899884135,0.009480456292393505,0.10797440961981614,-0.9940968109895961,45.00000858306885,drone3
1743770893.3668816,-0.43446609377861023,-2.5629637241363525,1.4759581089019775,0.003840107369126922,0.009995812644824908,0.07108398961465523,-0.9974128828835847,45.19999933242798,drone3
1743770893.5668714,-0.4132321774959564,-2.5066773891448975,1.495278239250183,0.007551836425506369,0.013151657038026555,0.035701752436608225,-0.9992474930524154,45.39998912811279,drone3
1743770893.7670147,-0.40218013525009155,-2.446385383605957,1.5187430381774902,0.020132766647711246,0.01878215878642431,-0.005741496585245031,-0.9996044768593026,45.60013246536255,drone3
1743770893.9668832,-0.40483537316322327,-2.3716256618499756,1.5471668243408203,0.022294362809796762,0.01893406372519651,-0.06143337283002459,-0.9976825384203575,45.8000009059906,drone3
1743770894.1669338,-0.4147481322288513,-2.3148062229156494,1.5652568340301514,0.0164919501990188,0.015911331921210182,-0.10888924911359343,-0.9937896447576486,46.000051498413086,drone3
1743770894.3669033,-0.44988685846328735,-2.193742275238037,1.5929275751113892,0.0038529931095146307,0.011017358080864351,-0.10324759841247061,-0.9945871895720204,46.20002102851868,drone3
1743770894.5668972,-0.4860367476940155,-2.108366012573242,1.6591084003448486,0.011328040281939872,0.0071043122976668475,-0.1934007189016373,-0.9810287169934598,46.400014877319336,drone3
1743770894.7668853,-0.5310127139091492,-2.014564275741577,1.71205472946167,0.015353015582436666,0.002190545572861345,-0.2730006689187368,-0.9618888426337229,46.6000030040741,drone3
1743770894.9668868,-0.58077472448349,-1.9121978282928467,1.7146265506744385,0.0032506903193062014,-0.001979085902372147,-0.34877918525477797,-0.9371971957273125,46.80000448226929,drone3
1743770895.1669028,-0.6264822483062744,-1.8100979328155518,1.683814525604248,-0.0052838379641981644,-0.005224790532982259,-0.4081074072953804,-0.9129037943924818,47.0000205039978,drone3
1743770895.3668876,-0.6645663380622864,-1.7156707048416138,1.6422784328460693,-0.005860997471070592,-0.004272865858962514,-0.44627930222951506,-0.894864437467637,47.200005292892456,drone3
1743770895.5669334,-0.6963685750961304,-1.6259418725967407,1.6055585145950317,-0.002044786459550706,-0.0067284481843716834,-0.46537401624107255,-0.8850862000257156,47.40005111694336,drone3
1743770895.7669008,-0.7209761142730713,-1.5368642807006836,1.5852220058441162,0.004308920923820543,-0.00866628141819776,-0.47649117476648817,-0.879126045590396,47.60001850128174,drone3
1743770895.966896,-0.7393472790718079,-1.4411817789077759,1.575250267982483,0.002013479418277499,-0.007705939462368974,-0.49114133501517787,-0.8710435444514618,47.80001378059387,drone3
1743770896.1668859,-0.7512030601501465,-1.3407152891159058,1.5671656131744385,-0.004975546122767813,-0.0054092154208171175,-0.5126899333774488,-0.8585423571779335,48.00000357627869,drone3
1743770896.3668723,-0.7575032711029053,-1.2445743083953857,1.5601261854171753,-0.01134357402979401,-0.002104718784224812,-0.5365694210497662,-0.8437773783771878,48.199990034103394,drone3
1743770896.5668728,-0.7580671906471252,-1.1613874435424805,1.5564370155334473,-0.015116650129086839,0.0009437660612906926,-0.5549602616177677,-0.8317389951104455,48.39999055862427,drone3
1743770896.7668693,-0.7526794672012329,-1.0935333967208862,1.5519726276397705,-0.01626520641020286,0.0037843734303273577,-0.566224238689971,-0.8240820296275017,48.5999870300293,drone3
1743770896.9670022,-0.7428708076477051,-1.041237235069275,1.546698808670044,-0.015138643869292189,0.0058043912077522805,-0.5726195909463019,-0.819660920049118,48.80011987686157,drone3
1743770897.1668756,-0.7268663644790649,-1.004501461982727,1.5444252490997314,-0.012523857338943371,0.006845975494625117,-0.5765572867089777,-0.8169320801954316,48.999993324279785,drone3
1743770897.3668737,-0.7062059640884399,-0.9794416427612305,1.544054627418518,-0.009272407594342448,0.00776449048993776,-0.5793514014942952,-0.8149881516382758,49.19999146461487,drone3
1743770897.5668766,-0.683437705039978,-0.9633018374443054,1.5452508926391602,-0.006132550109934659,0.0069479495476430335,-0.5797563694882122,-0.8147372725225147,49.39999437332153,drone3
1743770897.7668867,-0.6621453166007996,-0.955478847026825,1.5464173555374146,-0.00627558276666403,0.0030703676209713486,-0.5722800980815466,-0.8200285670086784,49.60000443458557,drone3
1743770897.9668658,-0.6431123614311218,-0.9521540403366089,1.5475767850875854,-0.0070797011723143614,-0.0010426735194889543,-0.5495644640207211,-0.835420680378554,49.799983501434326,drone3
1743770898.1668718,-0.620723307132721,-0.95204097032547,1.5520720481872559,-0.006260325936775342,-0.0024848441743948535,-0.5118710833311549,-0.8590359178474203,49.99998950958252,drone3
1743770898.366879,-0.5933780074119568,-0.9537829756736755,1.5612468719482422,-0.0035563896022028727,-0.0010183738856889021,-0.464543470444317,-0.8855426503950886,50.19999670982361,drone3
1743770898.5669389,-0.5678446292877197,-0.9550150632858276,1.5701707601547241,-0.0010309585066003264,-4.2370835961590115e-05,-0.42852959952106134,-0.9035271953434448,50.40005660057068,drone3
1743770898.7669425,-0.5353302955627441,-0.9573029279708862,1.578999638557434,-0.004163431484485918,-0.005081327612597185,-0.38843675659892146,-0.9214520603543098,50.60006022453308,drone3
1743770898.9669154,-0.4981694221496582,-0.9617834091186523,1.58390212059021,-0.012455451028176674,-0.010335546866142202,-0.3496713286706323,-0.9367326742364498,50.80003309249878,drone3
1743770899.1669326,-0.4616968035697937,-0.9680804014205933,1.5864174365997314,-0.015818055677099367,-0.010108080324728907,-0.3177116895461851,-0.9480014981962317,51.00005030632019,drone3
1743770899.366892,-0.4079233705997467,-0.9822461605072021,1.5898481607437134,-0.0071312235955083205,-0.005859117367659338,-0.28254863705381905,-0.9592085348760968,51.20000982284546,drone3
1743770899.5668883,-0.3510851562023163,-1.0016405582427979,1.5951601266860962,-0.0032939118712949386,-0.009319513776906846,-0.2504368267328233,-0.968082511683217,51.40000605583191,drone3
1743770899.7668872,-0.29036495089530945,-1.021174430847168,1.604988932609558,0.0009370792003566222,-0.010554261680316666,-0.21884725801172616,-0.9757016503696224,51.60000491142273,drone3
1743770899.966882,-0.2233508825302124,-1.0349606275558472,1.614036202430725,0.004602656634436,-0.005422213628259083,-0.18929797608019278,-0.9818939074996915,51.799999713897705,drone3
1743770900.166899,-0.15502674877643585,-1.039320707321167,1.623456358909607,0.006036754192218538,-0.0014442870523183576,-0.16716759315778962,-0.9859089848762332,52.00001668930054,drone3
1743770900.3668892,-0.09035538136959076,-1.0347555875778198,1.6323271989822388,0.004547165040015344,-0.0014986014984309948,-0.15428831704298207,-0.9880142621062009,52.20000696182251,drone3
1743770900.5668864,-0.027914175763726234,-1.026925802230835,1.6400229930877686,0.00307620945611431,-0.003372722639930605,-0.14856523863053622,-0.9888920545201373,52.400004148483276,drone3
1743770900.7669153,0.03331972658634186,-1.0178872346878052,1.6506925821304321,0.001666929919846945,-0.010395442806232256,-0.14673138710497874,-0.9891203639985209,52.60003304481506,drone3
1743770900.966894,0.10041023045778275,-1.0076205730438232,1.6654329299926758,-0.0002090997350855888,-0.012483206374282378,-0.14464343222974907,-0.9894051081070605,52.80001163482666,drone3
1743770901.1669328,0.16033995151519775,-0.9985157251358032,1.6766647100448608,0.00035472763340299227,-0.008682555699351297,-0.14064449709618698,-0.9900220958224113,53.00005054473877,drone3
1743770901.366907,0.23862002789974213,-0.9865989089012146,1.6879453659057617,0.0018049386228429784,-0.005135731950035173,-0.13377919694224738,-0.9909961937851952,53.20002460479736,drone3
1743770901.566927,0.31751134991645813,-0.9735550880432129,1.6955335140228271,0.002006163400384115,-0.0005936753220863847,-0.12732107749177163,-0.9918594033895468,53.400044679641724,drone3
1743770901.7669122,0.39167094230651855,-0.9588830471038818,1.7027788162231445,0.002895735735002204,-0.0019648196057415373,-0.12364987625223023,-0.9923197734158313,53.600029945373535,drone3
1743770901.9669251,0.4627705514431,-0.9417135119438171,1.712773323059082,0.003275897180484055,-0.0024192358957654883,-0.12274738578506644,-0.9924295659562022,53.80004286766052,drone3
1743770902.1669123,0.5328532457351685,-0.9228746294975281,1.7233879566192627,0.0012652419097496067,0.0018053008840609164,-0.12285625109477011,-0.9924221059640157,54.00003004074097,drone3
1743770902.366907,0.5983771681785583,-0.9031924605369568,1.7345671653747559,0.0003322163183733965,0.0009711004739786725,-0.12362699051348874,-0.9923283292260789,54.20002460479736,drone3
1743770902.5669124,0.6599255800247192,-0.8833897709846497,1.746259093284607,-0.0004625400590602045,-0.0005839056033704232,-0.12461803150937395,-0.9922045860788511,54.4000301361084,drone3
1743770902.7669027,0.7211990356445312,-0.8657496571540833,1.7572866678237915,-0.000713779270045194,-0.006969540505563536,-0.12521133269586177,-0.9921054145443049,54.60002040863037,drone3
1743770902.966913,0.7885326147079468,-0.8481733202934265,1.7690225839614868,0.00025932922961534414,-0.00820733845786208,-0.12446111879236788,-0.9921905511782969,54.80003070831299,drone3
1743770903.1669827,0.8715309500694275,-0.828804612159729,1.7792657613754272,0.0009409125879375858,-0.004023434306348041,-0.1221088188832779,-0.9925080855349779,55.0001003742218,drone3
1743770903.3668973,0.9413596987724304,-0.8123387694358826,1.7956310510635376,0.0008202445966076899,0.0001244426038135941,-0.1209848888740378,-0.9926540400713713,55.2000150680542,drone3
1743770903.5669072,1.0078132152557373,-0.7967826724052429,1.8129969835281372,0.001019004112783193,0.00174053395777903,-0.12174100333632326,-0.9925598840117978,55.40002489089966,drone3
1743770903.7669363,1.0691419839859009,-0.780944287776947,1.8193682432174683,0.002412172975048236,-0.0023155486700793273,-0.12390688773444963,-0.9922882475731452,55.600054025650024,drone3
1743770903.9669197,1.129698395729065,-0.7643007636070251,1.8197482824325562,0.002903345257950976,-0.004745395662632735,-0.1268046100101191,-0.9919121712438825,55.8000373840332,drone3
1743770904.1669054,1.1948742866516113,-0.7438004612922668,1.8193756341934204,0.0020561766453609256,-0.003525000572138272,-0.12880898768475169,-0.9916610181736061,56.00002312660217,drone3
1743770904.3669004,1.2564953565597534,-0.7247262597084045,1.8205081224441528,0.001046496288039884,-0.0008121688653061609,-0.13033331275484522,-0.991469376453427,56.20001816749573,drone3
1743770904.5669212,1.3280665874481201,-0.7028271555900574,1.8241726160049438,0.0007646896221014654,0.0007613427246291219,-0.1324455863616657,-0.9911896478198603,56.400038957595825,drone3
1743770904.7669132,1.3918427228927612,-0.6836540699005127,1.8332053422927856,0.0014884778892153157,-0.0017706160753981428,-0.1350500508653964,-0.9908361622013994,56.60003089904785,drone3
1743770904.966917,1.4558898210525513,-0.6645451188087463,1.8445786237716675,0.0017723227655190238,-0.002465480290523113,-0.1383407503565815,-0.990380006859966,56.80003476142883,drone3
1743770905.1669075,1.5206083059310913,-0.6454414129257202,1.8513377904891968,0.0014526860466552451,-0.0010683973381056006,-0.14191846988612578,-0.9898768156355944,57.000025272369385,drone3
1743770905.3668861,1.5848114490509033,-0.6254382729530334,1.8528128862380981,0.0008396223099141144,0.001872692192525178,-0.14531668598786207,-0.9893831074521378,57.20000386238098,drone3
1743770905.5668826,1.6459234952926636,-0.6089267730712891,1.852286458015442,0.0007029327950446658,0.002021517694859987,-0.14848397950660724,-0.9889125378885136,57.40000033378601,drone3
1743770905.7668974,1.703575849533081,-0.594122052192688,1.8516274690628052,0.0010815996737656506,0.0033451325576272796,-0.1513742839369388,-0.9884702910070888,57.60001516342163,drone3
1743770905.9669032,1.75685715675354,-0.5773472189903259,1.8532744646072388,0.0015559900714660663,0.000771322024813195,-0.1532698805955648,-0.9881828495002445,57.800020933151245,drone3
1743770906.1668882,1.8074373006820679,-0.5602550506591797,1.8594566583633423,0.002268745263642383,-0.0032502607424916893,-0.15497590072958883,-0.987910243684076,58.00000596046448,drone3
1743770906.3668847,1.8585829734802246,-0.5418564677238464,1.8659347295761108,0.0022082867824859105,-0.0028538002998577503,-0.15691840683060732,-0.9876050583540086,58.20000243186951,drone3
1743770906.566886,1.9103405475616455,-0.5216942429542542,1.8708974123001099,0.0017301849210286581,-0.0017343611006407412,-0.15841719091050327,-0.9873692467365902,58.40000367164612,drone3
1743770906.7668762,1.9625552892684937,-0.5015726685523987,1.8762372732162476,0.002916267218286614,-0.0046245329890826645,-0.16059854320203315,-0.987004760790668,58.59999394416809,drone3
1743770906.966875,2.0147995948791504,-0.4807874858379364,1.8811691999435425,0.0036478916862501603,-0.004056280242659471,-0.16439643786819824,-0.9863792594119178,58.79999279975891,drone3
1743770907.166872,2.0664868354797363,-0.45596298575401306,1.8867467641830444,0.003116652228102978,-0.002379264878308966,-0.16949890393632117,-0.9855225825690854,58.9999897480011,drone3
1743770907.3668716,2.117464780807495,-0.4268953502178192,1.8939119577407837,0.0016725170114526731,0.00028428987746528984,-0.17542614168295373,-0.9844912070391754,59.199989318847656,drone3
1743770907.566876,2.1663036346435547,-0.39647796750068665,1.9002047777175903,0.0003589599446094308,0.000657958886989309,-0.18103896393969493,-0.9834755944306082,59.399993658065796,drone3
1743770907.7670896,2.211766242980957,-0.368557870388031,1.9056745767593384,-0.00040214110929827427,0.002311818931230201,-0.18647658174717657,-0.9824566522210089,59.60020732879639,drone3
1743770907.967198,2.252079963684082,-0.34394246339797974,1.910654902458191,0.00042041330130182286,-0.0007014113411461674,-0.19117140349650197,-0.9815563112431192,59.800315618515015,drone3
1743770908.1670756,2.29081654548645,-0.3232901096343994,1.9161430597305298,0.003048505918939832,-0.004736042025713598,-0.1958736430911654,-0.9806129804797483,60.00019335746765,drone3
1743770908.3668954,2.3319146633148193,-0.3008663058280945,1.921972632408142,0.0037231539392533486,-0.0038963443124533895,-0.20109723920190864,-0.9795564432812773,60.200013160705566,drone3
1743770908.5668986,2.374424695968628,-0.2736167013645172,1.9272741079330444,0.0034494670090876953,-0.003398386325201847,-0.20585764144751706,-0.9785699541450312,60.40001630783081,drone3
1743770908.766887,2.4175376892089844,-0.243912473320961,1.9339979887008667,0.006732107505262661,-0.006663661115888646,-0.21157127896589645,-0.9773166333108629,60.60000467300415,drone3
1743770908.9668996,2.46474552154541,-0.20938171446323395,1.942395567893982,0.007607840038281992,-0.005308307983527469,-0.21987408168199696,-0.9754841304844577,60.80001735687256,drone3
1743770909.1669,2.515836715698242,-0.1702113002538681,1.9497166872024536,0.00578100859717958,-0.0017310191420914273,-0.23072609438343056,-0.9730000373800741,61.00001764297485,drone3
1743770909.3668964,2.546999931335449,-0.1460035741329193,1.953184723854065,0.0047432853567570465,0.0004684855995286941,-0.23748708108730565,-0.9713790274394967,61.20001411437988,drone3
1743770909.5668814,2.596276044845581,-0.10353894531726837,1.9593883752822876,0.0034411872010171366,0.0021826116755833593,-0.25071710327542085,-0.968051913071198,61.399999141693115,drone3
1743770909.7668796,2.6385862827301025,-0.05902928486466408,1.9634791612625122,0.0065055858568861084,0.0013606400460035538,-0.2644631082564305,-0.9643730200318035,61.5999972820282,drone3
1743770909.9668846,2.6759254932403564,-0.008791412226855755,1.9689422845840454,0.008231480370252616,0.0015908933831385054,-0.28012721631317117,-0.9599262957062373,61.800002336502075,drone3
1743770910.1668909,2.7084221839904785,0.04768047481775284,1.9755476713180542,0.0054298710191619266,0.0026954921476189378,-0.29788376788450777,-0.9545829182520262,62.00000858306885,drone3
1743770910.3670192,2.7359442710876465,0.10499906539916992,1.9814399480819702,0.0022617027886740236,0.003878477958792936,-0.31719271432704627,-0.9483504530284778,62.20013689994812,drone3
1743770910.5669365,2.759530782699585,0.15702882409095764,1.985082745552063,-9.861704006257996e-07,0.0034107175814037318,-0.33501537323027225,-0.9422065172602264,62.40005421638489,drone3
1743770910.766905,2.778367757797241,0.2031441628932953,1.9883049726486206,0.00055856987840918,0.0033917152796258915,-0.35095193958921156,-0.9363872175926302,62.60002279281616,drone3
1743770910.9669023,2.7919371128082275,0.2443867325782776,1.9916375875473022,0.0026048046831281813,0.002008557744738055,-0.36371663949634214,-0.9315038940633398,62.80001997947693,drone3
1743770911.166907,2.801149368286133,0.28372275829315186,1.9969302415847778,0.009088050858147014,0.0009223492060743258,-0.37622917480883217,-0.9264816123745089,63.00002479553223,drone3
1743770911.3668954,2.8065719604492188,0.3302920460700989,2.0042545795440674,0.011583401780894557,0.001560536786226284,-0.39229081194072746,-0.9197670504242685,63.200013160705566,drone3
1743770911.5669043,2.8082504272460938,0.38296449184417725,2.0117714405059814,0.0066026459331035275,0.0008224815899832557,-0.4102525132971909,-0.9119477352808607,63.40002202987671,drone3
1743770911.766881,2.8079211711883545,0.43767255544662476,2.0188446044921875,0.011316890464875225,0.0020783921504293535,-0.4315944761979251,-0.9019943566099522,63.59999871253967,drone3
1743770911.9668999,2.8023202419281006,0.4986928403377533,2.024275064468384,0.01187897170260089,0.004481586684002054,-0.4589776840705138,-0.8883571747917975,63.80001759529114,drone3
1743770912.1668935,2.7892866134643555,0.5649623870849609,2.0290699005126953,0.00743412678074248,0.005398802288682387,-0.491423234211443,-0.8708724914667804,64.00001120567322,drone3
1743770912.3668816,2.7669198513031006,0.6295772790908813,2.0341105461120605,0.0037065834365483416,0.005664901355839727,-0.5260997013377509,-0.8503959719533689,64.19999933242798,drone3
1743770912.5669055,2.736741542816162,0.6893059015274048,2.038274049758911,0.0003004757490186306,0.0035208947117672798,-0.5559323259951108,-0.8312200936482914,64.4000232219696,drone3
1743770912.7669332,2.7047910690307617,0.7449322938919067,2.0415337085723877,-0.00018092390831153071,0.00308355563328821,-0.5792980435840804,-0.8151099560304722,64.6000509262085,drone3
1743770912.9670432,2.6746182441711426,0.7978237271308899,2.042855739593506,0.0032489007246057655,0.0029951792484301516,-0.5951093916560938,-0.8036325683908341,64.80016088485718,drone3
1743770913.1669436,2.648003339767456,0.8420091867446899,2.0438930988311768,0.01053538400808712,0.005830416392799375,-0.6074062615447535,-0.7943001392390366,65.00006127357483,drone3
1743770913.3669379,2.6072120666503906,0.8967984318733215,2.0451865196228027,0.013166723548552464,0.008189769478206014,-0.6250316573918804,-0.7804453690470884,65.20005559921265,drone3
1743770913.566935,2.5534424781799316,0.9560765027999878,2.0467138290405273,0.005418049939448488,0.005204795858652285,-0.6456284482058738,-0.7636147363223315,65.40005278587341,drone3
1743770913.766916,2.4934957027435303,1.0152852535247803,2.0504729747772217,0.006493775355043831,0.01132122072428747,-0.6690252675348665,-0.7431252066036204,65.6000337600708,drone3
1743770913.9669168,2.421598196029663,1.072670340538025,2.057093858718872,0.004642355508374612,0.01725547559192484,-0.699078821362309,-0.7148214213389561,65.80003452301025,drone3
1743770914.1669233,2.3438310623168945,1.11698317527771,2.065819263458252,-0.0014214024660298124,0.016498116480519315,-0.7330483403007528,-0.6799749950703945,66.0000410079956,drone3
1743770914.3669477,2.262230396270752,1.1478420495986938,2.0716824531555176,-0.0051458114676382095,0.015030997854745253,-0.7671521318545629,-0.6412684304844068,66.20006537437439,drone3
1743770914.5669022,2.1731653213500977,1.163913607597351,2.076052665710449,-0.008034410761602497,0.010774164344147559,-0.7972291871598618,-0.603527223658493,66.4000198841095,drone3
1743770914.766898,2.085346221923828,1.165789008140564,2.0756726264953613,-0.007626979811225716,0.008579970434712064,-0.8208604720412985,-0.5710134061596881,66.60001564025879,drone3
1743770914.966916,2.001748561859131,1.1578104496002197,2.075634479522705,-0.0072852846089996445,0.010606504345407346,-0.8350343834385273,-0.5500472772438378,66.80003380775452,drone3
1743770915.1669068,1.9211605787277222,1.1408851146697998,2.0805647373199463,-0.003435339572740281,0.016853598805928384,-0.8301384158546836,-0.5572920886951938,67.00002455711365,drone3
1743770915.3669233,1.838025450706482,1.1103852987289429,2.091862678527832,3.9290082435352976e-05,0.019099468702905284,-0.8014186260486931,-0.5977988347431348,67.20004105567932,drone3
1743770915.566934,1.7481118440628052,1.0682402849197388,2.098545551300049,0.0002960552690087997,0.014209413531654202,-0.7562920374949273,-0.6540799239300966,67.4000518321991,drone3
1743770915.7669024,1.650161862373352,1.0200859308242798,2.1005940437316895,0.0029932118878715883,0.014238338782078327,-0.6971723369873325,-0.7167558912213439,67.60002017021179,drone3
1743770915.966897,1.543426752090454,0.9703829288482666,2.103148937225342,0.004279638906909222,0.009470140851220497,-0.6230051368167114,-0.7821487075878759,67.80001473426819,drone3
1743770916.1669261,1.4333404302597046,0.9249767661094666,2.1068692207336426,0.004055735667510557,0.00212954352495209,-0.5379276348531663,-0.8429786218409215,68.00004386901855,drone3
1743770916.366928,1.325548768043518,0.8846062421798706,2.112886905670166,0.0044931987993113145,-0.0036307050328397076,-0.44826165817580066,-0.8938837435230613,68.2000458240509,drone3
1743770916.5669107,1.2235419750213623,0.8498198986053467,2.1206250190734863,0.00557880201209511,-0.006657587148951477,-0.37031767891011846,-0.9288646584095875,68.40002846717834,drone3
1743770916.7669024,1.1308139562606812,0.8196013569831848,2.125227928161621,0.00764220750052009,-0.005001735100181762,-0.30153235733982314,-0.9534122263143633,68.60002017021179,drone3
1743770916.9670298,1.043091058731079,0.7937306761741638,2.127181053161621,0.010468870518872471,-0.004101323987301947,-0.22598082285643745,-0.9740669005564303,68.80014753341675,drone3
1743770917.1669106,0.9592597484588623,0.7786542177200317,2.1300151348114014,0.013396906915333425,-0.0031802744188142084,-0.14070485138325456,-0.9899558409765523,69.00002837181091,drone3
1743770917.3669183,0.878471851348877,0.779414176940918,2.134772539138794,0.01825601279961509,-0.0024912396293841465,-0.08550348016144471,-0.9961675699506334,69.20003604888916,drone3
1743770917.5668797,0.8022825717926025,0.7949309945106506,2.1399755477905273,0.012056129394871338,-0.0032995493415555344,-0.0824635122720509,-0.9965157029193333,69.39999747276306,drone3
1743770917.766874,0.7316465973854065,0.8171385526657104,2.142840623855591,0.006027377917831941,-0.004008338572909617,-0.13304980358191787,-0.9910829319994305,69.59999179840088,drone3
1743770917.9669063,0.6649938821792603,0.8398622870445251,2.131762742996216,-0.0011216175096206411,-0.0006769322436779287,-0.21261192680247887,-0.9771359497712966,69.80002403259277,drone3
1743770918.1668742,0.5995466113090515,0.8587188720703125,2.107635021209717,-0.00040233875496872656,0.005982293055316755,-0.3031566547345845,-0.9529218477319391,69.99999189376831,drone3
1743770918.3669024,0.5290501713752747,0.8745218515396118,2.083987236022949,-0.00033114745947775967,0.0062055784976488716,-0.39326324510299504,-0.9194049879221358,70.20002007484436,drone3
1743770918.566827,0.4538913667201996,0.8862209916114807,2.0665221214294434,-0.0021660455768945795,0.001758815153320645,-0.465008750578453,-0.8853017600824246,70.39994478225708,drone3
1743770918.767246,0.38117286562919617,0.8940081596374512,2.050912380218506,0.007753146731515502,0.0031770273004816246,-0.5203372472320837,-0.8539197540535314,70.60036373138428,drone3
1743770918.9670806,0.30592605471611023,0.9064013361930847,2.034214735031128,0.010373207709464882,0.0017695601301490201,-0.5705253667273562,-0.8212125457403344,70.8001983165741,drone3
1743770919.1669226,0.22741417586803436,0.9252310395240784,2.0163257122039795,0.0061797818275460496,-0.0007602716891281214,-0.6195475937573399,-0.7849344298819838,71.00004029273987,drone3
1743770919.3669403,0.17481929063796997,0.9403277039527893,2.001758575439453,0.003504282268008909,-0.0015315074857697316,-0.6518691162598136,-0.7583218665977045,71.20005798339844,drone3
1743770919.5669274,0.10004488378763199,0.9657003879547119,1.985355019569397,-0.0012987930854903855,-0.0033531221842340968,-0.6929466926385413,-0.7209799339898916,71.40004515647888,drone3
1743770919.7669604,0.028132911771535873,0.9933024644851685,1.96674382686615,-0.0012571433146059232,-0.0005938618136592207,-0.7261743710669102,-0.6875092368330088,71.60007810592651,drone3
1743770919.9669528,-0.04074767604470253,1.018353819847107,1.9502307176589966,-0.004009141914891274,-0.0004349577815381176,-0.7499663329057608,-0.6614636830042808,71.8000705242157,drone3
1743770920.1669369,-0.10572626441717148,1.0401298999786377,1.930376410484314,-0.00038960546763461783,0.004921466097920673,-0.7684017648394866,-0.6399488337309549,72.00005459785461,drone3
1743770920.3669298,-0.1713966280221939,1.0577882528305054,1.9079598188400269,0.001374692562623282,0.00757157333368289,-0.7876126461022523,-0.6161227882625494,72.20004749298096,drone3
1743770920.5669506,-0.2386275678873062,1.071293592453003,1.8874658346176147,-0.0034649584763264693,0.0025440816934541805,-0.8069348688020717,-0.5906247878504286,72.40006828308105,drone3
1743770920.7669325,-0.3094651401042938,1.0797240734100342,1.8655756711959839,0.0002416514254792012,0.00535166869420286,-0.8288710601199609,-0.5594140139303231,72.60005021095276,drone3
1743770920.9669235,-0.3706693947315216,1.082212209701538,1.8556159734725952,0.0013133901361003111,0.005192654890944081,-0.8515973889435962,-0.5241691438682852,72.80004119873047,drone3
1743770921.1669247,-0.43418532609939575,1.0831226110458374,1.8430832624435425,-0.0005318715785566995,0.001966007331920867,-0.8750027772537267,-0.48411372734762304,73.00004243850708,drone3
1743770921.3669236,-0.4970128834247589,1.0838743448257446,1.8269985914230347,-0.003694138756344698,-0.0020218675466297004,-0.888693148394702,-0.45848315402351136,73.2000412940979,drone3
1743770921.5669653,-0.5557460784912109,1.0843273401260376,1.8107880353927612,-0.0038206058082938263,-0.0019828268879268337,-0.8888709659485695,-0.45813733913147947,73.40008306503296,drone3
1743770921.7669475,-0.6091962456703186,1.0844426155090332,1.791955828666687,-0.002074532997294348,0.00027987310176832595,-0.8733984996120079,-0.48700179799498355,73.60006523132324,drone3
1743770921.9669387,-0.6563398241996765,1.081810712814331,1.7686163187026978,-0.0029152590689628015,0.0013725107223502696,-0.8398616621960104,-0.5427910756066718,73.80005645751953,drone3
1743770922.166931,-0.6987254023551941,1.0779386758804321,1.744288444519043,-0.003664259768836883,0.0014985444520131466,-0.7895496046243358,-0.6136739984121498,74.00004863739014,drone3
1743770922.3669186,-0.7401818633079529,1.0715923309326172,1.7203614711761475,-0.00375404251665077,0.00044819057488169596,-0.7278901982457471,-0.6856834063795586,74.20003628730774,drone3
1743770922.566908,-0.7807430028915405,1.0606838464736938,1.6996299028396606,-0.002544237398071114,-0.0005928332082967834,-0.6694942882018078,-0.7428126350383514,74.4000256061554,drone3
1743770922.766919,-0.8175382018089294,1.0479542016983032,1.6811407804489136,-0.0035354191578448584,-0.004285777447222146,-0.6190433541301116,-0.7853371798979978,74.60003662109375,drone3
1743770922.9669569,-0.8503276109695435,1.0344582796096802,1.6665667295455933,-0.003996628252150589,-0.0057303823295837405,-0.5806816719371325,-0.8141007602795911,74.80007457733154,drone3
1743770923.166939,-0.8785091042518616,1.0186371803283691,1.6508959531784058,-0.005712273014158725,-0.006557150056497122,-0.5429926007628265,-0.839692421525815,75.00005674362183,drone3
1743770923.3669345,-0.8992000818252563,1.0011208057403564,1.6327723264694214,-0.004130248990771871,-0.006081197467746677,-0.4921606354729896,-0.8704734451050793,75.20005226135254,drone3
1743770923.5669084,-0.9126444458961487,0.9847599864006042,1.6170603036880493,-0.00037667576940101716,-0.003875170748273687,-0.4344267233444329,-0.9006987835601515,75.40002608299255,drone3
1743770923.766905,-0.9210988879203796,0.9687566161155701,1.602774739265442,-0.0036069601559042047,-0.00376195861779241,-0.36661134827234315,-0.9303595439059962,75.60002279281616,drone3
1743770923.9669275,-0.9233908653259277,0.9501972198486328,1.58968186378479,-0.005092983809229451,-0.004042585974252091,-0.28219040991490063,-0.9593363873410545,75.80004525184631,drone3
1743770924.1668983,-0.9189481139183044,0.930732250213623,1.5782561302185059,-0.00206383469480799,-0.0030321861982151154,-0.1869219474953911,-0.9823679331048935,76.0000159740448,drone3
1743770924.3668969,-0.913007378578186,0.914322018623352,1.5656991004943848,-3.251308322161124e-05,-0.0017487223825092154,-0.10445186031497244,-0.9945283947183476,76.20001459121704,drone3
1743770924.5668974,-0.9046292304992676,0.8965910077095032,1.5639734268188477,0.0021937435884691924,-0.0008756780333163534,-0.0281232433121672,-0.999601695167301,76.40001511573792,drone3
1743770924.7669015,-0.8978939652442932,0.8810750246047974,1.5720654726028442,0.000197552589308073,-0.0006063163926098597,0.025090735414959986,-0.999685019486807,76.60001921653748,drone3
1743770924.9668949,-0.8911753296852112,0.8665077090263367,1.5633320808410645,0.0040807885939096525,-0.013720522930545594,0.054108629880467995,-0.9984324572959118,76.80001258850098,drone3
1743770925.1668942,-0.8728307485580444,0.8559613823890686,1.538407802581787,0.004178059898278001,-0.017959034909750576,0.06168473663454377,-0.9979253885614772,77.00001192092896,drone3
1743770925.3668933,-0.8388953804969788,0.8495615720748901,1.5048719644546509,-0.0004275402654724844,-0.0112522971268096,0.057209162791171886,-0.9982987253455866,77.20001101493835,drone3
1743770925.5668862,-0.7958216667175293,0.8425240516662598,1.4736590385437012,-0.0016439424359789199,-0.005418917119088261,0.04886117865346756,-0.9987895253964961,77.4000039100647,drone3
1743770925.7668724,-0.751370370388031,0.8304118514060974,1.4491645097732544,-0.0028520684306993466,-0.0014537204554410305,0.04327086281383119,-0.99905829584945,77.59999012947083,drone3
1743770925.966889,-0.7095028162002563,0.8130226135253906,1.429842472076416,-0.0019528555395518024,0.0008155582292527483,0.04424930190201154,-0.9990182984902132,77.8000066280365,drone3
1743770926.166952,-0.6724373698234558,0.7934843301773071,1.4098846912384033,-0.002975025316943832,0.003991019634371401,0.05197022522757078,-0.998636237308462,78.0000696182251,drone3
1743770926.3669417,-0.6402986645698547,0.7744202017784119,1.385607361793518,-0.009026090216388179,0.00728981095003928,0.06824278626283886,-0.9976012792964284,78.20005941390991,drone3
1743770926.566905,-0.6154688000679016,0.7515879273414612,1.3625317811965942,-0.0016402641356295844,0.0022741932377207826,0.08963311267223922,-0.9959709970491786,78.40002274513245,drone3
1743770926.7669127,-0.5942763686180115,0.7297931909561157,1.3386884927749634,0.0038110940383748503,-0.000665245033715263,0.11135256382166125,-0.9937734603678205,78.6000304222107,drone3
1743770926.9669209,-0.5697795152664185,0.710856556892395,1.3164088726043701,0.005308841898487441,-0.0037819909809334645,0.12823305099985044,-0.9917225947192805,78.8000385761261,drone3
1743770927.1668918,-0.5386555194854736,0.6952646374702454,1.2875357866287231,0.004755092607035805,-0.0057526382939804,0.1378152634493478,-0.9904298244349057,79.00000953674316,drone3
1743770927.3668814,-0.500616192817688,0.6804273724555969,1.2497773170471191,0.0013685138510951625,-0.003535991433022329,0.1416394577489838,-0.9899111231702822,79.1999990940094,drone3
1743770927.566941,-0.45997148752212524,0.665793240070343,1.213092565536499,0.00011281600052514301,-0.0003824006614450676,0.14182380806437045,-0.9898918199136642,79.40005874633789,drone3
1743770927.766896,-0.42120712995529175,0.6528626084327698,1.1780149936676025,-0.003327817858469086,-5.138293523011988e-07,0.141789626970228,-0.9898911877109366,79.60001373291016,drone3
1743770927.9668665,-0.3856014013290405,0.6385815143585205,1.1454949378967285,-0.003970714690397628,0.0005865845264148648,0.14491654380809987,-0.9894357067190793,79.79998421669006,drone3
1743770928.166875,-0.353169709444046,0.6208219528198242,1.116031527519226,-0.0020106817154122957,0.0009895337933015999,0.15211223310751626,-0.988360667054112,79.99999260902405,drone3
1743770928.3668664,-0.3204708695411682,0.6011930108070374,1.088558554649353,1.4656648887777679e-05,0.00188610563285891,0.16215844021226994,-0.9867629643207609,80.19998407363892,drone3
1743770928.5669,-0.28867244720458984,0.5833547115325928,1.0641931295394897,0.001201119101735057,0.001718969979603665,0.17218311027743455,-0.9850628025986801,80.40001773834229,drone3
1743770928.766877,-0.26051682233810425,0.5650568008422852,1.0380302667617798,0.0010760425047759857,-0.001644625634746929,0.1805481638887858,-0.9835642292530267,80.59999465942383,drone3
1743770928.9668837,-0.23256812989711761,0.5480428338050842,1.007591724395752,0.0009470500581158382,-0.0023772701058352766,0.18711417927144947,-0.9823349321225094,80.80000138282776,drone3
1743770929.1670473,-0.20265944302082062,0.5344253778457642,0.9801344871520996,0.00010026426568008405,-0.001002172661816768,0.19248090607973561,-0.9813002269915669,81.00016498565674,drone3
1743770929.3668904,-0.18482643365859985,0.5271196365356445,0.9661380052566528,-0.0007879848266467938,0.00011811364124009035,0.1958231511666495,-0.980638942938431,81.2000081539154,drone3
1743770929.566978,-0.1530981957912445,0.5130100846290588,0.9452543258666992,-0.0007089177298511587,0.0015700720167934608,0.20014552121568424,-0.9797647751534666,81.40009570121765,drone3
1743770929.7669451,-0.12841641902923584,0.5005396604537964,0.9280197620391846,-0.0014020149465841165,0.0010868088122725607,0.20369116699351175,-0.9790336116254996,81.60006284713745,drone3
1743770929.966968,-0.10610635578632355,0.48712942004203796,0.912216067314148,-0.0009461483872072186,0.0004054035799499714,0.20707732909657395,-0.9783240272839702,81.80008578300476,drone3
1743770930.1669157,-0.0802777111530304,0.47397539019584656,0.8894565105438232,-0.0007448712965367302,-0.002659071508240958,0.21180152719931156,-0.9773088361438882,82.00003337860107,drone3
1743770930.3670185,-0.055301111191511154,0.4633079469203949,0.8737417459487915,0.0010931975068908693,-0.002464193741508728,0.21614998614757464,-0.9763564016612392,82.20013618469238,drone3
1743770930.5669565,-0.031040456146001816,0.45060911774635315,0.859349250793457,0.001057570393065615,-0.0014801188500085229,0.21912285625413902,-0.9756956233702853,82.40007424354553,drone3
1743770930.7669103,-0.0064689344726502895,0.4373246133327484,0.837425708770752,0.000550523123066106,-0.002391297927035946,0.22006740927611662,-0.9754815595266985,82.6000280380249,drone3
1743770930.9669235,0.01972091943025589,0.425494521856308,0.8085452318191528,-0.0008685968276991274,-0.0018826386429784746,0.2197854468595788,-0.9755460442049202,82.80004119873047,drone3
1743770931.1669364,0.04686062037944794,0.4133228063583374,0.7791388034820557,-0.002009003620528866,-0.0006709559316884961,0.2199940737597077,-0.975498924028285,83.00005412101746,drone3
1743770931.3669116,0.07259470969438553,0.39945459365844727,0.7547122240066528,-0.001616901281392145,0.000402850279415426,0.2218300747745393,-0.9750839461578467,83.20002937316895,drone3
1743770931.5669072,0.09898833185434341,0.3833879232406616,0.7342190742492676,-0.0005462710452345805,0.0009886297557487453,0.225007062068442,-0.9743565336993971,83.40002489089966,drone3
1743770931.7669504,0.12578453123569489,0.3667808473110199,0.7148056030273438,-0.0004957478552890377,-0.0003321029303856932,0.2292739247179878,-0.973361783780843,83.60006809234619,drone3
1743770931.9669163,0.152311310172081,0.347586452960968,0.6961917877197266,0.00039431195661132786,-0.0005154461254244797,0.23436197656391994,-0.9721493032428816,83.8000340461731,drone3
1743770932.166922,0.17689403891563416,0.32809528708457947,0.6784682273864746,0.0015734445878549642,0.00016482661099465856,0.2392683754927702,-0.9709522484514752,84.00003981590271,drone3
1743770932.366897,0.20124970376491547,0.30966252088546753,0.6611634492874146,0.0021566967555822886,0.0013601436269215991,0.24303579798746205,-0.9700140596036227,84.20001482963562,drone3
1743770932.566901,0.22362340986728668,0.2927889823913574,0.6453640460968018,0.002190348194724563,0.0016540630920343113,0.2450722915606598,-0.9695009217230026,84.4000186920166,drone3
1743770932.7668953,0.24494624137878418,0.2772913873195648,0.6298391819000244,0.0021531678946736933,0.0021394800650823484,0.2455863988187958,-0.9693700136115277,84.60001301765442,drone3
1743770932.9670136,0.26287928223609924,0.26464393734931946,0.615902304649353,0.0011450621262747765,0.0006523287533261053,0.24513825137857942,-0.9694873082909335,84.80013132095337,drone3
1743770933.166903,0.2790423035621643,0.2566271722316742,0.600839376449585,-0.00024407453999619402,-0.0015007401217206938,0.24470885928595038,-0.9695953728105156,85.00002074241638,drone3
1743770933.3668954,0.29687219858169556,0.24887597560882568,0.584587574005127,-0.0010252566224550903,-0.001635255945805419,0.24513003274311979,-0.9694883619621464,85.20001316070557,drone3
1743770933.5669174,0.3168148994445801,0.23901893198490143,0.5723071098327637,-0.0006755873723155615,-0.0010607368396960326,0.24634685440647774,-0.9691809007022594,85.40003514289856,drone3
1743770933.7669156,0.3392239809036255,0.23076733946800232,0.5617278814315796,-0.0011041747029762793,-0.002095274227004588,0.2480242568303629,-0.9687509607005997,85.60003328323364,drone3
1743770933.966889,0.36400413513183594,0.2218458652496338,0.5508265495300293,-0.0012429415476198098,-0.0011828939107733755,0.2498418396723952,-0.9682851115840089,85.8000066280365,drone3
1743770934.1668854,0.3863024115562439,0.21206805109977722,0.5399092435836792,-0.0010263137098674984,0.00016808986366783908,0.2515436872684165,-0.9678453935134946,86.00000309944153,drone3
1743770934.3669267,0.3999325633049011,0.20462211966514587,0.5313129425048828,-0.0005350260684885238,0.0007126018953626118,0.25268552968827374,-0.9675480896440989,86.20004439353943,drone3
1743770934.5668716,0.412957102060318,0.1953083872795105,0.5205038785934448,-0.000333528378270058,0.00037637329939413806,0.2539395248720184,-0.9672199764284415,86.39998936653137,drone3
1743770934.7669158,0.42282742261886597,0.18857525289058685,0.5331540107727051,-0.00047140465722631854,-0.000518453016495975,0.25543051178493975,-0.96682716780032,86.60003352165222,drone3
1743770934.9669113,0.43519172072410583,0.1785743534564972,0.5349050760269165,-0.00012766387427428025,-0.001776243122133964,0.25715941765770506,-0.9663673035362177,86.80002903938293,drone3
1743770935.166933,0.4504941403865814,0.16373659670352936,0.5159834623336792,0.0005853712404769608,-0.002997283421610123,0.25909319936108194,-0.9658474643066842,87.00005078315735,drone3
1743770935.3669214,0.46829378604888916,0.1481378823518753,0.4845978319644928,0.00177736908918609,-0.002408144545105457,0.2605015995243463,-0.9654687959462381,87.20003914833069,drone3
1743770935.5669055,0.4857944846153259,0.13565096259117126,0.4499953091144562,0.002085707098187861,-0.001021278890149781,0.2609083798327491,-0.9653607525000805,87.4000232219696,drone3
1743770935.7669175,0.501325786113739,0.1276511251926422,0.4194035232067108,0.0026786181793728003,-0.0011872636339797455,0.2596331215639308,-0.9657029638365646,87.60003519058228,drone3
1743770935.966932,0.5191572904586792,0.12402176111936569,0.397376149892807,0.0030950702016921826,-0.001131223801256194,0.2553279685025127,-0.9668488734273031,87.80004978179932,drone3
1743770936.1668985,0.5404687523841858,0.1238475888967514,0.37987133860588074,0.0022286811444560224,-0.0006542864415121225,0.24695397975927724,-0.9690244937474355,88.00001621246338,drone3
1743770936.36691,0.5625553131103516,0.12523649632930756,0.3633863031864166,0.0008287796215443452,0.0002227516508494062,0.2344687345311981,-0.9721233829310474,88.20002770423889,drone3
1743770936.5669067,0.5823888182640076,0.12602640688419342,0.34801116585731506,-0.0009432245730688718,0.001672783557342254,0.22107581477358834,-0.9752548094817098,88.4000244140625,drone3
1743770936.7669017,0.6003042459487915,0.12574608623981476,0.32974931597709656,-0.0014461041412520317,0.0008367319992275877,0.2080572433244523,-0.9781152317964472,88.60001945495605,drone3
1743770936.966913,0.6175182461738586,0.1262098103761673,0.3109430968761444,-0.0006200399045093025,-5.388688609078081e-05,0.19533572286362105,-0.9807363443053397,88.80003070831299,drone3
1743770937.166893,0.6349014043807983,0.12728101015090942,0.293297678232193,-0.00018013842420479208,-0.00020485550319460192,0.18310567680327533,-0.9830932382209174,89.00001072883606,drone3
1743770937.3668978,0.6517366766929626,0.12713567912578583,0.2791401445865631,-0.00015546954051182975,0.0001661080119145534,0.1715375891456417,-0.9851776106140236,89.20001554489136,drone3
1743770937.566909,0.6672606468200684,0.12467747181653976,0.269053190946579,-0.00021062791012522593,0.0002224573001045296,0.16209509349895806,-0.9867751447599806,89.40002679824829,drone3
1743770937.76689,0.6814038753509521,0.12255657464265823,0.2616700828075409,0.0006503106436813988,0.0002310486942645181,0.15419230652207438,-0.9880406460333686,89.60000777244568,drone3
1743770937.9669468,0.6923462152481079,0.1235349252820015,0.25676384568214417,0.0004042350956181395,-8.932524459643104e-05,0.14914260830828718,-0.988815642283787,89.80006456375122,drone3
1743770938.1670024,0.7055205702781677,0.1271510124206543,0.2478138506412506,0.0004903596492696992,-0.0017936240050150797,0.14324070081760965,-0.989686143292931,90.00012016296387,drone3
1743770938.3669078,0.72005695104599,0.12923648953437805,0.2376929521560669,0.0004183505238178849,-0.002397451778508848,0.135978503791243,-0.9907088365720478,90.20002555847168,drone3
1743770938.5669296,0.7324258685112,0.1284894198179245,0.23061257600784302,-0.0001643490015901468,-0.0016823308063466345,0.12962760592337896,-0.9915613408768778,90.4000473022461,drone3
1743770938.7669528,0.7473134398460388,0.12507614493370056,0.22348013520240784,0.0004741446371218962,-0.002555437676108727,0.12085473940583635,-0.9926668527133186,90.60007047653198,drone3
1743770938.9669275,0.7608233690261841,0.12261366844177246,0.21809467673301697,0.001312079138621014,-0.0025786281563212107,0.11139344626471687,-0.9937721959623652,90.80004525184631,drone3
1743770939.1669693,0.7798320055007935,0.12152542173862457,0.21274873614311218,0.0015251257573176866,-0.0017442474285208742,0.09953210083514441,-0.9950317545301133,91.00008702278137,drone3
1743770939.366943,0.7961462140083313,0.12377166748046875,0.208529531955719,0.0012563131780947213,-0.0008298791027593534,0.08944008010605936,-0.9959911432427667,91.20006060600281,drone3
1743770939.5668993,0.8169865608215332,0.1280491203069687,0.20397263765335083,-0.0002596245572439969,0.00023359502734672435,0.07821827095579126,-0.9969362020269266,91.40001702308655,drone3
1743770939.7668903,0.8379116654396057,0.1333586424589157,0.21020805835723877,6.27651361933184e-05,-0.001129649632927911,0.06792314456373222,-0.9976899562656953,91.60000801086426,drone3
1743770939.9669545,0.8474957346916199,0.13513998687267303,0.21597245335578918,-0.00014533068894895048,-0.0011570867785591537,0.06288967288662167,-0.9980198396489901,91.80007219314575,drone3
1743770940.1669285,0.8676350712776184,0.13537980616092682,0.21606594324111938,-0.00034109868437887775,-0.0013148842501116862,0.05266982076600302,-0.9986110756399009,92.00004625320435,drone3
1743770940.3669555,0.8871203660964966,0.13200964033603668,0.20151525735855103,3.282494520529837e-05,-0.00104779637837561,0.042302412528747835,-0.9991043202080239,92.2000732421875,drone3
1743770940.566955,0.9063040614128113,0.12733173370361328,0.1810993254184723,0.00057517050952542,-0.00030387758415156607,0.0330783639978961,-0.9994525796172695,92.40007281303406,drone3
1743770940.7669559,0.9247370362281799,0.12253156304359436,0.16062167286872864,0.003015468881243978,0.0007644231537065892,0.026100110289947354,-0.9996545473153338,92.60007357597351,drone3
1743770940.9669235,0.9404272437095642,0.12066832929849625,0.14415600895881653,0.005485204233628396,-0.0006645668975081614,0.018118340118954246,-0.9998206058984666,92.80004119873047,drone3
1743770941.166996,0.9569588303565979,0.12390708923339844,0.1316007375717163,0.001858330324622828,-0.002294912653144041,0.006314187962811191,-0.9999757063009866,93.00011372566223,drone3
1743770941.3669655,0.9778243899345398,0.12843668460845947,0.12040573358535767,-0.002042089143564093,-0.0022604432399843037,-0.006571368032424418,-0.9999738518396522,93.20008325576782,drone3
1743770941.56692,0.999597430229187,0.13301269710063934,0.10831746459007263,-0.0019729240248880643,-0.0011058209407691225,-0.016620483269725428,-0.9998593388522481,93.40003776550293,drone3
1743770941.7669022,1.0194034576416016,0.13777396082878113,0.09860917925834656,-0.0017584914375357945,-0.0009083140174068341,-0.021874172230305466,-0.9997587764717011,93.60001993179321,drone3
1743770941.966911,1.0365455150604248,0.1384357213973999,0.09438827633857727,-0.0012488126442619023,-0.002152322126733716,-0.022930540841382463,-0.9997339941247767,93.80002880096436,drone3
1743770942.1669097,1.054761528968811,0.1360020637512207,0.0915783941745758,-0.00011235032723982132,-0.0021729812030165468,-0.021506483123896303,-0.9997663629044331,94.0000274181366,drone3
1743770942.3669136,1.0768369436264038,0.12941987812519073,0.08807563781738281,0.000997967834553893,-0.0012301355194143937,-0.019400657984898095,-0.9998105328016724,94.20003128051758,drone3
1743770942.566912,1.1011309623718262,0.1228221133351326,0.08415865898132324,0.0019602811227878093,0.00022674946876222754,-0.017823775794711505,-0.9998392769523569,94.40002965927124,drone3
1743770942.7669094,1.1238224506378174,0.11928540468215942,0.0806950032711029,0.002321345641877828,0.0012690719428694803,-0.017280376476860537,-0.9998472427067254,94.60002708435059,drone3
1743770942.9669254,1.1453063488006592,0.11821535229682922,0.07772010564804077,0.002085394618818843,0.0005756665170170292,-0.01805490911194524,-0.9998347250927178,94.8000431060791,drone3
1743770943.1669273,1.165387511253357,0.12025728821754456,0.07689672708511353,0.0010612494548570559,0.0003412037222280212,-0.02012090547910078,-0.9997970036633005,95.00004506111145,drone3
1743770943.366922,1.1840548515319824,0.12218578904867172,0.07751742005348206,-1.4144095465294922e-05,0.0004688003838034989,-0.022920046276103223,-0.999737239432112,95.20003962516785,drone3
1743770943.5669062,1.2019538879394531,0.12253445386886597,0.07924455404281616,-0.00251050526664712,0.0009995402536233137,-0.025222570757101936,-0.9996782759910452,95.40002393722534,drone3
1743770943.766908,1.2174080610275269,0.11908449977636337,0.08108940720558167,-0.0056842491465299225,0.0018501342031535728,-0.022110995372088105,-0.9997377451942941,95.60002565383911,drone3
1743770943.9669266,1.2301428318023682,0.11153441667556763,0.0833650529384613,-0.0012693440246487324,0.0006483803879899651,-0.013341837777214538,-0.9999100415110067,95.800044298172,drone3
1743770944.1669214,1.2400712966918945,0.10347075760364532,0.08802244067192078,0.004365599709352943,-0.0016540990032894072,-0.0010148118184452048,-0.999988603236631,96.00003910064697,drone3
1743770944.3669133,1.2525993585586548,0.10034379363059998,0.09440815448760986,0.007789995095551271,-0.0017521403108237167,0.00803782547951265,-0.9999358353822954,96.200031042099,drone3
1743770944.5669196,1.2666751146316528,0.10471083968877792,0.099124014377594,0.005802835067079892,-0.00017218535196287962,0.009883098801016565,-0.999934318095749,96.40003728866577,drone3
1743770944.7668827,1.2841057777404785,0.11763378977775574,0.11582264304161072,0.009155698854912757,0.002274295970664033,-0.001740917724590951,-0.999954042820852,96.60000038146973,drone3
1743770944.9668863,1.3006516695022583,0.13821150362491608,0.13471025228500366,0.00415727310551966,0.003091172852975896,-0.024412466181874037,-0.9996886019689305,96.80000400543213,drone3
1743770945.166914,1.3132400512695312,0.16337504982948303,0.1371871531009674,-0.0001919950293075031,0.0021450931601926216,-0.05756446072411858,-0.9983395234949453,97.00003170967102,drone3
1743770945.3668945,1.3227386474609375,0.18807046115398407,0.1277245581150055,-0.004008931509920994,0.0006953225723923515,-0.09824110071840703,-0.9951543597124315,97.20001220703125,drone3
1743770945.5668943,1.3300169706344604,0.20772330462932587,0.11322095990180969,-0.00541096124288731,-0.000260661135882602,-0.14405379781908167,-0.9895550665940621,97.40001201629639,drone3
1743770945.7669053,1.3329246044158936,0.2208198457956314,0.1016797423362732,-0.005411839082716451,-0.0005130516112895172,-0.17811645931710113,-0.9839943799889289,97.60002303123474,drone3
1743770945.9668825,1.3360950946807861,0.22878600656986237,0.09750103950500488,-0.004551674917441994,-0.0019142779199560974,-0.19777193714809616,-0.9802355975981818,97.80000019073486,drone3
1743770946.1668804,1.3413490056991577,0.23235034942626953,0.09470921754837036,-0.0024109062543972324,-0.0004920293888695652,-0.20209881690992149,-0.9793620620159451,97.99999809265137,drone3
1743770946.3668778,1.348262071609497,0.23210366070270538,0.0916546881198883,-0.0003349892126319387,0.000667123233521429,-0.19581012779045948,-0.9806415981898873,98.19999551773071,drone3
1743770946.5669127,1.3573822975158691,0.2308456003665924,0.0890188217163086,0.0009967031615648692,0.0002777216368607343,-0.18548309623407777,-0.982646903095187,98.40003037452698,drone3
1743770946.7668948,1.3670883178710938,0.23354336619377136,0.08649775385856628,0.0013366202113013247,0.0005705078909318189,-0.17654349678382603,-0.9842918102988703,98.60001254081726,drone3
1743770946.9668827,1.3758304119110107,0.23852691054344177,0.08515393733978271,-0.0012578675900876246,0.0005409747216087623,-0.17161678307399358,-0.9851628170701964,98.80000042915344,drone3
1743770947.1669176,1.3843597173690796,0.242799773812294,0.08437743782997131,-0.002553402691260979,0.00024934890527880633,-0.17084069100551397,-0.9852954110556117,99.0000352859497,drone3
1743770947.366951,1.3930041790008545,0.24353262782096863,0.08334887027740479,-0.002268817621220057,0.0003543648576971596,-0.17284110687638654,-0.9849470673526692,99.2000687122345,drone3
1743770947.567097,1.400030255317688,0.24164605140686035,0.08302968740463257,-0.0017719530339366828,0.00024360540935243526,-0.17575931252043236,-0.9844315692485324,99.40021467208862,drone3
1743770947.7668803,1.402939796447754,0.2382086217403412,0.08356884121894836,-0.0012670293024417117,4.4961838169369175e-05,-0.17777776724246758,-0.9840698228477633,99.59999799728394,drone3
1743770947.9668782,1.404754638671875,0.23108498752117157,0.08540746569633484,-0.00038295742995727384,-0.0006748124815145554,-0.17932371364584715,-0.983789883479954,99.79999589920044,drone3
1743770948.1668787,1.4058716297149658,0.22321948409080505,0.08835083246231079,-0.0001500609729907446,-0.0015960032769299867,-0.1796974718984417,-0.9837205940610021,99.99999642372131,drone3
1743770948.3668811,1.4087014198303223,0.21625056862831116,0.09063923358917236,-0.0002041973651320357,-0.0024950043637001506,-0.17928599221642993,-0.9837938031368656,100.19999885559082,drone3
1743770948.5670047,1.4151697158813477,0.20952104032039642,0.09228327870368958,0.0009455050303820698,-0.00232956028491124,-0.17858568018157284,-0.9839212552067624,100.40012240409851,drone3
1743770948.7669072,1.425125241279602,0.20339170098304749,0.09508424997329712,0.001364617153206066,-0.0012891344678633274,-0.17792612414922587,-0.9840420059277462,100.60002493858337,drone3
1743770948.9668963,1.4374547004699707,0.1992870569229126,0.10007622838020325,0.0016010164469971477,-0.000144104437916041,-0.17755202872184322,-0.9841100309412428,100.80001401901245,drone3
1743770949.1668952,1.4503973722457886,0.19850122928619385,0.10555872321128845,0.0015086693062896597,0.0008651602337638525,-0.17755320883360148,-0.9841097780601518,101.00001287460327,drone3
1743770949.3668952,1.462082028388977,0.1994905024766922,0.11061426997184753,0.0010233301533946818,0.001704492413663099,-0.17781763816115886,-0.9840615620654553,101.20001292228699,drone3
1743770949.5669487,1.4691247940063477,0.19919976592063904,0.08170554041862488,0.0004744945956480187,0.0004379386588154841,-0.17798803786968848,-0.9840325228868312,101.40006637573242,drone3
1743770949.766902,1.4747346639633179,0.19926445186138153,-0.021288588643074036,-0.00015812755669733053,-0.0002699884824702038,-0.17810714486358026,-0.9840111122877877,101.60001969337463,drone3
1743770949.9669132,1.4734631776809692,0.19940856099128723,-0.013478994369506836,-0.0001638874750773696,-0.00023413748409175156,-0.17813411884662717,-0.9840062232533604,101.80003094673157,drone3
1743770950.1669073,1.4735733270645142,0.200331911444664,-0.004400372505187988,-0.0001619267025363223,-0.00022283088970272502,-0.17810065424890947,-0.984012292399546,102.0000250339508,drone3
1743770950.3668664,1.4734501838684082,0.20083513855934143,0.0018784701824188232,-0.00014091936682366664,-0.00020548200025146697,-0.17806217417621906,-0.9840191623358533,102.19998407363892,drone3
1743770950.5669012,1.4734474420547485,0.20237842202186584,0.01768907904624939,-0.00014290038703589493,-0.0002108060084711322,-0.17802748731989454,-0.9840254422162813,102.40001893043518,drone3
1743770950.76689,1.473306655883789,0.204464390873909,0.031673699617385864,-0.00011453363380332899,-0.00023388946491131155,-0.17798989233102286,-0.9840323542994371,102.60000777244568,drone3
1743770950.9668906,1.473549246788025,0.20653890073299408,0.042894840240478516,-3.734917684428387e-05,-0.0002550518081099731,-0.1779376723857179,-0.9840417530466552,102.80000829696655,drone3
1743770951.1669083,1.474510908126831,0.21000048518180847,0.051088422536849976,0.0001750269920944721,-0.0001842697877409626,-0.17747688089094832,-0.9841249930724641,103.00002598762512,drone3
1743770951.366901,1.475679874420166,0.21358636021614075,0.056000351905822754,0.00033968576684737173,-0.0001468910381322961,-0.17599929667585335,-0.9843902653369917,103.20001864433289,drone3
1743770951.5669715,1.4772478342056274,0.21445411443710327,0.057944536209106445,0.000415927429880297,-9.86413856376207e-05,-0.17417421169478614,-0.9847148382173742,103.40008926391602,drone3
