timestamp,x,y,z,qx,qy,qz,qw,relative_time,drone_id
1743531827.242134,-0.0017141017597168684,0.01830153726041317,-0.08387130498886108,0.0010534204719509937,-0.0029235531900866814,0.05715867086665577,-0.9983602597444127,0.0,drone1
1743531827.4421964,0.00020482401305343956,0.015968142077326775,-0.08899365365505219,0.000995907639799212,-0.0029057663968344487,0.05717333796993762,-0.9983595853948364,0.20006227493286133,drone1
1743531827.6421514,0.001289070351049304,0.014488685876131058,-0.09430645406246185,0.000940548989051105,-0.002888851104920468,0.05721561125899399,-0.9983572673181684,0.40001726150512695,drone1
1743531827.8421845,0.0017009216826409101,0.013707841746509075,-0.09785237908363342,0.0009346575675646283,-0.002892681940641467,0.05723335508221716,-0.9983562136469555,0.6000504493713379,drone1
1743531828.0421193,0.002009594812989235,0.012265145778656006,-0.10686600208282471,0.000970339649276783,-0.002897970876221203,0.057234830221915056,-0.9983560872064101,0.7999851703643799,drone1
1743531828.2421086,0.0010127407731488347,0.013031227514147758,-0.08824975788593292,0.0010033509214187502,-0.0028947465599920563,0.057227201642334524,-0.9983564665280467,0.9999744892120361,drone1
1743531828.4421232,0.0012197695905342698,0.014092639088630676,-0.05614691972732544,0.0010270967192875912,-0.0028941018449187414,0.05721695995814635,-0.9983570987307744,1.1999890804290771,drone1
1743531828.642134,-0.0012249593855813146,0.016495661810040474,-0.029140114784240723,0.0010716661060891628,-0.002857924620054647,0.057181725192791355,-0.9983591217795029,1.3999998569488525,drone1
1743531828.8421154,-0.005845795385539532,0.020327093079686165,-0.010503411293029785,0.0011167452063399136,-0.0027712567877635178,0.05714691189592125,-0.9983613134156253,1.5999813079833984,drone1
1743531829.0421603,-0.010742444545030594,0.023133045062422752,0.00038436055183410645,0.0011465142169148914,-0.0027129237384270434,0.057149019238346865,-0.9983613134156254,1.8000261783599854,drone1
1743531829.24214,-0.014684726484119892,0.026145758107304573,0.008231699466705322,0.0011584404579544586,-0.0026832474179915643,0.05715205381143962,-0.9983612291219284,2.0000059604644775,drone1
1743531829.4421005,-0.016005229204893112,0.028159677982330322,0.011639386415481567,0.001167338052801813,-0.0027275859026250245,0.057163349166840516,-0.9983604704786551,2.1999664306640625,drone1
1743531829.6421168,-0.013344299979507923,0.027267634868621826,0.009306579828262329,0.0011263512304417306,-0.0027755012717535932,0.05719441139419307,-0.9983585738704721,2.3999826908111572,drone1
1743531829.842092,-0.011236685328185558,0.025691673159599304,0.003852337598800659,0.0011059484514496002,-0.00282957707780015,0.05722484141881801,-0.9983567194091377,2.5999579429626465,drone1
1743531830.04209,-0.011807779781520367,0.023352403193712234,-0.0028358101844787598,0.001056304073715323,-0.002793619559847532,0.05722855034148688,-0.9983566351154407,2.7999558448791504,drone1
1743531830.242101,-0.013707964681088924,0.02313230186700821,-0.009768784046173096,0.0010545116802007212,-0.0027577692200135874,0.057195465065405904,-0.9983586160173208,2.999966859817505,drone1
1743531830.442112,-0.014571909792721272,0.026066845282912254,-0.015856236219406128,0.001123994711237978,-0.002742600305816713,0.057186529933521524,-0.9983591217795028,3.1999778747558594,drone1
1743531830.6421485,-0.015993479639291763,0.030103204771876335,-0.02030274271965027,0.0011731092075975193,-0.0027484848125858565,0.05715188522404557,-0.9983610605345343,3.4000144004821777,drone1
1743531830.8421044,-0.01883387193083763,0.034471023827791214,-0.024076148867607117,0.0012263112897181099,-0.0027260189782863436,0.05712537485633218,-0.9983625356742323,3.5999703407287598,drone1
1743531831.0422478,-0.02158418484032154,0.03769965097308159,-0.02643631398677826,0.0012479231564268964,-0.0027026705297100067,0.05710784176735173,-0.9983636314922935,3.8001136779785156,drone1
1743531831.242159,-0.02382068522274494,0.041085537523031235,-0.029231473803520203,0.0012678205848272134,-0.0026887322705624254,0.057106282333956815,-0.998363673639142,4.000024795532227,drone1
1743531831.4421866,-0.025308474898338318,0.04449854791164398,-0.0322820246219635,0.001282719495775814,-0.0026968560756129006,0.05713704953336979,-0.9983619034715046,4.200052499771118,drone1
1743531831.6421762,-0.02746950276196003,0.04635394737124443,-0.03778791427612305,0.0012610174084694342,-0.0026947079857459243,0.05715074725913577,-0.9983611869750798,4.4000420570373535,drone1
1743531831.8421714,-0.030077364295721054,0.04850253090262413,-0.0436459481716156,0.0012220657355932088,-0.0026951611466854795,0.05714526816882942,-0.998361524149868,4.600037336349487,drone1
1743531832.0421665,-0.03269228711724281,0.051081668585538864,-0.04784615337848663,0.0011996894633467818,-0.002679128469048323,0.057115259612689595,-0.9983632943175055,4.800032377243042,drone1
1743531832.242241,-0.03461180999875069,0.05226234719157219,-0.05244666337966919,0.0011519789838782591,-0.002670791871803706,0.05710286843922746,-0.9983640529607787,5.0001068115234375,drone1
1743531832.4422328,-0.03485392779111862,0.050390735268592834,-0.0586240291595459,0.001090683060482307,-0.0026815504311125562,0.05708284868618474,-0.9983652752193855,5.200098752975464,drone1
1743531832.6422012,-0.03313153237104416,0.04584173485636711,-0.06688199937343597,0.0010171033886970167,-0.002703959218994065,0.05707758033012095,-0.9983655702473251,5.400067090988159,drone1
1743531832.842177,-0.031125299632549286,0.040742628276348114,-0.07447315752506256,0.000948823106885527,-0.0027113689148436965,0.05705435741659137,-0.9983669610933259,5.600042819976807,drone1
1743531833.042141,-0.02923937328159809,0.03332698717713356,-0.08655735850334167,0.0008782601451732422,-0.0027200326440726535,0.05704285132694786,-0.9983676775897505,5.800006866455078,drone1
1743531833.2421277,-0.027432432398200035,0.026350006461143494,-0.07207712531089783,0.0008521816180209995,-0.0027491483784957125,0.057038299467308706,-0.9983678461771446,5.999993562698364,drone1
1743531833.442149,-0.025409942492842674,0.020577970892190933,-0.029711619019508362,0.0008378407412248503,-0.002790960768714615,0.0570403646628857,-0.9983676354429021,6.20001482963562,drone1
1743531833.6422079,-0.023204108700156212,0.017071427777409554,0.010796457529067993,0.000843070078526614,-0.00283545681012161,0.05703244105536576,-0.9983679726176902,6.400073766708374,drone1
1743531833.842159,-0.021850358694791794,0.014094767160713673,0.039846450090408325,0.0008494012431082966,-0.002844254717794069,0.05703543348161,-0.9983677618834476,6.600024938583374,drone1
1743531834.0421343,-0.021140575408935547,0.009240780957043171,0.058916717767715454,0.0008373455980729108,-0.0028344298922794746,0.05703446410409424,-0.998367888323993,6.800000190734863,drone1
1743531834.242114,-0.01915375143289566,0.0030707812402397394,0.06929671764373779,0.0008374082421192326,-0.002844872350224493,0.05702506535687629,-0.9983683519393267,6.9999799728393555,drone1
1743531834.4421356,-0.017299843952059746,-0.0021955000702291727,0.07362532615661621,0.0008282488758299552,-0.0028658595051493947,0.057016888868265225,-0.9983687734078118,7.20000147819519,drone1
1743531834.6420956,-0.0157568771392107,-0.005466701462864876,0.07218489050865173,0.0008398365426743556,-0.002869824354677768,0.05703893167003643,-0.998367466855508,7.399961471557617,drone1
1743531834.8421075,-0.014868175610899925,-0.006286825053393841,0.0698927640914917,0.002646798790472233,-0.0012461198969277978,0.053333760070595204,-0.9985725112735135,7.599973440170288,drone1
1743531835.042111,-0.0139353908598423,-0.00304775801487267,0.11223852634429932,0.005756194804754903,0.0006280827085854031,0.024662312699846756,-0.999679076781167,7.799976825714111,drone1
1743531835.242105,-0.015243500471115112,0.004094553645700216,0.24271416664123535,-0.0007305318191476451,-0.0006962634678580023,-0.015117020889644894,-0.9998853013109308,7.99997091293335,drone1
1743531835.44215,-0.018671322613954544,0.007874816656112671,0.4148728847503662,-0.003219635871010531,-0.001750572069396015,-0.046274078651323214,-0.9989220772350629,8.200016021728516,drone1
1743531835.6422164,-0.024910056963562965,0.009161035530269146,0.5789192318916321,-0.0019569368691400193,-0.0026909316445829536,-0.05854837890260545,-0.998279042767332,8.400082349777222,drone1
1743531835.8421519,-0.033012621104717255,0.00954362377524376,0.7218379974365234,-0.00010832464466252142,-0.003706910486214469,-0.052964890852427615,-0.9985895386003119,8.600017786026001,drone1
1743531836.0421844,-0.04012488201260567,0.011025176383554935,0.8450191617012024,0.001358528258402568,-0.00439919025370762,-0.037964785320551975,-0.9992684821829739,8.800050258636475,drone1
1743531836.2421618,-0.04423116520047188,0.014617911539971828,0.9532341361045837,0.0018301346180364542,-0.004568133014831317,-0.02186903031478704,-0.9997487455217555,9.000027656555176,drone1
1743531836.4421542,-0.04683251678943634,0.018912967294454575,1.0508685111999512,0.0014418836941366058,-0.004449907235809275,-0.009389938526590536,-0.9999449812484222,9.20002007484436,drone1
1743531836.6421409,-0.048499733209609985,0.023488366976380348,1.138561487197876,0.000803182284632295,-0.004297100708446617,-0.002452187940060802,-0.9999875074185697,9.400006771087646,drone1
1743531836.8421485,-0.048606932163238525,0.028879158198833466,1.2229058742523193,-0.00014143280516522904,-0.004095854281254781,-0.0005484569396722041,-0.9999915113691782,9.600014448165894,drone1
1743531837.042126,-0.04651198163628578,0.03268098086118698,1.2980117797851562,-0.0008043946650713685,-0.0038216207076987125,-0.002278542924195826,-0.9999897833483893,9.799991846084595,drone1
1743531837.2421114,-0.04129190742969513,0.03385612368583679,1.3667988777160645,-0.0009498236829472243,-0.0033097498667119356,-0.005592465328910445,-0.9999784879929885,9.999977350234985,drone1
1743531837.4421022,-0.0374782457947731,0.032301176339387894,1.428412914276123,-0.0006130248414560668,-0.00272595946232643,-0.008626490512664231,-0.9999588897084308,10.199968099594116,drone1
1743531837.6421113,-0.037922922521829605,0.028767572715878487,1.4829070568084717,-1.0891832253591553e-05,-0.0027473031367843408,-0.01018714616617411,-0.9999443490456945,10.399977207183838,drone1
1743531837.8421762,-0.04093998670578003,0.025086456909775734,1.524547815322876,0.0008390981496447841,-0.002786924961015502,-0.010033141581715255,-0.9999454448637559,10.60004210472107,drone1
1743531838.0421243,-0.0441727489233017,0.018841762095689774,1.5706655979156494,0.002475893649032815,-0.0015768159241454122,-0.007519377095980051,-0.999967487665527,10.799990177154541,drone1
1743531838.2421246,-0.047132156789302826,0.01121145486831665,1.613016128540039,0.00304671028415147,-0.0027990556286760083,-0.007088172688865024,-0.9999663497006173,10.999990463256836,drone1
1743531838.4421144,-0.0484660267829895,0.004946833476424217,1.6502060890197754,0.002824919130756759,-0.003463470350954096,-0.005813356961956062,-0.9999731353432275,11.19998025894165,drone1
1743531838.6421463,-0.046646662056446075,2.4587610823800787e-05,1.686518669128418,0.0027267139691170587,-0.0032842517848049326,-0.0019456249678083683,-0.9999889825582675,11.400012254714966,drone1
1743531838.8421137,-0.04237404093146324,-0.0015413177898153663,1.7269489765167236,0.002774644423030762,-0.00669134084770815,0.004595734508476446,-0.999963272980676,11.599979639053345,drone1
1743531839.0421076,-0.034094445407390594,0.00016652967315167189,1.7721002101898193,0.0024315363135628113,-0.011421576980403317,0.009170859208031013,-0.9998897688768731,11.799973487854004,drone1
1743531839.2421074,-0.02026429958641529,0.004014879930764437,1.8085410594940186,0.0013765822560889117,-0.008192650939700546,0.01117275021860148,-0.9999030872810024,11.99997329711914,drone1
1743531839.4421117,-0.003847374115139246,0.008355144411325455,1.8310151100158691,1.9100260273464077e-05,-0.005492582072387332,0.009789279916231353,-0.9999370154940537,12.19997763633728,drone1
1743531839.6420987,0.011451514437794685,0.010864382609724998,1.8431048393249512,-0.0007733864383684953,-0.003970360558088451,0.005696905219520654,-0.9999756220072897,12.399964570999146,drone1
1743531839.8421319,0.027191972360014915,0.013752739876508713,1.850071907043457,-0.0007386725817192015,-0.0030925674856075534,0.0005006202666124613,-0.9999948409702106,12.599997758865356,drone1
1743531840.042127,0.04145589843392372,0.01754176989197731,1.8570973873138428,-0.0006669265447983257,-0.0026586870005663446,-0.003510284571926814,-0.9999900783763289,12.799992799758911,drone1
1743531840.2421572,0.0523269884288311,0.019797319546341896,1.866664171218872,-0.00037870153462565587,-0.002979549476554638,-0.004595144452597177,-0.9999849364608104,13.000023126602173,drone1
1743531840.4421475,0.06258418411016464,0.01790221780538559,1.8777077198028564,0.0003824273324977537,-0.004025019422978763,-0.0024420726964181076,-0.9999888561177221,13.200013399124146,drone1
1743531840.6421306,0.07655923813581467,0.013279237784445286,1.8899171352386475,0.0015250725181101257,-0.004570512912365105,0.0010068460640768604,-0.9999878867402063,13.399996519088745,drone1
1743531840.8421555,0.09385115653276443,0.008533948101103306,1.902672290802002,0.002449797011906602,-0.004300942080879744,0.004076611775367833,-0.9999794152236556,13.600021362304688,drone1
1743531841.0422003,0.11272256821393967,0.004490163177251816,1.9150300025939941,0.0027935894725954406,-0.003333999245334226,0.005884711576485124,-0.999973261783773,13.800066232681274,drone1
1743531841.2421324,0.1316414624452591,0.003214149735867977,1.9266438484191895,0.002775280556445958,-0.002542539443954886,0.006100334853466893,-0.9999743576018343,13.999998331069946,drone1
1743531841.442288,0.14642325043678284,0.00549932848662138,1.936312198638916,0.0022105158373132063,-0.0023571195648243288,0.0047265161794057264,-0.9999836299085068,14.200153827667236,drone1
1743531841.642115,0.16455571353435516,0.009456808678805828,1.9503934383392334,0.000732920607032412,-0.0029514100343646637,0.001738683941619967,-0.9999938715926948,14.399981021881104,drone1
1743531841.8421535,0.18059495091438293,0.01259888056665659,1.960597038269043,6.27836577576096e-05,-0.0032621021959258626,-0.0011600077115652143,-0.9999940401800889,14.600019454956055,drone1
1743531842.04211,0.19896994531154633,0.016318580135703087,1.970634937286377,-0.00023275597090135106,-0.003100715327532569,-0.003137875018484504,-0.999990246963723,14.799975872039795,drone1
1743531842.2421167,0.2185521274805069,0.018257668241858482,1.9812836647033691,-0.00034793894502425915,-0.002612519902470343,-0.003662982604081766,-0.9999898676420863,14.999982595443726,drone1
1743531842.442105,0.23785240948200226,0.01881002075970173,1.991549015045166,0.00015587394536284034,-0.002645898066221321,-0.002651542533517348,-0.9999929865088761,15.199970960617065,drone1
1743531842.6423726,0.255975604057312,0.017346216365695,2.0013511180877686,0.0008142756315053909,-0.002671406705419968,-0.0005533459740994508,-0.9999959789351205,15.400238513946533,drone1
1743531842.842389,0.27233943343162537,0.013675191439688206,2.007951021194458,0.0014717412789479068,-0.0025387694207032957,0.0016699845785472787,-0.99999429306118,15.600255012512207,drone1
1743531843.0421991,0.2810952067375183,0.01161447074264288,2.011043071746826,0.0019302823830771234,-0.0023836079176005743,0.0029507008642477572,-0.9999909634601476,15.800065040588379,drone1
1743531843.242179,0.2979116439819336,0.009105970151722431,2.0188777446746826,0.0022953501324926217,-0.003221796143950908,0.00440278623599355,-0.999982576237294,16.00004482269287,drone1
1743531843.4421468,0.3102741837501526,0.008546479977667332,2.0367751121520996,0.0019815464304492676,-0.003681470088690466,0.004570277811975887,-0.9999808903633535,16.200012683868408,drone1
1743531843.6421752,0.324630469083786,0.009458410553634167,2.051335334777832,0.001599540895708938,-0.0043141598100175284,0.003725907848908638,-0.9999824919435969,16.400041103363037,drone1
1743531843.8421764,0.3422303795814514,0.008746588602662086,2.055025815963745,0.0011427609248097104,-0.00395720102782156,0.0021303546048316853,-0.9999892775862071,16.60004234313965,drone1
1743531844.042203,0.36127907037734985,0.007268168963491917,2.049593925476074,0.0010568109883503465,-0.0029096019246850633,0.0003974869283063785,-0.9999951359981503,16.800068855285645,drone1
1743531844.2425241,0.37774357199668884,0.007154883351176977,2.0405220985412598,0.0010447985191392654,-0.0024254742055715515,-0.0008156679592312145,-0.9999962318162114,17.00039005279541,drone1
1743531844.4422164,0.3898159861564636,0.00795383658260107,2.0328705310821533,0.0008551956939159764,-0.002896410208055344,-0.0012484317997411567,-0.999994714529665,17.200082302093506,drone1
1743531844.6421857,0.3992791175842285,0.010496998205780983,2.0263710021972656,0.0007473003379545325,-0.004139198034408934,-0.0009667222642942288,-0.9999907527259051,17.400051593780518,drone1
1743531844.8421943,0.40770936012268066,0.013284189626574516,2.021498203277588,0.00043066917506615467,-0.0048810224101434015,-0.0004934974492139535,-0.9999878867402063,17.60006022453308,drone1
1743531845.0423117,0.4179462194442749,0.015295794233679771,2.0198817253112793,0.00024171974947188009,-0.005091498009342362,-0.00013095025832327056,-0.9999870438032361,17.800177574157715,drone1
1743531845.2421436,0.4313393235206604,0.014717381447553635,2.019676446914673,0.00029004407473990593,-0.004952152296358996,0.00015472108088360163,-0.9999877181528123,18.000009536743164,drone1
1743531845.4421802,0.446978896856308,0.011099552735686302,2.020021677017212,0.000960873236610662,-0.004604101810358636,0.0005572234841625942,-0.9999888139708737,18.200046062469482,drone1
1743531845.6421852,0.4650428295135498,0.007584699895232916,2.0205211639404297,0.0017089811147680469,-0.0038832188207057645,0.0012048519583810478,-0.99999033125742,18.40005111694336,drone1
1743531845.842164,0.4875471889972687,0.004985246807336807,2.022331476211548,0.0019162472149892894,-0.002802715788182103,0.0020209413860974856,-0.9999922278656029,18.600029945373535,drone1
1743531846.0421033,0.5108928084373474,-0.00033937537227757275,2.0259087085723877,0.002137133291565599,-0.0016237798199370415,0.002701528695851385,-0.9999928179214821,18.79996919631958,drone1
1743531846.242128,0.533628523349762,-0.005912454798817635,2.031724452972412,0.002707874595366395,-0.0008269302227706649,0.002764243206435535,-0.999992227865603,18.999993801116943,drone1
1743531846.4421263,0.554428219795227,-0.008702795021235943,2.037297487258911,0.0025758230036715094,-0.0011935263922506435,0.001941958191988058,-0.9999940823269374,19.199992179870605,drone1
1743531846.6422014,0.5740258693695068,-0.009084871970117092,2.042055606842041,0.0017970824749759594,-0.0020912566939155592,0.0004320051972366844,-0.999996189669363,19.40006732940674,drone1
1743531846.842142,0.5922924876213074,-0.009676933288574219,2.0458948612213135,0.0014233070590651117,-0.0024520900638832764,-0.0015370955651922704,-0.9999948409702106,19.600008010864258,drone1
1743531847.0421746,0.6081004738807678,-0.008797469548881054,2.0486247539520264,0.0011365042580754946,-0.0024714737452493033,-0.00336100043450116,-0.9999906684322081,19.80004048347473,drone1
1743531847.2421167,0.6242706179618835,-0.004302485380321741,2.051309108734131,0.00047320752828704487,-0.002949339488113502,-0.004372651239308134,-0.9999859901320234,19.999982595443726,drone1
1743531847.4420974,0.6423104405403137,-4.0926068322733045e-05,2.054421901702881,-0.00029883827809938505,-0.0035972163982475364,-0.004755302476938561,-0.9999822390625059,20.199963331222534,drone1
1743531847.6420996,0.6642330288887024,0.002325361128896475,2.057450771331787,-0.00041143835834392135,-0.003439214942533655,-0.004595860949021813,-0.9999834613211127,20.399965524673462,drone1
1743531847.8420908,0.6886540055274963,0.0015427717007696629,2.060474157333374,0.00015568346136390657,-0.002299119229665875,-0.00411479682011856,-0.999988856117722,20.59995675086975,drone1
1743531848.0423014,0.7080135941505432,-0.0007176407962106168,2.0607800483703613,0.0004892954413448087,-0.0014545917921431528,-0.0033267771935103774,-0.9999932815368158,20.800167322158813,drone1
1743531848.2422304,0.7277333736419678,-0.003095068270340562,2.07734751701355,0.0014193498342473698,-0.001079579454720429,-0.001772612154671116,-0.9999968640189392,21.000096321105957,drone1
1743531848.4422448,0.7438234686851501,-0.0026127169840037823,2.0905845165252686,0.0019473818102093909,-0.00174559815475553,0.00023943624639044525,-0.9999965689909996,21.20011067390442,drone1
1743531848.642184,0.7581856846809387,-0.002716517774388194,2.084683418273926,0.0016450664479770692,-0.0029615198861741195,0.0016025074740813048,-0.9999929865088761,21.400049924850464,drone1
1743531848.8421414,0.772843599319458,-0.003154861507937312,2.06473970413208,0.0015709827838480137,-0.0039556136062850675,0.001785045474981983,-0.9999894040267527,21.60000729560852,drone1
1743531849.042138,0.7848724722862244,-0.003830050118267536,2.0488669872283936,0.0013760554204825263,-0.0038175627564405227,0.0010021677638920588,-0.9999913006349357,21.80000400543213,drone1
1743531849.2421951,0.7982401251792908,-0.004577504470944405,2.0383315086364746,0.0011091438740384633,-0.004255163112453135,-1.3486991523426178e-05,-0.9999903734042686,22.00006103515625,drone1
1743531849.4421992,0.8133149147033691,-0.006253148429095745,2.0279409885406494,0.0012497024613694061,-0.004311688786387451,-0.0008246030911155946,-0.9999895726141468,22.20006513595581,drone1
1743531849.6422102,0.827410876750946,-0.007798180449754,2.016878366470337,0.0014430866903165631,-0.004221254820373231,-0.0013211351134224116,-0.9999891932925102,22.400076150894165,drone1
1743531849.8422241,0.8424592018127441,-0.008559185080230236,2.0066893100738525,0.0014404940829066987,-0.0038897263105794593,-0.0014627485244190221,-0.9999903734042686,22.60009002685547,drone1
1743531850.0421965,0.8602450489997864,-0.007739352062344551,1.9997892379760742,0.0013230874509345236,-0.0032515983287054744,-0.0014090955862646195,-0.9999928600683305,22.80006241798401,drone1
1743531850.2421267,0.8777886033058167,-0.004666633903980255,1.993391752243042,0.0008130675316054965,-0.0026455901143457752,-0.0014799865854600027,-0.9999951359981502,22.999992609024048,drone1
1743531850.442169,0.8932077884674072,-0.0030751670710742474,1.9877867698669434,0.00036066128405603593,-0.0029624899633934098,-0.001693628960561633,-0.9999941666206345,23.200034856796265,drone1
1743531850.6422617,0.9071195721626282,-0.005821652710437775,1.9846835136413574,0.0003965397766676964,-0.0034318455002170754,-0.001860825508604447,-0.9999923543061484,23.40012764930725,drone1
1743531850.8421366,0.922603964805603,-0.01163314189761877,1.983860969543457,0.001215787089936042,-0.0034418236019659026,-0.001874818262310063,-0.9999915956628753,23.60000252723694,drone1
1743531851.0421238,0.9403797388076782,-0.016529932618141174,1.9845523834228516,0.00198136360203024,-0.0030505486416853985,-0.0016462137559869474,-0.9999921014250573,23.799989700317383,drone1
1743531851.2421446,0.9602611660957336,-0.020536022260785103,1.986501932144165,0.0022679126987481574,-0.002796959697592016,-0.0010571272543501988,-0.9999929865088761,24.00001049041748,drone1
1743531851.442189,0.9803947806358337,-0.022812575101852417,1.9916760921478271,0.0025050807840862003,-0.0024072651309433334,-0.0005072373218285576,-0.9999938715926948,24.20005488395691,drone1
1743531851.6421704,0.9979673624038696,-0.0236457921564579,2.000272274017334,0.002080593572111699,-0.0022901564492019888,-0.0007434282608836386,-0.9999949674107561,24.400036334991455,drone1
1743531851.8421433,1.0118579864501953,-0.024652956053614616,2.0086722373962402,0.0013791224268923288,-0.002441724161737311,-0.0019178923414882034,-0.99999429306118,24.600009202957153,drone1
1743531852.0421484,1.0263748168945312,-0.028091130778193474,2.0170464515686035,0.0012509284242890792,-0.002878303032899978,-0.003712631591627602,-0.9999881817681459,24.80001425743103,drone1
1743531852.2421267,1.0407520532608032,-0.03358929231762886,2.0220391750335693,0.0015924792406317766,-0.0032699144271059978,-0.005450388302580267,-0.999978530139837,24.999992609024048,drone1
1743531852.442107,1.0555388927459717,-0.038220565766096115,2.0252575874328613,0.0019672657281575366,-0.003938579858677713,-0.006740334748104704,-0.999967571959224,25.1999728679657,drone1
1743531852.6420996,1.0675677061080933,-0.043006110936403275,2.0290720462799072,0.0022877961330776794,-0.004061496861820433,-0.007165259274791447,-0.999963525861767,25.399965524673462,drone1
1743531852.8421073,1.08026921749115,-0.046255599707365036,2.030709743499756,0.00240513370019458,-0.004100065755701393,-0.007167408764065519,-0.9999630622464335,25.59997320175171,drone1
1743531853.0421095,1.0930291414260864,-0.04650101810693741,2.03133487701416,0.0024118666592441956,-0.0037672939961946143,-0.007167366617217064,-0.9999643687987372,25.799975395202637,drone1
1743531853.2421339,1.1050292253494263,-0.04484796151518822,2.0446791648864746,0.001477386075516145,-0.0038003506255895685,-0.007578972739774481,-0.9999630200995848,25.99999976158142,drone1
1743531853.442101,1.1185379028320312,-0.04196488484740257,2.0640413761138916,0.0007341837777167869,-0.004160814428611212,-0.008467512600081106,-0.999955265079459,26.19996690750122,drone1
1743531853.642078,1.1330233812332153,-0.03891148418188095,2.0657730102539062,0.000378698159585175,-0.004057911910155102,-0.009584488379316802,-0.9999458241853925,26.399943828582764,drone1
1743531853.8421397,1.1480270624160767,-0.034249674528837204,2.0540032386779785,-1.308527937355538e-05,-0.003972931186575361,-0.010479392413748567,-0.9999371840814477,26.600005626678467,drone1
1743531854.042185,1.1636929512023926,-0.028794389218091965,2.0366415977478027,-0.0002684052900242333,-0.0035658248986410153,-0.010669685434775311,-0.999936720466114,26.800050973892212,drone1
1743531854.2421,1.1794633865356445,-0.02471080794930458,2.020580291748047,-0.00047889850528878185,-0.003338894083184965,-0.009813893675761631,-0.9999462035070291,26.99996590614319,drone1
1743531854.4420815,1.196425437927246,-0.024867206811904907,2.0078837871551514,5.717318782240405e-06,-0.0034000460322878593,-0.007934312819569689,-0.9999628093653423,27.199947357177734,drone1
1743531854.6421132,1.2152668237686157,-0.02697555348277092,2.000060558319092,0.0009390179553881128,-0.00333133037023853,-0.005563426150286432,-0.999978530139837,27.39997911453247,drone1
1743531854.8421013,1.2349908351898193,-0.02782132849097252,1.9957189559936523,0.0015937690823687243,-0.0029536878574997127,-0.0032551275510418476,-0.9999891511456616,27.59996724128723,drone1
1743531855.0421033,1.2563735246658325,-0.029497554525732994,1.9934563636779785,0.001894648354534536,-0.00231611980309364,-0.0013469289847110601,-0.9999946723828166,27.79996919631958,drone1
1743531855.242093,1.2797040939331055,-0.02997334860265255,1.9911558628082275,0.0020479115207749335,-0.001807398348318712,-0.0003037101903694551,-0.9999962739630599,27.999958992004395,drone1
1743531855.4421954,1.3033411502838135,-0.02974119782447815,1.9879651069641113,0.0017240327463039521,-0.0015456022109765317,-0.0004650904733176088,-0.9999972433405757,28.200061321258545,drone1
1743531855.642102,1.3233686685562134,-0.02928326092660427,1.986978530883789,0.0013140587439915328,-0.0016391495284703026,-0.0014079997682033274,-0.9999968218720907,28.399967908859253,drone1
1743531855.8421557,1.3413598537445068,-0.02855043299496174,1.9885718822479248,0.0008951468315601611,-0.001956120397427219,-0.0027306521681721985,-0.9999940401800889,28.600021600723267,drone1
1743531856.042283,1.357735514640808,-0.02951403521001339,1.9918491840362549,0.001030419199807463,-0.002245382368245771,-0.004098654577138872,-0.9999885610897825,28.800148963928223,drone1
1743531856.2420983,1.3701356649398804,-0.029810456559062004,1.9952843189239502,0.0011263942827889435,-0.002867457874988328,-0.004920728857343792,-0.9999832084400216,28.999964237213135,drone1
1743531856.4421003,1.385107159614563,-0.03058772347867489,1.999443531036377,0.0012612778628223454,-0.003866502656187385,-0.00526481572858678,-0.9999778979371092,29.199966192245483,drone1
1743531856.6421034,1.4017415046691895,-0.032238997519016266,2.005120277404785,0.001528427308469917,-0.0043766062929869905,-0.005127838470926405,-0.9999761277694718,29.399969339370728,drone1
1743531856.8421233,1.4198133945465088,-0.03376446291804314,2.0092098712921143,0.0017955741199394565,-0.003908907654145409,-0.004788767074656197,-0.9999792887831102,29.59998917579651,drone1
1743531857.0421114,1.4397075176239014,-0.03457387909293175,2.012286424636841,0.0018620680174549799,-0.0028366128026873065,-0.004445607434080567,-0.9999843464049314,29.79997730255127,drone1
1743531857.2421038,1.4587584733963013,-0.034210216253995895,2.0152623653411865,0.0017916900244313748,-0.0021101417336119475,-0.004237486296133686,-0.9999872123906302,29.999969720840454,drone1
1743531857.4421694,1.4769526720046997,-0.03126963973045349,2.0185484886169434,0.00150084956358622,-0.002295362192088802,-0.004344918612988025,-0.9999868330689935,30.200035333633423,drone1
1743531857.6429327,1.4961750507354736,-0.02936871163547039,2.022965908050537,0.000900596822431131,-0.0027850914084691513,-0.004766429244945414,-0.9999843464049314,30.400798559188843,drone1
1743531857.8421628,1.5160332918167114,-0.02868538536131382,2.027557611465454,0.0007574522954534671,-0.0026046772136067136,-0.005393026441756932,-0.9999817754471723,30.60002875328064,drone1
1743531858.0421515,1.53287672996521,-0.029012341052293777,2.0282273292541504,0.00081827991138618,-0.002300515426340862,-0.005699139002491582,-0.9999808060696564,30.80001735687256,drone1
1743531858.2421947,1.5466859340667725,-0.029661014676094055,2.044466495513916,0.0012578257313524683,-0.0020452346402474405,-0.0060709585000546795,-0.999978698727231,31.000060558319092,drone1
1743531858.4421864,1.5577045679092407,-0.030098754912614822,2.120192289352417,0.0010053985832482628,-0.003530201262753945,-0.005691257541819983,-0.999977055000139,31.20005226135254,drone1
1743531858.6422114,1.5694568157196045,-0.030242908746004105,2.14929461479187,0.0015333326418737532,-0.004394742114828453,-0.0048618918568226754,-0.9999773078812301,31.40007734298706,drone1
1743531858.8421977,1.5851774215698242,-0.02898295596241951,2.1071362495422363,0.0016384496808740817,-0.004987630887818184,-0.003967957199906502,-0.9999784036992914,31.60006356239319,drone1
1743531859.0421798,1.6024057865142822,-0.025315940380096436,2.029205560684204,0.0012108368108695357,-0.00421004672211962,-0.0034699078910532814,-0.9999844306986284,31.80004572868347,drone1
1743531859.2421825,1.6208440065383911,-0.022380946204066277,1.9495751857757568,0.0007239252183256223,-0.0033841521429057607,-0.003435895384304999,-0.9999880974744488,32.00004839897156,drone1
1743531859.4421732,1.6395717859268188,-0.01877608150243759,1.8795866966247559,0.0005365558879601885,-0.002819729038591645,-0.003771932207482398,-0.9999888139708737,32.20003914833069,drone1
1743531859.6421633,1.6586668491363525,-0.016301898285746574,1.8230152130126953,0.0002140565995973042,-0.002271743122878716,-0.00419883763604928,-0.999988603236631,32.40002918243408,drone1
1743531859.8421812,1.676578402519226,-0.019265396520495415,1.7795944213867188,0.0005120629713470415,-0.0022379833325853627,-0.0041183793022419035,-0.9999888982645706,32.60004711151123,drone1
1743531860.0421705,1.6920278072357178,-0.025106914341449738,1.74949049949646,0.0015416183665551283,-0.002449825493956451,-0.0033129108803502394,-0.9999902891105714,32.80003643035889,drone1
1743531860.2423332,1.705523133277893,-0.030050329864025116,1.7315735816955566,0.002414432719078582,-0.0028976688100871943,-0.0020726134223716386,-0.9999907948727536,33.00019907951355,drone1
1743531860.4421926,1.7198611497879028,-0.030059538781642914,1.7217135429382324,0.0028222051659417833,-0.003601554066285492,-0.0009293801565136708,-0.9999891511456618,33.200058460235596,drone1
1743531860.642201,1.7356116771697998,-0.025596417486667633,1.7155239582061768,0.0022064453891440026,-0.003747712339885875,-0.0004088244305555657,-0.9999904576979655,33.40006685256958,drone1
1743531860.8421593,1.755360722541809,-0.020341461524367332,1.7123627662658691,0.0009331220887262068,-0.003423675350096851,-0.0009523923358006339,-0.9999932815368158,33.60002517700195,drone1
1743531861.042129,1.7780932188034058,-0.016147444024682045,1.715550422668457,0.00010537708176297953,-0.0023509074990458903,-0.0024872119711732976,-0.999994124473786,33.79999494552612,drone1
1743531861.2421231,1.7990745306015015,-0.012357923202216625,1.7227215766906738,-0.0003101314932306534,-0.0015543630960999316,-0.0045664003019127986,-0.9999883925023885,33.99998903274536,drone1
1743531861.4421337,1.8146759271621704,-0.007952268235385418,1.7312164306640625,-0.0004324815307110325,-0.001745964439268821,-0.006055912075136227,-0.9999800895732318,34.19999957084656,drone1
1743531861.6421442,1.827020525932312,-0.003988847602158785,1.7405219078063965,-0.0003368880742719277,-0.002441922136680023,-0.005855545957315411,-0.9999798366921407,34.400010108947754,drone1
1743531861.8421843,1.8401999473571777,-0.002684825100004673,1.7495338916778564,4.456913984744268e-05,-0.0034473746382598152,-0.004191461937559815,-0.9999853579292957,34.60005021095276,drone1
1743531862.0421739,1.8529483079910278,-0.001541229779832065,1.7613999843597412,0.0006543724638885827,-0.0039042672202699085,-0.0017115413711787377,-0.999990668432208,34.800039768218994,drone1
1743531862.2421372,1.8648215532302856,0.0011671623215079308,1.7760710716247559,0.0007890013518335222,-0.004494472589025737,0.0009537410349531036,-0.9999891511456616,35.00000309944153,drone1
1743531862.4421244,1.8780924081802368,0.0035301409661769867,1.7904589176177979,0.0008139348347225092,-0.004685830476521832,0.003031833547631257,-0.9999840935238403,35.19999027252197,drone1
1743531862.6421273,1.8933504819869995,0.0050129336304962635,1.8037433624267578,0.0006990854957109577,-0.004341434583268522,0.004019629236181099,-0.9999822812093544,35.39999318122864,drone1
1743531862.8421698,1.9099000692367554,0.004630771931260824,1.817194938659668,0.0005668598013117745,-0.003922395633485657,0.00404651892553104,-0.9999839670832948,35.600035667419434,drone1
1743531863.0420902,1.927281141281128,0.0026992829516530037,1.8381881713867188,0.000905020677481568,-0.0027847406512005873,0.0034935944199165347,-0.9999896569078438,35.79995608329773,drone1
1743531863.2421324,1.9464212656021118,-0.002263047266751528,1.8520400524139404,0.0013301806338300052,-0.002528710729570304,0.002865184908619145,-0.9999918485439663,35.999998331069946,drone1
1743531863.4421432,1.9667621850967407,-0.010012580081820488,1.9097952842712402,0.002061407608444436,-0.0023532877464314465,0.0025472712303015177,-0.9999918906908148,36.20000910758972,drone1
1743531863.642133,1.9877700805664062,-0.019575657323002815,1.9327073097229004,0.0030644552495376867,-0.001990608784900592,0.002503354214153153,-0.9999902048168744,36.399998903274536,drone1
1743531863.8421085,2.0086510181427,-0.028682254254817963,1.9132120609283447,0.003666781335758096,-0.0014944239390265522,0.0023043367954847516,-0.9999895304672983,36.599974393844604,drone1
1743531864.042101,2.0284037590026855,-0.03669055551290512,1.873260498046875,0.0037349628358933885,-0.0012113106336429076,0.0016004844253528216,-0.9999910477538447,36.79996681213379,drone1
1743531864.242127,2.045941114425659,-0.04434528574347496,1.8315181732177734,0.0035877520435331225,-0.0016171055125076684,3.0640758867494964e-05,-0.9999922700124515,36.99999284744263,drone1
1743531864.4421005,2.059382677078247,-0.04948730394244194,1.7972171306610107,0.003134330855419765,-0.002625506852917112,-0.0028033976287020757,-0.9999877181528123,37.19996643066406,drone1
1743531864.6420875,2.072197914123535,-0.05172630399465561,1.7738821506500244,0.0022205409581109283,-0.003718587468157768,-0.006661646581934799,-0.9999684570430428,37.39995336532593,drone1
1743531864.8421226,2.0875446796417236,-0.05195606127381325,1.7586581707000732,0.001511072108824604,-0.004150263804730757,-0.010563053908042741,-0.9999345288299916,37.59998846054077,drone1
1743531865.0421038,2.104701519012451,-0.048896003514528275,1.7476766109466553,0.0009723906861468999,-0.0036425077967840473,-0.013622999403630653,-0.9999001370016067,37.79996967315674,drone1
1743531865.2420945,2.120722532272339,-0.04777802526950836,1.7416355609893799,0.000297358693226198,-0.0032818142440471814,-0.015675761660353726,-0.9998717721725587,37.99996042251587,drone1
1743531865.4420762,2.135089874267578,-0.04873788356781006,1.7399811744689941,0.00046986673199804946,-0.0032637760514290263,-0.016505759548078758,-0.9998584116215808,38.199942111968994,drone1
1743531865.6421523,2.149843454360962,-0.04931299760937691,1.7429049015045166,0.0009016257159067913,-0.0031078108976518915,-0.01592101417183861,-0.9998680211030413,38.40001821517944,drone1
1743531865.8421245,2.165722131729126,-0.04953305795788765,1.7492358684539795,0.0012885025866907324,-0.0031343287563090224,-0.014191813271133669,-0.999893562093239,38.599990367889404,drone1
1743531866.0421405,2.18224835395813,-0.04564352706074715,1.7590806484222412,0.0015301055268304477,-0.002969038941571107,-0.01207835955255493,-0.9999215054538015,38.80000638961792,drone1
1743531866.242153,2.1968250274658203,-0.04119909554719925,1.771270990371704,0.0008862744671992693,-0.002802167138288889,-0.010357082259369987,-0.999942073115875,39.00001883506775,drone1
1743531866.4421523,2.2108652591705322,-0.03741374611854553,1.7851488590240479,0.0004832474509015592,-0.0031220143856000634,-0.009384459436284132,-0.9999509661009108,39.20001816749573,drone1
1743531866.642168,2.223931074142456,-0.033456090837717056,1.7989833354949951,0.00011336514432674664,-0.003323926683607534,-0.00912656287024588,-0.9999528627090938,39.400033950805664,drone1
1743531866.8421338,2.2344861030578613,-0.029370594769716263,1.8126325607299805,2.3646851556577935e-05,-0.003696660734856102,-0.0091785720813084,-0.9999510925414563,39.59999966621399,drone1
1743531867.0421157,2.243947744369507,-0.02624410204589367,1.8246760368347168,6.303653884867522e-05,-0.004238589028912352,-0.00867626594075549,-0.9999533684712758,39.79998159408569,drone1
1743531867.2421007,2.2552895545959473,-0.023394538089632988,1.8339824676513672,0.00042443308784781295,-0.0043951067838497474,-0.007703053061790477,-0.9999606598760683,39.999966621398926,drone1
1743531867.4421155,2.2675793170928955,-0.021318266168236732,1.8446180820465088,0.000517877590080275,-0.004444273716815739,-0.006279585400183585,-0.9999702693575288,40.199981451034546,drone1
1743531867.6421094,2.2791802883148193,-0.020150722935795784,1.8586175441741943,0.0008568409850511076,-0.004550907219181824,-0.004392080936471698,-0.9999797102515952,40.399975299835205,drone1
1743531867.8421245,2.2916908264160156,-0.02187054604291916,1.8736789226531982,0.0012140997342704632,-0.004504989215545967,-0.0024871698243248423,-0.9999860744257203,40.599990367889404,drone1
1743531868.0421786,2.299194097518921,-0.023311195895075798,1.8810415267944336,0.0014002047414986335,-0.004187736386642054,-0.0017631291137561458,-0.9999887296771766,40.800044536590576,drone1
1743531868.2421105,2.324521064758301,-0.025789925828576088,1.8992128372192383,0.002072101280539734,-0.0033950367723288577,-0.0010374446760955116,-0.9999915956628753,40.99997639656067,drone1
1743531868.4420824,2.3446812629699707,-0.025251269340515137,1.9531550407409668,0.0018661437082558533,-0.0024214113975476155,-0.0014451311417414405,-0.9999943352080285,41.19994831085205,drone1
1743531868.6420887,2.366072416305542,-0.022295072674751282,1.9792108535766602,0.0014069900754161496,-0.0020418308912193844,-0.0022614313037004896,-0.9999944195017256,41.39995455741882,drone1
1743531868.842087,2.3872385025024414,-0.01870407909154892,1.9653348922729492,0.0005459526595445941,-0.0014860071639880876,-0.003267097256018925,-0.9999934501242097,41.599952936172485,drone1
1743531869.042074,2.4051036834716797,-0.015652364119887352,1.9314370155334473,9.413510962623858e-05,-0.0013844471296705324,-0.004212746096057818,-0.9999902048168745,41.79993987083435,drone1
1743531869.2420902,2.4190711975097656,-0.01465833280235529,1.894665002822876,1.0899487833619698e-05,-0.0020819650013392085,-0.004788767074656253,-0.9999863694536599,41.999956130981445,drone1
1743531869.4421,2.433868408203125,-0.01522371731698513,1.865037441253662,0.0003949227206283451,-0.0032492416448655945,-0.004866738744401411,-0.999982829118385,42.199965953826904,drone1
1743531869.642402,2.4496123790740967,-0.015783676877617836,1.8436105251312256,0.00094506800378295,-0.0038895344271734455,-0.004242248890015454,-0.9999830398526276,42.40026783943176,drone1
1743531869.8421607,2.4622488021850586,-0.016659341752529144,1.831434726715088,0.0012997537372915527,-0.003869520024804899,-0.0033398848633972027,-0.9999861587194174,42.60002660751343,drone1
1743531870.0421436,2.4768669605255127,-0.01857135072350502,1.8218340873718262,0.0016365233558701688,-0.003700770464176232,-0.0020982808531148094,-0.9999896569078437,42.80000948905945,drone1
1743531870.242134,2.4941680431365967,-0.019223475828766823,1.817469596862793,0.0018850699893020544,-0.0033117250063275034,-0.0012228065158464976,-0.9999920171313604,43.0,drone1
1743531870.4421303,2.514277696609497,-0.01673557609319687,1.8165242671966553,0.001512196326617794,-0.002960568824427497,-0.000982864507273973,-0.9999939980332404,43.19999623298645,drone1
1743531870.642168,2.53438663482666,-0.011600404977798462,1.8195345401763916,0.0006180513470494944,-0.0025965464115208416,-0.0014208545569991962,-0.9999954310260897,43.400033950805664,drone1
1743531870.8421738,2.5534257888793945,-0.00911292340606451,1.8273077011108398,-0.00014628948859353748,-0.002195980623003654,-0.002325494513437054,-0.9999949252639075,43.60003972053528,drone1
1743531871.0421572,2.57161545753479,-0.010471226647496223,1.8363709449768066,-0.0001331022171392471,-0.0018524934388532966,-0.003369514097900428,-0.9999926071872396,43.80002307891846,drone1
1743531871.242143,2.587908983230591,-0.012462546117603779,1.8457083702087402,0.0005597682647775637,-0.0020207844878682804,-0.003983256505915966,-0.9999899097889349,44.00000882148743,drone1
1743531871.4421458,2.6030004024505615,-0.012599927373230457,1.8553953170776367,0.0010306964882043556,-0.00286171116865748,-0.003678576938030753,-0.999988603236631,44.20001173019409,drone1
1743531871.6421332,2.617762804031372,-0.012653040699660778,1.8646125793457031,0.0012294581446495093,-0.00354277485304486,-0.002509170479247536,-0.9999898676420863,44.399999141693115,drone1
1743531871.8421516,2.6319234371185303,-0.013086341321468353,1.873964548110962,0.001348842138824966,-0.0038785639811691527,-0.0012617923507189934,-0.9999907948727536,44.60001754760742,drone1
1743531872.0421176,2.6463186740875244,-0.014023318886756897,1.8845057487487793,0.0013109121154348123,-0.0037452003218601754,-0.0006678589615036203,-0.9999919749845119,44.799983501434326,drone1
1743531872.2421253,2.661073923110962,-0.016416102647781372,1.8959591388702393,0.0012312830537991924,-0.003527452415659562,-0.0008283541606329827,-0.9999927336277851,44.99999117851257,drone1
1743531872.4421437,2.677893877029419,-0.01868121139705181,1.907637596130371,0.0014830003320828243,-0.0036495292806462236,-0.0014587445738104001,-0.9999912584880872,45.20000958442688,drone1
1743531872.6421666,2.6993017196655273,-0.019932186231017113,1.9195494651794434,0.001615833863062876,-0.003133209148327389,-0.002182658843833618,-0.9999914270754813,45.40003252029419,drone1
1743531872.8421443,2.722874879837036,-0.02070208452641964,1.9309792518615723,0.0014319897214486736,-0.0022451354552143095,-0.0027808069179001693,-0.9999926071872396,45.60001015663147,drone1
1743531873.0421703,2.7381224632263184,-0.021358953788876534,1.9381155967712402,0.0014434641649416118,-0.001540059216128446,-0.003172140406323909,-0.9999927336277851,45.80003619194031,drone1
1743531873.24215,2.7635610103607178,-0.022739892825484276,1.9502029418945312,0.0012094782129700517,-0.0014484643853481436,-0.004003234112110177,-0.999990246963723,46.0000159740448,drone1
1743531873.442192,2.782180070877075,-0.02553071826696396,1.9909765720367432,0.001776304881261208,-0.0013763630225061795,-0.004698488525145872,-0.9999864537473571,46.20005798339844,drone1
1743531873.642088,2.798912525177002,-0.027927611023187637,2.0242862701416016,0.0018308538926957818,-0.0023940354348170674,-0.005316192736921521,-0.9999813961255357,46.399953842163086,drone1
1743531873.8420975,2.8141515254974365,-0.03221478313207626,2.016935110092163,0.001792515839244385,-0.0029863579212684806,-0.0058461050632490075,-0.999976886412745,46.599963426589966,drone1
1743531874.0421019,2.8289437294006348,-0.03798007220029831,1.9868371486663818,0.002210703167501333,-0.0030237717692414715,-0.00627406416302867,-0.99997334607747,46.799967765808105,drone1
1743531874.2422483,2.8446128368377686,-0.04265594482421875,1.9491212368011475,0.002568789192679326,-0.0030995707565981793,-0.00653575394543271,-0.9999706065323168,47.00011420249939,drone1
1743531874.4422219,2.859462261199951,-0.04556110128760338,1.9162867069244385,0.002425114393316125,-0.003611563572375543,-0.006982721273890824,-0.9999661811132232,47.200087785720825,drone1
1743531874.642214,2.876171827316284,-0.04535742849111557,1.8935844898223877,0.002030607337749473,-0.003809304114402038,-0.007767790621103221,-0.9999604912886743,47.40007996559143,drone1
1743531874.8421998,2.893890857696533,-0.043508484959602356,1.8798675537109375,0.0013007316758859074,-0.0033892879668873904,-0.008948155260499357,-0.9999534106181245,47.6000657081604,drone1
1743531875.0421784,2.910107135772705,-0.04246281832456589,1.871476650238037,0.0008107429518103816,-0.0029567990687096126,-0.010632511914388687,-0.9999388278085397,47.800044298172,drone1
1743531875.2422268,2.9255096912384033,-0.04333832487463951,1.8663427829742432,0.0006758798689747914,-0.002700536763186075,-0.01234194594314203,-0.9999199881672554,48.00009274482727,drone1
1743531875.4422271,2.9415760040283203,-0.044600941240787506,1.8627870082855225,0.0008085513980058788,-0.0030370449395950216,-0.013423391929083095,-0.9999049417423369,48.200093030929565,drone1
1743531875.6422358,2.9564437866210938,-0.048086535185575485,1.85951828956604,0.0011846836212337014,-0.003242929084166262,-0.013599818636949701,-0.999901569994456,48.40010166168213,drone1
1743531875.8422005,2.9712438583374023,-0.0517180934548378,1.8594391345977783,0.0018433462556375398,-0.003558863918555511,-0.012980723579173181,-0.9999076812874901,48.60006642341614,drone1
1743531876.0421624,2.98726224899292,-0.053982481360435486,1.8635246753692627,0.0022861971046942344,-0.0033563413144252685,-0.0120193539646396,-0.9999195666987701,48.8000283241272,drone1
1743531876.2421627,3.0054709911346436,-0.05437425151467323,1.870504379272461,0.002185909913433515,-0.0028895683422077204,-0.01129670410007183,-0.9999296819424128,49.00002861022949,drone1
1743531876.442175,3.023827075958252,-0.05327939987182617,1.8791775703430176,0.0018437329035817887,-0.0028524256910949235,-0.011225644513482513,-0.9999312835226561,49.20004081726074,drone1
1743531876.642153,3.0417094230651855,-0.050837788730859756,1.8872926235198975,0.0013479808860856202,-0.0025589924582037774,-0.012043883430472968,-0.9999233599151361,49.40001893043518,drone1
1743531876.8421407,3.058265209197998,-0.04770009219646454,1.894840955734253,0.0006934477784961826,-0.0025269109274299864,-0.013416016230593686,-0.9999065854694287,49.60000658035278,drone1
1743531877.0421507,3.073162317276001,-0.044068798422813416,1.9047138690948486,0.00047183742643818746,-0.0027061521722056433,-0.014787053212653056,-0.9998869450380227,49.80001664161682,drone1
1743531877.2421505,3.0887646675109863,-0.04099101200699806,1.9149792194366455,0.0001810595684803227,-0.00285456554915555,-0.015560237148585399,-0.9998748488925001,50.00001645088196,drone1
1743531877.4421625,3.105592966079712,-0.04113934934139252,1.9244513511657715,0.0005252570752006027,-0.0031367745906116704,-0.015437084057236539,-0.9998758604168644,50.20002841949463,drone1
1743531877.642147,3.1208763122558594,-0.04407128691673279,1.9327757358551025,0.0011043220111510146,-0.003306470150426054,-0.014377638726218223,-0.9998905696669946,50.4000129699707,drone1
1743531877.8421595,3.1354081630706787,-0.0448334626853466,1.9416224956512451,0.0017473178717099438,-0.003505660190073651,-0.01283270384720292,-0.9999100415110067,50.60002541542053,drone1
1743531878.0421696,3.1437864303588867,-0.04346688091754913,1.9476842880249023,0.001885338263870994,-0.0032938666786780906,-0.011634848265674735,-0.9999251722296221,50.80003547668457,drone1
1743531878.242142,3.1623096466064453,-0.03859953209757805,1.9583158493041992,0.0012969111299228457,-0.0034822290118434996,-0.009905731658666872,-0.9999440540177549,51.00000786781311,drone1
1743531878.4421892,3.172441244125366,-0.031749751418828964,2.0300889015197754,0.000926441730919167,-0.004230196208430366,-0.009662670783304517,-0.9999439275772094,51.20005512237549,drone1
1743531878.6422122,3.1851859092712402,-0.02331732027232647,2.084320068359375,-7.614947709150442e-05,-0.004391242938585286,-0.010318855067770638,-0.9999371419345991,51.4000780582428,drone1
1743531878.8421006,3.1990935802459717,-0.015369978733360767,2.066793441772461,-0.0010586700594962589,-0.004142478573875449,-0.011269097914297255,-0.9999273638657447,51.599966526031494,drone1
1743531879.0421038,3.2141008377075195,-0.011077061295509338,2.0014679431915283,-0.0012899650494067117,-0.003959176332073253,-0.011691451483224868,-0.999923022740348,51.79996967315674,drone1
1743531879.2420964,3.231865167617798,-0.009337439201772213,1.9227747917175293,-0.0007422732561346601,-0.0035031300620739815,-0.011115177623535477,-0.9999318314316867,51.9999623298645,drone1
1743531879.4420922,3.252899169921875,-0.010541249066591263,1.8518753051757812,0.00020437369042418068,-0.002880056819242799,-0.009455476876024993,-0.9999511768351534,52.199958086013794,drone1
1743531879.6420963,3.2750439643859863,-0.014919294975697994,1.7942500114440918,0.0013147822580311316,-0.0021033189243960244,-0.006593031512559078,-0.9999752005388045,52.399962186813354,drone1
1743531879.8420978,3.2954893112182617,-0.02113289013504982,1.7505879402160645,0.0022934129826633594,-0.0015465837509861637,-0.003131552991207931,-0.9999912584880872,52.599963665008545,drone1
1743531880.042096,3.314052104949951,-0.02780154161155224,1.721592903137207,0.002975257988950428,-0.001429441977383293,-0.0003387763683304624,-0.9999945037954225,52.79996180534363,drone1
1743531880.2420774,3.332221746444702,-0.033284418284893036,1.7028844356536865,0.0032796217024260396,-0.0013984954069099784,0.0009169046893545695,-0.9999932815368158,52.999943256378174,drone1
1743531880.4421275,3.3463382720947266,-0.034785736352205276,1.693241834640503,0.003166813357480854,-0.0019457139536349813,0.0006322870213605335,-0.9999929022151791,53.1999933719635,drone1
1743531880.64212,3.3603572845458984,-0.03463434800505638,1.6883981227874756,0.0023753470941335294,-0.0027029069266088527,-0.0013492892082276333,-0.999992649334088,53.399985790252686,drone1
1743531880.8421104,3.3716940879821777,-0.03402676060795784,1.6883690357208252,0.0013191072079282763,-0.0036613246359648286,-0.004689637686958625,-0.9999814804192326,53.59997630119324,drone1
1743531881.0421112,3.381737232208252,-0.03422587737441063,1.692248821258545,0.0008296429322352952,-0.004046492254478301,-0.00848690015039616,-0.9999555179605499,53.79997706413269,drone1
1743531881.24211,3.3914616107940674,-0.03561176359653473,1.6998591423034668,0.0006500504362826923,-0.004416695189910437,-0.011805332267901258,-0.9999204096357404,53.99997591972351,drone1
1743531881.4421327,3.402333974838257,-0.038807425647974014,1.71006441116333,0.001080676970591895,-0.004851651325087371,-0.013713404393686568,-0.9998936042400874,54.19999861717224,drone1
1743531881.6421387,3.4166126251220703,-0.040880847722291946,1.7225568294525146,0.0016980833556138229,-0.00476296069102191,-0.014016187353388831,-0.9998889680867512,54.400004625320435,drone1
1743531881.8421133,3.4339993000030518,-0.0402713268995285,1.7380797863006592,0.0018745129446126477,-0.004049108734126579,-0.013207979386343882,-0.9999028765467599,54.59997916221619,drone1
1743531882.042115,3.4528958797454834,-0.03795628622174263,1.7534964084625244,0.0016562964428355727,-0.002915127236584133,-0.012147016768779106,-0.9999206203699829,54.799980878829956,drone1
1743531882.2421153,3.472615957260132,-0.034509770572185516,1.7673587799072266,0.0011387949228284493,-0.0020973856441742584,-0.011533232213915001,-0.99993060917308,54.99998116493225,drone1
1743531882.4420846,3.4951846599578857,-0.030208386480808258,1.7804749011993408,0.0006066867209981422,-0.0017076979819531514,-0.011495215756558153,-0.9999322950470204,55.19995045661926,drone1
1743531882.6420968,3.5196101665496826,-0.023739133030176163,1.7920558452606201,0.00013469149083229128,-0.0010540044774523599,-0.011982391178495533,-0.9999277010405327,55.39996266365051,drone1
1743531882.842095,3.542957067489624,-0.016847733408212662,1.802922248840332,-0.00035169419218345047,-0.0008578949237974634,-0.012573880050497477,-0.999920620369983,55.599960803985596,drone1
1743531883.042175,3.559572219848633,-0.013393948785960674,1.811814785003662,-0.0004972584380581173,-0.0007738600553468285,-0.012681354514200216,-0.9999191873771336,55.80004096031189,drone1
1743531883.242127,3.578634023666382,-0.012956563383340836,1.8416554927825928,5.8694096363037725e-05,-0.0016034755345078857,-0.011996510372746683,-0.9999268159567141,55.99999284744263,drone1
1743531883.442127,3.589677572250366,-0.012801908887922764,1.9072370529174805,0.0005314794976204043,-0.002393527594103833,-0.01032340692740974,-0.9999437168429669,56.19999289512634,drone1
1743531883.6421256,3.6017982959747314,-0.015996111556887627,2.0075011253356934,0.00123578338233062,-0.0038972651634707187,-0.008224957486900886,-0.9999578360372181,56.399991512298584,drone1
1743531883.8421206,3.617619037628174,-0.01876402087509632,2.0018208026885986,0.002166152014150826,-0.004313189033094699,-0.006032984189546342,-0.9999702272106803,56.59998655319214,drone1
1743531884.0421133,3.63486647605896,-0.021734748035669327,1.9137630462646484,0.0024871379672343663,-0.003958805653833323,-0.004160694738146897,-0.9999804688948685,56.7999792098999,drone1
1743531884.2421215,3.6518137454986572,-0.02304697595536709,1.7966210842132568,0.0024517494317366447,-0.0035364306822091443,-0.0030504203078244307,-0.9999860744257203,56.99998736381531,drone1
1743531884.4421363,3.6691482067108154,-0.023436568677425385,1.685788631439209,0.0020868059208584804,-0.003016340753013395,-0.0030208753670182276,-0.9999887296771766,57.20000219345093,drone1
1743531884.6421347,3.6882007122039795,-0.024851378053426743,1.59446382522583,0.0016511274446743523,-0.0025214490827578733,-0.004098696723987327,-0.9999870859500846,57.40000057220459,drone1
1743531884.8421323,3.7078921794891357,-0.027673475444316864,1.5266468524932861,0.0015742235636898609,-0.0023445308125750936,-0.005824062261477803,-0.999979120195716,57.599998235702515,drone1
1743531885.0421214,3.7285642623901367,-0.026413721963763237,1.4800596237182617,0.0013250765023028223,-0.0019232120640236558,-0.0075803635857752405,-0.9999685413367398,57.79998731613159,drone1
1743531885.2421012,3.7503159046173096,-0.02368319407105446,1.4484059810638428,0.0009012867301213066,-0.001153197949762416,-0.008875578387363525,-0.999959564058007,57.999967098236084,drone1
1743531885.4420938,3.770833969116211,-0.020724313333630562,1.4285902976989746,0.0007018644660717039,-0.0008671752822054464,-0.009552119599660402,-0.9999538320866095,58.19995975494385,drone1
1743531885.6420994,3.7879528999328613,-0.019320620223879814,1.420243263244629,0.000517308463568767,-0.0011351387454585533,-0.010005156074304022,-0.9999491537864249,58.39996528625488,drone1
1743531885.842113,3.8019914627075195,-0.020208245143294334,1.4224457740783691,0.0005521165538212495,-0.001793803705347686,-0.01045583232543107,-0.9999436325492699,58.59997892379761,drone1
1743531886.0420992,3.812786817550659,-0.022540876641869545,1.4333786964416504,0.00118651618596329,-0.002398732812212992,-0.01057595084368701,-0.99994051368248,58.799965143203735,drone1
1743531886.2423267,3.820366859436035,-0.025124192237854004,1.4495394229888916,0.0016940520754082063,-0.003186263551842064,-0.010103653259273981,-0.9999424524375116,59.000192642211914,drone1
1743531886.4421613,3.825277090072632,-0.026903241872787476,1.4726347923278809,0.0020290943317423826,-0.004542194016796704,-0.009159100237296325,-0.9999456977448469,59.20002722740173,drone1
1743531886.6421435,3.831627368927002,-0.025828324258327484,1.4980907440185547,0.002016202993726367,-0.005376565627871508,-0.008289526458819585,-0.9999492380801218,59.40000939369202,drone1
1743531886.8421493,3.8420183658599854,-0.02272903546690941,1.5217952728271484,0.001462039601256306,-0.005387585876304218,-0.007969336850682296,-0.9999526519748512,59.60001516342163,drone1
1743531887.0421681,3.8547122478485107,-0.018585484474897385,1.5440928936004639,0.0006990524038494329,-0.004600954296882732,-0.008498532680585147,-0.9999530734433363,59.800034046173096,drone1
1743531887.242153,3.868626832962036,-0.014679054729640484,1.5663321018218994,0.00023266739666515,-0.003682906868170756,-0.009678433704647549,-0.999946372094423,60.00001883506775,drone1
1743531887.4421787,3.8836729526519775,-0.013231668621301651,1.5889737606048584,-2.1983038857036376e-05,-0.002934417857379375,-0.010761523417680496,-0.9999377741373269,60.20004463195801,drone1
1743531887.6421926,3.8966176509857178,-0.01515581738203764,1.6115100383758545,0.00037352924374201886,-0.00259614066578586,-0.011028060087663438,-0.9999357510885984,60.40005850791931,drone1
1743531887.842143,3.907761573791504,-0.01805492304265499,1.634903907775879,0.0012775827662954895,-0.002983202175986228,-0.010418363777104866,-0.9999405558293286,60.600008964538574,drone1
1743531888.042126,3.9168076515197754,-0.019972149282693863,1.6551172733306885,0.0017154327929946901,-0.003425775777805062,-0.009241286591892606,-0.9999499967233951,60.799991846084595,drone1
1743531888.2421768,3.92829966545105,-0.021195169538259506,1.6851575374603271,0.0022902795044172823,-0.0038550615978140746,-0.007476176576256377,-0.9999620507220691,61.00004267692566,drone1
1743531888.4421473,3.938636541366577,-0.02093350887298584,1.7074134349822998,0.0017105496854679986,-0.004371594851599305,-0.006295264027829539,-0.9999692578331645,61.200013160705566,drone1
1743531888.6421328,3.9514427185058594,-0.018834758549928665,1.749159336090088,0.001226414022661359,-0.0044386993021917915,-0.006163808007324134,-0.9999703957980743,61.39999866485596,drone1
1743531888.8421314,3.9669876098632812,-0.016386039555072784,1.7714405059814453,0.0007097876671463128,-0.0040495016382436555,-0.00696105779375622,-0.9999673612249815,61.5999972820282,drone1
1743531889.0421414,3.983142137527466,-0.014040625654160976,1.778977394104004,0.0003827674707361272,-0.0034711587963462466,-0.008321305182596772,-0.9999592690300674,61.800007343292236,drone1
1743531889.2421398,3.9992635250091553,-0.012514599598944187,1.7798652648925781,0.00014296589677993522,-0.00287510835117369,-0.00964539057541508,-0.9999493223738188,62.0000057220459,drone1
1743531889.4421566,4.015349388122559,-0.015036222524940968,1.781524658203125,0.00044574482289708655,-0.0028106303407151654,-0.010125401033105663,-0.9999447283673311,62.20002245903015,drone1
1743531889.642167,4.031492233276367,-0.020423343405127525,1.7876057624816895,0.00146114422767964,-0.002996445752995951,-0.009630006975708594,-0.999948100115212,62.40003299713135,drone1
1743531889.8421664,4.050031661987305,-0.025630896911025047,1.7964398860931396,0.0022044067823014787,-0.003013891337874985,-0.008596481956524404,-0.9999561080164292,62.600032329559326,drone1
1743531890.0421314,4.070931911468506,-0.02893538773059845,1.8070549964904785,0.002739762730139756,-0.002538389841822749,-0.00751368727143098,-0.9999648324140709,62.799997329711914,drone1
1743531890.2421405,4.09197473526001,-0.028250757604837418,1.818512201309204,0.0024592211336676058,-0.0017767024363487482,-0.0068445639044720785,-0.9999719973783177,63.000006437301636,drone1
1743531890.4422252,4.112866401672363,-0.02275405451655388,1.8317725658416748,0.001488908268630791,-0.0016959078023827889,-0.007130909593255075,-0.9999720816720148,63.20009112358093,drone1
1743531890.6422057,4.132688999176025,-0.017769310623407364,1.8471558094024658,0.00023622032660378044,-0.0017166451734337636,-0.008628513561392714,-0.9999613342256446,63.40007162094116,drone1
1743531890.8421557,4.1522908210754395,-0.014753696508705616,1.8633849620819092,-0.00038376903461458247,-0.0019143438567249696,-0.010984986008485298,-0.999937774137327,63.60002160072327,drone1
1743531891.042131,4.1693854331970215,-0.01452382281422615,1.878955364227295,-0.00021764912452435374,-0.0023955150814289243,-0.0133970501487638,-0.9999074284063991,63.799996852874756,drone1
1743531891.2421257,4.18368673324585,-0.017240038141608238,1.894209623336792,0.00041552849596506147,-0.002568376511647372,-0.014873875720585461,-0.9998860178073555,63.99999165534973,drone1
1743531891.4421117,4.198278427124023,-0.019852567464113235,1.9084336757659912,0.0013624662722422404,-0.003246491480682195,-0.014754600139299634,-0.9998850062829913,64.19997763633728,drone1
1743531891.6421142,4.213307857513428,-0.021554015576839447,1.9209589958190918,0.0018635448858321953,-0.0037286201467826934,-0.013095868769304964,-0.9999056582387615,64.39998006820679,drone1
1743531891.8421178,4.229205131530762,-0.021595565602183342,1.9342424869537354,0.0018983752225413375,-0.003990547087527772,-0.01090153524843368,-0.9999308620541711,64.59998369216919,drone1
1743531892.0421712,4.244558334350586,-0.022120611742138863,1.948625087738037,0.001694513632790238,-0.0035865615596986935,-0.00931032312975344,-0.9999488166116368,64.80003714561462,drone1
1743531892.2421944,4.259140491485596,-0.023369936272501945,1.9636025428771973,0.0014897041505379616,-0.00307234350144934,-0.008981114096034859,-0.9999538320866095,65.00006031990051,drone1
1743531892.4421782,4.272969722747803,-0.024389181286096573,1.9767906665802002,0.0013794902240000374,-0.0035370888151268092,-0.009833028344985562,-0.9999445176330886,65.20004415512085,drone1
1743531892.6421103,4.289625644683838,-0.02524426020681858,1.9871315956115723,0.001285329883887398,-0.0035795975338448393,-0.01129463890449478,-0.9999290497396851,65.39997625350952,drone1
1743531892.8421013,4.307887077331543,-0.025212105363607407,1.9987640380859375,0.0011309269623193258,-0.0031068375688690936,-0.012795572473664862,-0.9999126967624629,65.59996724128723,drone1
1743531893.0421538,4.323639869689941,-0.026007089763879776,2.0093324184417725,0.0010693869658651026,-0.002657375015270316,-0.013859063902140145,-0.9998998419736671,65.80001974105835,drone1
1743531893.2421148,4.343598365783691,-0.028012268245220184,2.018908977508545,0.0009340541350001619,-0.0013246585323352887,-0.014889849376171105,-0.9998878301218415,65.99998068809509,drone1
1743531893.4421225,4.361918926239014,-0.0334751196205616,2.047894239425659,0.0017071484677203953,-0.0025019031936477235,-0.015577348769080845,-0.9998740902492269,66.19998836517334,drone1
1743531893.642323,4.378830909729004,-0.040490005165338516,2.078994035720825,0.0024646022448989446,-0.0026899991455596526,-0.016163780019261387,-0.999862710600129,66.40018892288208,drone1
1743531893.8424523,4.393566608428955,-0.04810503497719765,2.0788486003875732,0.003071602357678192,-0.0030765592906808552,-0.01689030739389219,-0.9998479592031502,66.60031819343567,drone1
1743531894.042206,4.405937194824219,-0.05271577462553978,2.0617258548736572,0.0033187678105682477,-0.0032005291076101124,-0.01762652854368052,-0.9998340507431416,66.80007195472717,drone1
1743531894.2421913,4.422588348388672,-0.05640600994229317,2.034191846847534,0.003254426262879487,-0.003016904281896584,-0.019009198055928933,-0.9998095212773082,67.00005722045898,drone1
1743531894.4421651,4.442226886749268,-0.05681099742650986,2.0078868865966797,0.0027968636221222796,-0.0029813718441341103,-0.02100590500413252,-0.9997710412046177,67.200031042099,drone1
1743531894.6421704,4.462411403656006,-0.05374665558338165,1.986814022064209,0.002062098792064597,-0.002437914955087495,-0.02419878165992384,-0.999702088960454,67.40003633499146,drone1
1743531894.8421402,4.479650020599365,-0.04824184626340866,1.9717512130737305,0.0008188002850245831,-0.0021579209898225215,-0.02865231270152435,-0.9995868173297766,67.60000610351562,drone1
1743531895.0421522,4.493364334106445,-0.04293941333889961,1.9618237018585205,0.0002337707879882768,-0.0022271540620599664,-0.03366884134553355,-0.9994305789623468,67.8000180721283,drone1
1743531895.2421496,4.504893779754639,-0.036178749054670334,1.9556760787963867,-0.0001888238905473772,-0.0026748312191795394,-0.03851151423943533,-0.9992545737229652,68.00001549720764,drone1
1743531895.4422429,4.51692008972168,-0.02914285846054554,1.9537272453308105,-0.0007125484503597789,-0.003801661211478515,-0.04200203193941049,-0.99911009432627,68.20010876655579,drone1
1743531895.6421735,4.530401706695557,-0.02389168180525303,1.955432653427124,-0.000496684639996504,-0.0042216036843263334,-0.043721918386594505,-0.999034693614284,68.40003943443298,drone1
1743531895.8421555,4.5447492599487305,-0.019600339233875275,1.9615330696105957,-9.967696745594642e-05,-0.004261665087016573,-0.04385910637849755,-0.9990286666149468,68.60002136230469,drone1
1743531896.042124,4.558767795562744,-0.015760138630867004,1.9694700241088867,4.8423930124921684e-05,-0.0036301444468273053,-0.04267326264879495,-0.9990825302873438,68.79998993873596,drone1
1743531896.2421336,4.571901321411133,-0.014097491279244423,1.9789905548095703,0.0014162188152534421,-0.0021706090433807283,-0.04045199729172533,-0.9991781614866151,68.99999952316284,drone1
1743531896.442161,4.584305286407471,-0.010932845994830132,1.992008924484253,0.017713887106842574,0.006433346323174552,-0.055526028395889104,-0.9982793799421201,69.20002698898315,drone1
1743531896.6422462,4.588031768798828,0.003936549182981253,2.0064265727996826,0.014633563280727376,0.004179352950419437,-0.1140572535311507,-0.9933576817072607,69.40011215209961,drone1
1743531896.8421373,4.584274768829346,0.029871823266148567,2.0170090198516846,0.004074873547138967,-0.00017732660893668835,-0.21684907592382469,-0.9761966229585343,69.60000324249268,drone1
1743531897.0421321,4.578586578369141,0.05573415011167526,2.019463300704956,-0.0029222342077552346,-0.002681334181559726,-0.3381223756822226,-0.9410939036798116,69.79999804496765,drone1
1743531897.2421067,4.5748515129089355,0.07508648186922073,2.018263339996338,-0.006365360328439921,-0.004022940891875422,-0.44616322980871603,-0.8949199870139743,69.9999725818634,drone1
1743531897.4421024,4.575785160064697,0.08798806369304657,2.0183370113372803,-0.005642286690481243,-0.004577257889851967,-0.5217855604608879,-0.8530457337825367,70.1999683380127,drone1
1743531897.6421084,4.580084323883057,0.09665913879871368,2.020991086959839,-0.0009693154479306006,-0.003790992625813047,-0.5664539495510674,-0.8240841264332149,70.39997434616089,drone1
1743531897.842114,4.583535194396973,0.10567127168178558,2.0269052982330322,0.00411340667382135,-0.002882508539286964,-0.5904114405032664,-0.8070868503378021,70.59997987747192,drone1
1743531898.0421083,4.5842366218566895,0.1171269565820694,2.032334566116333,0.005576041722789906,-0.0020398048996200673,-0.6010071371454809,-0.7992215951295174,70.79997420310974,drone1
1743531898.2421803,4.586233615875244,0.13033904135227203,2.0312399864196777,0.005685752603641796,-0.0018415520511253936,-0.6061383895111366,-0.7953368779554197,71.00004625320435,drone1
1743531898.442316,4.578005313873291,0.14529986679553986,2.0547444820404053,0.004736908011741753,-0.001508202583448986,-0.6116257616732853,-0.7911316972186695,71.20018196105957,drone1
1743531898.6421525,4.569437026977539,0.1619870364665985,2.106353759765625,0.0023224926720643887,-0.0025650922987372486,-0.6201473592167182,-0.7844777951201486,71.40001845359802,drone1
1743531898.8421655,4.560870170593262,0.1802390068769455,2.1157119274139404,0.0003677269727183344,-0.0034689931727317205,-0.6303421655726091,-0.7763096621217523,71.60003137588501,drone1
1743531899.0421805,4.554989814758301,0.19860586524009705,2.087775468826294,-0.0005730390890661572,-0.0038958544788165314,-0.6407143364037462,-0.7677692776205959,71.80004644393921,drone1
1743531899.2421827,4.550509452819824,0.21830441057682037,2.042048931121826,-0.0011503671138767646,-0.003702905712425277,-0.6492815473739798,-0.7605382903355515,72.00004863739014,drone1
1743531899.4421756,4.547563076019287,0.24089184403419495,1.9942307472229004,-0.0007971794044876946,-0.0027537646931785793,-0.6550600646972856,-0.7555713527271715,72.20004153251648,drone1
1743531899.6421602,4.542623519897461,0.26687687635421753,1.9538516998291016,-0.0005287269462130156,-0.0015959542976821907,-0.6576952647902928,-0.7532822625541358,72.40002608299255,drone1
1743531899.8422613,4.535538196563721,0.2921783924102783,1.9232885837554932,-0.0009667422984529939,-0.0011343770461272253,-0.6579884171951104,-0.7530266208444929,72.60012722015381,drone1
1743531900.0421772,4.52776575088501,0.3160869777202606,1.9023430347442627,-0.0016736966293024395,-0.0012602100329025033,-0.6573622783452764,-0.7535719220388829,72.8000431060791,drone1
1743531900.2421424,4.521785736083984,0.3387507498264313,1.889770269393921,-0.002223342859197089,-0.0012453812981030343,-0.6569234822370735,-0.7539530612583231,73.00000834465027,drone1
1743531900.4421391,4.520749092102051,0.3593684434890747,1.8818507194519043,-0.0016113744774781337,-0.0017731583864711922,-0.6570860795102725,-0.7538118745841675,73.20000505447388,drone1
1743531900.6421635,4.5241546630859375,0.37788620591163635,1.8771758079528809,-0.0005205868833449999,-0.0014937493013371292,-0.6575332839147534,-0.753423844354996,73.40002942085266,drone1
1743531900.8421538,4.529686450958252,0.39497461915016174,1.8752031326293945,0.0008598503070779394,-0.0010328872805666234,-0.6579471554304182,-0.7530629935747578,73.60001969337463,drone1
1743531901.042145,4.534940242767334,0.4095099866390228,1.876110553741455,0.0019053519253769949,-0.0005913154278420105,-0.6582226957209143,-0.7528207492945854,73.80001091957092,drone1
1743531901.2421565,4.538806915283203,0.4236803352832794,1.8794646263122559,0.0024443598214945322,-0.00026503074332917824,-0.658572040411509,-0.7525137200398956,74.00002241134644,drone1
1743531901.442236,4.540861129760742,0.4381277859210968,1.8858811855316162,0.0026156057597168346,-0.0006133568302061289,-0.659409466681284,-0.7517792163741842,74.20010185241699,drone1
1743531901.6422358,4.541504383087158,0.4546590745449066,1.89459228515625,0.0022521764484576814,-0.0010968934644646942,-0.6610914789167249,-0.7503011105918389,74.40010166168213,drone1
1743531901.8421552,4.5409111976623535,0.4714273512363434,1.903665542602539,0.0015351419929094609,-0.0014564363753099877,-0.6635198749608014,-0.7481556884886646,74.60002112388611,drone1
1743531902.0421286,4.53904914855957,0.4895470142364502,1.9139597415924072,0.0007766796136579047,-0.0016570768180773844,-0.666222581134233,-0.745750791946811,74.79999446868896,drone1
1743531902.2421381,4.538506031036377,0.510229766368866,1.9240045547485352,-0.0001413173952401793,-0.001246014447488428,-0.6685124299505419,-0.7437000000552558,75.00000405311584,drone1
1743531902.4421394,4.536866664886475,0.5313259959220886,1.9331848621368408,-0.0004607398607641891,-0.0009344154907192531,-0.6698737757916219,-0.7424743670663809,75.20000529289246,drone1
1743531902.6421435,4.533727169036865,0.5491173267364502,1.9405744075775146,-0.0005658892713429881,-0.001080242331216478,-0.6701467582952488,-0.7422276841962248,75.40000939369202,drone1
1743531902.842236,4.532802581787109,0.5614426136016846,1.9499924182891846,-0.00020356310445276943,-0.0014993669741034442,-0.669446704409839,-0.7428585329563797,75.60010194778442,drone1
1743531903.0422163,4.534276008605957,0.5692565441131592,1.959991693496704,0.0009391553030770837,-0.001997229462111571,-0.6682733466840078,-0.7439126151009251,75.80008220672607,drone1
1743531903.242113,4.537022113800049,0.5749083161354065,1.9663023948669434,0.0018549885405170956,-0.0022858342878292197,-0.6673906994799585,-0.7447020334760682,75.99997901916504,drone1
1743531903.4421196,4.542196273803711,0.5818382501602173,1.9782648086547852,0.0031505822315721446,-0.0029076242126299867,-0.6663601194718141,-0.7456178054688689,76.19998550415039,drone1
1743531903.642142,4.549973011016846,0.5932580232620239,1.9976253509521484,0.0038648252610076375,-0.0023347917624826397,-0.665683717870953,-0.7462204500848362,76.40000796318054,drone1
1743531903.8421195,4.556812763214111,0.6085605025291443,2.0069289207458496,0.0036635508456742123,-0.0011120374362883283,-0.6656209058957816,-0.7462803117806117,76.59998536109924,drone1
1743531904.0421178,4.5614447593688965,0.6282360553741455,2.009308099746704,0.002695856652004117,-0.00035660711942862026,-0.6662683183674013,-0.7457072463497652,76.7999837398529,drone1
1743531904.242125,4.563492774963379,0.650797426700592,2.0079824924468994,0.0012452492599293568,0.0004954863771053477,-0.667352456483291,-0.744740866528615,76.999990940094,drone1
1743531904.4421258,4.564147472381592,0.6766309142112732,2.005159378051758,-0.00014364535007589806,0.0008057103546804025,-0.6688893834610893,-0.7433615687642474,77.19999170303345,drone1
1743531904.6421297,4.564114570617676,0.70208340883255,2.006795883178711,-0.0010596997761525286,0.0006324066295067812,-0.6706654490231604,-0.7417588953369503,77.39999556541443,drone1
1743531904.842107,4.563720703125,0.7213347554206848,2.013374090194702,-0.0013548833380278293,0.0002913437534854672,-0.6722325083634659,-0.7403389284979478,77.59997296333313,drone1
1743531905.0420883,4.563952445983887,0.7362285256385803,2.0207276344299316,-0.000613483621246541,-0.0006327502861990859,-0.6731362737727971,-0.7395180237927889,77.7999541759491,drone1
1743531905.2420955,4.566708087921143,0.7497231960296631,2.0266201496124268,0.00010926730996681744,-0.0010074989697972942,-0.6731613669527293,-0.7394950379552823,77.99996137619019,drone1
1743531905.4420953,4.571745872497559,0.7619682550430298,2.031177520751953,0.0013471146119444254,-0.0010599650049531188,-0.6724502152752708,-0.7401404405490637,78.19996118545532,drone1
1743531905.6421063,4.575904369354248,0.774961531162262,2.035125255584717,0.0026032938997088122,-0.0013451170406563822,-0.6712911953804674,-0.7411880241764043,78.39997220039368,drone1
1743531905.8421261,4.580560684204102,0.7893040776252747,2.0385873317718506,0.0030874615430831203,-0.0014244148955635182,-0.670059983202521,-0.7422992864234887,78.59999203681946,drone1
1743531906.0421295,4.586451053619385,0.8059363961219788,2.042741060256958,0.002719267826944839,-0.0007747842814047264,-0.6692746715109297,-0.7430097453121248,78.79999542236328,drone1
1743531906.2421095,4.591606616973877,0.8237704038619995,2.045926570892334,0.002224515850443074,-4.55326727805377e-05,-0.6692682599215999,-0.7430176741880008,78.99997544288635,drone1
1743531906.4420922,4.592809200286865,0.8438328504562378,2.0500833988189697,0.0014988506340503274,0.00030742713904973845,-0.6700148676353681,-0.742346172158279,79.1999580860138,drone1
1743531906.6421084,4.5915608406066895,0.8643251061439514,2.05712890625,0.0006674644727639158,-0.00029223145090253905,-0.671171785456102,-0.7413015335419781,79.39997434616089,drone1
1743531906.8420877,4.590917587280273,0.8848696947097778,2.0652902126312256,0.00011972466748132903,-0.0007370336702339658,-0.6724977858963495,-0.7400987704867766,79.59995365142822,drone1
1743531907.0421023,4.5906982421875,0.9036742448806763,2.0721466541290283,-0.00028476837178872965,-0.000664032262265232,-0.6736544666410604,-0.7390461081641905,79.79996824264526,drone1
1743531907.2420893,4.592480182647705,0.9213318824768066,2.0770058631896973,-0.000430152865881991,-0.0006887168050404444,-0.6742900411166047,-0.7384661675286806,79.99995517730713,drone1
1743531907.4422636,4.594880104064941,0.9345230460166931,2.081024408340454,1.205838211108341e-05,-0.0006728943780272191,-0.674250715472766,-0.7385022057183355,80.20012950897217,drone1
1743531907.6422,4.599100112915039,0.94896399974823,2.0861241817474365,0.0009612646692923775,-0.0007428316915876466,-0.6734558970326574,-0.7392265546277338,80.40006589889526,drone1
1743531907.8421683,4.606217861175537,0.9630979299545288,2.090693950653076,0.0022844140542798643,-0.0009620009529214033,-0.6721395982701016,-0.74042029035482,80.60003423690796,drone1
1743531908.0421634,4.615726947784424,0.9797375798225403,2.093677282333374,0.0028032937433060687,-0.00023980256177286825,-0.670874710760195,-0.7415654808149557,80.80002927780151,drone1
1743531908.2421553,4.621039390563965,0.9922200441360474,2.0965497493743896,0.0027433250340478926,0.0007482055073807795,-0.6702711547186289,-0.7421109584992739,81.00002121925354,drone1
1743531908.4421866,4.626241683959961,1.0101714134216309,2.109337091445923,0.002634747508294242,0.0007775239088761705,-0.6702123387915319,-0.7421643796297615,81.20005249977112,drone1
1743531908.6421788,4.628439903259277,1.0283350944519043,2.1125400066375732,0.002058071113274283,-0.00014389806653083677,-0.6708955286691813,-0.7415490461782145,81.40004467964172,drone1
1743531908.8421824,4.6308417320251465,1.0474721193313599,2.114891767501831,0.0012510354789306835,-0.00040331772253886597,-0.6723809469297433,-0.7402042298042849,81.60004830360413,drone1
1743531909.0421505,4.6351752281188965,1.064215064048767,2.118173599243164,0.0006720529639413489,-0.0004431627727787174,-0.6742941741419369,-0.7384624559718336,81.80001640319824,drone1
1743531909.2421381,4.640401363372803,1.078680396080017,2.122182846069336,0.0007955504123293086,-1.676036931839126e-05,-0.6760517372375116,-0.7368537555451993,82.00000405311584,drone1
1743531909.4421163,4.644988059997559,1.0917303562164307,2.122408628463745,0.001536475751333285,-0.0003258011893667914,-0.6771473577354424,-0.7358458004921711,82.19998216629028,drone1
1743531909.642119,4.647904872894287,1.1013823747634888,2.1248433589935303,0.0023364721211129934,-0.0009465813390621466,-0.6772289672050498,-0.7357681528263239,82.39998483657837,drone1
1743531909.8421223,4.648616313934326,1.1093063354492188,2.1222314834594727,0.003140391975594168,-0.0017446862455378334,-0.6767727618142337,-0.7361833071866903,82.59998822212219,drone1
1743531910.0421662,4.647147178649902,1.1174250841140747,2.121037244796753,0.0031546876597734566,-0.0024067108319729877,-0.6763184635683128,-0.7365986617445871,82.80003213882446,drone1
1743531910.2421756,4.643220901489258,1.1284030675888062,2.1218698024749756,0.002746503159553659,-0.0025897491723533674,-0.6762103727069505,-0.7366989975858234,83.00004148483276,drone1
1743531910.4422357,4.6371564865112305,1.1421658992767334,2.1236305236816406,0.001656439799743179,-0.0029728340512525228,-0.6764259116902354,-0.7365028461528537,83.20010161399841,drone1
1743531910.6421826,4.630138397216797,1.1594709157943726,2.1269702911376953,0.0006682924484260927,-0.003222555116496332,-0.6767405089384108,-0.7362142956570579,83.40004849433899,drone1
1743531910.8421202,4.6254754066467285,1.179305911064148,2.1283748149871826,-0.0002593447054111283,-0.0027722050095369205,-0.6766854993985699,-0.7362670292670792,83.59998607635498,drone1
1743531911.0421028,4.626154899597168,1.201474666595459,2.1290013790130615,-0.0006607437585260729,-0.0015777260738144509,-0.6760289094506869,-0.7368731272904461,83.79996871948242,drone1
1743531911.2421138,4.62827205657959,1.2258518934249878,2.1300439834594727,-0.0008101016735160693,-0.0002510635288027612,-0.6746830815523932,-0.738107097452792,83.99997973442078,drone1
1743531911.4421065,4.631704330444336,1.2489677667617798,2.1323702335357666,-0.0004802844430750802,0.0007906860424518205,-0.6727398299789915,-0.7398785584716633,84.19997239112854,drone1
1743531911.6421137,4.6330060958862305,1.2700883150100708,2.137894868850708,0.0002934943952124118,0.0010333667627071552,-0.6704284836357639,-0.7419733543072419,84.39997959136963,drone1
1743531911.8421373,4.631513595581055,1.2872192859649658,2.1434712409973145,0.0009472323926265238,0.00022110080324503,-0.6684236502483317,-0.7437801818003698,84.60000324249268,drone1
1743531912.0421178,4.630418300628662,1.300382375717163,2.148247718811035,0.001089410793651945,-0.00063271025968382,-0.6673640442324534,-0.7447305431849078,84.7999837398529,drone1
1743531912.2420998,4.62803840637207,1.3119937181472778,2.1512808799743652,0.0011867726890491738,-0.0014942171560510197,-0.6674744268287035,-0.7446302758323005,84.99996566772461,drone1
1743531912.4421144,4.627867221832275,1.3243992328643799,2.1553142070770264,0.0010802920101679718,-0.002210665301191977,-0.6684146044809702,-0.7437848442954863,85.19998025894165,drone1
1743531912.6421115,4.630375385284424,1.337825059890747,2.159818410873413,0.0017323387418084891,-0.0026363727549807378,-0.6694553023669352,-0.7428457203144324,85.39997744560242,drone1
1743531912.8421283,4.632823944091797,1.3494956493377686,2.1625797748565674,0.0021914107228465218,-0.0022749421803245416,-0.6700091830791752,-0.7423461247430744,85.59999418258667,drone1
1743531913.0421157,4.638367176055908,1.3673794269561768,2.1657536029815674,0.0020637745820422785,-0.0014687562819087174,-0.6699996210129193,-0.7423571198021798,85.7999815940857,drone1
1743531913.2421749,4.640759468078613,1.3735014200210571,2.1664512157440186,0.0019178967043456845,-0.0010116095634570908,-0.6698490487624361,-0.7424942050611394,86.00004076957703,drone1
1743531913.442135,4.653204917907715,1.4020514488220215,2.170206069946289,0.0018332735704337782,0.00015289205583072008,-0.6688991905059022,-0.7433508344887674,86.20000100135803,drone1
1743531913.6421194,4.658774375915527,1.4167206287384033,2.1925711631774902,0.002251627016542865,0.0008816273244016185,-0.6686627177097977,-0.7435619348820682,86.39998531341553,drone1
1743531913.8424778,4.665256023406982,1.4374608993530273,2.213364601135254,0.0021108414371518273,0.000602766611337304,-0.669140065013498,-0.7431330564541555,86.60034370422363,drone1
1743531914.0421426,4.668679237365723,1.4532486200332642,2.2017695903778076,0.0017265237114849384,0.0004056674093435211,-0.6701474563524273,-0.7422258903209851,86.80000853538513,drone1
1743531914.242114,4.669095993041992,1.4691390991210938,2.172750234603882,0.0011785618326465503,9.544972910032403e-05,-0.6716070649366324,-0.7409066307423212,86.99997997283936,drone1
1743531914.442102,4.669605255126953,1.485242247581482,2.134883403778076,0.0006519371225666169,-0.0006007319994931266,-0.6733616540452091,-0.7393127897139651,87.19996786117554,drone1
1743531914.6421306,4.671635627746582,1.500968098640442,2.099682092666626,0.0006545273453250792,-0.001501529428472501,-0.674932619871536,-0.7378776210335404,87.39999651908875,drone1
1743531914.842116,4.675793647766113,1.5169591903686523,2.0714011192321777,0.0011949140690062055,-0.0019340393177564703,-0.6761921125848332,-0.736721893861277,87.59998202323914,drone1
1743531915.0421863,4.684266567230225,1.5353654623031616,2.047947883605957,0.00139228517785348,-0.0013238961333004212,-0.6767633288227014,-0.736198219268529,87.80005216598511,drone1
1743531915.2421129,4.693323135375977,1.5554593801498413,2.030546188354492,0.0014947281454303555,0.00016898412595069037,-0.6765020684113164,-0.7364391648989317,87.99997878074646,drone1
1743531915.4420977,4.700554847717285,1.5734399557113647,2.0187363624572754,0.0014921957948429714,0.0010110815342389567,-0.675666098841993,-0.7372056764619093,88.19996356964111,drone1
1743531915.6421788,4.70814847946167,1.5888850688934326,2.0106074810028076,0.0018651266685813627,0.0006579958992486243,-0.674721506307345,-0.7380698528095986,88.40004467964172,drone1
1743531915.8421128,4.715110778808594,1.6017889976501465,2.009193181991577,0.002451148674509263,0.00010871721950749295,-0.6745305284000299,-0.738242876159448,88.59997868537903,drone1
1743531916.0420976,4.719905853271484,1.6151864528656006,2.0091655254364014,0.002433951360909738,-0.0005689184114435818,-0.6754371914051963,-0.7374132575933594,88.79996347427368,drone1
1743531916.2420805,4.723672389984131,1.6303681135177612,2.008002519607544,0.0024187006071231107,-0.00257539471822162,-0.6760594948918156,-0.7368386643392544,88.9999463558197,drone1
1743531916.4421,4.697946071624756,1.6317520141601562,2.0269768238067627,-0.019316137748565533,-0.07113132579388885,-0.6232294739546227,-0.7785578487783082,89.1999659538269,drone1
1743531916.6420705,4.701188087463379,1.644623875617981,2.038331985473633,0.0175480433738554,0.016132151278996046,-0.5986878382187749,-0.8006276561426893,89.39993643760681,drone1
1743531916.8421488,4.698188304901123,1.6634269952774048,2.043158769607544,0.007449893159444224,0.009653502115074219,-0.6165862402771312,-0.7871929425164249,89.60001468658447,drone1
1743531917.0421247,4.683472156524658,1.678062915802002,2.0400333404541016,-0.00496212854595137,-0.00601635565260652,-0.6516789391426204,-0.7584548082946201,89.7999906539917,drone1
1743531917.242194,4.673752307891846,1.6932555437088013,2.0343985557556152,-0.007774957128813759,-0.008316463336999423,-0.6859462091021811,-0.727563332313388,90.00005984306335,drone1
1743531917.4421053,4.674736976623535,1.7087355852127075,2.026914358139038,-0.004876638067763418,-0.005180033309221977,-0.710688198443504,-0.703471163082406,90.19997119903564,drone1
1743531917.6421342,4.679952621459961,1.7153277397155762,2.034830331802368,0.008055744640211023,-0.01054307613721244,-0.7058799851257535,-0.7082072209955059,90.40000009536743,drone1
1743531917.8421168,4.636820316314697,1.6975616216659546,2.0565412044525146,-0.13401627296512122,-0.4002867434528202,-0.5701857632271236,-0.704768373932398,90.59998273849487,drone1
1743531918.04211,4.564249515533447,1.5739948749542236,1.8914358615875244,-0.54598830655875,-0.6202021790957406,0.33375122592439255,-0.4537137481573898,90.7999758720398,drone1
1743531918.242183,4.618555068969727,1.3377587795257568,1.4842557907104492,-0.31422945370194244,-0.6062760095082369,0.3980446154057377,-0.6125763733047365,91.00004887580872,drone1
1743531918.442084,5.177669048309326,0.4775359630584717,0.2945389747619629,0.33584857296139514,-0.3531426076513513,0.2076318341090075,-0.8481657714644149,91.1999499797821,drone1
1743531918.6421008,5.814001560211182,0.2256646603345871,-0.02818833291530609,0.2725926327659573,-0.28031370755675333,0.01562855719002169,-0.9202572182724502,91.39996671676636,drone1
1743531918.8421824,6.450746536254883,0.320914626121521,0.033093780279159546,0.08417156599151569,-0.024209054954248306,-0.3395320613243664,-0.9365079472401896,91.60004830360413,drone1
1743531919.0421002,6.988299369812012,0.5463202595710754,0.18864095211029053,0.05898799950853254,0.10181289071320161,-0.5836518867922407,-0.8034333507746352,91.79996609687805,drone1
1743531919.2421076,7.359525203704834,0.7832493782043457,0.42637521028518677,0.12579441656430845,0.13874322839371386,-0.7311708615186305,-0.6559842555230765,91.99997353553772,drone1
1743531919.4422,7.48398494720459,0.9917542338371277,0.6891272664070129,0.1551269642542751,0.19195937175663874,-0.8014440616717695,-0.5447702810760313,92.20006585121155,drone1
1743531919.642154,7.365126609802246,1.1099883317947388,0.9087764620780945,0.07405621434760185,0.1338481412838773,-0.8391910531526414,-0.5218799694015525,92.4000198841095,drone1
1743531919.842379,7.121161460876465,1.1258375644683838,1.1005535125732422,-0.017397814718969062,0.04227202860223852,-0.8259502519080196,-0.5618866325551997,92.60024499893188,drone1
1743531920.0421488,6.870539665222168,1.092342495918274,1.2650706768035889,-0.05284125834067702,-0.020574368690585494,-0.768518037457816,-0.6373104094040366,92.80001473426819,drone1
1743531920.242145,6.686916828155518,1.0487576723098755,1.377856731414795,-0.04278925736134208,-0.04891180096979608,-0.6825745468320956,-0.7279209891527624,93.00001096725464,drone1
1743531920.4421601,6.5666399002075195,1.0148030519485474,1.4579026699066162,-0.021671665842833678,-0.06256048097506012,-0.6085028066391736,-0.7907850393896674,93.20002603530884,drone1
1743531920.642161,6.510282516479492,1.006963849067688,1.5275108814239502,-0.0011015895453511232,-0.04849204338331888,-0.5577737323432639,-0.8285745254305505,93.40002679824829,drone1
1743531920.8421562,6.486635208129883,1.028473973274231,1.58659029006958,0.007678721159309706,-0.021118998169577366,-0.5483353565510222,-0.8359566407776429,93.60002207756042,drone1
1743531921.042169,6.4642534255981445,1.0690470933914185,1.6352691650390625,0.0033940810184527616,-0.004451176168758073,-0.5697400866459013,-0.8218059733673678,93.80003499984741,drone1
1743531921.2421162,6.431003093719482,1.1136035919189453,1.670919418334961,-0.002845905647716521,0.0031522777573055254,-0.606043706615957,-0.7954200969078045,93.99998211860657,drone1
1743531921.4421356,6.383500099182129,1.1545307636260986,1.6974775791168213,-0.0070900455071276885,0.005979025769058472,-0.6431636583581082,-0.765672640494573,94.20000147819519,drone1
1743531921.6421316,6.3238654136657715,1.1891263723373413,1.7221243381500244,-0.009978095163381998,0.003865732653021576,-0.6789546936249305,-0.7341021906376315,94.39999747276306,drone1
1743531921.842192,6.254791259765625,1.216820240020752,1.7485663890838623,-0.01102718290637879,-0.0014850521098153594,-0.711012362367747,-0.7030916181992197,94.60005784034729,drone1
1743531922.042161,6.18433141708374,1.236618161201477,1.7711317539215088,-0.012880017306651158,-0.006064779047663966,-0.7353157274809836,-0.6775750981984455,94.80002689361572,drone1
1743531922.2421238,6.124867916107178,1.2496533393859863,1.800595998764038,-0.013140367280253808,-0.009730625332538729,-0.7547185639311141,-0.6558448284798464,94.9999897480011,drone1
1743531922.4421787,6.066442489624023,1.2649823427200317,1.8219585418701172,-0.012083679768998769,-0.010494202585824754,-0.7640347138626743,-0.6449765787050241,95.20004463195801,drone1
1743531922.6421506,6.021470546722412,1.2803915739059448,1.8592586517333984,-0.009320735953195587,-0.010236592404329503,-0.7644874921878707,-0.6444898300199278,95.40001654624939,drone1
1743531922.8421435,5.987125396728516,1.2965437173843384,1.8878004550933838,-0.004684546561685431,-0.006880021834097333,-0.7573480531261482,-0.652958496389987,95.60000944137573,drone1
1743531923.0421488,5.956151008605957,1.3138777017593384,1.9058465957641602,-0.003201469509167488,-0.004299634293804928,-0.7472933191871051,-0.6644726913992653,95.80001473426819,drone1
1743531923.2421732,5.924740314483643,1.3294241428375244,1.9134204387664795,-0.003943178624178422,-0.003853147389000107,-0.7405224938282808,-0.6720090721144416,96.00003910064697,drone1
1743531923.4420886,5.903413772583008,1.3446364402770996,1.9226372241973877,-0.0036148265369354772,-0.002399506355055656,-0.7345412238218573,-0.6785502208564838,96.19995450973511,drone1
1743531923.6421325,5.868252277374268,1.359481930732727,1.9569833278656006,-0.0016303382646920158,-0.0026884532534861704,-0.73395407870943,-0.6791919882845812,96.39999842643738,drone1
1743531923.8420432,5.832415580749512,1.3732023239135742,2.024312734603882,-0.0026454168348220876,-0.004164698606437332,-0.7368753452683489,-0.676010759964047,96.59990906715393,drone1
1743531924.0427113,5.796350955963135,1.386396050453186,2.025106191635132,-0.004248578161281664,-0.005714082694466659,-0.7416399200519599,-0.6707604006044995,96.80057716369629,drone1
1743531924.2421775,5.76029634475708,1.4021077156066895,1.9678080081939697,-0.005604716685141794,-0.006569127869803468,-0.7470403248263844,-0.6647226511868932,97.0000433921814,drone1
1743531924.4421277,5.730669975280762,1.419769048690796,1.8871791362762451,-0.006568012953951454,-0.006757603554942313,-0.7513347040996518,-0.6598541475432105,97.19999361038208,drone1
1743531924.6421201,5.707412242889404,1.440891981124878,1.8044853210449219,-0.005709490745930561,-0.005290278928214348,-0.7532697976236885,-0.6576656671659262,97.39998602867126,drone1
1743531924.8421192,5.691440105438232,1.4629881381988525,1.7387702465057373,-0.003502460445786434,-0.0025782504398868186,-0.7521390292882776,-0.6589901424170932,97.59998512268066,drone1
1743531925.0421336,5.676209449768066,1.4827042818069458,1.688652515411377,-0.002824404375326044,-0.0011439034995309133,-0.7493052727577575,-0.6622177191000991,97.79999947547913,drone1
1743531925.2421458,5.660521030426025,1.4993257522583008,1.6590032577514648,-0.0030197578169881964,-0.0009235941844665016,-0.746392037807658,-0.6654990646250927,98.00001168251038,drone1
1743531925.4421732,5.644623279571533,1.5126925706863403,1.6447935104370117,-0.002897457293823012,-0.0014573121571875406,-0.7446438128732065,-0.6674542305857328,98.20003914833069,drone1
1743531925.642128,5.627512454986572,1.5248515605926514,1.6310396194458008,-0.002010535888962775,-0.0025722391221408565,-0.7444857542887564,-0.6676304123150424,98.39999389648438,drone1
1743531925.8421223,5.615565299987793,1.5371049642562866,1.6304099559783936,-0.0011099525666941185,-0.003372124732966129,-0.7458273964781575,-0.6661298765067554,98.59998822212219,drone1
1743531926.0421157,5.605701923370361,1.5516014099121094,1.6350221633911133,-0.0013582310078751282,-0.003499810997753724,-0.7480929660755462,-0.663583356017193,98.7999815940857,drone1
1743531926.2421207,5.599620342254639,1.5661405324935913,1.6430573463439941,-0.0016743603186893908,-0.002915149297825126,-0.7505377756829396,-0.660819073298087,98.99998664855957,drone1
1743531926.4421127,5.596875190734863,1.5809091329574585,1.6531891822814941,-0.0013128088059357185,-0.0022420938027680392,-0.752128745457241,-0.6590112158413487,99.1999785900116,drone1
1743531926.6421342,5.593020439147949,1.599453091621399,1.6628601551055908,-0.0003973910895007278,-0.0010183646866453026,-0.7527568494038867,-0.6582978909670139,99.40000009536743,drone1
1743531926.842219,5.590258598327637,1.6181048154830933,1.6790640354156494,-0.00026784216244157773,-0.00043263138045584754,-0.7528447624615244,-0.6581980082043991,99.60008502006531,drone1
1743531927.042115,5.587014675140381,1.634975790977478,1.6930208206176758,-0.00044072309175131614,-0.00021883701533963485,-0.753137672521963,-0.6578628670017527,99.79998087882996,drone1
1743531927.2421157,5.584824085235596,1.6502532958984375,1.7087278366088867,-0.0009393152264947716,-0.0003643431035024404,-0.7541098475347835,-0.6567475612913892,99.99998164176941,drone1
1743531927.4420986,5.586512565612793,1.6635615825653076,1.725895643234253,-0.0008842474672035504,-0.0005054064034602043,-0.7556002127816893,-0.6550323004608292,100.19996452331543,drone1
1743531927.642129,5.5894269943237305,1.6770775318145752,1.746751308441162,0.0003413760962530095,-0.0009672364640779293,-0.7575290106202297,-0.6528008039562835,100.39999485015869,drone1
1743531927.842103,5.594086170196533,1.6913163661956787,1.7637379169464111,0.0010098959431845498,-0.0011739359330539636,-0.7596016293109575,-0.6503868800863145,100.59996891021729,drone1
1743531928.0420814,5.601894855499268,1.7079566717147827,1.7870361804962158,0.0011518056220365615,-0.00044801367336306597,-0.7612362210734676,-0.6484736976551474,100.7999472618103,drone1
1743531928.24216,5.60817289352417,1.722649335861206,1.805966854095459,0.001348747761165191,0.0005025785721840674,-0.7623003341679585,-0.6472218624973889,101.00002598762512,drone1
1743531928.4421086,5.6153035163879395,1.7449760437011719,1.8330073356628418,0.0007089653508510265,0.0020713209876158634,-0.7637222898113751,-0.6455412937915094,101.19997453689575,drone1
1743531928.6422698,5.627677917480469,1.7656328678131104,1.8510761260986328,0.0012502603000164821,0.0010210728789062486,-0.7651916711960787,-0.6438004867023958,101.40013575553894,drone1
1743531928.8421643,5.641924858093262,1.78357994556427,1.8810458183288574,0.001808109051609826,0.0017495610903890744,-0.7667892949040886,-0.641894010888498,101.60003018379211,drone1
1743531929.0421376,5.655465602874756,1.800831913948059,1.894808292388916,0.0024180604452676826,0.0021233122018916744,-0.7688692366097453,-0.6393979954943418,101.80000352859497,drone1
1743531929.242142,5.668148517608643,1.8169881105422974,1.897599697113037,0.002690264086247169,0.0018372452112023897,-0.7713687185821914,-0.6363801915789088,102.00000786781311,drone1
1743531929.4421449,5.679380893707275,1.8348077535629272,1.896608829498291,0.0027711377970028755,0.0018424212063990072,-0.7739426371574638,-0.6332469843238968,102.20001077651978,drone1
1743531929.6421483,5.692226409912109,1.8577960729599,1.8948159217834473,0.0025070367538827555,0.001680072533751805,-0.776797843799698,-0.6297428005082919,102.4000141620636,drone1
1743531929.8421366,5.7030930519104,1.8829375505447388,1.899190902709961,0.0018379539182803168,0.001968038869699691,-0.7800589720082965,-0.6257001854346043,102.60000252723694,drone1
1743531930.0421445,5.715865612030029,1.9079729318618774,1.9048871994018555,0.0012215675466729489,0.002811612230576716,-0.783051319227229,-0.6219496164109608,102.80001044273376,drone1
1743531930.242126,5.726360321044922,1.928503394126892,1.9191617965698242,0.0012750154305311437,0.0032878300481277516,-0.7854598904474371,-0.6189026047295096,102.99999189376831,drone1
1743531930.4421518,5.7335028648376465,1.944008469581604,1.9294757843017578,0.001457391264846735,0.0029092596461771864,-0.7872236886424135,-0.6166590068110853,103.20001769065857,drone1
1743531930.6421423,5.739335060119629,1.9581249952316284,1.9368157386779785,0.0019235618540551214,0.0013884451739581585,-0.7890660696364384,-0.6143038672580768,103.40000820159912,drone1
1743531930.8421392,5.743559837341309,1.9701755046844482,1.9433073997497559,0.0021306780325032184,0.00014173647650161898,-0.7907887061654878,-0.6120856680842364,103.60000514984131,drone1
1743531931.0421646,5.750324249267578,1.9869500398635864,1.949758529663086,0.002037012959019614,-0.0009542743325273061,-0.7934277416217096,-0.6086603410221954,103.80003046989441,drone1
1743531931.2422378,5.7560625076293945,2.002814769744873,1.956413984298706,0.0020460868379999493,-0.0005183564342554946,-0.79529830305232,-0.6062147279905022,104.00010371208191,drone1
1743531931.4422128,5.7591729164123535,2.018482208251953,1.9637444019317627,0.0018551789833569975,-0.00023841681949194598,-0.7963439031436026,-0.6048412254178049,104.20007872581482,drone1
1743531931.6421404,5.76117467880249,2.0366928577423096,1.9719810485839844,0.0014811456237941794,-0.00030223225185737647,-0.7965249027845326,-0.6046038332935673,104.40000629425049,drone1
1743531931.842128,5.7595648765563965,2.056424617767334,1.9832282066345215,0.0009092705944638592,0.00021684998076406441,-0.7962717161288155,-0.6049385319543045,104.59999394416809,drone1
1743531932.0421317,5.757688045501709,2.0737664699554443,1.9937827587127686,0.00017934315196591372,0.0002558823279149572,-0.7959678057409156,-0.6053389586252944,104.7999975681305,drone1
1743531932.242141,5.758853435516357,2.090507745742798,2.002816677093506,-1.620177694579966e-06,4.360070513078772e-05,-0.7958529555787234,-0.6054899707835089,105.0000069141388,drone1
1743531932.4421027,5.763376235961914,2.1062991619110107,2.009589910507202,0.00040498457071704805,0.0001691953232323514,-0.7959374073264271,-0.6053787979338493,105.19996857643127,drone1
1743531932.6421192,5.771345615386963,2.123014450073242,2.0151212215423584,0.0012885417289299496,0.00019617863908977256,-0.7960722140213893,-0.6052002428101328,105.39998507499695,drone1
1743531932.84212,5.782776355743408,2.1409571170806885,2.0213122367858887,0.0024966806064273144,0.0008570336916377808,-0.7960622884385649,-0.6052090725748959,105.5999858379364,drone1
1743531933.042145,5.7907490730285645,2.158909559249878,2.0271241664886475,0.0029321741550817943,0.001780387795472178,-0.7959043747339067,-0.605412757757037,105.80001091957092,drone1
1743531933.242098,5.794429779052734,2.176316738128662,2.0334341526031494,0.0027575704218903833,0.0018901574925804362,-0.7959261330444504,-0.6053845931255195,105.99996399879456,drone1
1743531933.4420893,5.7934651374816895,2.188277006149292,2.0358636379241943,0.0016799001648717198,0.0016431733743259558,-0.7964469943350602,-0.6047039109853565,106.19995522499084,drone1
1743531933.642143,5.799290180206299,2.203054904937744,2.044868230819702,0.0017266011316236572,0.0004034337498495382,-0.7976157264442673,-0.6031634436722833,106.40000891685486,drone1
1743531933.842106,5.799023628234863,2.218113660812378,2.0681076049804688,0.0012313334736131097,0.0001897132137465251,-0.7999204741715249,-0.6001047731188628,106.59997200965881,drone1
1743531934.0420866,5.800235748291016,2.231997489929199,2.0772006511688232,0.0010195501284983913,-0.0004834138980258047,-0.8018878679865891,-0.5974734821460549,106.79995250701904,drone1
1743531934.2420905,5.803660869598389,2.244973659515381,2.072453498840332,0.0012973397600795035,-0.0007160528949589865,-0.8033831644147709,-0.5954606224181596,106.99995636940002,drone1
1743531934.4421413,5.808808326721191,2.2583158016204834,2.0641696453094482,0.0016059116552791881,-8.913366988312152e-05,-0.804224152093245,-0.5943239324505327,107.20000720024109,drone1
1743531934.6422892,5.816822528839111,2.2746541500091553,2.0554542541503906,0.0024406847315496705,-0.0001056959819408238,-0.8045371029801505,-0.5938973536600419,107.40015506744385,drone1
1743531934.8421137,5.82375955581665,2.2909023761749268,2.0480570793151855,0.0027955271163331106,0.0006811601611578834,-0.8044326314794042,-0.5940369756324464,107.59997963905334,drone1
1743531935.0421164,5.829446315765381,2.3090858459472656,2.041807174682617,0.0025907202682588656,0.0014134815750060337,-0.8041460434462423,-0.5944244632209434,107.79998230934143,drone1
1743531935.242115,5.831650733947754,2.327108860015869,2.0385851860046387,0.0021935508818825672,0.0014791317535297359,-0.8041135376893283,-0.5944699502071988,107.99998092651367,drone1
1743531935.4421217,5.833516597747803,2.3450300693511963,2.037360668182373,0.0016280086274810465,0.0014770422278200595,-0.8045787651399036,-0.5938419516276743,108.1999876499176,drone1
1743531935.6421204,5.834489822387695,2.363555669784546,2.0374062061309814,0.001232448121931418,0.0007842125602281073,-0.806025044783267,-0.5918797102648405,108.39998626708984,drone1
1743531935.842174,5.8368024826049805,2.377620220184326,2.03941011428833,0.0010406540927553958,0.00011316058393897848,-0.8079635153235407,-0.5892315710893404,108.60003995895386,drone1
1743531936.0421178,5.837578296661377,2.394183874130249,2.040989875793457,0.0010807496162829554,-0.0002147379873677609,-0.809860787319395,-0.5866210901229848,108.7999837398529,drone1
1743531936.2420764,5.83879280090332,2.4109787940979004,2.0434882640838623,0.0010010356847238696,-7.2532627176544e-05,-0.8112880692707922,-0.584645814847249,108.99994230270386,drone1
1743531936.4420905,5.84199333190918,2.4272944927215576,2.047813892364502,0.0010674513389200382,0.00019776750119237577,-0.8121257273482341,-0.5834816029875447,109.19995641708374,drone1
1743531936.6420903,5.848215103149414,2.4412827491760254,2.053528070449829,0.0017958705472861367,0.0002821012871110874,-0.8124925945910971,-0.5829688233551369,109.39995622634888,drone1
1743531936.8420928,5.856324195861816,2.452805757522583,2.0583183765411377,0.00261550376763616,0.00037573874288438826,-0.8125530226351496,-0.5828813370343404,109.59995865821838,drone1
1743531937.042138,5.862241268157959,2.464089870452881,2.062359094619751,0.003222972962986819,0.000419584883180068,-0.81261789717172,-0.5827878026407826,109.80000400543213,drone1
1743531937.2421,5.864359378814697,2.476130723953247,2.0669054985046387,0.0033409475895971293,0.0002288848816474478,-0.8128994486564849,-0.5823945620074639,109.99996590614319,drone1
1743531937.442106,5.8633317947387695,2.488987445831299,2.0727267265319824,0.002835238420299293,-4.3636970096246775e-05,-0.8135092924810133,-0.5815450712023025,110.19997191429138,drone1
1743531937.6421387,5.859887599945068,2.5057013034820557,2.0810611248016357,0.001884351270289679,-0.000497666447539821,-0.8146686785265631,-0.5799235028159823,110.40000462532043,drone1
1743531937.8422399,5.857060432434082,2.5256495475769043,2.0907459259033203,0.00046526230713047376,-0.0006146689441241324,-0.8163351227698353,-0.5775780728431995,110.60010576248169,drone1
1743531938.0421126,5.856326580047607,2.5472817420959473,2.105060338973999,-0.00011973572125362131,0.0001455924578185766,-0.8177074873776228,-0.5756341126759073,110.79997849464417,drone1
1743531938.2421138,5.857853412628174,2.5714967250823975,2.111447811126709,-0.00022091776903067085,0.0008782800249856047,-0.8185308682101317,-0.5744619245251223,110.99997973442078,drone1
1743531938.4421234,5.858148574829102,2.590463638305664,2.1096534729003906,-0.0002791999869629351,0.002014276915676669,-0.8186384058941072,-0.5743058336716622,111.19998931884766,drone1
1743531938.6421602,5.858870506286621,2.6149563789367676,2.1132640838623047,0.0003500103144562017,0.0018869791098307205,-0.8182631198182541,-0.5748406877159775,111.40002608299255,drone1
1743531938.8421438,5.857304096221924,2.6345012187957764,2.130976676940918,0.0005392290435952099,0.0017835652727231938,-0.8177913806795838,-0.5755117814481044,111.60000967979431,drone1
1743531939.0421457,5.85721492767334,2.6512866020202637,2.132073402404785,0.000613264263543897,0.0016293837044278668,-0.8178530099088188,-0.5754246955223689,111.80001163482666,drone1
1743531939.2421267,5.858839511871338,2.666747570037842,2.1154088973999023,0.0010344000807787266,0.0005808665285086948,-0.8187274411115865,-0.5741811422203427,111.99999260902405,drone1
1743531939.4421258,5.859951972961426,2.67938232421875,2.0896220207214355,0.0014068820123783168,0.0002986636403278206,-0.8201020500390571,-0.5722156344767493,112.19999170303345,drone1
1743531939.6421309,5.864654541015625,2.691239595413208,2.0632882118225098,0.0020893719806928906,-0.00043964357266660704,-0.8216252898278015,-0.5700239456706222,112.39999675750732,drone1
1743531939.8421586,5.865700721740723,2.7043919563293457,2.0384721755981445,0.0026514723162092864,-0.0004125443015269912,-0.8228863235352475,-0.5681998300670708,112.60002446174622,drone1
1743531940.0421643,5.864863395690918,2.7189345359802246,2.0209996700286865,0.0023541015222278165,-0.0004084189317747969,-0.8237624300752434,-0.566930071961983,112.80003023147583,drone1
1743531940.2420974,5.861112594604492,2.7356953620910645,2.008037567138672,0.0017383265165882892,-0.0002680463832673593,-0.8242765267966672,-0.5661847576296285,112.99996328353882,drone1
1743531940.4421282,5.853618621826172,2.749995231628418,2.001525402069092,0.0009045255960682003,-0.00022870289698839982,-0.824713652835998,-0.5655497099896907,113.19999408721924,drone1
1743531940.6421242,5.8445563316345215,2.7632596492767334,1.9981439113616943,0.00011554068726792282,-0.0011608958823113612,-0.8251495671534339,-0.5649131766733427,113.39999008178711,drone1
1743531940.84213,5.834610939025879,2.7757115364074707,1.9961645603179932,-0.0005166160245979923,-0.0018460103562854054,-0.8256076191030502,-0.564241355908079,113.59999585151672,drone1
1743531941.0421145,5.826050758361816,2.7889420986175537,1.996993064880371,-0.0007004666281801794,-0.002183047220457167,-0.8259162183278471,-0.5637881929928898,113.7999804019928,drone1
1743531941.242113,5.819698810577393,2.8042678833007812,2.0006747245788574,-0.000617437336613718,-0.0020130913709260024,-0.8258703520199551,-0.5638561442494016,113.99997901916504,drone1
1743531941.4421136,5.8110480308532715,2.824552297592163,2.0115256309509277,-0.009770203692832368,-0.007748359112942297,-0.8199958399808096,-0.572233841915306,114.19997954368591,drone1
1743531941.642126,5.810218334197998,2.8461780548095703,2.020096778869629,0.0028766333447489247,0.0031411042223488234,-0.8158874284082405,-0.578195028948414,114.39999198913574,drone1
1743531941.8421168,5.8079657554626465,2.867799997329712,2.03200101852417,0.0028002132367338515,0.0024316350952390355,-0.8074562885384242,-0.5899158146382028,114.59998273849487,drone1
1743531942.0421572,5.804331302642822,2.8854176998138428,2.0415151119232178,0.00398591348605169,0.0024518082068340067,-0.8048420775759754,-0.5934705746720206,114.80002307891846,drone1
1743531942.2421095,5.801257133483887,2.8981053829193115,2.050143241882324,0.006007282349852803,0.002152334350966292,-0.8056840451686775,-0.5923110727226374,114.99997544288635,drone1
1743531942.4422004,5.797926425933838,2.9083542823791504,2.05295991897583,-0.0027513879237312066,-0.0007741040872460442,-0.8071626198347124,-0.5903221840148326,115.2000663280487,drone1
1743531942.6421044,5.796376705169678,2.928644895553589,2.0597801208496094,0.0016377520352859618,-0.0006340408077031683,-0.8128242270686051,-0.5825064513535482,115.39997029304504,drone1
1743531942.8420851,5.798121452331543,2.9350943565368652,2.0814337730407715,-0.001924290759927721,-0.08348765171490728,-0.7425857058692564,-0.6645244266558125,115.59995102882385,drone1
1743531943.0420914,5.850061416625977,2.9969704151153564,2.110872983932495,0.028204951563450778,0.06939276697572563,-0.7391358256337799,-0.669378387002581,115.79995727539062,drone1
1743531943.2420964,5.85701847076416,3.0422136783599854,2.131479024887085,0.00872875325513095,0.03776206556465983,-0.7795563444980238,-0.6251319458179122,115.9999623298645,drone1
1743531943.4421132,5.863777160644531,3.0007221698760986,2.1860921382904053,0.3854871620894474,-0.13216835492887316,-0.7367793215765509,-0.5395253691966537,116.19997906684875,drone1
1743531943.6421778,5.726434707641602,2.945209264755249,2.219245433807373,0.18124686775795432,-0.14994011756125522,-0.5299196388056873,-0.8147716854243238,116.40004372596741,drone1
1743531943.8421206,5.6208600997924805,3.1585986614227295,2.0634658336639404,-0.0029262082769067133,0.0364362745415659,-0.45625883301992454,-0.889095966899345,116.59998655319214,drone1
1743531944.0421019,5.527921199798584,3.4580307006835938,1.8496997356414795,-0.0756843233979752,-0.009642477174511721,-0.44719774527884026,-0.8911750920098117,116.7999677658081,drone1
1743531944.2420936,5.470733642578125,3.777024030685425,1.6583747863769531,-0.08828205593055191,-0.014580056868725873,-0.502729842820915,-0.8598002193350289,116.99995946884155,drone1
1743531944.4421225,5.460487365722656,4.000040531158447,1.539461374282837,-0.07934739819828814,0.024908531954669366,-0.6063199159876731,-0.7908602504408351,117.19998836517334,drone1
1743531944.6421115,5.4777045249938965,4.114807605743408,1.523108720779419,-0.05391670893741738,0.03825074641934251,-0.7162573973949475,-0.6946979607071643,117.39997744560242,drone1
1743531944.8421454,5.504526138305664,4.210808753967285,1.5730504989624023,-0.013693050758578303,0.020798465459751617,-0.7898637514280678,-0.612776707812421,117.60001134872437,drone1
1743531945.0421262,5.5123796463012695,4.380292892456055,1.616189956665039,0.00398571649892574,0.010029205131918965,-0.792699254418623,-0.6095173761132402,117.79999208450317,drone1
1743531945.2421217,5.493834495544434,4.639795780181885,1.65614652633667,0.008654295908152646,0.017775228881399915,-0.7370892800372122,-0.6755060962341556,117.99998760223389,drone1
1743531945.4420955,4.037765979766846,10.362844467163086,1.8002805709838867,0.21186420219722538,0.2814658818813962,-0.8614411225881036,-0.36580025324617527,118.1999614238739,drone1
1743531945.6420937,3.719409465789795,12.00881290435791,1.8604371547698975,-0.16526057206903913,0.09757937675753997,-0.9810446906490454,-0.02680539565292873,118.39995956420898,drone1
1743531945.8420913,3.343769073486328,13.851801872253418,1.6594107151031494,-0.13870294983597198,0.3329530331022252,-0.9102539798797533,0.20332611206513446,118.59995722770691,drone1
1743531946.0420988,3.01686429977417,15.268216133117676,1.3834443092346191,0.11394070695830612,0.43361829410643343,-0.8389562003760267,0.3084563469803141,118.79996466636658,drone1
1743531946.242099,2.7641453742980957,16.198881149291992,1.0844669342041016,0.2531890956244703,0.24236903945383115,-0.9012487999332186,0.25476103016976837,118.99996495246887,drone1
1743531946.442107,2.7464005947113037,16.899757385253906,0.9424569010734558,-0.3172814439798738,0.21633196570273258,-0.41943974655586835,-0.8225590954034089,119.1999728679657,drone1
1743531946.6422167,2.675408363342285,17.275732040405273,0.7469510436058044,-0.23364701191376028,-0.27222331903024694,0.44732549237667685,-0.8192700817861642,119.4000825881958,drone1
1743531946.8421845,2.5649073123931885,17.579631805419922,0.3924267888069153,0.2757559875300002,-0.07294887175742888,0.9519971669490342,0.11107936794961366,119.60005044937134,drone1
1743531947.04212,-2.865567445755005,19.927169799804688,0.04356151819229126,-0.06858539272602772,-0.043067941543319256,0.2985468221052813,-0.9509527258960858,119.79998588562012,drone1
1743531947.2420886,-5.333958625793457,21.07547950744629,0.015730082988739014,0.0704376479364053,-0.0986308629196348,0.9503705093307563,-0.28654230383131735,119.99995446205139,drone1
1743531947.4421108,-7.31023645401001,22.017684936523438,0.0694466233253479,0.1416724165845191,-0.04351862306280244,0.8542464026662028,0.4982953621548414,120.19997668266296,drone1
1743531947.642077,-8.78143310546875,22.797969818115234,0.16254830360412598,0.130079620336946,0.05967470074549838,0.39703393397844644,0.9065771941827843,120.39994287490845,drone1
1743531947.842217,-10.11392593383789,23.63099479675293,0.2701019048690796,0.16819306812890816,0.27043348330251404,-0.16747926910252772,0.9330207169943983,120.6000828742981,drone1
1743531948.0421996,-10.943560600280762,24.41448402404785,0.30539339780807495,-0.037275305025762324,0.24853170488643395,-0.5277267277409534,0.8113859553264587,120.80006551742554,drone1
1743531948.2421634,-11.367480278015137,25.24142837524414,0.2928469181060791,-0.1369187775910077,0.16214385871977416,-0.7642950918244187,0.608946423293175,121.00002932548523,drone1
1743531948.442117,-11.459141731262207,25.802995681762695,0.2789815664291382,-0.08812416823840183,0.09509998335603757,-0.8769100485893901,0.46283804036617204,121.19998288154602,drone1
1743531948.6421978,-11.560993194580078,26.845335006713867,0.3398093581199646,0.011625386298184217,0.11711028694358297,-0.9747616070604355,0.18971013011178084,121.40006375312805,drone1
1743531948.8421988,-11.650911331176758,27.735305786132812,0.5250347256660461,-0.002778093714527325,0.17215800656079028,-0.9833287126635477,0.058468637065222706,121.60006475448608,drone1
1743531949.0421784,-11.771231651306152,28.42920684814453,0.7762898802757263,-0.007190726508004175,0.26734115849055773,-0.9635675726833359,-0.0038259223204249464,121.800044298172,drone1
1743531949.2421796,-11.898648262023926,29.064327239990234,1.0354766845703125,-0.03658393865950167,0.2551464104158399,-0.9661411014002597,0.011550807449744014,122.00004553794861,drone1
1743531949.4423223,-11.977188110351562,29.696714401245117,1.2814784049987793,0.015650884483020343,0.17160667836706323,-0.9794284854491981,0.1050055434638601,122.20018815994263,drone1
1743531949.642205,-12.03461742401123,30.399032592773438,1.5216517448425293,0.09013240531312355,0.12669041312407897,-0.9490981170476367,0.2739314399212514,122.40007090568542,drone1
1743531949.8421535,-12.163222312927246,31.135028839111328,1.790590524673462,0.12779869084745324,0.09162570503435692,-0.8504592343729838,0.5019874471578198,122.60001945495605,drone1
1743531950.0421526,-12.297347068786621,31.671470642089844,2.051710367202759,0.14804762791561799,0.044855905687560566,-0.6646691141525723,0.7309479942520609,122.80001854896545,drone1
1743531950.2421637,-12.362557411193848,31.83400535583496,2.2507925033569336,0.13775593649171253,0.006158060230858494,-0.48710248681607615,0.862390037808902,123.00002956390381,drone1
1743531950.4421773,-12.388452529907227,31.65559959411621,2.3840084075927734,0.0755434475568276,-0.030981921801047498,-0.38919400902611695,0.9175300853661286,123.20004320144653,drone1
1743531950.642189,-12.412406921386719,31.378236770629883,2.473825693130493,-0.007448310923945684,-0.04910197018445539,-0.3775999589098006,0.9246360018782167,123.40005493164062,drone1
1743531950.842181,-12.448755264282227,31.044919967651367,2.556273937225342,-0.09887477858576849,-0.08439649318530616,-0.43063049347878407,0.8931172187891936,123.60004687309265,drone1
1743531951.0421677,-12.467548370361328,30.762548446655273,2.6137633323669434,-0.11662370931542265,-0.1145749987537849,-0.5062215300959365,0.8467652211516857,123.80003356933594,drone1
1743531951.2421806,-12.483551025390625,30.567665100097656,2.6575510501861572,-0.10084355995411108,-0.11653182474049346,-0.5554405881768222,0.8171516125926126,124.00004649162292,drone1
1743531951.44215,-12.49422836303711,30.454214096069336,2.671236515045166,-0.07495694254966219,-0.10235135094724265,-0.5535496382082445,0.8230969208005442,124.20001602172852,drone1
1743531951.6421583,-12.506429672241211,30.415761947631836,2.6692841053009033,-0.048308479370074875,-0.0837988679955789,-0.5038075798841872,0.8583833687286382,124.40002417564392,drone1
1743531951.8421516,-12.519720077514648,30.409687042236328,2.6302340030670166,-0.014579680181267436,-0.06508557637759985,-0.4017512621448769,0.9133165595533732,124.60001754760742,drone1
1743531952.0421457,-12.538877487182617,30.40238380432129,2.5882341861724854,2.4753370966010828e-05,-0.05863045198754637,-0.2937796131436383,0.9540734260738022,124.80001163482666,drone1
1743531952.2421567,-12.550627708435059,30.35628890991211,2.5214593410491943,-0.005568280940399424,-0.05793477610602556,-0.21537056447806263,0.9747965046510024,125.00002264976501,drone1
1743531952.4422066,-12.562846183776855,30.277076721191406,2.439659833908081,-0.020078659848913775,-0.05808475171518453,-0.1817673457756604,0.9814192496917618,125.20007252693176,drone1
1743531952.6421502,-12.571174621582031,30.18214225769043,2.3633413314819336,-0.037680899954050925,-0.059635888766376044,-0.19687007888366015,0.9778884396046101,125.40001606941223,drone1
1743531952.8421519,-12.56769847869873,30.06702423095703,2.27200984954834,-0.05248919715398706,-0.06472522411555424,-0.24677885960371454,0.9654821775706404,125.600017786026,drone1
1743531953.0421357,-12.54819393157959,29.952720642089844,2.1775639057159424,-0.06014295289099905,-0.07291529059733327,-0.3018595433248133,0.9486554065508783,125.80000162124634,drone1
1743531953.242154,-35.43516540527344,74.89202117919922,2.060849905014038,-0.06123841270406995,-0.08126438108981093,-0.3416424804698527,0.9343053107901618,126.00001978874207,drone1
1743531953.4421797,-35.946678161621094,76.225830078125,1.9479255676269531,0.013558411992465892,0.05960080414916876,0.13577017191905366,-0.9888530686852647,126.20004558563232,drone1
1743531953.6421635,-38.656639099121094,83.51416015625,1.5337707996368408,-0.14830700488971005,-0.0758822608036506,0.13420985344033182,-0.9768494354951195,126.40002942085266,drone1
1743531953.8421926,-40.01304626464844,87.21468353271484,1.4362399578094482,-0.1327276725845711,-0.07641856101170548,0.21467320272260138,-0.9646030364575515,126.60005855560303,drone1
1743531954.0421636,-41.45579147338867,90.72382354736328,1.4712433815002441,-0.1668582142162954,-0.13092574993093864,0.3977915868007027,-0.8926245432035255,126.80002951622009,drone1
1743531954.2421353,-43.02329635620117,93.8646240234375,1.6705083847045898,-0.2353819013219252,-0.2675867455426526,0.5234957531329145,-0.7739154050249696,127.0000011920929,drone1
1743531954.4422,-44.714195251464844,96.61325073242188,1.8371875286102295,-0.2118907257358288,-0.30833418960826137,0.5590541957478735,-0.7399261738737684,127.20006585121155,drone1
1743531954.6421707,-46.59925079345703,99.26228332519531,1.972900152206421,-0.18537523191202632,-0.3285610364594504,0.5178327655897331,-0.7678104867017272,127.40003657341003,drone1
1743531954.8421624,-48.14982604980469,101.39392852783203,2.1270363330841064,-0.17314942687831203,-0.33305946969978334,0.4552187330923728,-0.8073825842370908,127.60002827644348,drone1
1743531955.042131,-49.43803024291992,103.383056640625,2.3530795574188232,-0.17396988377320538,-0.3285666314535901,0.40812302270275386,-0.8337950658947766,127.79999685287476,drone1
1743531955.242127,-50.3848991394043,105.15826416015625,2.6082613468170166,-0.18291872918834914,-0.32282254810551775,0.3935632463706958,-0.8410911700607703,127.99999284744263,drone1
1743531955.442147,-51.16082763671875,106.88833618164062,2.8674468994140625,-0.1939761708977808,-0.31667892317027424,0.406386488250408,-0.8348280851517786,128.200012922287,drone1
1743531955.642142,-51.774574279785156,108.46161651611328,3.1235387325286865,-0.20758407119293254,-0.3072115292728327,0.43408383765837266,-0.8210366669414983,128.40000796318054,drone1
1743531955.8421273,-52.320884704589844,109.90007019042969,3.3137049674987793,-0.21848336212168315,-0.30022877638880546,0.46009149883611133,-0.8065008721662429,128.59999322891235,drone1
1743531956.0421295,-52.793094635009766,111.09687042236328,3.4085984230041504,-0.22467933607695525,-0.29313136563758235,0.47848914612014726,-0.7966438622644546,128.79999542236328,drone1
1743531956.2421114,-53.19440460205078,112.01679229736328,3.4699909687042236,-0.20877321554770903,-0.26276745361296233,0.49422729565300927,-0.8019390974809542,128.99997735023499,drone1
1743531956.442117,-53.58257293701172,112.7846908569336,3.491764545440674,-0.17642103648129964,-0.23058488400167285,0.5016424752027583,-0.8148993903753117,129.19998288154602,drone1
1743531956.6421103,-53.924251556396484,113.36860656738281,3.473254442214966,-0.10791868621772852,-0.1583719726104072,0.5094908400615024,-0.8388628767167114,129.39997625350952,drone1
1743531956.8420954,-54.221981048583984,113.85009002685547,3.4252774715423584,-0.06491395704464147,-0.11913406007106458,0.5092732358826406,-0.8498436058934972,129.59996128082275,drone1
1743531957.0421197,-54.53824234008789,114.3788833618164,3.368626832962036,-0.03758979163846046,-0.09320959150393038,0.5080660342374552,-0.8554343326649066,129.79998564720154,drone1
1743531957.2421873,-54.76638412475586,114.79106140136719,3.2854042053222656,-0.03059900187725778,-0.08315900902946562,0.5076175601591628,-0.8570138595698372,130.00005316734314,drone1
1743531957.4420917,-55.05642318725586,115.37602996826172,3.1505701541900635,-0.03760487494187129,-0.08098104692506289,0.5071137261953516,-0.8572419688506904,130.19995760917664,drone1
1743531957.6421335,-55.216556549072266,115.73281860351562,3.0754265785217285,-0.04671311051846015,-0.08321738373174223,0.5061307247108199,-0.857160678116625,130.3999993801117,drone1
1743531957.8420994,-55.47220993041992,116.34345245361328,2.969280958175659,-0.05114027014523862,-0.07053251851676982,0.5042619018377104,-0.8591448147672601,130.5999653339386,drone1
1743531958.0422232,-55.64696502685547,116.79978942871094,2.880098819732666,-0.05652214446502517,-0.06614048400768587,0.5020038422818908,-0.8604782567604479,130.80008912086487,drone1
1743531958.2420895,-55.78772735595703,117.17814636230469,2.761918067932129,-0.05948532227815722,-0.06398374399396126,0.5004594974587546,-0.8613408341620719,130.9999554157257,drone1
1743531958.442174,-55.86160659790039,117.37853240966797,2.703765869140625,-0.06176410277228443,-0.06675552572401576,0.49997491406800054,-0.8612514617698045,131.20003986358643,drone1
1743531958.6422315,-56.066673278808594,117.91918182373047,2.6101062297821045,-0.043706061787295296,-0.04248424341748295,0.5031434719922011,-0.8620507767518135,131.4000973701477,drone1
1743531958.8421052,-56.198795318603516,118.26087951660156,2.512869358062744,-0.06076935450009158,-0.07071661134125384,0.5047968085655864,-0.858187933792093,131.5999710559845,drone1
1743531959.0424442,-56.28488540649414,118.48735809326172,2.414016008377075,-0.05019716328700051,-0.057973503132906425,0.5085367197049128,-0.8576186457725443,131.8003101348877,drone1
1743531959.2421181,-56.397464752197266,118.78330993652344,2.3049862384796143,-0.0406477789519539,-0.047182713009474304,0.5125108408814141,-0.8564193888083033,131.9999840259552,drone1
1743531959.4421103,-56.4931526184082,119.03873443603516,2.2379307746887207,-0.0398760467773894,-0.04670404301912974,0.5141403539486786,-0.8555046862917834,132.1999762058258,drone1
1743531959.642263,-56.571067810058594,119.25931549072266,2.1994521617889404,-0.03727160631053324,-0.04244936838206533,0.5148901885305359,-0.8553929549963811,132.40012884140015,drone1
1743531959.842383,-56.666709899902344,119.53874969482422,2.159191370010376,-0.032954553432174016,-0.03515826248656923,0.5151724459750134,-0.8557309305745899,132.60024881362915,drone1
1743531960.0421684,-56.74656677246094,119.76130676269531,2.1337039470672607,-0.03615989090250923,-0.0384087263900417,0.5143660608591667,-0.8559467540491021,132.80003428459167,drone1
1743531960.2421575,-56.84005355834961,120.01122283935547,2.112685441970825,-0.04156071953264259,-0.04548227436942775,0.5127812023778994,-0.8563057292945815,133.00002336502075,drone1
1743531960.442169,-56.93247985839844,120.23938751220703,2.085395097732544,-0.04354098953919921,-0.04963819037935252,0.5112786040082131,-0.8568747749697513,133.20003485679626,drone1
1743531960.642118,-57.024131774902344,120.4579849243164,2.068250894546509,-0.039897366168018575,-0.04802265096800284,0.510624969608082,-0.8575338041664919,133.39998388290405,drone1
1743531960.8421872,-57.09777069091797,120.62212371826172,2.050166368484497,-0.036461048327411594,-0.04661047438125752,0.5106461167893224,-0.8577520510847935,133.6000530719757,drone1
1743531961.0422184,-57.17254638671875,120.78813171386719,2.033841371536255,-0.0282619670298628,-0.03885902290794178,0.511228185840682,-0.8581008373296454,133.8000843524933,drone1
1743531961.2421675,-57.24186706542969,120.95032501220703,2.024747371673584,-0.027852515994207776,-0.038737729217011234,0.511156662638759,-0.8581623295816228,134.00003337860107,drone1
1743531961.4421556,-57.30039596557617,121.09031677246094,2.0186233520507812,-0.02858178554816981,-0.03895881841340922,0.5103019772345188,-0.8586369347059918,134.20002150535583,drone1
1743531961.6421669,-57.358299255371094,121.22782897949219,2.0167510509490967,-0.02574425819179698,-0.03428762128976308,0.508726812528409,-0.8598596674648535,134.40003275871277,drone1
1743531961.842166,-57.41305923461914,121.3492202758789,2.016737222671509,-0.025434945763298068,-0.03321717233856085,0.5062060305923967,-0.8613973320125006,134.60003185272217,drone1
1743531962.042154,-57.46546173095703,121.45197296142578,2.0153563022613525,-0.023891321387853624,-0.031645686262072675,0.5031876629628648,-0.8632670294327167,134.80001997947693,drone1
1743531962.2421806,-57.514686584472656,121.53938293457031,2.0153815746307373,-0.021905305580464864,-0.031118854277681293,0.5002637253474215,-0.8650363962800525,135.00004649162292,drone1
1743531962.4422355,-57.568824768066406,121.62903594970703,2.0168302059173584,-0.02053447472283648,-0.0320156226516152,0.4974634255120849,-0.8666507680919896,135.20010137557983,drone1
1743531962.6421528,-57.616249084472656,121.70784759521484,2.0215229988098145,-0.018445682178992635,-0.03077876543014632,0.49547460002455285,-0.8678809503063256,135.4000186920166,drone1
1743531962.8421571,-57.65052795410156,121.7614517211914,2.0230579376220703,-0.01601434046533199,-0.028244618333344493,0.493766451474679,-0.868988253383828,135.60002303123474,drone1
1743531963.0421505,-57.684669494628906,121.81786346435547,2.0274300575256348,-0.014623552416389187,-0.02596841719341893,0.4913411532239682,-0.8704571553481297,135.80001640319824,drone1
1743531963.2421649,-57.71329116821289,121.86426544189453,2.032762289047241,-0.015485982962587864,-0.0261043769998145,0.48811666643179374,-0.8722505037522683,136.0000307559967,drone1
1743531963.4421818,-57.73130416870117,121.8916244506836,2.036226272583008,-0.015175581960017259,-0.02495171864495825,0.48547934845964874,-0.8737602249393527,136.20004773139954,drone1
1743531963.6421323,-57.76243209838867,121.93397521972656,2.0431671142578125,-0.01790028417855995,-0.029618433056138545,0.48114934983103363,-0.8759553171034972,136.3999981880188,drone1
1743531963.8421686,-57.78961181640625,121.97054290771484,2.0603654384613037,-0.019485792643256606,-0.03391295259938618,0.4788850946884828,-0.8770058273026311,136.60003447532654,drone1
1743531964.0421243,-57.80137634277344,121.97286224365234,2.0662500858306885,-0.01912679500726392,-0.03480921718677149,0.4781619812085814,-0.8773732213811006,136.79999017715454,drone1
1743531964.2421045,-57.80392837524414,121.95990753173828,2.0647287368774414,-0.016711074627877135,-0.032548344328813726,0.4787362952398151,-0.8771960992502336,136.9999704360962,drone1
1743531964.4421244,-57.802085876464844,121.9361801147461,1.9789109230041504,-0.002232587712795371,-0.00502915162513815,0.4798911821092864,-0.8773108440453045,137.19999027252197,drone1
1743531964.6421006,-57.80583953857422,121.9205551147461,1.8215594291687012,0.00010102820046127531,6.006449404239883e-05,0.48045883693845537,-0.8770173123188504,137.39996647834778,drone1
1743531964.84211,-57.81687545776367,121.92052459716797,1.656508207321167,-0.00010802038809633502,-0.00012525789091792256,0.480756372615518,-0.8768542250885375,137.59997582435608,drone1
1743531965.0420861,-57.833621978759766,121.92987823486328,1.5122601985931396,-0.00019943369597064703,-0.0002490984165563661,0.48098455565335596,-0.87672904894846,137.79995203018188,drone1
1743531965.2421966,-57.85202407836914,121.94248962402344,1.3852312564849854,-0.00021921370794314215,-0.0002925243128481317,0.48112444104356356,-0.8766522995373217,138.00006246566772,drone1
1743531965.4423149,-57.87611389160156,121.96359252929688,1.2538115978240967,-0.00022529794405872587,-0.0003133412494523564,0.48123834290166434,-0.8765898168344044,138.20018076896667,drone1
1743531965.6422467,-57.911502838134766,121.99915313720703,1.102029800415039,-0.00028724996557271103,-0.0003537385278487437,0.4813226576721104,-0.8765433499339211,138.40011262893677,drone1
1743531965.8421283,-57.94840621948242,122.03845977783203,0.9642369151115417,-0.0004300687188140822,-0.0003515676358781787,0.48136813412165363,-0.8765184411464512,138.59999418258667,drone1
1743531966.0421255,-57.99419021606445,122.09269714355469,0.807802140712738,-0.00025895576799580004,-0.00041918640715896035,0.4814132523229846,-0.8764936377261026,138.79999136924744,drone1
1743531966.2421227,-58.042728424072266,122.15371704101562,0.6548398733139038,-0.0002095112945338483,-0.0005053979555690001,0.48144338731966985,-0.8764770740146377,138.9999885559082,drone1
1743531966.4422007,-58.091552734375,122.21650695800781,0.5148937702178955,-0.00044115646034154174,-0.0004478851285620972,0.4814648400655619,-0.8764651464565092,139.20006656646729,drone1
1743531826.44218,-0.023825155571103096,-0.0036589642986655235,0.002306118607521057,0.001102941681282763,0.0008973931886154345,0.05351891117610352,-0.9985658942182973,0.0,drone2
1743531826.6421545,-0.026128241792321205,-0.004150036722421646,-0.005670458078384399,0.0010680603588230414,0.0009291376989475071,0.05347469913201558,-0.9985682122949654,0.19997453689575195,drone2
1743531826.8421881,-0.029773224145174026,-0.004888705909252167,-0.013347789645195007,0.0010455406524958481,0.0009336514813374371,0.05341670506846463,-0.9985713311617552,0.4000082015991211,drone2
1743531827.0421793,-0.03324443846940994,-0.007114885840564966,-0.018338143825531006,0.0009878430754576217,0.0009096022822384984,0.053343285258358686,-0.9985753772592123,0.5999994277954102,drone2
1743531827.242134,-0.03607597574591637,-0.009610467590391636,-0.025655314326286316,0.0009522181301988531,0.000898853511061886,0.05326674658146291,-0.9985795076503663,0.7999541759490967,drone2
1743531827.4421964,-0.036629725247621536,-0.01124702487140894,-0.03319327533245087,0.0009483019692325992,0.0008751328639338832,0.05326952827346454,-0.9985793390629722,1.000016450881958,drone2
1743531827.6421514,-0.03634312376379967,-0.012602515518665314,-0.04249782860279083,0.0009290882926747716,0.0008349107583766192,0.053296080788026445,-0.9985779903638199,1.1999714374542236,drone2
1743531827.8421845,-0.035342954099178314,-0.012996339239180088,-0.047435253858566284,0.0009298673559725943,0.000814305718757596,0.05332579431622664,-0.998576430930425,1.4000046253204346,drone2
1743531828.0421193,-0.03045089915394783,-0.01612214371562004,-0.06304474174976349,0.000946678844808504,0.0007337923964838828,0.053341177915933125,-0.9985756301403033,1.5999393463134766,drone2
1743531828.2421086,-0.027079522609710693,-0.019110968336462975,-0.05792829394340515,0.0009108622862498677,0.0006818414357411222,0.05334379102054082,-0.9985755458466063,1.7999286651611328,drone2
1743531828.4421232,-0.026227621361613274,-0.021198173984885216,-0.044667184352874756,0.0008963608377811081,0.0006565979121557278,0.053331737021866665,-0.9985763044898794,1.9999432563781738,drone2
1743531828.642134,-0.028021886944770813,-0.022814758121967316,-0.03280337154865265,0.0008958911103312734,0.0006921856779466297,0.053297260899784704,-0.998578074657517,2.199954032897949,drone2
1743531828.8421154,-0.03033478558063507,-0.025900356471538544,-0.027140408754348755,0.0008693493537113336,0.0007315688878361057,0.053277999790015296,-0.9985791283287297,2.399935483932495,drone2
1743531829.0421603,-0.032088376581668854,-0.02926030568778515,-0.02407766878604889,0.0008640470568809159,0.0007365470161324689,0.05330771331821543,-0.9985775688953348,2.599980354309082,drone2
1743531829.24214,-0.031238749623298645,-0.0321333222091198,-0.023250967264175415,0.0008353387248438657,0.0007373088595203835,0.053315046869856386,-0.9985771474268497,2.799960136413574,drone2
1743531829.4421005,-0.02697697840631008,-0.03389248996973038,-0.024276718497276306,0.0008516230076421037,0.000663581879560464,0.05329717660608768,-0.9985781589512139,2.999920606613159,drone2
1743531829.6421168,-0.02121889404952526,-0.03420262411236763,-0.026711225509643555,0.0008677030901940772,0.0005942211011372594,0.05329527999790473,-0.9985782853917595,3.199936866760254,drone2
1743531829.842092,-0.01668921485543251,-0.03242882713675499,-0.028992727398872375,0.0009134545026489306,0.0005725683017713987,0.05328558622274726,-0.9985787911539417,3.399912118911743,drone2
1743531830.04209,-0.012498687021434307,-0.027948644012212753,-0.03129918873310089,0.0009866726026300644,0.0005655992853849453,0.05326223686867221,-0.9985799712656999,3.599910020828247,drone2
1743531830.242101,-0.009807691909372807,-0.020743587985634804,-0.03512299060821533,0.0010553608321847336,0.0005627147987014334,0.05319467547050921,-0.9985834694541262,3.7999210357666016,drone2
1743531830.442112,-0.007711764890700579,-0.010059891268610954,-0.040852367877960205,0.0011688584674346186,0.0005825302794695382,0.05305879403091013,-0.9985905501246761,3.999932050704956,drone2
1743531830.6421485,-0.007678913418203592,0.001246060710400343,-0.046714454889297485,0.0012541734435111925,0.0005947938187742877,0.05291916152179349,-0.9985978415294685,4.199968576431274,drone2
1743531830.8421044,-0.008783441968262196,0.007942087948322296,-0.053735122084617615,0.0012580047525610567,0.0006323910508132354,0.05287263140103754,-0.9986002860466822,4.3999245166778564,drone2
1743531831.0422478,-0.00856844987720251,0.010191972367465496,-0.061842918395996094,0.0012311369803955127,0.0006397288624139171,0.05287916416255661,-0.9985999910187426,4.600067853927612,drone2
1743531831.242159,-0.006383444182574749,0.010265419259667397,-0.0728941410779953,0.001209386634124407,0.0006274667019367312,0.05297551185825261,-0.9985949333969213,4.799978971481323,drone2
1743531831.4421866,-0.004602013621479273,0.0099897226318717,-0.08450160920619965,0.0011943307632082314,0.0006076903428283036,0.052968473334551236,-0.998595312718558,5.000006675720215,drone2
1743531831.6421762,-0.0016679568216204643,0.011524084024131298,-0.09769362211227417,0.0012235041820142865,0.0005878814269257629,0.05291326096300203,-0.9985981787042566,5.19999623298645,drone2
1743531831.8421714,0.0019793992396444082,0.014466507360339165,-0.11187399923801422,0.0012569061151060986,0.0005599656634938277,0.05290061690844872,-0.9985988530538328,5.399991512298584,drone2
1743531832.0421665,0.003617081558331847,0.019081028178334236,-0.12429643422365189,0.0012689581381466904,0.0005570109389226364,0.052892609007231584,-0.998599274522318,5.599986553192139,drone2
1743531832.242241,0.002551562152802944,0.023903362452983856,-0.1321791112422943,0.0012888024713960512,0.0006115194087109375,0.05281876772864058,-0.9986031520323808,5.800060987472534,drone2
1743531832.4422328,0.0008786419639363885,0.026274174451828003,-0.1373949944972992,0.001272922967095548,0.000657151295337592,0.05279921159093154,-0.9986041635567452,6.0000529289245605,drone2
1743531832.6422012,0.00041051278822124004,0.02609073556959629,-0.1422034204006195,0.0011982605658210706,0.0006654747216920491,0.05284068408986625,-0.9986020562143196,6.200021266937256,drone2
1743531832.842177,0.0014360173372551799,0.025568917393684387,-0.14647656679153442,0.00118218131673949,0.0006618053734321169,0.05288186156086139,-0.9985999067250455,6.399996995925903,drone2
1743531833.042141,0.0028866364154964685,0.026488982141017914,-0.16134175658226013,0.001179286190446271,0.0006478131136348811,0.05293353359713571,-0.9985971250330439,6.599961042404175,drone2
1743531833.2421277,0.006846067029982805,0.022052031010389328,-0.11505020409822464,0.0011342273198596251,0.0006095228046603134,0.05302697316028432,-0.9985922781454651,6.799947738647461,drone2
1743531833.442149,0.009859978221356869,0.018473677337169647,-0.03242155909538269,0.0010893388270849036,0.0005961217120360872,0.05314388851805357,-0.9985861247055825,6.999969005584717,drone2
1743531833.6422079,0.013982810080051422,0.016004817560315132,0.042595505714416504,0.001037348384540938,0.000556651682314016,0.05323538932617072,-0.9985812778180038,7.200027942657471,drone2
1743531833.842159,0.0165217574685812,0.012995361350476742,0.0999792218208313,0.0009989989506172627,0.0005189086032460658,0.05329481638257111,-0.998578243244911,7.399979114532471,drone2
1743531834.0421343,0.015623962506651878,0.01046101376414299,0.13969150185585022,0.0009749816266159742,0.0005558292837006408,0.053263037658793866,-0.9985799291188515,7.59995436668396,drone2
1743531834.242114,0.011970805935561657,0.010992661118507385,0.16486790776252747,0.0009604349649508384,0.0006445183434331381,0.05317853322752952,-0.9985843545379451,7.799934148788452,drone2
1743531834.4421356,0.009178526699543,0.011583126150071621,0.1812179684638977,0.0009749252901912679,0.000699291918544934,0.05314355134326554,-0.9985862089992795,7.999955654144287,drone2
1743531834.6420956,0.009887607768177986,0.011599952355027199,0.1915215253829956,0.0009704390894974888,0.0006762348244645899,0.053154130202241745,-0.9985856610902488,8.199915647506714,drone2
1743531834.8421075,0.012022577226161957,0.011318571865558624,0.19500690698623657,0.0009695693579976025,0.0006270294901219782,0.05317389707419329,-0.9985846074190361,8.399927616119385,drone2
1743531835.042111,0.014758452773094177,0.011603347025811672,0.19432774186134338,0.0009953555737063642,0.0005921301708756246,0.05316660566940101,-0.9985849867406726,8.599931001663208,drone2
1743531835.242105,0.017857879400253296,0.015339193865656853,0.19260141253471375,0.0010770940357191158,0.0005730347673679672,0.05314418354599315,-0.9985861668524311,8.799925088882446,drone2
1743531835.44215,0.019486498087644577,0.019450154155492783,0.19014909863471985,0.0011364532208761225,0.0005777094867169142,0.05310250031281588,-0.9985883163417051,8.999970197677612,drone2
1743531835.6422164,0.02012382261455059,0.024864649400115013,0.18631502985954285,0.0012001911919438013,0.0005959637642517508,0.053057023863272657,-0.9985906344183731,9.200036525726318,drone2
1743531835.8421519,0.02138671651482582,0.0281410850584507,0.18328404426574707,0.0009903342129920273,-0.0044152131354952264,0.05296763039758101,-0.9985859561181885,9.399971961975098,drone2
1743531836.0421844,0.036160703748464584,0.028624724596738815,0.2064676284790039,0.00237636444250078,-0.026285104661862704,0.03906776834608228,-0.9988879804346176,9.600004434585571,drone2
1743531836.2421618,0.07645131647586823,0.02657099813222885,0.30780863761901855,0.0011821308557665683,-0.014695415427278254,0.006441808620102073,-0.9998705920608005,9.799981832504272,drone2
1743531836.4421542,0.13086220622062683,0.024462714791297913,0.4595567584037781,0.0016571486405879356,-0.0031999473658553723,-0.02809222323166316,-0.9995988291816023,9.999974250793457,drone2
1743531836.6421409,0.1820281594991684,0.024545133113861084,0.6110135912895203,0.0023970341789728406,0.005860992120396612,-0.05339335571438936,-0.9985535451916836,10.199960947036743,drone2
1743531836.8421485,0.22409000992774963,0.02642788365483284,0.7460535168647766,0.0020095992740364484,0.009881285827986152,-0.06280820302844992,-0.997974616080538,10.39996862411499,drone2
1743531837.042126,0.25666895508766174,0.026356667280197144,0.8630684614181519,0.002088163304566532,0.010135010185293987,-0.053640842008845335,-0.9985066778961394,10.599946022033691,drone2
1743531837.2421114,0.2800959050655365,0.02536107785999775,0.965073823928833,0.0011655114972908662,0.00863549248681619,-0.03490260604199302,-0.9993527337331471,10.799931526184082,drone2
1743531837.4421022,0.29726096987724304,0.025392556563019753,1.0560275316238403,0.0008547999909847443,0.005870094522585946,-0.01719241600401833,-0.9998346407990206,10.999922275543213,drone2
1743531837.6421113,0.31139901280403137,0.02718704380095005,1.1408114433288574,0.0008524168830464808,0.0035216828249071846,-0.005501723164066441,-0.9999783615524429,11.199931383132935,drone2
1743531837.8421762,0.32368871569633484,0.03020903840661049,1.218401312828064,0.0003140310645347961,0.0022466894556171443,-0.0008894249441253054,-0.9999970747531817,11.399996280670166,drone2
1743531838.0421243,0.33483782410621643,0.03076513111591339,1.2863683700561523,-0.0007460877105610228,0.002132935852348813,-0.0022972561249347545,-0.9999948409702106,11.599944353103638,drone2
1743531838.2421246,0.3477122485637665,0.029565997421741486,1.3587596416473389,-0.00028032539836806954,0.0006998675584732203,-0.0066681371966054725,-0.9999775607623211,11.799944639205933,drone2
1743531838.4421144,0.3625873327255249,0.028086816892027855,1.4449557065963745,-9.138177619727117e-05,0.0008236800586697024,-0.009899114603450665,-0.9999506710729712,11.999934434890747,drone2
1743531838.6421463,0.3765484094619751,0.02399253472685814,1.5000495910644531,0.00045745397062369413,0.0011259864996818918,-0.01084725010755172,-0.9999404715356317,12.199966430664062,drone2
1743531838.8421137,0.39029622077941895,0.0194456297904253,1.5335217714309692,0.0015250077749531855,0.0010742848494841924,-0.009770060953310233,-0.9999505867792742,12.399933815002441,drone2
1743531839.0421076,0.4024837017059326,0.016298294067382812,1.553680419921875,0.0018004088347345704,0.0014880967154222817,-0.0076853935322644396,-0.9999677826934666,12.5999276638031,drone2
1743531839.2421074,0.4137658476829529,0.011900910176336765,1.5512388944625854,0.001842637208997601,0.0009835967676079553,-0.0056813530324199,-0.9999817333003238,12.799927473068237,drone2
1743531839.4421117,0.42346635460853577,0.007144280709326267,1.4841804504394531,0.0023014061077880313,-6.8170881104486935e-06,-0.0041741395828218675,-0.999988687530328,12.999931812286377,drone2
1743531839.6420987,0.43160542845726013,0.0030078631825745106,1.4130783081054688,0.0020008244154217647,-0.0002668332619656152,-0.0033443524293393923,-0.9999923964529971,13.199918746948242,drone2
1743531839.8421319,0.44064798951148987,-0.0003118781896773726,1.369404673576355,0.002010052805407285,-0.0013378814475110744,-0.0029514173606722816,-0.9999927757746336,13.399951934814453,drone2
1743531840.042127,0.4515784978866577,-0.0013200880493968725,1.3517004251480103,0.0019115553734831352,-0.0010799396888560534,-0.0028219000951983375,-0.9999936608584523,13.599946975708008,drone2
1743531840.2421572,0.46438300609588623,-0.0002317759790457785,1.3479671478271484,0.0013173481635191488,-0.0010084677196378355,-0.003230808819450981,-0.9999934079773612,13.79997730255127,drone2
1743531840.4421475,0.4788765609264374,0.0012181454803794622,1.3411022424697876,0.0007941116212013157,-0.0007196057785937303,-0.004301633799567273,-0.9999901626700259,13.999967575073242,drone2
1743531840.6421306,0.4944334626197815,0.004196942783892155,1.3299473524093628,0.0003192631183326558,0.0028059559917976277,-0.005646624029246927,-0.9999801317200803,14.199950695037842,drone2
1743531840.8421555,0.5084730386734009,0.005518163554370403,1.3199816942214966,-7.099751876942767e-05,0.004878840652188577,-0.006596361113591465,-0.9999663918474658,14.399975538253784,drone2
1743531841.0422003,0.520089864730835,0.005037300754338503,1.3165737390518188,0.00028888141441106346,0.004103341438402286,-0.006548355853137511,-0.9999701429169833,14.600020408630371,drone2
1743531841.2421324,0.5279586315155029,0.004521286115050316,1.3201640844345093,0.0006863478455194941,0.002979105946828635,-0.005797678334309941,-0.999978530139837,14.799952507019043,drone2
1743531841.442288,0.533588171005249,0.004777903202921152,1.326570749282837,0.0009309427282848598,0.0011620626894128,-0.00485017503293661,-0.9999871702437816,15.000108003616333,drone2
1743531841.642115,0.5376769304275513,0.004709011409431696,1.3336567878723145,0.0010384403130737243,0.0003309092310021391,-0.004216539312423884,-0.9999905419916625,15.1999351978302,drone2
1743531841.8421535,0.5427234768867493,0.006493080873042345,1.3417870998382568,0.0009750777123755956,-0.0008596442443853409,-0.00376097402686959,-0.9999921014250575,15.399973630905151,drone2
1743531842.04211,0.5478127002716064,0.008863523602485657,1.350482702255249,0.0004757080217838554,-0.0006013120511551497,-0.0033944228853703406,-0.9999939980332404,15.599930047988892,drone2
1743531842.2421167,0.5538482069969177,0.007063109893351793,1.3596570491790771,0.0004411651649945098,-0.00044577764256223667,-0.003029515470963029,-0.9999952624386956,15.799936771392822,drone2
1743531842.442105,0.5585208535194397,0.0007671484490856528,1.3698585033416748,0.0012275601370594397,-0.0003977677152207715,-0.002394952519783,-0.999996358256757,15.999925136566162,drone2
1743531842.6423726,0.5617652535438538,-0.006915061268955469,1.3826367855072021,0.002246474358517224,-0.0007617928446235222,-0.001646087315441358,-0.9999958524945749,16.20019268989563,drone2
1743531842.842389,0.5646173357963562,-0.012765388004481792,1.3965480327606201,0.0030623449848208883,-0.0010939460662011795,-0.0011490495309524618,-0.999994040180089,16.400209188461304,drone2
1743531843.0421991,0.5678253173828125,-0.014913269318640232,1.407734990119934,0.003066034233472671,-0.0011285166071019225,-0.0010857449644890438,-0.999994124473786,16.600019216537476,drone2
1743531843.242179,0.5752127170562744,-0.016909398138523102,1.4276094436645508,0.0026103979074296184,-0.0016177772279058105,-0.0010194058249329285,-0.9999947988233622,16.799998998641968,drone2
1743531843.4421468,0.5858861804008484,-0.017013754695653915,1.449480652809143,0.001930863774980093,-0.0011454877106629549,-0.0008776238265422732,-0.9999971590468788,16.999966859817505,drone2
1743531843.6421752,0.599720299243927,-0.016412846744060516,1.474441409111023,0.0011841553450612032,-0.0002569198210556659,-0.00027387022162372876,-0.9999993085361527,17.199995279312134,drone2
1743531843.8421764,0.6142801642417908,-0.013821324333548546,1.499817967414856,0.0009018400927236545,0.0007215980660910225,0.0006080104366182892,-0.9999991399487588,17.399996519088745,drone2
1743531844.042203,0.6265028715133667,-0.009413623251020908,1.5227570533752441,0.0006642464744461171,0.001263331245757267,0.0015410995158008367,-0.999997833396455,17.60002303123474,drone2
1743531844.2425241,0.6356630325317383,-0.003880810458213091,1.5444787740707397,0.0001836424623586937,0.0008921591386045386,0.0023402037635675277,-0.9999969061657876,17.800344228744507,drone2
1743531844.4422164,0.6435218453407288,0.0023401384241878986,1.5655289888381958,-0.00017489867366798375,6.0983922500719384e-05,0.002967222428864047,-0.9999955996134837,18.000036478042603,drone2
1743531844.6421857,0.6526685357093811,0.009177284315228462,1.5875000953674316,-0.0005140515288068364,-0.0006833299829934769,0.0034890004134288666,-0.9999935765647554,18.200005769729614,drone2
1743531844.8421943,0.6647166609764099,0.016737649217247963,1.6111457347869873,-0.0006809400014969112,-0.0005365867160748452,-0.01392156767848185,-0.9999027501062143,18.400014400482178,drone2
1743531845.0423117,0.6787753105163574,0.023417096585035324,1.6341289281845093,-0.0011174556112277811,-0.0019207724035757697,-0.01179466911522814,-0.9999280382153208,18.60013175010681,drone2
1743531845.2421436,0.6972020268440247,0.029360968619585037,1.6570308208465576,-0.0012975252895598434,-0.001377441507470217,-0.006284516581459398,-0.9999784879929884,18.79996371269226,drone2
1743531845.4421802,0.7186663746833801,0.032787684351205826,1.6817525625228882,-4.7205959774601537e-05,-0.00012231074346719518,0.0004977964277622093,-0.9999999407388804,19.00000023841858,drone2
1743531845.6421852,0.7398900985717773,0.03251126781105995,1.7063806056976318,0.0010014997013580245,0.0008916313666301798,0.005989825816671346,-0.9999811853912931,19.200005292892456,drone2
1743531845.842164,0.7573466300964355,0.03117869235575199,1.7287006378173828,0.0017517088406940131,0.0012320371284198642,0.008784288313489097,-0.9999591425895218,19.399984121322632,drone2
1743531846.0421033,0.7712438702583313,0.030204951763153076,1.7492544651031494,0.0018454638055029574,0.0009047596469022159,0.00865797420850195,-0.9999604491418257,19.599923372268677,drone2
1743531846.242128,0.7847500443458557,0.02648303657770157,1.769737720489502,0.001925297427526369,5.462750170817974e-05,0.006193310801281882,-0.9999789937551706,19.79994797706604,drone2
1743531846.4421263,0.7984660863876343,0.02413240820169449,1.7872121334075928,0.0022110323985962926,-0.0007558439651287241,0.0022901754543849795,-0.9999946723828166,19.999946355819702,drone2
1743531846.6422014,0.8116191625595093,0.024494249373674393,1.8046162128448486,0.0017004957482031737,-0.0013927944900019515,-0.0021620911817602506,-0.9999953045855443,20.200021505355835,drone2
1743531846.842142,0.8252174258232117,0.02614562399685383,1.8219764232635498,0.0011620879867826886,-0.0009985866657409932,-0.006171394440056044,-0.9999798366921407,20.399962186813354,drone2
1743531847.0421746,0.8380052447319031,0.028136422857642174,1.8392512798309326,0.0010294390231907577,-0.0008755218090664725,-0.009322840743761107,-0.999955686547944,20.599994659423828,drone2
1743531847.2421167,0.850751519203186,0.030429542064666748,1.8579492568969727,0.0007432200990806516,-0.00103319185740159,-0.011552914792169633,-0.9999325057812629,20.799936771392822,drone2
1743531847.4420974,0.8638136982917786,0.032142676413059235,1.8771302700042725,0.0005298027609850171,-0.0012990499178485234,-0.013006433156764807,-0.9999144247832519,20.99991750717163,drone2
1743531847.6420996,0.8794744610786438,0.03273541107773781,1.8962926864624023,0.0006878031465640725,-0.0011456078127175973,-0.013637582213215371,-0.9999061218540952,21.19991970062256,drone2
1743531847.8420908,0.8988540172576904,0.03678489848971367,1.9151852130889893,0.0009297320044966919,-0.0005973121958702731,-0.014062675327296326,-0.9999005584700917,21.399910926818848,drone2
1743531848.0423014,0.9072198867797852,0.03944786265492439,1.9216279983520508,0.0008048921131292095,-0.0010419381722277512,-0.014280237359309556,-0.999897186722211,21.60012149810791,drone2
1743531848.2422304,0.93059903383255,0.04623734951019287,1.9418420791625977,0.0001464929788466276,0.0006685171767394176,-0.014551620916871233,-0.9998939414148755,21.800050497055054,drone2
1743531848.4422448,0.9537414312362671,0.051436446607112885,1.9580602645874023,-0.0002625963512373805,0.0014015798647493659,-0.014882515824530207,-0.9998882515903266,22.000064849853516,drone2
1743531848.642184,0.9732188582420349,0.05712813138961792,1.9782021045684814,-0.0006318111817943208,0.0016165797881952622,-0.015446988566636621,-0.9998791900178967,22.20000410079956,drone2
1743531848.8421414,0.9889907240867615,0.06069469824433327,2.000359058380127,-0.0007348575510663929,0.0011282812597585056,-0.015540259542391188,-0.9998783892277749,22.399961471557617,drone2
1743531849.042138,1.003003478050232,0.05953337252140045,2.0204222202301025,-0.00016528977357882217,0.0007759107629448107,-0.014800118735691425,-0.9998902324922065,22.599958181381226,drone2
1743531849.2421951,1.0161147117614746,0.05556044355034828,2.0372819900512695,0.000834836255384279,2.5440932591482124e-05,-0.013329910219085916,-0.9999108423011285,22.800015211105347,drone2
1743531849.4421992,1.0298620462417603,0.05001985281705856,2.053684949874878,0.0018557450023615847,-0.0009837909147605917,-0.011302520365166324,-0.9999338966272638,23.000019311904907,drone2
1743531849.6422102,1.0463320016860962,0.04540485143661499,2.069918632507324,0.0024299255960143515,-0.000646087397751593,-0.00930518121423507,-0.999953621352367,23.20003032684326,drone2
1743531849.8422241,1.0648471117019653,0.04313443973660469,2.0885891914367676,0.002532821693661509,-0.00026271653561008826,-0.007510947726277806,-0.9999685834835883,23.400044202804565,drone2
1743531850.0421965,1.0850530862808228,0.04159487411379814,2.1042118072509766,0.001953062651799683,0.0007427187614944333,-0.006554593586717061,-0.9999763806505628,23.600016593933105,drone2
1743531850.2421267,1.1045461893081665,0.03991146385669708,2.1160759925842285,0.0015640570873424772,0.001223051113682556,-0.0067300509170679645,-0.9999754112730471,23.799946784973145,drone2
1743531850.442169,1.1237441301345825,0.038504645228385925,2.12626314163208,0.001084460096563998,0.0010556518329703007,-0.007865697750194023,-0.9999679512808607,23.99998903274536,drone2
1743531850.6422617,1.1429466009140015,0.03703390806913376,2.13670015335083,0.0008735814436879778,0.001008329013700965,-0.009290893432589986,-0.999955939429035,24.200081825256348,drone2
1743531850.8421366,1.1618870496749878,0.03743158280849457,2.1495280265808105,0.0006951190409803477,0.0012848674621656997,-0.009909862049820861,-0.9999498702828495,24.399956703186035,drone2
1743531851.0421238,1.1798878908157349,0.037844862788915634,2.1629021167755127,0.0004900353984175914,0.0016561203233387194,-0.009451683659658927,-0.999953874233458,24.59994387626648,drone2
1743531851.2421446,1.1947323083877563,0.03816564753651619,2.176013231277466,0.000469826108033713,0.001512408666062587,-0.008070573580805485,-0.9999662232600718,24.799964666366577,drone2
1743531851.442189,1.2077680826187134,0.038451340049505234,2.1880526542663574,0.0002323630667843987,0.0007843407500324654,-0.005664789320955155,-0.9999836299085068,25.000009059906006,drone2
1743531851.6421704,1.222548007965088,0.039169538766145706,2.2000627517700195,0.00016729463001543567,0.0006495817583881675,-0.0021066259291199763,-0.9999975805153638,25.19999051094055,drone2
1743531851.8421433,1.2392250299453735,0.040974151343107224,2.211226463317871,0.0002920001577237736,0.0008916203257199135,0.002442494164903386,-0.999996611137848,25.39996337890625,drone2
1743531852.0421484,1.257025957107544,0.044212475419044495,2.22226619720459,0.00017909784670910463,0.0013976957692412827,0.008644023601644846,-0.9999616714004325,25.599968433380127,drone2
1743531852.2421267,1.2748011350631714,0.04843916371464729,2.2405314445495605,-5.24189080644115e-05,0.0016086512827504344,0.014586097038953194,-0.9998923398346322,25.799946784973145,drone2
1743531852.442107,1.2917451858520508,0.0513729564845562,2.255427598953247,-0.00018624527720831073,0.0019201565821428642,0.01955512618469063,-0.999806950319549,25.999927043914795,drone2
1743531852.6420996,1.3046783208847046,0.05455293878912926,2.266897678375244,-0.00043414694861269057,0.0019257840095997035,0.023181778205355996,-0.999729315824592,26.19991970062256,drone2
1743531852.8421073,1.3137975931167603,0.05824967846274376,2.275244951248169,-0.00040643379051453994,0.0009236953945257185,0.02564913901088084,-0.9996705631177678,26.399927377700806,drone2
1743531853.0421095,1.3197356462478638,0.05977144092321396,2.2772789001464844,-0.0003550188747115196,-0.0009669500383760153,0.026778253082487602,-0.9996408917364161,26.599929571151733,drone2
1743531853.2421339,1.3220717906951904,0.05927475169301033,2.3024849891662598,-0.0003924519336625789,-0.0006591192629917594,0.027209752517542152,-0.9996295120873182,26.799953937530518,drone2
1743531853.442101,1.3270790576934814,0.05312327668070793,2.337806463241577,0.00022967805734825584,-0.0014105738952079868,0.026938663987920164,-0.999636086995686,26.999921083450317,drone2
1743531853.642078,1.3339598178863525,0.044886454939842224,2.3469362258911133,0.001564280228460662,-0.0016219984699051473,0.026598496773588665,-0.9996437155752663,27.19989800453186,drone2
1743531853.8421397,1.345276951789856,0.03571953624486923,2.3322479724884033,0.0025161580480676385,-0.0010496029717561646,0.02640141810995178,-0.9996477616727234,27.399959802627563,drone2
1743531854.042185,1.3607450723648071,0.02799815870821476,2.308469533920288,0.0027674191196433652,0.00013802821237714191,0.02662188827451223,-0.9996417346733864,27.60000514984131,drone2
1743531854.2421,1.3772410154342651,0.02462264709174633,2.2882537841796875,0.0025452749349435867,0.0014414109414979362,0.02777300300104185,-0.9996100402433061,27.799920082092285,drone2
1743531854.4420815,1.3909214735031128,0.02579396218061447,2.2782695293426514,0.0013211372742717106,0.0019514960361537376,0.02925092439092486,-0.9995693263876446,27.99990153312683,drone2
1743531854.6421132,1.4000530242919922,0.028091661632061005,2.2749972343444824,0.0003044191958504687,0.0015918699223257638,0.030259624916336048,-0.9995407929712028,28.199933290481567,drone2
1743531854.8421013,1.4090588092803955,0.02964922785758972,2.2706644535064697,-0.00043910608973322083,0.0004991253165581086,0.03117438011641649,-0.9995137346944587,28.399921417236328,drone2
1743531855.0421033,1.4194954633712769,0.02945728972554207,2.2635746002197266,-0.0004736993992958399,-0.00011466089238462952,0.032123021382699735,-0.9994838104320161,28.599923372268677,drone2
1743531855.242093,1.433563232421875,0.028114689514040947,2.255014657974243,-0.00026542678582245125,-0.00028811193602263827,0.033148369913272635,-0.9994504301279954,28.79991316795349,drone2
1743531855.4421954,1.448899507522583,0.024990547448396683,2.2478740215301514,0.00034524863636290094,0.00014100206560833839,0.033959190984925336,-0.9994232032638574,29.00001549720764,drone2
1743531855.642102,1.4631901979446411,0.018995264545083046,2.242192268371582,0.0009730929749883101,0.0009295767809257664,0.03436409575856941,-0.999408494013727,29.19992208480835,drone2
1743531855.8421557,1.4771029949188232,0.01337050087749958,2.2380058765411377,0.0018091477512247722,0.0011119521959337215,0.034388667371251236,-0.999406344524453,29.399975776672363,drone2
1743531856.042283,1.4903161525726318,0.010287380777299404,2.2366364002227783,0.0019262485715910531,0.0012075497271169695,0.034187921931793874,-0.9994128772859723,29.60010313987732,drone2
1743531856.2420983,1.5059857368469238,0.00747819896787405,2.234043836593628,0.0017428511289484217,0.0010219870724501546,0.03396858973214317,-0.9994208851871893,29.79991841316223,drone2
1743531856.4421003,1.522296667098999,0.004892865661531687,2.2303531169891357,0.001499532371672673,0.0009840385069161983,0.033851674374373975,-0.9994253527531315,29.99992036819458,drone2
1743531856.6421034,1.536930799484253,0.00575303565710783,2.2284443378448486,0.0009247958738473468,0.0011255602258798234,0.033833466935817236,-0.9994264485711928,30.199923515319824,drone2
1743531856.8421233,1.5511621236801147,0.007392269559204578,2.2273828983306885,0.00022443394395409383,0.0010750482260460368,0.033816523902715834,-0.999427460095557,30.399943351745605,drone2
1743531857.0421114,1.5644786357879639,0.005863218102604151,2.2277097702026367,0.00012231875661630921,0.0011538846882072676,0.033569880545230135,-0.999435720877865,30.599931478500366,drone2
1743531857.2421038,1.5752719640731812,0.0007807860383763909,2.229227304458618,0.000562668546239507,0.0008462309583980797,0.03308915359111492,-0.9994519052676933,30.79992389678955,drone2
1743531857.4421694,1.5854663848876953,-0.0040785446763038635,2.229334831237793,0.0012851260232031435,-5.183514951711811e-05,0.03271577466015685,-0.999463917119519,30.99998950958252,drone2
1743531857.6429327,1.5952945947647095,-0.007087571080774069,2.2284505367279053,0.0018587225290363622,-0.0006789841654672376,0.032730146735499066,-0.999462273392427,31.20075273513794,drone2
1743531857.8421628,1.6049247980117798,-0.008202406577765942,2.2278738021850586,0.0016087386633748361,-0.0006306514849157666,0.03352887166162899,-0.9994362687868958,31.399982929229736,drone2
1743531858.0421515,1.6151787042617798,-0.007795705460011959,2.2244174480438232,0.0013255378127306617,-0.00043891596330337544,0.03430521661119973,-0.9994104749156071,31.599971532821655,drone2
1743531858.2421947,1.6223315000534058,-0.004747435450553894,2.2370471954345703,0.0004437812489694381,-0.00025948937940775305,0.035365378438642736,-0.9993743129195848,31.80001473426819,drone2
1743531858.4421864,1.6292802095413208,-0.0012566032819449902,2.2958688735961914,-4.6155367771894144e-05,-0.000674264582773684,0.03575401452876176,-0.9993603623127276,32.000006437301636,drone2
1743531858.6422114,1.6346468925476074,0.0022630442399531603,2.3145389556884766,-0.0006673962928276783,-0.001143394156513048,0.0358842904375089,-0.9993550939566638,32.20003151893616,drone2
1743531858.8421977,1.6423479318618774,0.005556481424719095,2.2861673831939697,-0.0008548467167754153,-0.0011767737916994103,0.036519864913053146,-0.9993319131899828,32.400017738342285,drone2
1743531859.0421798,1.6514298915863037,0.00503738084807992,2.2324326038360596,-0.0004596881446054524,-0.0012517509875384614,0.037929550555197034,-0.9992795246572836,32.59999990463257,drone2
1743531859.2421825,1.662558913230896,0.0018686697585508227,2.1754183769226074,0.00031843005438517537,-0.00040926212084411035,0.04002816858309999,-0.9991984762675972,32.800002574920654,drone2
1743531859.4421732,1.675173282623291,-0.0009230601717717946,2.1334264278411865,0.0009949789274068307,0.0002690849902746551,0.04205184951435054,-0.9991148990670001,32.999993324279785,drone2
1743531859.6421633,1.687391757965088,-0.0027248563710600138,2.104546546936035,0.0015593503771361003,0.0003208549438855416,0.043410916791432774,-0.999056062066479,33.19998335838318,drone2
1743531859.8421812,1.699520468711853,-0.003284311853349209,2.081343173980713,0.001994592279470467,-0.0004765047783203312,0.04377101946510992,-0.9990395405018626,33.40000128746033,drone2
1743531860.0421705,1.713259220123291,-0.001851928886026144,2.0591869354248047,0.001717492143989213,-0.0010520157965153507,0.042266376973271014,-0.9991043623548724,33.59999060630798,drone2
1743531860.2423332,1.7285600900650024,-0.00020684709306806326,2.0355286598205566,0.0005745671592790121,-0.00010845446024866279,0.039006697562589954,-0.9992387686547737,33.80015325546265,drone2
1743531860.4421926,1.7417982816696167,-0.0004904991947114468,2.0083553791046143,-0.0004951514866433772,0.0008712089239106299,0.03529646834132749,-0.9993764624088588,34.00001263618469,drone2
1743531860.642201,1.7527194023132324,-0.003190671792253852,1.9808735847473145,-0.0003545262011014852,0.0007970970864243423,0.03237843128467571,-0.9994753810623138,34.20002102851868,drone2
1743531860.8421593,1.764571189880371,-0.008011210709810257,1.9542427062988281,0.0002953810223301757,0.0007245573181557044,0.0308506080261558,-0.9995237656444043,34.39997935295105,drone2
1743531861.042129,1.7782458066940308,-0.01182776503264904,1.9287841320037842,0.0011542154627659177,0.0006129561264526826,0.03076188891004028,-0.9995259151336784,34.59994912147522,drone2
1743531861.2421231,1.7925355434417725,-0.013754783198237419,1.905447244644165,0.0015600991834007088,0.0006199134639638772,0.03155762140992607,-0.9995005427308749,34.79994320869446,drone2
1743531861.4421337,1.80705726146698,-0.014100697822868824,1.883842945098877,0.001266195873207958,0.0005890692148434904,0.03260758370002942,-0.9994672467205512,34.999953746795654,drone2
1743531861.6421442,1.8230525255203247,-0.014970098622143269,1.8639912605285645,0.0008828184693528444,0.0009373371414361404,0.03341494873010409,-0.9994407784996865,35.19996428489685,drone2
1743531861.8421843,1.8414055109024048,-0.01757993921637535,1.8460583686828613,0.0006735455139096326,0.0013234772063856679,0.03382153937768867,-0.9994268278928293,35.400004386901855,drone2
1743531862.0421739,1.85917329788208,-0.01963302679359913,1.8311495780944824,0.0007175453214503473,0.0018219190283451764,0.03385829142959024,-0.9994247205504038,35.59999394416809,drone2
1743531862.2421372,1.8750884532928467,-0.02105545997619629,1.8195359706878662,0.000583644289822856,0.001980052192960654,0.0336027129402201,-0.9994331499201059,35.799957275390625,drone2
1743531862.4421244,1.8896284103393555,-0.021451083943247795,1.811636209487915,0.0006533223735115708,0.0017099423016364776,0.03322027243683223,-0.9994463840305383,35.99994444847107,drone2
1743531862.6421273,1.9033561944961548,-0.022716820240020752,1.8062641620635986,0.00047967437361688567,0.0008610823203752528,0.032749028523631984,-0.9994632006230941,36.199947357177734,drone2
1743531862.8421698,1.9160255193710327,-0.023927807807922363,1.8006420135498047,0.0001637288893281714,0.00037275529959876773,0.03252779971579828,-0.9994707449089776,36.39998984336853,drone2
1743531863.0420902,1.927774429321289,-0.02584238536655903,1.7977573871612549,-8.852769558768898e-05,-9.322011364184301e-05,0.03262528537640402,-0.9994676681890364,36.599910259246826,drone2
1743531863.2421324,1.9393692016601562,-0.02886057086288929,1.7939260005950928,-0.0001808055143567315,-0.000749750720330068,0.03341284138767853,-0.9994413685555656,36.79995250701904,drone2
1743531863.4421432,1.9504681825637817,-0.034198369830846786,1.8144376277923584,-0.000717924519609732,-0.0015699977247410472,0.036688494453945286,-0.9993252961347665,36.99996328353882,drone2
1743531863.642133,1.964046835899353,-0.042772721499204636,1.82080078125,-0.0007033004275161189,-0.0018575038924242228,0.0445070720275042,-0.9990070874285093,37.19995307922363,drone2
1743531863.8421085,1.9785575866699219,-0.05208004266023636,1.807490587234497,0.00018965069317727047,-0.0009165684200650534,0.05742318448791017,-0.9983494701511939,37.3999285697937,drone2
1743531864.042101,1.9928183555603027,-0.061093952506780624,1.7848289012908936,0.0018748230367578388,-0.0005800985215556344,0.07358856608741504,-0.9972867373659917,37.599920988082886,drone2
1743531864.242127,2.007023334503174,-0.06703227758407593,1.762215495109558,0.0022084192116705484,0.00040294420432588626,0.08918087698771732,-0.9960129753102954,37.799947023391724,drone2
1743531864.4421005,2.01982045173645,-0.06921820342540741,1.7485260963439941,0.0004332464713162025,0.0011054407959520064,0.10286494717484035,-0.9946946218888746,37.99992060661316,drone2
1743531864.6420875,2.0313796997070312,-0.06868531554937363,1.7416882514953613,0.000752622941622232,0.0015767596185900946,0.11480388495252136,-0.9933866365921875,38.199907541275024,drone2
1743531864.8421226,2.0437350273132324,-0.06721024960279465,1.7390904426574707,0.0011191554998186421,0.0016870610286500007,0.12297780260587565,-0.992407438860734,38.39994263648987,drone2
1743531865.0421038,2.0534825325012207,-0.0660790428519249,1.737756371498108,0.00033997541324352876,0.0013410453834407597,0.12633336609691892,-0.9919869818999894,38.599923849105835,drone2
1743531865.2420945,2.060831308364868,-0.06674855947494507,1.7359856367111206,-0.0003983154801948101,0.0007336449030936057,0.12570377647386327,-0.992067482380645,38.799914598464966,drone2
1743531865.4420762,2.067826271057129,-0.06840673834085464,1.733363151550293,-0.0004902640625632365,0.00037161750446997364,0.12336416276617501,-0.9923613723553115,38.99989628791809,drone2
1743531865.6421523,2.0769689083099365,-0.07156204432249069,1.7303636074066162,-0.00020485465428956762,0.0006469774412337626,0.12060683164289526,-0.9927002330173391,39.19997239112854,drone2
1743531865.8421245,2.0858798027038574,-0.07711534947156906,1.7256850004196167,9.872965118133082e-05,0.001247772432052628,0.11871389023572548,-0.9929277838524494,39.3999445438385,drone2
1743531866.0421405,2.0932581424713135,-0.0838349387049675,1.7206803560256958,0.0005742977322571786,0.0020714598170299193,0.11794538459997789,-0.9930178095208687,39.59996056556702,drone2
1743531866.242153,2.0993950366973877,-0.0910295844078064,1.7185264825820923,0.0009116416016467556,0.0022468379574036865,0.11795309747325533,-0.9930162500874737,39.799973011016846,drone2
1743531866.4421523,2.106313705444336,-0.0984438955783844,1.7196627855300903,0.0011533704678441067,0.0016479017084586026,0.11827476222109046,-0.9929789079796931,39.999972343444824,drone2
1743531866.642168,2.1134238243103027,-0.10620836168527603,1.7229934930801392,0.0014383143211647844,0.0009640990139854283,0.11864047042561948,-0.9929357917536665,40.19998812675476,drone2
1743531866.8421338,2.12050199508667,-0.11149181425571442,1.7262508869171143,0.001373229544260217,0.0008983240824364952,0.11930217594724052,-0.992856639972163,40.399953842163086,drone2
1743531867.0421157,2.126072883605957,-0.11595308780670166,1.7301194667816162,0.0012618489443878538,0.0004972674930452173,0.11988671058923817,-0.9927866340567864,40.59993577003479,drone2
1743531867.2421007,2.13206148147583,-0.11961065977811813,1.736182689666748,0.0010145721905625176,0.00015398655680295414,0.12010836086555698,-0.9927602922764671,40.79992079734802,drone2
1743531867.4421155,2.1386144161224365,-0.12203198671340942,1.7445778846740723,0.0005834335247110219,-0.0003578430737032833,0.12029283762148918,-0.992738333768393,40.99993562698364,drone2
1743531867.6421094,2.1462302207946777,-0.12482291460037231,1.75508713722229,0.0002787562926008205,-0.0007867976972735704,0.120356184334801,-0.9927304523077214,41.1999294757843,drone2
1743531867.8421245,2.1549079418182373,-0.12767577171325684,1.7635117769241333,0.00038963437767434723,-0.00038227066482350125,0.12043499894151632,-0.992721095707352,41.3999445438385,drone2
1743531868.0421786,2.159038782119751,-0.12810839712619781,1.7674411535263062,0.00045062037774144413,-0.000202089137787326,0.12048013821627157,-0.9927155744701971,41.59999871253967,drone2
1743531868.2421105,2.169794797897339,-0.1319369673728943,1.7789134979248047,0.00018415720749949592,-0.00042097222037333225,0.12036006184486397,-0.9927301994266303,41.799930572509766,drone2
1743531868.4420824,2.1754262447357178,-0.13840050995349884,1.7877957820892334,0.0004605666635587293,-0.0005675484948103997,0.11996333355983096,-0.9927780360996902,41.99990248680115,drone2
1743531868.6420887,2.1800649166107178,-0.14555723965168,1.7959110736846924,0.0010093761869315915,-0.0011460292863475939,0.11953128621574577,-0.992829328814328,42.19990873336792,drone2
1743531868.842087,2.187403917312622,-0.1525053232908249,1.8042879104614258,0.0014208501735624318,-0.0011460573722418838,0.11938845054614233,-0.9928459768194897,42.39990711212158,drone2
1743531869.042074,2.1974713802337646,-0.1580316126346588,1.8149733543395996,0.0019325217430969952,-0.0010823905034015508,0.11963939288217623,-0.9928149567389858,42.59989404678345,drone2
1743531869.2420902,2.2096869945526123,-0.1639271229505539,1.8270554542541504,0.002010116972337774,-0.0003657724949365661,0.1201169166758046,-0.9927576370250111,42.79991030693054,drone2
1743531869.4421,2.2231037616729736,-0.16809789836406708,1.8405125141143799,0.0015518176157815347,0.00020961986176992135,0.12036431867656366,-0.9927285556995384,42.999920129776,drone2
1743531869.642402,2.2337279319763184,-0.16893886029720306,1.8529858589172363,0.0013548540327973642,0.00038952302609416466,0.11997104643310846,-0.9927763923725983,43.20022201538086,drone2
1743531869.8421607,2.2442333698272705,-0.16749896109104156,1.8686649799346924,0.0007231222261957091,0.00036334828970520903,0.1189760436334632,-0.9928968480656425,43.399980783462524,drone2
1743531870.0421436,2.253842830657959,-0.1663994938135147,1.8823766708374023,-6.135278459825969e-05,-0.00043158617771389034,0.11827526798327265,-0.9929808467347246,43.599963665008545,drone2
1743531870.242134,2.262723684310913,-0.16587993502616882,1.8928587436676025,-0.0004409024885361057,-0.0005534981544744868,0.11818650672030873,-0.9929912148594584,43.7999541759491,drone2
1743531870.4421303,2.2701754570007324,-0.16749389469623566,1.9022085666656494,-0.00041635258209862314,-0.001208815408502168,0.1186762952468538,-0.9929322514183916,43.99995040893555,drone2
1743531870.642168,2.280801773071289,-0.17082473635673523,1.9098567962646484,0.0005176178765899311,-0.0017839177998299847,0.11964457694454306,-0.9928150831795313,44.19998812675476,drone2
1743531870.8421738,2.2950456142425537,-0.17377465963363647,1.9241204261779785,0.0010465185344965293,-0.0006621764426827383,0.12054639306213061,-0.9927068922194039,44.399993896484375,drone2
1743531871.0421572,2.3125243186950684,-0.17561323940753937,1.9451987743377686,0.0012117727672514985,0.000378960095663217,0.12088028039603393,-0.9926662626574394,44.599977254867554,drone2
1743531871.242143,2.3291096687316895,-0.1763765513896942,1.9564440250396729,0.0010567526557125927,0.0013429626225884145,0.11996733751043942,-0.9927764766662954,44.79996299743652,drone2
1743531871.4421458,2.3445794582366943,-0.17399713397026062,1.9574453830718994,0.0005345896386954715,0.001514532019351474,0.11767518115417458,-0.9930508947969499,44.99996590614319,drone2
1743531871.6421332,2.3600494861602783,-0.16922259330749512,1.9559452533721924,-0.0004387072870124136,0.001211530340554498,0.1148480969966093,-0.9933822954667909,45.19995331764221,drone2
1743531871.8421516,2.3750510215759277,-0.16617144644260406,1.954219102859497,-0.0010570547437122261,0.0010868201091405628,0.11249440624151841,-0.9936512345071389,45.39997172355652,drone2
1743531872.0421176,2.387085437774658,-0.1673765331506729,1.9551405906677246,-0.0007203831543712585,0.0011168562534075689,0.11102027806800141,-0.9938172087965749,45.59993767738342,drone2
1743531872.2421253,2.395179510116577,-0.17102529108524323,1.9602830410003662,2.7067907957477388e-05,0.0008053921130468874,0.11053921393909799,-0.9938714939374569,45.79994535446167,drone2
1743531872.4421437,2.4018807411193848,-0.17672963440418243,1.968712329864502,0.0009860029246039899,0.00012951541331760266,0.11080870088847666,-0.9938413167939231,45.99996376037598,drone2
1743531872.6421666,2.410677671432495,-0.18297666311264038,1.9768643379211426,0.001875732733677551,-0.0002935973339506753,0.11129490693289834,-0.9937856829538887,46.199986696243286,drone2
1743531872.8421443,2.420400857925415,-0.18715447187423706,1.9846537113189697,0.0021181795162861826,-9.704896327878799e-05,0.11186447944367461,-0.993721282569364,46.399964332580566,drone2
1743531873.0421703,2.4272043704986572,-0.18774756789207458,1.9893651008605957,0.0018660618429416976,-0.0001110119178454188,0.11224418040190925,-0.9936789249866106,46.599990367889404,drone2
1743531873.24215,2.437670946121216,-0.18680939078330994,1.9962258338928223,0.0012376750925888248,0.00032772652655408275,0.1126033558449191,-0.9936391383616163,46.7999701499939,drone2
1743531873.442192,2.4521377086639404,-0.18394732475280762,2.009658098220825,-0.00018576556869328315,0.00044288332353279857,0.11277257544169028,-0.993620720188817,47.000012159347534,drone2
1743531873.642088,2.4646222591400146,-0.18634125590324402,2.014554023742676,-0.0007255263392276956,0.0007214920264375903,0.11254468743179191,-0.9936462190321662,47.19990801811218,drone2
1743531873.8420975,2.4744510650634766,-0.19459351897239685,2.0199124813079834,0.00022174411891123327,0.000901627197631926,0.11196976227125477,-0.9937112516194184,47.39991760253906,drone2
1743531874.0421019,2.481743335723877,-0.20599161088466644,2.0241169929504395,0.0014442135011287465,0.0006752336310172934,0.11153830498304879,-0.9937588354113872,47.5999219417572,drone2
1743531874.2422483,2.487703561782837,-0.2191493809223175,2.0270349979400635,0.0029383528254508153,0.00036869239896700505,0.11123438405843677,-0.9937898133450428,47.800068378448486,drone2
1743531874.4422219,2.491474151611328,-0.22824212908744812,2.0312891006469727,0.004049976119561772,-0.000566692201734379,0.11114477985850252,-0.9937958824912283,48.00004196166992,drone2
1743531874.642214,2.4955461025238037,-0.23151470720767975,2.0381710529327393,0.0037772397469446016,-0.0016174564344123672,0.11122979005194905,-0.9937863151566164,48.20003414154053,drone2
1743531874.8421998,2.5007107257843018,-0.2311730980873108,2.0478944778442383,0.0024500257326460243,-0.0018374019447951497,0.1113485598710528,-0.9937767056751559,48.4000198841095,drone2
1743531875.0421784,2.5083415508270264,-0.23087337613105774,2.060446262359619,0.0015646675272320957,-0.001864847219335163,0.11160434909466532,-0.9937496895452604,48.599998474121094,drone2
1743531875.2422268,2.519939661026001,-0.23120233416557312,2.072922468185425,0.0012681553621016976,-0.0011221717056934017,0.11232017116977433,-0.993670706351151,48.80004692077637,drone2
1743531875.4422271,2.533693790435791,-0.2309490293264389,2.0816402435302734,0.0008062064650695555,-0.00026770042102602476,0.11291503178965717,-0.9936043672115948,49.00004720687866,drone2
1743531875.6422358,2.5473039150238037,-0.23100024461746216,2.0879361629486084,0.0008613262905359393,0.00031477435548914206,0.11293269131918315,-0.9936023020160178,49.200055837631226,drone2
1743531875.8422005,2.5600852966308594,-0.23169022798538208,2.09570050239563,0.001237733908845194,0.0006790795721029442,0.1126402764842146,-0.9936348393830681,49.400020599365234,drone2
1743531876.0421624,2.570584297180176,-0.23157937824726105,2.1050617694854736,0.0007222522683211486,0.0003035625117636412,0.11199007705223707,-0.9937089756895989,49.599982500076294,drone2
1743531876.2421627,2.578219413757324,-0.23178476095199585,2.115865468978882,0.0004945464900358128,-7.721720411362638e-05,0.11126144233518076,-0.9937910777504981,49.79998278617859,drone2
1743531876.442175,2.5842955112457275,-0.23177136480808258,2.1268041133880615,0.0006866425750560822,-0.0010146918501574623,0.11073081351242853,-0.9938496618699283,49.99999499320984,drone2
1743531876.642153,2.5919549465179443,-0.2314072698354721,2.1355369091033936,0.0004415076240556226,-0.0017743708389387266,0.11062232752436152,-0.9938608729316321,50.19997310638428,drone2
1743531876.8421407,2.6010115146636963,-0.23340477049350739,2.143817186355591,0.00069073490439554,-0.0014592553573945033,0.11094647893625886,-0.9938251745509434,50.39996075630188,drone2
1743531877.0421507,2.6107661724090576,-0.23811905086040497,2.15169358253479,0.0015947141966352518,-0.0012415474371932343,0.11095326457886906,-0.9938235308238514,50.59997081756592,drone2
1743531877.2421505,2.6203737258911133,-0.24250349402427673,2.1632957458496094,0.002231234980057989,-0.0008418899667681976,0.10798566282836847,-0.9941496209907802,50.799970626831055,drone2
1743531877.4421625,2.6339802742004395,-0.2430683672428131,2.171668529510498,0.0023815549256765694,-0.0004912934653819127,0.10083410127934295,-0.9949003406564563,50.999982595443726,drone2
1743531877.642147,2.651632785797119,-0.24066093564033508,2.1796720027923584,0.0014776807741834614,7.150945480643852e-05,0.0896288558405397,-0.9959741580628169,51.1999671459198,drone2
1743531877.8421595,2.6707334518432617,-0.23670144379138947,2.1876211166381836,0.0002687725520646469,0.0009271393353482742,0.07600585643690894,-0.9971069389102442,51.39997959136963,drone2
1743531878.0421696,2.683933734893799,-0.23465347290039062,2.192633628845215,-0.0004506049225249119,0.0013267680150306032,0.06611938588801147,-0.997810791280376,51.59998965263367,drone2
1743531878.242142,2.702890396118164,-0.23334962129592896,2.2014801502227783,-0.0008100787273558976,0.0018246007862178083,0.05032173554176406,-0.99873110986446,51.79996204376221,drone2
1743531878.4421892,2.7132558822631836,-0.23661215603351593,2.232149124145508,-0.0003007968100456439,0.0007030420105354004,0.03985873825208619,-0.9992050511759649,52.000009298324585,drone2
1743531878.6422122,2.7246906757354736,-0.2404230237007141,2.2544496059417725,0.000533696744950474,0.0004459742330502945,0.0331077403513082,-0.9994516102397537,52.200032234191895,drone2
1743531878.8421006,2.7357237339019775,-0.24368079006671906,2.252147674560547,0.0016421967168064383,-0.0002009519754786451,0.02948665171464626,-0.9995638051504897,52.39992070198059,drone2
1743531879.0421038,2.7460169792175293,-0.2445881962776184,2.235320568084717,0.0020972070139765892,-0.0008758543997674012,0.027777217685892808,-0.9996115575298525,52.599923849105835,drone2
1743531879.2420964,2.7556469440460205,-0.24579109251499176,2.215942621231079,0.0017505230078302936,-0.0006961020421354858,0.026131931160573107,-0.9996567810983048,52.7999165058136,drone2
1743531879.4420922,2.766608715057373,-0.24621404707431793,2.203779935836792,0.0015134203550629735,-0.0005922192390202117,0.02351730926635126,-0.9997221087134966,52.99991226196289,drone2
1743531879.6420963,2.7800464630126953,-0.2455584704875946,2.1997859477996826,0.00100328578725101,-0.0003600878770051049,0.01938940477634582,-0.9998115021791882,53.19991636276245,drone2
1743531879.8420978,2.7939250469207764,-0.24326203763484955,2.1985275745391846,0.0002182264365384233,0.0002615723814110165,0.01486620499415664,-0.9998894738489333,53.39991784095764,drone2
1743531880.042096,2.806393623352051,-0.23988159000873566,2.1940112113952637,-0.0002726256959807367,0.00035736963165094743,0.010946126614158391,-0.9999400500671465,53.599915981292725,drone2
1743531880.2420774,2.8172733783721924,-0.23831713199615479,2.1862633228302,-0.0004621004625940572,0.0003931903086851983,0.0083921540349437,-0.9999646216798284,53.79989743232727,drone2
1743531880.4421275,2.825571298599243,-0.23984308540821075,2.1766445636749268,0.000106759500452088,-0.00042444312036167954,0.007440225314476745,-0.9999722924062573,53.9999475479126,drone2
1743531880.64212,2.8331894874572754,-0.24114449322223663,2.166497230529785,0.0025422537796951535,-0.004338006529832219,0.007179547056436808,-0.999961629253584,54.19993996620178,drone2
1743531880.8421104,2.84421706199646,-0.23745211958885193,2.1565656661987305,0.003404545373002646,-0.004970347551842305,0.005181955024414486,-0.9999684570430429,54.399930477142334,drone2
1743531881.0421112,2.8602654933929443,-0.2303597331047058,2.145831346511841,0.0017616467300688222,-0.0038130346044036338,-9.386103163361326e-05,-0.9999911741943901,54.59993124008179,drone2
1743531881.24211,2.88053822517395,-0.22212748229503632,2.1343910694122314,8.919623161152685e-05,-0.002238217939066332,-0.007946071790304265,-0.9999659703789807,54.79993009567261,drone2
1743531881.4421327,2.9041635990142822,-0.2150614708662033,2.122581958770752,-0.0012818605685216424,-0.0007820202244018531,-0.01617692983599678,-0.9998680211030413,54.99995279312134,drone2
1743531881.6421387,2.92824649810791,-0.21022893488407135,2.1110427379608154,-0.0018300997974954702,0.0002781158580668167,-0.02265342531242337,-0.9997417069980541,55.19995880126953,drone2
1743531881.8421133,2.9502997398376465,-0.20931439101696014,2.1027064323425293,-0.0009858139840686294,0.0006772507734247694,-0.025970803758715855,-0.9996620494543687,55.39993333816528,drone2
1743531882.042115,2.9718265533447266,-0.21170121431350708,2.096864938735962,0.0005137831719199573,0.0006776573629199011,-0.026437074343791778,-0.99965012189624,55.59993505477905,drone2
1743531882.2421153,2.991084575653076,-0.2142525613307953,2.0916497707366943,0.00155393063815347,0.0004980973414433484,-0.025438657649417273,-0.999675114977407,55.79993534088135,drone2
1743531882.4420846,3.0082578659057617,-0.21492716670036316,2.0877444744110107,0.0020166910575248474,-0.0004637413625749869,-0.02442898774649027,-0.9996993915621493,55.99990463256836,drone2
1743531882.6420968,3.0258495807647705,-0.21422991156578064,2.0841403007507324,0.001707207500061682,-0.0014206922154882213,-0.024109472487929162,-0.9997068515543357,56.19991683959961,drone2
1743531882.842095,3.0462005138397217,-0.21295131742954254,2.08168888092041,0.0011418135056374002,-0.0015614438695473402,-0.024544343670864555,-0.999696904898087,56.39991497993469,drone2
1743531883.042175,3.0624279975891113,-0.21204215288162231,2.082216501235962,-0.00020034302760391635,0.0012082616137301027,-0.024917343280186022,-0.9996888127031731,56.599995136260986,drone2
1743531883.242127,3.0888819694519043,-0.21072909235954285,2.0816290378570557,-0.0005683435020881362,0.002932864350885169,-0.023912014502655676,-0.9997095910994889,56.799947023391724,drone2
1743531883.442127,3.1022486686706543,-0.21056906878948212,2.1314709186553955,-0.0007118340942047452,0.002117783154810449,-0.02136200372720104,-0.9997693131838289,56.99994707107544,drone2
1743531883.6421256,3.114591598510742,-0.21071337163448334,2.161983013153076,-0.0004252525847493261,0.001078088952414071,-0.016588409518008662,-0.9998617412226132,57.19994568824768,drone2
1743531883.8421206,3.1291720867156982,-0.21074090898036957,2.1442363262176514,0.00017729061021867925,-0.00023555077719956047,-0.009841120539899606,-0.9999515983036384,57.399940729141235,drone2
1743531884.0421133,3.1446850299835205,-0.21015022695064545,2.099186420440674,0.0003991165995888855,-0.0008492449005260794,-0.0023877454086875805,-0.9999967375783936,57.599933385849,drone2
1743531884.2421215,3.16005539894104,-0.2136983573436737,2.050034523010254,0.0005233881361767049,-0.00024146109582648997,0.0038829470064602467,-0.9999923543061484,57.799941539764404,drone2
1743531884.4421363,3.1751322746276855,-0.21845513582229614,2.014740467071533,0.001298279626569465,0.00020328087697221419,0.008209953208831111,-0.999965506763647,57.999956369400024,drone2
1743531884.6421347,3.188769578933716,-0.22469596564769745,1.9931137561798096,0.0013094466069503595,0.00012927755527313207,0.01044980532609413,-0.9999445176330886,58.19995474815369,drone2
1743531884.8421323,3.2011468410491943,-0.23102016746997833,1.977799415588379,0.0014475954152904664,-0.00020941633035780923,0.011302731099409158,-0.9999351188858707,58.39995241165161,drone2
1743531885.0421214,3.2153258323669434,-0.2364087849855423,1.9626131057739258,0.0012605132926485762,-0.0010868233311209024,0.0122259999628887,-0.9999239078241667,58.59994149208069,drone2
1743531885.2421012,3.231311321258545,-0.23925304412841797,1.9470596313476562,0.0010384489323537703,-0.0010476569145336317,0.014023394464484307,-0.9999005584700917,58.79992127418518,drone2
1743531885.4420938,3.2470109462738037,-0.24043454229831696,1.9290499687194824,0.0003908222932493896,-0.0012590880376970542,0.01663890144252489,-0.9998607296982489,58.999913930892944,drone2
1743531885.6420994,3.262984037399292,-0.2422478348016739,1.9066905975341797,-6.838177998372279e-05,-0.0014769607380819305,0.01998995522077751,-0.9997990688588776,59.19991946220398,drone2
1743531885.842113,3.281473159790039,-0.24304650723934174,1.8827950954437256,0.0016208192096244303,-0.0040893451450198185,0.0235112401201657,-0.9997139322248856,59.399933099746704,drone2
1743531886.0420992,3.304154396057129,-0.24479027092456818,1.8576788902282715,0.0016569013571251841,-0.003697395423572822,0.025264970486704008,-0.9996726283133448,59.59991931915283,drone2
1743531886.2423267,3.330676555633545,-0.24607360363006592,1.8328444957733154,0.001318043895212315,-0.0015530290598526455,0.024876924452464255,-0.9996885176752335,59.80014681816101,drone2
1743531886.4421613,3.3542847633361816,-0.2467338591814041,1.815131425857544,0.0011533657962940094,-0.0003996347712189675,0.023047540492848906,-0.9997336569499886,59.99998140335083,drone2
1743531886.6421435,3.3830273151397705,-0.2477535903453827,1.795163631439209,0.0010459539560580358,0.0007455222060444302,0.019428559198612416,-0.9998104485079755,60.19996356964111,drone2
1743531886.8421493,3.410839080810547,-0.2478771060705185,1.776052474975586,0.001238986182675919,0.0015761918194573668,0.015038374870323723,-0.9998849641361427,60.39996933937073,drone2
1743531887.0421681,3.438354015350342,-0.24711337685585022,1.7592040300369263,0.0012196326811699223,0.0017645825009058927,0.010319150095710383,-0.9999445176330886,60.59998822212219,drone2
1743531887.242153,3.4635939598083496,-0.24573954939842224,1.7449630498886108,0.0010535822269457707,0.001982871339681266,0.005550739948884831,-0.9999821126219604,60.799973011016846,drone2
1743531887.4421787,3.4873063564300537,-0.24209730327129364,1.7322148084640503,0.0010062817943310468,0.0015817237065117598,0.0008742942255100529,-0.9999978755433034,60.999998807907104,drone2
1743531887.6421926,3.509449005126953,-0.2379574179649353,1.7211921215057373,-0.0009279315232322275,0.0037815494268409757,-0.0036736036099064835,-0.9999857372509323,61.20001268386841,drone2
1743531887.842143,3.5290656089782715,-0.23615463078022003,1.712589144706726,-0.001616180998336523,0.004007191799967159,-0.006354438203138912,-0.9999705222386199,61.39996314048767,drone2
1743531888.042126,3.545894145965576,-0.23747019469738007,1.7071961164474487,-0.0007107636301070202,0.0029059733444462012,-0.006171731614844245,-0.9999764649442598,61.59994602203369,drone2
1743531888.2421768,3.5545947551727295,-0.23888961970806122,1.7061083316802979,-0.00018627721661694597,0.0034195967370048465,-0.004982558284109262,-0.9999817333003238,61.799996852874756,drone2
1743531888.4421473,3.5697176456451416,-0.24259699881076813,1.704482078552246,0.0011060176474992928,0.0011461029893113735,-0.0020348919929543685,-0.9999966532846967,61.99996733665466,drone2
1743531888.6421328,3.583625555038452,-0.24255746603012085,1.7045652866363525,0.0016081553575768926,0.0008062978175405293,0.0006387776360312625,-0.9999982127180915,62.199952840805054,drone2
1743531888.8421314,3.5938937664031982,-0.23888853192329407,1.7069013118743896,0.0007694151268722589,0.0010360437461320795,0.002635906052719905,-0.9999957260540293,62.399951457977295,drone2
1743531889.0421414,3.598724842071533,-0.2355545163154602,1.7105215787887573,0.0018914775862056941,0.0005350896797721965,0.0028830130255392272,-0.9999939137395435,62.59996151924133,drone2
1743531889.2421398,3.597320795059204,-0.23278965055942535,1.716043472290039,0.001874102259793856,-0.0006128448118511976,0.0018453576152011042,-0.999996358256757,62.799959897994995,drone2
1743531889.4421566,3.596662759780884,-0.23152554035186768,1.7224875688552856,0.0006903682597407279,-0.0021816098647504554,0.00035858538713079413,-0.9999973697811213,62.99997663497925,drone2
1743531889.642167,3.597092390060425,-0.2299758493900299,1.7280347347259521,0.0003646492649602523,-0.0032680129621572617,-0.00047878819908370195,-0.9999945037954225,63.199987173080444,drone2
1743531889.8421664,3.601754903793335,-0.2270394116640091,1.7326979637145996,0.0006424613693726992,-0.003153223550695937,-0.0002927520097566474,-0.9999948409702106,63.39998650550842,drone2
1743531890.0421314,3.6117641925811768,-0.22154460847377777,1.739956259727478,5.49007153609293e-05,-0.0023924151477937236,0.0004379900497252785,-0.9999971169000301,63.59995150566101,drone2
1743531890.2421405,3.6270854473114014,-0.21565410494804382,1.7475605010986328,-0.0004248177807379315,-0.0009069550490760656,0.0003518840382175092,-0.9999994349766983,63.79996061325073,drone2
1743531890.4422252,3.646448850631714,-0.2070808857679367,1.7553914785385132,-0.0018548673271684476,0.000519363101854157,-0.0009536988881044817,-0.9999977069559094,64.00004529953003,drone2
1743531890.6422057,3.666074275970459,-0.19840307533740997,1.764140248298645,-0.003780356885054959,0.0015565813209571311,-0.0012797047613361534,-0.999990837019602,64.20002579689026,drone2
1743531890.8421557,3.6845319271087646,-0.19531746208667755,1.7747201919555664,-0.0035607803242327742,0.002188329035524557,0.0024849781882024247,-0.999988181768146,64.39997577667236,drone2
1743531891.042131,3.700052499771118,-0.19876369833946228,1.7868473529815674,-0.0013655109292976804,0.001852545505028581,0.011233821002093747,-0.9999342338020519,64.59995102882385,drone2
1743531891.2421257,3.711540460586548,-0.2067490965127945,1.7983229160308838,0.0007605130868494742,0.001164447412843057,0.022712388753490187,-0.9997410747953265,64.79994583129883,drone2
1743531891.4421117,3.720038652420044,-0.2142297625541687,1.8080105781555176,0.0026409877114157315,-0.00014184159666856124,0.03387072474990088,-0.9994227396485237,64.99993181228638,drone2
1743531891.6421142,3.7263362407684326,-0.21936680376529694,1.8179230690002441,0.0031014583303738204,-0.0014569004845520163,0.04219856269401695,-0.9991033929773567,65.19993424415588,drone2
1743531891.8421178,3.7349023818969727,-0.22036993503570557,1.8291947841644287,0.002369492118969663,-0.002194999062414509,0.046986992593885224,-0.9988902563644371,65.39993786811829,drone2
1743531892.0421712,3.7476978302001953,-0.2188548743724823,1.8416078090667725,0.0008300825518534015,-0.002134842873766716,0.04829851822584719,-0.9988304078395516,65.59999132156372,drone2
1743531892.2421944,3.766284942626953,-0.2188187688589096,1.8562562465667725,-0.0002986660687105506,-0.0009708966956123572,0.04744862702562502,-0.9988731868907902,65.80001449584961,drone2
1743531892.4421782,3.7885384559631348,-0.22082309424877167,1.871976613998413,-0.0008754662495184937,0.0005183524212500432,0.046085302916843096,-0.9989370393662842,65.99999833106995,drone2
1743531892.6421103,3.810593366622925,-0.22422945499420166,1.8852498531341553,-0.0006362020684603309,0.0016567614987353008,0.04565949330633762,-0.9989555418327805,66.19993042945862,drone2
1743531892.8421013,3.831130027770996,-0.22686639428138733,1.8973338603973389,3.892714209336141e-05,0.002288263617360281,0.04688626162594417,-0.998897674209775,66.39992141723633,drone2
1743531893.0421538,3.847425699234009,-0.22876250743865967,1.9091615676879883,0.0002898135018440458,0.0018325534520142709,0.04988517848488827,-0.9987532791067766,66.59997391700745,drone2
1743531893.2421148,3.8598666191101074,-0.23050764203071594,1.9136414527893066,0.0013102907581120113,0.0017049214554100366,0.054269167226445925,-0.998524042397726,66.79993486404419,drone2
1743531893.4421225,3.865520715713501,-0.23369084298610687,1.960975170135498,9.460479591703736e-05,-0.0005614530068445073,0.05877609832510988,-0.9982710770129635,66.99994254112244,drone2
1743531893.642323,3.869931221008301,-0.24044367671012878,2.020104169845581,0.00039397260553944885,-0.0019581732041357006,0.06254583889646975,-0.9980401544299724,67.20014309883118,drone2
1743531893.8424523,3.8771004676818848,-0.24985484778881073,2.0277202129364014,0.0013808716445826222,-0.002696171148165567,0.06563600368244005,-0.9978390718157268,67.40027236938477,drone2
1743531894.042206,3.8900623321533203,-0.2595607340335846,1.9940800666809082,0.0022413770079405173,-0.002352161583874011,0.06812751463216149,-0.997671369505502,67.60002613067627,drone2
1743531894.2421913,3.9058871269226074,-0.26724591851234436,1.944169521331787,0.002436111551532019,-0.001077147007392862,0.06981979489357093,-0.9975560557279761,67.80001139640808,drone2
1743531894.4421651,3.9213550090789795,-0.27234911918640137,1.9019486904144287,0.0018160678603917476,-0.00022739969914567805,0.07043105063752442,-0.9975150468443752,67.9999852180481,drone2
1743531894.6421704,3.934904098510742,-0.27398785948753357,1.8763318061828613,0.0008179990833125527,0.0003207280917496898,0.07005687091644475,-0.9975426108833012,68.19999051094055,drone2
1743531894.8421402,3.9475128650665283,-0.27526071667671204,1.8596274852752686,0.00037424776724901294,0.00025222393567475983,0.06927858721184249,-0.9975973174926684,68.39996027946472,drone2
1743531895.0421522,3.9626362323760986,-0.27699077129364014,1.8411247730255127,0.0004614455529431835,0.00010178797303543763,0.0683640005991562,-0.9976603691780407,68.59997224807739,drone2
1743531895.2421496,3.98063588142395,-0.2782653272151947,1.819821834564209,0.0008025783530145599,0.0006743822204314173,0.06704387701009795,-0.9977495519094897,68.79996967315674,drone2
1743531895.4422429,3.9982948303222656,-0.2784673273563385,1.798567295074463,0.0007030573679991203,0.0008411603560471324,0.06476803148420668,-0.9978997632775826,69.00006294250488,drone2
1743531895.6421735,4.015187740325928,-0.2769925594329834,1.7794394493103027,0.0010865500042809336,0.0008285412181427094,0.061492041243151885,-0.9981067043037711,69.19999361038208,drone2
1743531895.8421555,4.031604766845703,-0.26954907178878784,1.7633620500564575,0.001119107240853921,0.0009436895878096748,0.056701461854009705,-0.9983900997131583,69.39997553825378,drone2
1743531896.042124,4.047297954559326,-0.25875017046928406,1.749605417251587,-4.8286705912949214e-05,0.0008676542858721812,0.0500955755526547,-0.9987440910938014,69.59994411468506,drone2
1743531896.2421336,4.062368392944336,-0.24876457452774048,1.7379422187805176,-0.0012117160706851522,0.0007380024097848696,0.041189440700120594,-0.9991503867134464,69.79995369911194,drone2
1743531896.442161,4.076218605041504,-0.24511507153511047,1.7314430475234985,-0.002531550867397108,0.00024908054839179215,0.031260233246833136,-0.9995080448699099,69.99998116493225,drone2
1743531896.6422462,4.08991003036499,-0.24486501514911652,1.7275445461273193,-0.0024813963646233344,-5.530078114940779e-05,0.023956774455774432,-0.999709928274277,70.2000663280487,drone2
1743531896.8421373,4.105462551116943,-0.24680885672569275,1.724052906036377,-0.0004596753441465774,-8.47485866406172e-05,0.021402633289165696,-0.9997708304703752,70.39995741844177,drone2
1743531897.0421321,4.122673034667969,-0.24933403730392456,1.7219953536987305,0.0013954009885851523,4.230885045991755e-05,0.02326636693031736,-0.9997283464470763,70.59995222091675,drone2
1743531897.2421067,4.1418867111206055,-0.2520756423473358,1.7213221788406372,0.002150273682882726,0.0007817683105481556,0.026834561272098156,-0.9996373514011412,70.7999267578125,drone2
1743531897.4421024,4.158334255218506,-0.2550598084926605,1.7221693992614746,0.0022853877534939216,0.0011292366432034586,0.029453945760201827,-0.9995628779198225,70.99992251396179,drone2
1743531897.6421084,4.171509742736816,-0.25832614302635193,1.727118968963623,0.0017526731968078892,0.0006253236128921139,0.02938979825676824,-0.9995663339614004,71.19992852210999,drone2
1743531897.842114,4.181777477264404,-0.2636207044124603,1.734812617301941,0.0015015778726530154,-5.771401749837504e-06,0.02648035915721264,-0.999648225288057,71.39993405342102,drone2
1743531898.0421083,4.193753242492676,-0.2674177289009094,1.744510293006897,0.003926118851522506,-0.003915698757723135,0.021335872681124413,-0.9997570063040636,71.59992837905884,drone2
1743531898.2421803,4.208520889282227,-0.2657588720321655,1.7533507347106934,0.00397281766996592,-0.002435861551573059,0.014613745371576448,-0.9998823931783836,71.80000042915344,drone2
1743531898.442316,4.2247114181518555,-0.2628481090068817,1.7810041904449463,-0.0005842934294919639,0.001024881972368701,0.006531244232642286,-0.9999779822308063,72.00013613700867,drone2
1743531898.6421525,4.241389751434326,-0.26004135608673096,1.8707938194274902,-0.0011975871600085131,0.001200779254503912,0.00016340333167680362,-0.9999985920397281,72.19997262954712,drone2
1743531898.8421655,4.258974552154541,-0.2594263255596161,1.89107084274292,-0.000726029309187536,0.001715308780832031,-0.0039036832559274925,-0.999990668432208,72.3999855518341,drone2
1743531899.0421805,4.277164936065674,-0.2594536542892456,1.8373346328735352,-0.00040176219925200363,0.0018258744112962504,-0.005525325399232617,-0.9999829977057791,72.6000006198883,drone2
1743531899.2421827,4.293754577636719,-0.25818419456481934,1.750183343887329,0.00011234719915353256,0.0015376238825238959,-0.004922920493466376,-0.9999867487752966,72.80000281333923,drone2
1743531899.4421756,4.3086042404174805,-0.25593066215515137,1.6653380393981934,-0.0001667196795008122,0.0008161139584994249,-0.0027488596067288817,-0.9999958946414234,72.99999570846558,drone2
1743531899.6421602,4.324434280395508,-0.2543456256389618,1.6032607555389404,-0.0010512229500867687,0.00019026334536485675,0.001101802913771932,-0.9999988870676677,73.19998025894165,drone2
1743531899.8422613,4.3387651443481445,-0.25418323278427124,1.5604394674301147,-0.0003721008915733557,0.000144166721820967,0.006741219831923606,-0.999977223587533,73.4000813961029,drone2
1743531900.0421772,4.352041721343994,-0.25329625606536865,1.5219601392745972,0.004621720180853074,-0.0016971315941635386,0.011780465627280134,-0.9999185551744059,73.5999972820282,drone2
1743531900.2421424,4.368762016296387,-0.2484295666217804,1.4830198287963867,0.006024401378973916,-0.0012067735912551613,0.01038814448672265,-0.9999271952783506,73.79996252059937,drone2
1743531900.4421391,4.388598918914795,-0.241219624876976,1.4412345886230469,0.003919231327124923,-0.00019295963237557452,-0.0007946788286727902,-0.9999920171313603,73.99995923042297,drone2
1743531900.6421635,4.4087300300598145,-0.2335711568593979,1.4006078243255615,0.001993234772285328,0.00038661649874916014,-0.02149860166322487,-0.9997668265197667,74.19998359680176,drone2
1743531900.8421538,4.42783260345459,-0.22659921646118164,1.3647364377975464,0.000838570552596313,0.0012570787566647756,-0.047661089288968284,-0.9988624394444199,74.39997386932373,drone2
1743531901.042145,4.443905353546143,-0.2226404994726181,1.3351131677627563,0.0005181494454849809,0.001242026590061459,-0.07493920399479509,-0.997187270803506,74.59996509552002,drone2
1743531901.2421565,4.459338665008545,-0.22044946253299713,1.3108305931091309,0.0010332418244662623,0.0009937466465757918,-0.09928739623269,-0.9950578012824931,74.79997658729553,drone2
1743531901.442236,4.474599838256836,-0.2179703414440155,1.2894887924194336,0.002092432195862438,0.000718196251537465,-0.11891876606633678,-0.9929016106595242,75.00005602836609,drone2
1743531901.6422358,4.487061023712158,-0.21425020694732666,1.2717905044555664,0.002902897365367485,0.00024153050024390625,-0.13540770902185978,-0.9907857545705803,75.20005583763123,drone2
1743531901.8421552,4.49648904800415,-0.21023158729076385,1.2561595439910889,0.003166402343389818,-0.00023473736668973579,-0.15101013516580475,-0.9885271892525784,75.3999752998352,drone2
1743531902.0421286,4.504255294799805,-0.203567773103714,1.2438355684280396,0.0027582222163171437,-0.0008465552606988577,-0.16710538440938744,-0.9859348630412189,75.59994864463806,drone2
1743531902.2421381,4.5117034912109375,-0.19382405281066895,1.2347286939620972,0.0017131479728242545,-0.0009958217820588548,-0.18291951417340263,-0.9831259020285134,75.79995822906494,drone2
1743531902.4421394,4.519737720489502,-0.18299520015716553,1.2280404567718506,0.0009325198703531832,-0.001290881969736488,-0.19898125667241917,-0.9800020619105829,75.99995946884155,drone2
1743531902.6421435,4.530186176300049,-0.16930188238620758,1.2227967977523804,0.0004776355815587322,-0.0012289561690981654,-0.21421540365407588,-0.9767856673133226,76.19996356964111,drone2
1743531902.842236,4.544982433319092,-0.15333154797554016,1.218026041984558,-0.00021444085002781939,-0.0003904177514159537,-0.22783026871594397,-0.9737007708834162,76.40005612373352,drone2
1743531903.0422163,4.558976650238037,-0.14066873490810394,1.216425895690918,-0.0003591598385918531,0.0003359630301783853,-0.23740569552283108,-0.9714104268416373,76.60003638267517,drone2
1743531903.242113,4.578420162200928,-0.12340732663869858,1.2231732606887817,-0.0008664987872147291,0.0016678208482481882,-0.24947035734962003,-0.9683806163427345,76.79993319511414,drone2
1743531903.4421196,4.593484878540039,-0.10889741778373718,1.2276197671890259,-1.4343099383113943e-06,0.0016943072614050629,-0.2570707828352865,-0.9663911165056263,76.99993968009949,drone2
1743531903.642142,4.608957290649414,-0.09593557566404343,1.2500967979431152,0.0005051089471379167,0.0014434435802808722,-0.26352675279648824,-0.9646509574243085,77.19996213912964,drone2
1743531903.8421195,4.626081943511963,-0.08466573059558868,1.2608516216278076,0.0007633640083426106,0.0015261254073013091,-0.2695799253264714,-0.9629765052798193,77.39993953704834,drone2
1743531904.0421178,4.642987251281738,-0.07544773817062378,1.2610453367233276,0.0010582165692845868,0.001738332855079169,-0.2757952578561002,-0.9612142401764575,77.599937915802,drone2
1743531904.242125,4.658037185668945,-0.06754671037197113,1.256787657737732,0.0012363823902991926,0.0018542367913817073,-0.28187468787270553,-0.9594486243986391,77.79994511604309,drone2
1743531904.4421258,4.667795658111572,-0.06239398941397667,1.2566193342208862,0.0015972518361582378,0.0011057287856971751,-0.2871894476167778,-0.957871868648998,77.99994587898254,drone2
1743531904.6421297,4.675681114196777,-0.05825469270348549,1.260717749595642,0.001937527339902195,-0.00018020625943396598,-0.29215202829469306,-0.9563699657023124,78.19994974136353,drone2
1743531904.842107,4.682916641235352,-0.051518023014068604,1.2690024375915527,0.002097600082729809,-0.0008812377541659519,-0.2967498279987465,-0.954952567186891,78.39992713928223,drone2
1743531905.0420883,4.691349029541016,-0.04203612357378006,1.2793210744857788,0.0015680676954244125,-0.0011545097292632708,-0.3011075171068333,-0.9535882315537448,78.5999083518982,drone2
1743531905.2420955,4.699914932250977,-0.03090362623333931,1.29080331325531,0.0010295570930182237,-0.0007165721881728134,-0.3050464562015402,-0.9523366598137896,78.79991555213928,drone2
1743531905.4420953,4.70549201965332,-0.01908978633582592,1.3016362190246582,0.0004596537703829792,-0.0004734939192609142,-0.30893513517939786,-0.9510829175111359,78.99991536140442,drone2
1743531905.6421063,4.708889007568359,-0.007554196752607822,1.3133052587509155,-3.66269696039374e-05,-0.0009201685594130798,-0.3126959406188734,-0.9498527774436485,79.19992637634277,drone2
1743531905.8421261,4.712399482727051,0.0033188783563673496,1.3278754949569702,-0.00023216867267730965,-0.0013861539123990803,-0.31631572270323155,-0.9486530674007859,79.39994621276855,drone2
1743531906.0421295,4.717222213745117,0.013486145995557308,1.3450887203216553,-0.00014690712102394558,-0.0015928026683031211,-0.3197337688971923,-0.9475061462856833,79.59994959831238,drone2
1743531906.2421095,4.723756790161133,0.02243521623313427,1.3611644506454468,-7.305349472333452e-05,-0.0015959157728284822,-0.32270151816166265,-0.9464994898824248,79.79992961883545,drone2
1743531906.4420922,4.7319722175598145,0.02917732298374176,1.373044729232788,9.449463376858168e-05,-0.0012940553516638397,-0.3244764273195777,-0.9458929756589287,79.99991226196289,drone2
1743531906.6421084,4.746340274810791,0.0359523743391037,1.3871054649353027,0.0009523468653604256,-0.0007128058074955324,-0.3257852766266592,-0.9454430791244992,80.19992852210999,drone2
1743531906.8420877,4.763241767883301,0.04309656843543053,1.403425931930542,0.0019853024390505646,6.067763242109727e-05,-0.32633971841882004,-0.945250510173653,80.39990782737732,drone2
1743531907.0421023,4.779941082000732,0.053645577281713486,1.4244617223739624,0.002176567101339748,0.0009817504557617786,-0.32683287869324607,-0.945079183234456,80.59992241859436,drone2
1743531907.2420893,4.795568943023682,0.06623473018407822,1.4472562074661255,0.0016004024597134794,0.0016794135956605732,-0.3277699717230372,-0.9447548210883163,80.79990935325623,drone2
1743531907.4422636,4.807838439941406,0.07932241261005402,1.469131588935852,0.0010257484728846123,0.0017868697667461802,-0.3292893023915822,-0.9442267842967476,81.00008368492126,drone2
1743531907.6422,4.815584659576416,0.0929214209318161,1.4913235902786255,0.0004915746638869538,0.0009165475935951241,-0.3318239506407546,-0.9433408364676243,81.20002007484436,drone2
1743531907.8421683,4.821883201599121,0.10659851133823395,1.5128260850906372,-0.00018181444184331446,-0.0001688343726721665,-0.3354897570836866,-0.9420437672047015,81.39998841285706,drone2
1743531908.0421634,4.828990936279297,0.12000596523284912,1.5348398685455322,-0.000489105471833632,-0.0008112392268355541,-0.3397857010587051,-0.9405025412483552,81.59998345375061,drone2
1743531908.2421553,4.835700511932373,0.12941984832286835,1.5483616590499878,-0.0007147656899725175,-0.0008009650450194013,-0.3436144472179802,-0.9391102201077979,81.79997539520264,drone2
1743531908.4421866,4.842421054840088,0.13974197208881378,1.5801419019699097,-0.0006347224835870007,-0.0008576643303220734,-0.34703700312473157,-0.9378508090540195,82.00000667572021,drone2
1743531908.6421788,4.849926471710205,0.1468842774629593,1.652717113494873,0.00016890682928905813,-0.0010845895893088384,-0.34963586209761033,-0.9368850561672408,82.19999885559082,drone2
1743531908.8421824,4.8601555824279785,0.1529771238565445,1.6829978227615356,0.0013615597217375866,-0.0013601933698622294,-0.35122338636704586,-0.9362897530054488,82.40000247955322,drone2
1743531909.0421505,4.872446537017822,0.16266635060310364,1.6690996885299683,0.0016700443003023007,-0.0009394256355974457,-0.35236860053478397,-0.9358594336821525,82.59997057914734,drone2
1743531909.2421381,4.8876261711120605,0.17332948744297028,1.6341049671173096,0.0011223688060068217,0.00016669782405509377,-0.3535330968857157,-0.9354213804121546,82.79995822906494,drone2
1743531909.4421163,4.902944087982178,0.18337920308113098,1.608791708946228,0.0011802177633913813,0.0006998523913700381,-0.35468878454530867,-0.9349834535827022,82.99993634223938,drone2
1743531909.642119,4.918442249298096,0.1940954327583313,1.5985941886901855,0.0010502097536369825,0.0009369555431906185,-0.3562561204743075,-0.9343873496307883,83.19993901252747,drone2
1743531909.8421223,4.934570789337158,0.20050111413002014,1.5914667844772339,0.0012147260461117255,0.0010545919866165637,-0.3582422907103834,-0.9336273998052884,83.39994239807129,drone2
1743531910.0421662,4.9475274085998535,0.202745258808136,1.5816278457641602,0.002375104235266713,0.0013943854306357989,-0.3609514058389666,-0.9325805563819748,83.59998631477356,drone2
1743531910.2421756,4.958044528961182,0.20717991888523102,1.5683050155639648,0.002764918790782702,0.0011656192516360001,-0.364984016304489,-0.9310089846947006,83.79999566078186,drone2
1743531910.4422357,4.965612888336182,0.21412266790866852,1.5568232536315918,0.0023327135606517383,9.717688554959668e-05,-0.37013842836340155,-0.9289737766003823,84.00005578994751,drone2
1743531910.6421826,4.972267150878906,0.22294393181800842,1.5512394905090332,0.0015723215225146984,-0.0015354626217666191,-0.3761297293197707,-0.926564452005257,84.20000267028809,drone2
1743531910.8421202,4.977700233459473,0.23290085792541504,1.5506830215454102,0.00035289597417211276,-0.002712008361560925,-0.3820280121814763,-0.9241467401872782,84.39994025230408,drone2
1743531911.0421028,4.986310958862305,0.24505974352359772,1.5515538454055786,-0.00045303943809380583,-0.0024708797381030835,-0.3861992225583267,-0.9224120391228425,84.59992289543152,drone2
1743531911.2421138,5.001291275024414,0.2600994110107422,1.5544085502624512,-0.0010025294694629677,-0.0016422740134679232,-0.3875473738016446,-0.921847903555524,84.79993391036987,drone2
1743531911.4421065,5.017579555511475,0.2759731411933899,1.5614114999771118,-0.0016135944001452757,-0.00081703476835757,-0.38556685124326917,-0.9226781543243403,84.99992656707764,drone2
1743531911.6421137,5.034276962280273,0.2917332947254181,1.569313406944275,-0.0017165884562879952,-0.0004598924168800009,-0.379964102083322,-0.9249996027403202,85.19993376731873,drone2
1743531911.8421373,5.050677299499512,0.3062479496002197,1.5767592191696167,-0.000981530831168209,1.7233492388511158e-05,-0.3708648714443353,-0.9286863350935379,85.39995741844177,drone2
1743531912.0421178,5.066561698913574,0.3180396556854248,1.5840070247650146,-0.0007034936485906435,-5.229145912258226e-05,-0.35972524864866345,-0.9330579326616334,85.599937915802,drone2
1743531912.2420998,5.082672595977783,0.32491156458854675,1.5917046070098877,0.00018651021789581728,8.407038869511303e-05,-0.3482151129077324,-0.9374146523922046,85.7999198436737,drone2
1743531912.4421144,5.098901271820068,0.3281813859939575,1.5997118949890137,0.0018777819183912587,0.0006119297230984627,-0.3383672067252224,-0.941012180940549,85.99993443489075,drone2
1743531912.6421115,5.115291118621826,0.3314226269721985,1.6103448867797852,0.003572191213035952,0.0006855117409485625,-0.33202855251685076,-0.9432623379622728,86.19993162155151,drone2
1743531912.8421283,5.131818771362305,0.33811134099960327,1.6239771842956543,0.004119828594068032,0.0006947820719874348,-0.33020395222454135,-0.9439005044690005,86.39994835853577,drone2
1743531913.0421157,5.146290302276611,0.3480915427207947,1.6379315853118896,0.0036510153686466896,0.0008441998939481422,-0.33300418883960514,-0.9429178928428175,86.59993577003479,drone2
1743531913.2421749,5.150584697723389,0.3528039753437042,1.6430714130401611,0.003154527962730263,0.0010358559374702263,-0.3352033271012066,-0.9421400306067005,86.79999494552612,drone2
1743531913.442135,5.168524742126465,0.37660351395606995,1.6629914045333862,0.001227202465073559,0.0016312758262763895,-0.34786782287600265,-0.9375414301125253,86.99995517730713,drone2
1743531913.6421194,5.176083564758301,0.39162883162498474,1.6894400119781494,0.00034761234810747185,0.0013825538142102224,-0.3590977452946091,-0.9332989494148429,87.19993948936462,drone2
1743531913.8424778,5.183781147003174,0.406164288520813,1.7121803760528564,-5.065964757034821e-05,0.0008720093641805876,-0.37178611725908645,-0.9283180559312498,87.40029788017273,drone2
1743531914.0421426,5.190152645111084,0.41783374547958374,1.7220853567123413,0.00017904621270379485,0.0006318621984143159,-0.3835374594140454,-0.9235250741717425,87.59996271133423,drone2
1743531914.242114,5.195897102355957,0.42815378308296204,1.727192997932434,0.0003548732746368477,0.0003416573153374282,-0.39470829195103957,-0.918806418379584,87.79993414878845,drone2
1743531914.442102,5.199182510375977,0.437739759683609,1.7324097156524658,0.006791665329051777,0.001054287281159649,-0.40445839637158004,-0.9145306838184265,87.99992203712463,drone2
1743531914.6421306,5.200687885284424,0.4566909372806549,1.743335485458374,0.012862606377677024,0.0025553930597184446,-0.42036425875137906,-0.9072607106985097,88.19995069503784,drone2
1743531914.842116,5.196429252624512,0.4836093485355377,1.75668466091156,-0.0012494415954260381,-0.000269555355689341,-0.44492881183610467,-0.8955650234570094,88.39993619918823,drone2
1743531915.0421863,5.192253112792969,0.5099911689758301,1.771920919418335,-0.007904734622265973,-0.0022658208321184054,-0.4722156087927248,-0.8814447333877986,88.6000063419342,drone2
1743531915.2421129,5.194247722625732,0.5276088118553162,1.785160779953003,-0.0065299920102601695,-0.0015047686031121122,-0.4909312751221996,-0.8711725138079052,88.79993295669556,drone2
1743531915.4420977,5.201815128326416,0.5426286458969116,1.7972831726074219,-0.004377648110398597,-0.0006703480951075904,-0.501242923078875,-0.8652953886641521,88.99991774559021,drone2
1743531915.6421788,5.211562633514404,0.5571412444114685,1.8110682964324951,-0.0011442755360188948,0.00016025734108509115,-0.5006076014844216,-0.8656735301889917,89.19999885559082,drone2
1743531915.8421128,5.225065231323242,0.5721423625946045,1.823941707611084,0.0016257602484883332,0.0015048483898953244,-0.49409542870073075,-0.8694049382016311,89.39993286132812,drone2
1743531916.0420976,5.2377214431762695,0.5874783992767334,1.8358080387115479,0.0028110394537735764,0.0028825071887564027,-0.48729880683643967,-0.8732259925610529,89.59991765022278,drone2
1743531916.2420805,5.246492862701416,0.6022207140922546,1.8439114093780518,0.0062223783796378305,0.007155213096004305,-0.4809007887919404,-0.8767238016658205,89.7999005317688,drone2
1743531916.4421,5.272956371307373,0.6433529853820801,1.817107915878296,0.06692104002011295,0.0923263805857824,-0.3300618751982112,-0.9370467104047044,89.999920129776,drone2
1743531916.6420705,5.232812881469727,0.714061975479126,1.7602146863937378,-0.04163188514489769,0.005315742292478233,-0.19863771771020688,-0.9791740027778895,90.19989061355591,drone2
1743531916.8421488,5.188848972320557,0.7393094301223755,1.7306017875671387,-0.04413727821284748,-0.03714847725605889,-0.17332284535486603,-0.9831740337295128,90.39996886253357,drone2
1743531917.0421247,5.174694538116455,0.7344212532043457,1.7109911441802979,-0.003133937251599016,-0.014077305222813408,-0.23906522768294752,-0.9708963617303499,90.5999448299408,drone2
1743531917.242194,5.18608283996582,0.7262563109397888,1.7407547235488892,-0.0059671609372941095,-0.008272363883442851,-0.3525545313569897,-0.9357357116083488,90.80001401901245,drone2
1743531917.4421053,5.20586633682251,0.7189878821372986,1.805068016052246,-0.01077670135085024,-0.01084885979097948,-0.4845168408802054,-0.8746483011843259,90.99992537498474,drone2
1743531917.6421342,5.231523036956787,0.7183219194412231,1.844534158706665,0.022045848527363847,0.01156245413864014,-0.5305314951422321,-0.847299643190804,91.19995427131653,drone2
1743531917.8421168,5.299953460693359,0.7767435312271118,1.8388986587524414,0.13605363581706975,0.0724282580795541,-0.27213410863992854,-0.9498351179141225,91.39993691444397,drone2
1743531918.04211,5.459020614624023,1.036443829536438,1.6935447454452515,-0.10129839623089495,0.2623996143584055,0.6578912700263818,-0.6986160074773554,91.59993004798889,drone2
1743531918.242183,5.452661514282227,1.2171753644943237,1.5708168745040894,-0.3541946127465186,0.14393507014682655,0.8406561724372894,-0.3835701864419141,91.80000305175781,drone2
1743531918.442084,5.019833564758301,1.5861631631851196,1.059286117553711,-0.1096553102321276,-0.6057772437029592,0.6363899327692707,0.4647769007647946,91.9999041557312,drone2
1743531918.6421008,4.394311428070068,1.4353947639465332,0.4279494285583496,0.4180653167525038,-0.2352869945216129,0.32812600722583296,0.8137535018579976,92.19992089271545,drone2
1743531918.8421824,3.9535043239593506,1.0254778861999512,-0.08236703276634216,0.5107714404433694,0.211686740257392,-0.16216979878794363,0.8173140254733493,92.40000247955322,drone2
1743531919.0421002,3.589245557785034,0.18325866758823395,-0.03368206322193146,-0.01724417233398966,0.2574298529111752,-0.9501572462772911,-0.17502528300676679,92.59992027282715,drone2
1743531919.2421076,3.342350482940674,-0.443546861410141,-0.06119062006473541,-0.1664719594231173,-0.26486474664931514,-0.22512416708702934,-0.9227420489466829,92.79992771148682,drone2
1743531919.4422,3.3808822631835938,-0.7971630692481995,-0.1061856597661972,0.2522241059907763,-0.4416648334468757,0.5085643048172631,-0.6947499679425931,93.00002002716064,drone2
1743531919.642154,3.624117374420166,-0.9404888153076172,-0.07203416526317596,0.41367301256944394,-0.40158966256660755,0.6483533947444291,-0.49723082232350924,93.1999740600586,drone2
1743531919.842379,3.9617321491241455,-1.0435817241668701,0.14133286476135254,0.10647781717604264,0.4596578288383584,0.8453351469715749,-0.25057057975657265,93.40019917488098,drone2
1743531920.0421488,3.979576826095581,-0.7685379981994629,0.16533970832824707,-0.0923929568013614,0.2350591223167825,0.9624858316694553,0.09915585591848769,93.59996891021729,drone2
1743531920.242145,3.9010202884674072,-0.3077259063720703,0.1678428053855896,0.01936279430986708,-0.14765780117702867,0.8798858057550776,0.45124645584049383,93.79996514320374,drone2
1743531920.4421601,3.8202991485595703,0.016127118840813637,0.16793546080589294,0.08673275029163709,-0.10728487203165418,0.7017827975388241,0.6989051667975488,93.99998021125793,drone2
1743531920.642161,3.7877609729766846,0.07500164210796356,0.154301255941391,0.1107598368859842,-0.018160555456094008,0.516041018765838,0.8491786023809803,94.19998097419739,drone2
1743531920.8421562,3.827836036682129,-0.01974457874894142,0.16389253735542297,0.05361836061643188,0.02676609503378113,0.3684539031221181,0.9277124900118452,94.39997625350952,drone2
1743531921.042169,3.929517984390259,-0.16373556852340698,0.18833324313163757,-0.02410643462211402,0.016173424403580813,0.2886768520475758,0.9569864898023297,94.59998917579651,drone2
1743531921.2421162,4.045165061950684,-0.26749858260154724,0.20876115560531616,-0.054513445092059035,0.0007726834421062134,0.26652113886921747,0.9622859923872409,94.79993629455566,drone2
1743531921.4421356,4.160617828369141,-0.3009416162967682,0.22427287697792053,-0.04904335972324497,-0.0050710969590296966,0.2788066712556278,0.9590807456314118,94.99995565414429,drone2
1743531921.6421316,4.261789321899414,-0.27165308594703674,0.23244139552116394,-0.023387256604192316,-0.012023740529607486,0.30310312823697566,0.9525949567748886,95.19995164871216,drone2
1743531921.842192,4.353713035583496,-0.2108757644891739,0.24123966693878174,-0.002585733522290224,-0.016168430002032427,0.3244136285152965,0.9457736157839459,95.40001201629639,drone2
1743531922.042161,4.4404826164245605,-0.13898929953575134,0.25994887948036194,0.016698658100451316,-0.020415572207014517,0.33650817245767967,0.9413111917573095,95.59998106956482,drone2
1743531922.2421238,4.520501136779785,-0.07675700634717941,0.28561848402023315,0.021063060781683844,-0.02188772042530927,0.3374890982099222,0.9408392313476845,95.7999439239502,drone2
1743531922.4421787,4.589931011199951,-0.02337983250617981,0.31432175636291504,0.019209513465822555,-0.02065979574270569,0.3269085955065959,0.9446347657903331,95.9999988079071,drone2
1743531922.6421506,4.656192779541016,0.04021105542778969,0.34623730182647705,0.017443350314040956,-0.016371350737476774,0.30829852810606506,0.9509888668186839,96.19997072219849,drone2
1743531922.8421435,4.702082633972168,0.08875317126512527,0.38072454929351807,0.013394169181177466,-0.010854121854856524,0.2845329106817119,0.9585113417080295,96.39996361732483,drone2
1743531923.0421488,4.738121032714844,0.13881228864192963,0.40817737579345703,0.010583865560856264,-0.006995357096637875,0.2614714617288545,0.9651279333089062,96.59996891021729,drone2
1743531923.2421732,4.763064384460449,0.19101949036121368,0.4258825182914734,0.012314889312759323,-0.006207358543453942,0.24773432865945627,0.9687299294231928,96.79999327659607,drone2
1743531923.4420886,4.7852559089660645,0.24294620752334595,0.4460653066635132,0.015281660638635317,-0.005250758766791769,0.23786307312287136,0.9711642892463335,96.9999086856842,drone2
1743531923.6421325,4.805225372314453,0.31713032722473145,0.48546648025512695,0.01656108848200599,0.00016799931379787278,0.2362117595982145,0.971560385328639,97.19995260238647,drone2
1743531923.8420432,4.823501110076904,0.3764905035495758,0.5467991828918457,0.01896992707128435,-0.000129715487370954,0.23742984566702774,0.9712194594710344,97.39986324310303,drone2
1743531924.0427113,4.840794086456299,0.4209228754043579,0.5675835609436035,0.023508704065265323,-0.004096388525487019,0.23703294879460074,0.97120854343727,97.60053133964539,drone2
1743531924.2421775,4.852897644042969,0.44890767335891724,0.5709556341171265,0.0236201548207073,-0.004644870489850584,0.23104287009683844,0.9726457509714914,97.7999975681305,drone2
1743531924.4421277,4.862745761871338,0.4742005169391632,0.5659927725791931,0.016018767201514596,0.00047702461689130474,0.21508350229285472,0.97646421329973,97.99994778633118,drone2
1743531924.6421201,4.868027210235596,0.49566158652305603,0.5610953569412231,0.005788535688877371,0.005518921125920776,0.19312904031613604,0.9811408276104988,98.19994020462036,drone2
1743531924.8421192,4.872995853424072,0.519044041633606,0.5677016973495483,0.005780338620750384,0.005882196173128936,0.1741582380392005,0.9846831859341425,98.39993929862976,drone2
1743531925.0421336,4.8819708824157715,0.5564535856246948,0.5854970216751099,0.0016285003904473476,0.0027385229274955254,0.16213070758594966,0.9867641444325194,98.59995365142822,drone2
1743531925.2421458,4.886951923370361,0.5868297815322876,0.604814350605011,0.004894621024960981,0.0021892092214183755,0.16412442210790895,0.9864251151830976,98.79996585845947,drone2
1743531925.4421732,4.889609336853027,0.6162640452384949,0.6229724287986755,0.012558718380290212,0.004117606829534075,0.17710539856817326,0.9841031610049356,98.99999332427979,drone2
1743531925.642128,4.892199993133545,0.6351109743118286,0.638350248336792,0.017171377482621767,0.005751624341233244,0.1927877351368948,0.9810733926528814,99.19994807243347,drone2
1743531925.8421223,4.8955278396606445,0.6446845531463623,0.6504669189453125,0.012832993936058665,0.006367566617177798,0.20258363210834235,0.9791601364647293,99.39994239807129,drone2
1743531926.0421157,4.901236534118652,0.6428654789924622,0.662784218788147,0.008827345764418279,0.006449905589463768,0.20365121178112322,0.9789825296451045,99.59993577003479,drone2
1743531926.2421207,4.908894062042236,0.6349714398384094,0.6745593547821045,0.005601800814696589,0.006151856782752297,0.19782445212134075,0.9802022172941611,99.79994082450867,drone2
1743531926.4421127,4.917965888977051,0.6221977472305298,0.6874113082885742,0.0026967149001339875,0.006090041638170833,0.18845352182342845,0.9820595446143392,99.9999327659607,drone2
1743531926.6421342,4.928458213806152,0.6077646613121033,0.7021133303642273,-0.00025572666188442824,0.005803405037351418,0.17973839648834583,0.9836972868537756,100.19995427131653,drone2
1743531926.842219,4.938032627105713,0.5980201959609985,0.7176153659820557,-0.0005284720894885831,0.005700152502489317,0.17417206220551207,0.9846986959743944,100.4000391960144,drone2
1743531927.042115,4.9505085945129395,0.5940138101577759,0.7354139089584351,0.0007100043282893074,0.005479179374560858,0.1730083877181262,0.9849048783573097,100.59993505477905,drone2
1743531927.2421157,4.965356349945068,0.5926165580749512,0.754531979560852,0.0021972400070570976,0.004782658086527918,0.1756390254147822,0.9844405886741137,100.7999358177185,drone2
1743531927.4420986,4.984710693359375,0.5887537002563477,0.774669885635376,0.0028961027089291383,0.004007389075206198,0.18081225604155488,0.9835052236651114,100.99991869926453,drone2
1743531927.642129,5.004106044769287,0.5816597938537598,0.7930001020431519,0.0028663560065493674,0.003127741788345011,0.18643810167448605,0.9824576215985246,101.19994902610779,drone2
1743531927.842103,5.023256301879883,0.5724928379058838,0.8170298337936401,0.0019909952682087037,0.0029194721486116657,0.19209467235998168,0.981370106466398,101.39992308616638,drone2
1743531928.0420814,5.041593074798584,0.5631235837936401,0.8421649932861328,0.000821874823537061,0.003123568056730511,0.19707048714832925,0.9803840809454857,101.5999014377594,drone2
1743531928.24216,5.0574421882629395,0.5556487441062927,0.8612654209136963,-0.0027600409516120666,0.0023144218283978595,0.20066675129121841,0.9796529595643672,101.79998016357422,drone2
1743531928.4421086,5.069504261016846,0.5514175295829773,0.8752150535583496,-0.006823506449921113,0.0014874536569998609,0.20432408621759968,0.978878469076131,101.99992871284485,drone2
1743531928.6422698,5.089311122894287,0.5518052577972412,0.9029152393341064,-0.001983188264225745,0.0032519557537371703,0.21876595674094856,0.9757699704110585,102.20008993148804,drone2
1743531928.8421643,5.1120452880859375,0.5611363053321838,0.9344391822814941,0.004227322279038485,0.0035842799910917426,0.23730332082779815,0.9714198255888551,102.39998435974121,drone2
1743531929.0421376,5.136703968048096,0.5709599256515503,0.9651330709457397,0.004778233079024588,0.0025442701606603977,0.2538776532984042,0.9672212408338969,102.59995770454407,drone2
1743531929.242142,5.160926818847656,0.577761173248291,0.9932782649993896,0.0047239455509187145,0.0014953711729832064,0.26491311015798136,0.9642596028624606,102.7999620437622,drone2
1743531929.4421449,5.18277645111084,0.5858457088470459,1.0194218158721924,0.0039631766606869805,0.001036704965976989,0.2698221643382877,0.962901420669197,102.99996495246887,drone2
1743531929.6421483,5.202910423278809,0.5969516634941101,1.0449413061141968,0.003255738927299402,0.0014627719850671093,0.2705179877337784,0.9627083248827444,103.1999683380127,drone2
1743531929.8421366,5.223109245300293,0.609296977519989,1.0716420412063599,-0.0036466225475061884,0.0004046760940636865,0.2706872284039739,0.9626603828425633,103.39995670318604,drone2
1743531930.0421445,5.241687774658203,0.6258902549743652,1.101132869720459,-0.005555317491759808,0.0002298511310766253,0.27688915823577614,0.9608858108594364,103.59996461868286,drone2
1743531930.242126,5.258978843688965,0.650606095790863,1.1326770782470703,-0.0012340143671460664,0.00032919989641346864,0.29203205729040677,0.9564077503520023,103.79994606971741,drone2
1743531930.4421518,5.272879600524902,0.677204430103302,1.159058928489685,0.001828861404548194,0.0007090156883466915,0.31229935984781015,0.9499817257266676,103.99997186660767,drone2
1743531930.6421423,5.286722183227539,0.703062891960144,1.1845470666885376,0.004449268776908771,0.0019668967785967995,0.33576366945215896,0.9419337217832395,104.19996237754822,drone2
1743531930.8421392,5.30265474319458,0.7280352115631104,1.2093865871429443,0.009990349688858804,0.002639510596084187,0.35783270763655456,0.9337285522417146,104.3999593257904,drone2
1743531931.0421646,5.323556423187256,0.751874566078186,1.2421290874481201,0.01360832867835408,0.0028533939984758294,0.37301901794515135,0.9277195496089707,104.5999846458435,drone2
1743531931.2422378,5.344574928283691,0.7645374536514282,1.2853904962539673,0.00863217473958483,0.0021311491387804513,0.37565698919344825,0.9267161174396235,104.800057888031,drone2
1743531931.4422128,5.3650736808776855,0.7737444639205933,1.32152259349823,0.005534822598854468,0.0015419236842525012,0.3699397902663697,0.9290379662506644,105.00003290176392,drone2
1743531931.6421404,5.386776924133301,0.7839848399162292,1.346000075340271,-0.0040195805038874734,0.0007222283960826014,0.3594107910119237,0.933170506894006,105.19996047019958,drone2
1743531931.842128,5.404544830322266,0.8030543923377991,1.363720178604126,-0.008361807645471413,-0.0007917674034031941,0.3529158141424252,0.9356173632577303,105.39994812011719,drone2
1743531932.0421317,5.413504123687744,0.8306050300598145,1.3849537372589111,-0.002489691967472468,0.0006588732040101872,0.3586840107562019,0.9334555881773338,105.59995174407959,drone2
1743531932.242141,5.4173808097839355,0.8598238825798035,1.405104398727417,0.001743884200065665,0.002091231401690531,0.3756640066437253,0.9267519211874335,105.79996109008789,drone2
1743531932.4421027,5.422494888305664,0.8869084119796753,1.4207309484481812,0.005198757211309075,0.003079760358970476,0.39933232806829105,0.9167862988570326,105.99992275238037,drone2
1743531932.6421192,5.431938648223877,0.9101558327674866,1.43353271484375,0.006374962072002437,0.0038754300501737055,0.4224263565350473,0.9063665863807753,106.19993925094604,drone2
1743531932.84212,5.445385456085205,0.9269424080848694,1.444090723991394,0.01204582152695999,0.004427828707998499,0.44080160276909963,0.8975128189875161,106.3999400138855,drone2
1743531933.042145,5.466221332550049,0.9347739219665527,1.4560930728912354,0.01193155516447413,0.004357156016307571,0.4483577740638297,0.8937639411061691,106.59996509552002,drone2
1743531933.242098,5.4962158203125,0.9362072348594666,1.4704065322875977,-0.003219433615528663,0.0010825149683135308,0.44404444451380065,0.8959983352065499,106.79991817474365,drone2
1743531933.4420893,5.515717029571533,0.940704882144928,1.4805179834365845,-0.00834392750353518,-0.0009719603273109518,0.43838245795827135,0.8987493232291286,106.99990940093994,drone2
1743531933.642143,5.539383888244629,0.9469897747039795,1.507573127746582,-0.010748554042140486,-0.0016650876415858753,0.43520363727645844,0.900266377967854,107.19996309280396,drone2
1743531933.842106,5.55198860168457,0.9695929884910583,1.539145827293396,-0.008629617940532752,-0.0016181452719678522,0.4437275845066957,0.8961187066058969,107.39992618560791,drone2
1743531934.0420866,5.556771755218506,1.0050452947616577,1.5543739795684814,-0.0014982639120527425,0.000639425396872692,0.46296290040488564,0.8863762096915128,107.59990668296814,drone2
1743531934.2420905,5.559794902801514,1.0448460578918457,1.5548021793365479,0.005418055331281477,0.0028680855502224768,0.486628629798268,0.8735874017870339,107.79991054534912,drone2
1743531934.4421413,5.565640926361084,1.0814900398254395,1.5501097440719604,0.00871383886838624,0.0028113538341752254,0.5095057811192992,0.8604186084330929,107.99996137619019,drone2
1743531934.6422892,5.575037002563477,1.109694242477417,1.5489201545715332,0.007440958603786189,0.0016176372048797778,0.5261905699431404,0.8503326673869055,108.20010924339294,drone2
1743531934.8421137,5.585410118103027,1.1303784847259521,1.5552585124969482,0.003687387934275302,0.0008384730262704349,0.5363650931281855,0.8439775759076147,108.39993381500244,drone2
1743531935.0421164,5.593887805938721,1.1507978439331055,1.5665678977966309,0.0008400679606164415,0.0008552970879043243,0.5427960173246595,0.8398638011485724,108.59993648529053,drone2
1743531935.242115,5.599523544311523,1.175073266029358,1.578956127166748,-0.00024219575367408005,0.0008873379754204831,0.54870427845275,0.8360160994441794,108.79993510246277,drone2
1743531935.4421217,5.602024078369141,1.1996113061904907,1.5873597860336304,0.00016166674980910088,0.0014249592649174308,0.5548919942598921,0.8319212275466945,108.9999418258667,drone2
1743531935.6421204,5.605252742767334,1.2359119653701782,1.597132921218872,0.0020043377297921904,0.002658638782760627,0.5655529658337379,0.8247053393701292,109.19994044303894,drone2
1743531935.842174,5.6083455085754395,1.2658345699310303,1.607903242111206,0.004240881833934933,0.002002386812266807,0.5753324992912511,0.8179062624519124,109.39999413490295,drone2
1743531936.0421178,5.61627197265625,1.3042302131652832,1.628166913986206,0.007752978967301924,0.0029169632998313957,0.5861629117328228,0.8101508840776956,109.599937915802,drone2
1743531936.2420764,5.629798889160156,1.3305671215057373,1.6388365030288696,0.008596040402431815,0.003313424874338708,0.5927137647867347,0.8053605891797807,109.79989647865295,drone2
1743531936.4420905,5.646437168121338,1.3481234312057495,1.6428508758544922,0.005513762345489175,0.0020911228035852556,0.5937440761087198,0.8046323864679216,109.99991059303284,drone2
1743531936.6420903,5.665769577026367,1.3632498979568481,1.6464917659759521,-0.0008534660473453004,-0.00030497902042082766,0.5898197725071583,0.8075344604056999,110.19991040229797,drone2
1743531936.8420928,5.675466060638428,1.3729783296585083,1.6581212282180786,-0.004860983723946269,-0.0009119030438164564,0.5864374457673106,0.8099793569409683,110.39991283416748,drone2
1743531937.042138,5.678006649017334,1.3829118013381958,1.6656875610351562,-0.004639333941535858,0.00046613080900411585,0.5871134390705768,0.8094913385820607,110.59995818138123,drone2
1743531937.2421,5.676238059997559,1.4026904106140137,1.6692142486572266,-0.0019901363203752927,0.0028903320892008297,0.5954546059555345,0.8033812572698757,110.79992008209229,drone2
1743531937.442106,5.673056125640869,1.4221652746200562,1.6706726551055908,0.0003483789350736303,0.004353646961896783,0.6066955497750265,0.7949222583331939,110.99992609024048,drone2
1743531937.6421387,5.670109272003174,1.444191575050354,1.6756913661956787,0.0037238789555974487,0.006126764137887522,0.6191685091967647,0.7852254275291711,111.19995880126953,drone2
1743531937.8422399,5.671518325805664,1.4718081951141357,1.6869421005249023,0.005516878043033535,0.005833002208968829,0.6329270634019186,0.7741698350127179,111.40005993843079,drone2
1743531938.0421126,5.676114082336426,1.4896618127822876,1.6955653429031372,0.005681760733208909,0.004996659635920182,0.6381590414671594,0.7698673635445363,111.59993267059326,drone2
1743531938.2421138,5.686678886413574,1.507641077041626,1.7027157545089722,0.004167389892625817,0.003839376652256623,0.639559618121669,0.7687206795054565,111.79993391036987,drone2
1743531938.4421234,5.696242332458496,1.518641471862793,1.706289291381836,0.002319579955429804,0.0024497630196911096,0.6375608933930929,0.7703925975706791,111.99994349479675,drone2
1743531938.6421602,5.708858013153076,1.528964877128601,1.7098278999328613,-0.0024341200717808765,0.001741817996092347,0.6325660703760667,0.774500650895036,112.19998025894165,drone2
1743531938.8421438,5.714045524597168,1.541684627532959,1.7196296453475952,-0.003960537214299147,0.001888090074415516,0.6303347951424758,0.7763110476993972,112.39996385574341,drone2
1743531939.0421457,5.714846134185791,1.5620416402816772,1.7342467308044434,-0.002065277565825137,0.0029484575323811624,0.6324864233690932,0.77456301769412,112.59996581077576,drone2
1743531939.2421267,5.7166337966918945,1.5856579542160034,1.7421971559524536,0.0010152693422421416,0.004152147982886135,0.6386112560782571,0.7695175657753203,112.79994678497314,drone2
1743531939.4421258,5.721717357635498,1.6085467338562012,1.7464975118637085,0.003010518849131517,0.004296570497799602,0.6459388492084444,0.7633711802214992,112.99994587898254,drone2
1743531939.6421309,5.734018325805664,1.6331080198287964,1.7521682977676392,0.005173831486897568,0.00467792586389491,0.6531935546324883,0.7571589349485238,113.19995093345642,drone2
1743531939.8421586,5.750848293304443,1.6543785333633423,1.762123942375183,0.004058158617391381,0.003405603077800383,0.6559608850955772,0.7547763209186423,113.39997863769531,drone2
1743531940.0421643,5.768804550170898,1.671711802482605,1.773329257965088,0.009078703477400538,0.0012555608733122714,0.6534746635753438,0.7568929145774352,113.59998440742493,drone2
1743531940.2420974,5.787858486175537,1.681169867515564,1.7828376293182373,0.00028415705726967907,0.0010235390560601658,0.6429610847990966,0.7658981419391744,113.79991745948792,drone2
1743531940.4421282,5.804675102233887,1.6907645463943481,1.7890379428863525,-0.009346652396080974,-0.002013032266556582,0.6299080056177424,0.7766109752101128,113.99994826316833,drone2
1743531940.6421242,5.808405876159668,1.708343267440796,1.7910513877868652,-0.006363356871410678,-0.00023609413301246184,0.6240503575863574,0.7813582223706298,114.1999442577362,drone2
1743531940.84213,5.8051438331604,1.734186053276062,1.793147087097168,-0.001662278290714826,0.0027361490391803593,0.6286294809681644,0.7776983217548454,114.39995002746582,drone2
1743531941.0421145,5.800278186798096,1.7630094289779663,1.7969081401824951,0.0029172371308696225,0.004209907563433251,0.640664007798268,0.767804264773216,114.5999345779419,drone2
1743531941.242113,5.7974042892456055,1.7941763401031494,1.8038787841796875,0.0075302369888250245,0.006124107816296511,0.6547872481468746,0.7557510247423734,114.79993319511414,drone2
1743531941.4421136,5.809786796569824,1.8228895664215088,1.8108913898468018,0.007409318997536284,0.003420897197771837,0.6719652420261681,0.7405377483532637,114.99993371963501,drone2
1743531941.642126,5.830230236053467,1.8472760915756226,1.8206210136413574,0.00483095162484018,0.0013478428798520173,0.6791322872736654,0.7339988597359729,115.19994616508484,drone2
1743531941.8421168,5.850607872009277,1.8658922910690308,1.828620433807373,0.0005927771496955415,0.00048669830644130406,0.6844982896829926,0.7290142020119721,115.39993691444397,drone2
1743531942.0421572,5.8642578125,1.8822741508483887,1.8373064994812012,-0.0020005785931046694,0.0014023958219741238,0.6783231257341729,0.734759636693375,115.59997725486755,drone2
1743531942.2421095,5.868386268615723,1.9019486904144287,1.8452072143554688,-0.0022914918436974722,-0.0011633923422232316,0.6657405081151434,0.7461790012935037,115.79992961883545,drone2
1743531942.4422004,5.866948127746582,1.913889765739441,1.8523859977722168,0.00037267716946660446,-0.002862595593931849,0.6602344174838998,0.7510540693088421,116.0000205039978,drone2
1743531942.6421044,5.862453460693359,1.9292235374450684,1.852221965789795,-0.015837330287031416,0.03953973534115215,0.6662088333590843,0.7445480130865413,116.19992446899414,drone2
1743531942.8420851,5.893874168395996,2.014317035675049,1.8493471145629883,0.02511588918098672,-0.006030713528082957,0.6976097587131473,0.7160121462005519,116.39990520477295,drone2
1743531943.0420914,5.936755657196045,2.076310157775879,1.8718907833099365,0.009697992476534663,-0.024344962735627907,0.6968981025905958,0.716691264956053,116.59991145133972,drone2
1743531943.2420964,5.963458061218262,2.1108293533325195,1.8907856941223145,0.011389111065431999,-0.03514589872502227,0.6661380661662565,0.744912965281975,116.7999165058136,drone2
1743531943.4421132,5.8987345695495605,2.1134750843048096,1.8258864879608154,-0.27121547592978534,-0.13174582223583944,0.5485830430430085,0.7798346243336731,116.99993324279785,drone2
1743531943.6421778,5.632252216339111,2.2423079013824463,1.5343191623687744,-0.25464901570022763,-0.28690553459140744,0.7623854602652383,0.5211598062010467,117.1999979019165,drone2
1743531943.8421206,5.102489948272705,2.434622287750244,1.1461660861968994,-0.032308660634324575,0.036229975431636405,0.912160534718992,0.40694790534599734,117.39994072914124,drone2
1743531944.0421019,4.5301384925842285,2.689650058746338,0.7835602760314941,0.18585440470110262,0.09217577409098465,0.9267444822686712,0.31321967843189424,117.5999219417572,drone2
1743531944.2420936,4.165830135345459,3.0182015895843506,0.4305400252342224,0.184513376275183,-0.018495327873816053,0.933105579673875,0.3081019130577618,117.79991364479065,drone2
1743531944.4421225,3.9931862354278564,3.238687753677368,0.14967763423919678,0.14712500179157803,-0.03767120617889345,0.9314247422818362,0.33073091427147316,117.99994254112244,drone2
1743531944.6421115,3.987375020980835,3.3539979457855225,0.11821097135543823,0.05638592420427663,0.013754834745772743,0.9491069046655511,0.30956034153020856,118.19993162155151,drone2
1743531944.8421454,4.044895172119141,3.427244186401367,0.23901808261871338,0.08422952317657409,-0.03908251447470499,0.9392778170509013,0.3303563763021812,118.39996552467346,drone2
1743531945.0421262,4.046448707580566,3.4664406776428223,0.3362613320350647,0.019453263837284733,-0.035693305944748815,0.8963666986625349,0.4414458384220131,118.59994626045227,drone2
1743531945.2421217,3.9883246421813965,3.4561655521392822,0.3919011950492859,0.014121695732462986,-0.0034899931692747013,0.7789648398209537,0.6268988418062541,118.79994177818298,drone2
1743531945.4420955,3.86976957321167,3.436347723007202,0.4250969886779785,0.021102023937929922,0.019182363239801627,0.5640078518306164,0.8252769454663461,118.999915599823,drone2
1743531945.6420937,3.740097999572754,3.4174716472625732,0.4189973473548889,-0.0008518220527196594,0.03408293149797508,0.32745380713893274,0.944251988112157,119.19991374015808,drone2
1743531945.8420913,3.5897934436798096,3.4040093421936035,0.4205361008644104,-0.01838058439583412,0.05411861736647589,0.0935646549950323,0.9939712976747307,119.399911403656,drone2
1743531946.0420988,3.426250457763672,3.4229495525360107,0.43595272302627563,-0.018272497485738903,0.06293163007431413,-0.014465725639606127,0.9977457165462753,119.59991884231567,drone2
1743531946.242099,3.321115493774414,3.438720464706421,0.4662569761276245,-0.004326381902177422,0.06171062270206337,-0.027162126578724907,0.9977150336405594,119.79991912841797,drone2
1743531946.442107,3.2390453815460205,3.449659824371338,0.49957525730133057,0.009214950079929363,0.05365654697827178,0.023497879569187644,0.9982404362540962,119.9999270439148,drone2
1743531946.6422167,3.171274185180664,3.447844982147217,0.5098588466644287,0.0003524108738237762,0.03047887282228955,0.09172726313419993,0.9953175101630172,120.2000367641449,drone2
1743531946.8421845,3.0945003032684326,3.4435336589813232,0.5055391192436218,-0.014285406769061234,0.01762212041138019,0.15155142714123016,0.9881891293806726,120.40000462532043,drone2
1743531947.04212,2.9884495735168457,3.450313091278076,0.4968796372413635,-0.010365767144341424,0.021766492300716152,0.202549366720503,0.9789752382403121,120.59994006156921,drone2
1743531947.2420886,2.886451244354248,3.4623117446899414,0.48981207609176636,-0.005745441266847938,0.028769861579110316,0.24251410429659398,0.9697042802670677,120.79990863800049,drone2
1743531947.4421108,2.786170482635498,3.4771223068237305,0.4881258010864258,-0.0011459135420055636,0.03439982443230538,0.27694586682044753,0.9602689706580552,120.99993085861206,drone2
1743531947.642077,2.6607375144958496,3.4864578247070312,0.48746436834335327,0.0024944335702478575,0.03953474620795967,0.3028459270939379,0.9522159933865029,121.19989705085754,drone2
1743531947.842217,2.5585086345672607,3.495543956756592,0.4860565662384033,0.004619456598742873,0.04098700016709955,0.3291970640136161,0.9433599289899998,121.40003705024719,drone2
1743531948.0421996,2.4843695163726807,3.498032569885254,0.48048096895217896,0.0034473988397704675,0.03893296955365408,0.3529425352443811,0.9348282899599093,121.60001969337463,drone2
1743531948.2421634,2.4332010746002197,3.496716022491455,0.4722660779953003,-0.0028881694290367774,0.025738981603926705,0.37558727830601124,0.9264250513038073,121.79998350143433,drone2
1743531948.442117,2.409061908721924,3.4960474967956543,0.46764296293258667,-0.0053668525902872835,0.022158503431438506,0.38986403855031865,0.9205902205225348,121.99993705749512,drone2
1743531948.6421978,2.3404431343078613,3.498420000076294,0.4627188444137573,-0.011970143897008555,0.00930970903699974,0.4242568784595725,0.9054149948350965,122.20001792907715,drone2
1743531948.8421988,2.282270908355713,3.4950923919677734,0.49050354957580566,-0.005848936804633498,0.017671032981529958,0.4583620450543152,0.8885706485795053,122.40001893043518,drone2
1743531949.0421784,2.243072509765625,3.4943366050720215,0.5015978217124939,-0.006401049983414082,0.017063515136203772,0.49427002202068704,0.8691174756213624,122.5999984741211,drone2
1743531949.2421796,2.1934194564819336,3.4926886558532715,0.48212331533432007,-0.006323419439724064,0.01753318249385197,0.5337640425191842,0.8454280175522686,122.7999997138977,drone2
1743531949.4423223,2.149948835372925,3.494159460067749,0.44687873125076294,-0.003944249597619336,0.020385097730635203,0.5727166235282861,0.8194905519507248,123.00014233589172,drone2
1743531949.642205,2.110391616821289,3.4969162940979004,0.4135746955871582,-0.004528973241890716,0.01881268113075724,0.6031550775228537,0.7973893346474912,123.20002508163452,drone2
1743531949.8421535,2.0779011249542236,3.5033459663391113,0.38970035314559937,-0.005637001706168723,0.01668306310795777,0.6294050303959694,0.7768779280802247,123.39997363090515,drone2
1743531950.0421526,2.045933246612549,3.511338472366333,0.3753591775894165,-0.005487253294865009,0.015920340151534724,0.650107673019998,0.7596556036188319,123.59997272491455,drone2
1743531950.2421637,2.0142574310302734,3.52132511138916,0.36439627408981323,-0.005941919667165867,0.014560925821496727,0.6682712314390482,0.7437515377484506,123.7999837398529,drone2
1743531950.4421773,1.9815804958343506,3.528102397918701,0.3515571355819702,-0.005691103771677536,0.014487133275199234,0.6831717966514532,0.7300918600499032,123.99999737739563,drone2
1743531950.642189,1.961654782295227,3.5388643741607666,0.340054988861084,-0.006432352908784282,0.013942615090229213,0.6970506801091058,0.7168574861996793,124.20000910758972,drone2
1743531950.842181,1.925349235534668,3.541562557220459,0.32299065589904785,-0.007257838778812874,0.013456257251298452,0.7089613422905198,0.7050816939335003,124.40000104904175,drone2
1743531951.0421677,1.9105558395385742,3.5512967109680176,0.3170774579048157,-0.006904661688453996,0.01456857152323441,0.7217496381766436,0.6919665070903258,124.59998774528503,drone2
1743531951.2421806,1.8902862071990967,3.557731866836548,0.3111976385116577,-0.008276694225173322,0.01364451652224836,0.7329769198317732,0.6800663088518715,124.80000066757202,drone2
1743531951.44215,1.8805614709854126,3.570671319961548,0.3085412383079529,-0.00808138457672095,0.012986766054306141,0.7430218335551132,0.6690924785873513,124.99997019767761,drone2
1743531951.6421583,1.8745940923690796,3.585585117340088,0.3042551875114441,-0.009387627776230228,0.011030308934840121,0.7511804729758822,0.6599380777236638,125.19997835159302,drone2
1743531951.8421516,1.8724411725997925,3.603196382522583,0.29987502098083496,-0.01044693230220096,0.009188318992775866,0.7586033601305527,0.6514041996422462,125.39997172355652,drone2
1743531952.0421457,1.8634686470031738,3.6209750175476074,0.2947383522987366,-0.010601503276095664,0.008000234853498163,0.7648623409901706,0.6440568185666831,125.59996581077576,drone2
1743531952.2421567,1.858642816543579,3.6429038047790527,0.2945965528488159,-0.010204737536343727,0.007300591158998688,0.7712254192972543,0.6364384385235508,125.79997682571411,drone2
1743531952.4422066,1.852579951286316,3.6682610511779785,0.2973785400390625,-0.009188638510339504,0.006958539601875732,0.777952799157798,0.6282169528832959,126.00002670288086,drone2
1743531952.6421502,1.8487000465393066,3.6906135082244873,0.3003038167953491,-0.009050740031230495,0.007035325150643946,0.7840972775667239,0.6205320914549939,126.19997024536133,drone2
1743531952.8421519,1.8421332836151123,3.709193468093872,0.3012956976890564,-0.009499438426245822,0.00715664312540322,0.7901856479835696,0.6127521994200119,126.3999719619751,drone2
1743531953.0421357,1.8466904163360596,3.7364518642425537,0.30969899892807007,-0.00988841210274318,0.007147672020525162,0.795933687867046,0.6052607972947309,126.59995579719543,drone2
1743531953.242154,1.851933240890503,3.765899419784546,0.31765908002853394,-0.010476359487017263,0.0056708252106430525,0.8007678049507,0.598856541516652,126.79997396469116,drone2
1743531953.4421797,1.8544663190841675,3.7781596183776855,0.32037675380706787,-0.010450540920309547,0.005050005754072378,0.8022349262106521,0.5968957120732433,126.99999976158142,drone2
1743531953.6421635,1.8549529314041138,3.811851978302002,0.32467424869537354,-0.012048322349729221,0.004276452045398795,0.8067200252417874,0.5907954615134735,127.19998359680176,drone2
1743531953.8421926,1.8668835163116455,3.849161386489868,0.33069443702697754,-0.01174112582473446,0.004730846438817855,0.8114733573535582,0.5842524899202332,127.40001273155212,drone2
1743531954.0421636,1.883879542350769,3.887019157409668,0.33502525091171265,-0.01192887357123779,0.002338241630205772,0.8161069818788459,0.5777729177238653,127.59998369216919,drone2
1743531954.2421353,1.901972770690918,3.9233529567718506,0.33685457706451416,-0.012754100633274746,0.0007364075178839725,0.8204972821109681,0.5715077570825846,127.79995536804199,drone2
1743531954.4422,1.9170026779174805,3.9591407775878906,0.3358460068702698,-0.013290558892011566,-0.000474339730932417,0.8244435547573158,0.5657880293445954,128.00002002716064,drone2
1743531954.6421707,1.928779125213623,3.9923832416534424,0.3309655785560608,-0.014020070790352534,-0.000641712768903273,0.8276751011466158,0.5610321157383533,128.19999074935913,drone2
1743531954.8421624,1.9394288063049316,4.027298927307129,0.3274891972541809,-0.014000344089615913,0.000959964280553374,0.8312347291414368,0.5557445512482828,128.39998245239258,drone2
1743531955.042131,1.9491925239562988,4.065241813659668,0.3304113745689392,-0.013050893472132398,0.0023140891811032523,0.8350013929928554,0.5500883598844237,128.59995102882385,drone2
1743531955.242127,1.959496021270752,4.105891227722168,0.33788806200027466,-0.01217903684911871,0.001990079027002929,0.8386558513968259,0.5445220361383022,128.79994702339172,drone2
1743531955.442147,1.9716999530792236,4.148527145385742,0.3466905951499939,-0.011922740216962694,0.0006265840259212182,0.8420124580223698,0.5393259724563487,128.99996709823608,drone2
1743531955.642142,1.986470341682434,4.187407493591309,0.35510772466659546,-0.012368777680575453,0.0001830213725694576,0.8444337523224722,0.5355171196095707,129.19996213912964,drone2
1743531955.8421273,2.002943277359009,4.229247093200684,0.36349475383758545,-0.0135119898730092,-0.0001132275085246003,0.8465440344907006,0.5321473210204428,129.39994740486145,drone2
1743531956.0421295,2.0187935829162598,4.2673468589782715,0.3727421164512634,-0.014029220607746447,-0.0009002336351350012,0.8483755047193172,0.5292084002003539,129.59994959831238,drone2
1743531956.2421114,2.033930778503418,4.305112361907959,0.3837634325027466,-0.014939050553451688,-0.0008260044738287115,0.8500750553120947,0.5264490249549214,129.79993152618408,drone2
1743531956.442117,2.04603910446167,4.345890998840332,0.3963004946708679,-0.015004167434401017,-0.0011326399189026742,0.8519133744035944,0.523466756101139,129.99993705749512,drone2
1743531956.6421103,2.0562193393707275,4.385921955108643,0.40847253799438477,-0.014454264330989224,-0.0002150977584644469,0.8537692160473624,0.5204510331863511,130.19993042945862,drone2
1743531956.8420954,2.0649707317352295,4.430708885192871,0.4208582043647766,-0.013961206789506497,0.0002490536303848862,0.8557441225381739,0.5172107940095458,130.39991545677185,drone2
1743531957.0421197,2.0752947330474854,4.481621265411377,0.434867262840271,-0.012925436133550133,-0.0005544549630510536,0.8577539687664008,0.513897682931665,130.59993982315063,drone2
1743531957.2421873,2.082249641418457,4.524139404296875,0.44678086042404175,-0.012563223483269478,-0.0013850402724772104,0.8592042945072211,0.5114766309759416,130.80000734329224,drone2
1743531957.4420917,2.0917580127716064,4.589221954345703,0.46622133255004883,-0.011897312496420464,-0.0028387298586444887,0.8605726340909758,0.5091808921375532,130.99991178512573,drone2
1743531957.6421335,2.0976085662841797,4.634401798248291,0.47837400436401367,-0.01168198951573437,-0.003467439666237559,0.8613624133485094,0.5078447211359245,131.1999535560608,drone2
1743531957.8420994,2.112189769744873,4.70023250579834,0.4962879419326782,-0.011909857440025283,-0.0032288466860896413,0.8622160977650976,0.5063903598343591,131.3999195098877,drone2
1743531958.0422232,2.127814531326294,4.754360198974609,0.5149756669998169,-0.012759593223743575,-0.0038624310401307992,0.8630433561076694,0.5049539109434108,131.60004329681396,drone2
1743531958.2420895,2.1410529613494873,4.798462867736816,0.5318595170974731,-0.013570052754461272,-0.00433886757677655,0.8638183312846635,0.5036021139976966,131.7999095916748,drone2
1743531958.442174,2.1506800651550293,4.830798625946045,0.5438240766525269,-0.013583570039032126,-0.005751540376808632,0.8643278866831602,0.5027123097319346,131.99999403953552,drone2
1743531958.6422315,2.1709532737731934,4.886805534362793,0.5689361095428467,-0.015524887137941557,-0.0031367140045170817,0.8653457330746982,0.5009251990613757,132.2000515460968,drone2
1743531958.8421052,2.1811158657073975,4.928140163421631,0.5855269432067871,-0.0165352636591256,-0.0016109618684747786,0.8664807477050966,0.498934013350327,132.3999252319336,drone2
1743531959.0424442,2.189565896987915,4.978751182556152,0.6016530394554138,-0.015072511183439465,-0.002936916210606678,0.8676149615453733,0.4969995994442225,132.6002643108368,drone2
1743531959.2421181,2.1960182189941406,5.031532287597656,0.6151203513145447,-0.014510442128787196,-0.00201617879221572,0.8686291411610909,0.49524624839932085,132.7999382019043,drone2
1743531959.4421103,2.202315092086792,5.087514877319336,0.6276822090148926,-0.013436200619763498,-0.003205830226263391,0.8694373069812874,0.4938502183360945,132.9999303817749,drone2
1743531959.642263,2.209164619445801,5.144748210906982,0.6425549387931824,-0.012543895860504693,-0.003923662837755285,0.8700250869306202,0.4928322876508593,133.20008301734924,drone2
1743531959.842383,2.217655658721924,5.2088704109191895,0.6596482396125793,-0.01223334405124176,-0.003973940735306241,0.8705250117742322,0.49195616003743914,133.40020298957825,drone2
1743531960.0421684,2.2270336151123047,5.2692975997924805,0.674730122089386,-0.01222012574587753,-0.005464656327890341,0.8708156775149876,0.4914275331899912,133.59998846054077,drone2
1743531960.2421575,2.2381699085235596,5.334458351135254,0.6929638385772705,-0.01255513820307272,-0.006439582410392912,0.8709412329767015,0.4911844723146289,133.79997754096985,drone2
1743531960.442169,2.247893810272217,5.392590522766113,0.7105306386947632,-0.012563476858268925,-0.00752159457997468,0.8710168865697786,0.49103497744296076,133.99998903274536,drone2
1743531960.642118,2.2595090866088867,5.453031063079834,0.7308703660964966,-0.013115664617215037,-0.007012969540231623,0.8711719869722987,0.49075284643902883,134.19993805885315,drone2
1743531960.8421872,2.263666868209839,5.51063346862793,0.7471556067466736,-0.013915822865466615,-0.005644632261382717,0.871635475865373,0.4899247030126383,134.4000072479248,drone2
1743531961.0422184,2.2742116451263428,5.562783241271973,0.7747150659561157,-0.013476840718440129,-0.004738107879835294,0.8723518247760884,0.48866988596534766,134.60003852844238,drone2
1743531961.2421675,2.278141736984253,5.608613014221191,0.8042354583740234,-0.013974206458094078,-0.003847533116998959,0.8730422323015454,0.48742929347942954,134.79998755455017,drone2
1743531961.4421556,2.28031325340271,5.655481815338135,0.8205704689025879,-0.01386647384494417,-0.00360931781212637,0.8736967728589196,0.48625988702064626,134.99997568130493,drone2
1743531961.6421669,2.279710292816162,5.706800937652588,0.8264086246490479,-0.013884073446920006,-0.001806215705280097,0.874120264392757,0.4855077343621209,135.19998693466187,drone2
1743531961.842166,2.2815966606140137,5.760258197784424,0.8310880661010742,-0.01323558557211869,-0.0018522064780840863,0.8743219159894574,0.48516253059939235,135.39998602867126,drone2
1743531962.042154,2.2832186222076416,5.812255382537842,0.8345017433166504,-0.012692593893318175,-0.002894095671064118,0.8742744375646099,0.48525755066936027,135.59997415542603,drone2
1743531962.2421806,2.287212610244751,5.8721513748168945,0.8431366682052612,-0.012482633769832838,-0.0035496638871430103,0.8738962117460731,0.4859394866782665,135.80000066757202,drone2
1743531962.4422355,2.2895803451538086,5.9289469718933105,0.8525371551513672,-0.012172500465604726,-0.0056512595240388016,0.8733115295901057,0.48697741604312006,136.00005555152893,drone2
1743531962.6421528,2.2924697399139404,5.993322849273682,0.8650139570236206,-0.01194064949949341,-0.006457994820927728,0.8725325926093517,0.48836722944619093,136.1999728679657,drone2
1743531962.8421571,2.292362689971924,6.048978805541992,0.8736059665679932,-0.012216948268626513,-0.006383009156617894,0.8720246598645227,0.48926797081914164,136.39997720718384,drone2
1743531963.0421505,2.2884275913238525,6.111031532287598,0.8809784650802612,-0.011448118958253197,-0.005822130421163807,0.8717608838131172,0.4897631330688718,136.59997057914734,drone2
1743531963.2421649,2.2853410243988037,6.165523529052734,0.8888759613037109,-0.010744852528097246,-0.005344768794120469,0.8717613263550266,0.48978384824491494,136.7999849319458,drone2
1743531963.4421818,2.284508466720581,6.202582836151123,0.893856406211853,-0.009766955586683036,-0.0067818754063961074,0.8718978399973534,0.4895434004741603,137.00000190734863,drone2
1743531963.6421323,2.2836172580718994,6.261279582977295,0.8994958400726318,-0.008451568414362353,-0.010521455791743283,0.8723279275129827,0.48873508713999414,137.1999523639679,drone2
1743531963.8421686,2.299940347671509,6.3027238845825195,0.9368661642074585,-0.008120732775709042,-0.01228810811861722,0.8726134302647954,0.488189369745475,137.39998865127563,drone2
1743531964.0421243,2.3015248775482178,6.330818176269531,0.9580134153366089,-0.009176765364450891,-0.013836665157062583,0.8727260887908651,0.48792776425676787,137.59994435310364,drone2
1743531964.2421045,2.298326253890991,6.352621078491211,0.9110044240951538,-0.0041044534731221015,-0.006152939635718736,0.8728271990804428,0.4879734935874022,137.7999246120453,drone2
1743531964.4421244,2.303802728652954,6.3703837394714355,0.7690621614456177,0.0004971147312987445,0.0010717628503931482,0.8728754150751392,0.48794171486362503,137.99994444847107,drone2
1743531964.6421006,2.3207833766937256,6.387814044952393,0.5776051878929138,0.0002450021410946804,0.0005803536663934189,0.8729761881899288,0.48776238002321115,138.19992065429688,drone2
1743531964.84211,2.3507094383239746,6.405495643615723,0.4145911931991577,6.8984337917995815e-06,0.000155870657785035,0.8731420992590919,0.4874658137236642,138.39993000030518,drone2
1743531965.0420861,2.3875913619995117,6.420673370361328,0.24447587132453918,-1.796434817040143e-05,0.000165689453501478,0.8733906813716091,0.48702015294751,138.59990620613098,drone2
1743531965.2421966,2.435080051422119,6.434751033782959,0.08022406697273254,-6.373963286366908e-05,0.00020421087043931603,0.8735974959572522,0.48664904994637165,138.80001664161682,drone2
1743531965.4423149,2.45798397064209,6.43764066696167,-0.0007155090570449829,-0.011020774609771782,-0.005541326055143214,0.8741723578975165,0.48545926548633334,139.00013494491577,drone2
1743531965.6422467,2.440725088119507,6.425045967102051,0.020575404167175293,-0.01111631970434858,-0.005671573481840416,0.8744025850575072,0.4850406419134988,139.20006680488586,drone2
1743531965.8421283,2.432624101638794,6.4215898513793945,0.03374326229095459,-0.011137566984354136,-0.005664552080296304,0.8746089992480894,0.48466808484608687,139.39994835853577,drone2
1743531966.0421255,2.4298644065856934,6.424240589141846,0.037787795066833496,-0.011052156231210683,-0.005456246714523402,0.8748288793567707,0.48427531836481374,139.59994554519653,drone2
1743531966.2421227,2.426572799682617,6.424645900726318,0.03794094920158386,-0.010939962308291444,-0.005241907928604488,0.8750412151795686,0.48389658678409486,139.7999427318573,drone2
1743531966.4422007,2.4243407249450684,6.425528049468994,0.03669726848602295,-0.010828045303337813,-0.005068539501432958,0.8752421502798443,0.4835371795334183,140.00002074241638,drone2
1743531827.242134,0.011195892468094826,0.03068913333117962,-0.16337056457996368,0.0013514814926051358,-0.0010501964129656805,0.05502545027612543,-0.9984834971294585,0.0,drone3
1743531827.4421964,0.008844856172800064,0.026173334568738937,-0.16657379269599915,0.0013009127344665674,-0.0010445121345962378,0.055047282343654025,-0.9984824013113972,0.20006227493286133,drone3
1743531827.6421514,0.0059384251944720745,0.02274419739842415,-0.1703738123178482,0.0012757025496968897,-0.0010036409999846438,0.05505069623838349,-0.9984822748708516,0.40001726150512695,drone3
1743531827.8421845,0.003724054666236043,0.020728472620248795,-0.17272628843784332,0.00126791687638199,-0.0009581920755438709,0.05504698731571456,-0.9984825277519427,0.6000504493713379,drone3
1743531828.0421193,0.0007043969235382974,0.017957407981157303,-0.1769937425851822,0.0012546184961214934,-0.0009536718877796252,0.055056428209780905,-0.9984820219897605,0.7999851703643799,drone3
1743531828.2421086,-0.0032415215391665697,0.01590370014309883,-0.14045974612236023,0.001257314206905889,-0.0009109180670275298,0.05504230901552987,-0.9984828227798823,0.9999744892120361,drone3
1743531828.4421232,-0.007394056301563978,0.015067513100802898,-0.08946532756090164,0.001299175802747247,-0.0008687477784480548,0.05504003308571026,-0.9984829070735793,1.1999890804290771,drone3
1743531828.642134,-0.012702951207756996,0.014108169823884964,-0.041551463305950165,0.0013589889926039602,-0.0008199194402567474,0.055022626437275235,-0.998483876451095,1.3999998569488525,drone3
1743531828.8421154,-0.01449547242373228,0.012736109085381031,-0.008634090423583984,0.0014099246320617804,-0.0008325616632331028,0.055021952087699055,-0.998483876451095,1.5999813079833984,drone3
1743531829.0421603,-0.013947879895567894,0.010968857444822788,0.015058010816574097,0.0014202625872251884,-0.0008588983809915064,0.05503729354055703,-0.9984829492204278,1.8000261783599854,drone3
1743531829.24214,-0.012332476675510406,0.00838799960911274,0.031789928674697876,0.0014157748739369925,-0.0008692147070837305,0.0550168523190292,-0.9984840871853375,2.0000059604644775,drone3
1743531829.4421005,-0.011153005063533783,0.0052406881004571915,0.042307764291763306,0.0013781202867873027,-0.0008913641930652212,0.054984862861009454,-0.9984858994998236,2.1999664306640625,drone3
1743531829.6421168,-0.011126909404993057,0.0034229641314595938,0.048463284969329834,0.001375175934292112,-0.0009001050543196759,0.054965938926028024,-0.9984868688773393,2.3999826908111572,drone3
1743531829.842092,-0.011974599212408066,0.004703992046415806,0.05098584294319153,0.001415030533427329,-0.0008851709318194136,0.054970448638818725,-0.9984865738493998,2.5999579429626465,drone3
1743531830.04209,-0.012407523579895496,0.0067231906577944756,0.05127711594104767,0.001455351279176619,-0.0008704487989121742,0.05498494715470653,-0.9984857309124295,2.7999558448791504,drone3
1743531830.242101,-0.013081241399049759,0.007887274026870728,0.05034300684928894,0.0014588880336157718,-0.0008488863642005182,0.05499240714689285,-0.998485351590793,2.999966859817505,drone3
1743531830.442112,-0.01283417921513319,0.00929521955549717,0.04928578436374664,0.0014307079057229136,-0.0008320648531403774,0.054975548407488584,-0.9984863631151573,3.1999778747558594,drone3
1743531830.6421485,-0.012761395424604416,0.011782480403780937,0.049727484583854675,0.001437254908267087,-0.0008187121223784564,0.05498726523137465,-0.9984857730592781,3.4000144004821777,drone3
1743531830.8421044,-0.01195546891540289,0.014930558390915394,0.04965795576572418,0.0014730658794871636,-0.0008393043358142109,0.0550217413534565,-0.9984837500105495,3.5999703407287598,drone3
1743531831.0422478,-0.011900271289050579,0.016109181568026543,0.04768833518028259,0.001479401427505727,-0.0008269072148719203,0.055020434801152596,-0.9984837921573981,3.8001136779785156,drone3
1743531831.242159,-0.012784399092197418,0.015104738064110279,0.04420049488544464,0.0014579630461157625,-0.0007833706316540241,0.05500193233465639,-0.9984849301223078,4.000024795532227,drone3
1743531831.4421866,-0.011349545791745186,0.012384159490466118,0.0405716598033905,0.0014284781151779158,-0.0008092090370150437,0.054988529636829875,-0.9984856887655811,4.200052499771118,drone3
1743531831.6421762,-0.00809665396809578,0.010427025146782398,0.03573617339134216,0.0013946853565001316,-0.0008745579314263435,0.05500054148865552,-0.9984849722691563,4.4000420570373535,drone3
1743531831.8421714,-0.005234299693256617,0.010809586383402348,0.031117871403694153,0.0014102616833727723,-0.0009274611783969209,0.05504551217601661,-0.9984824013113971,4.600037336349487,drone3
1743531832.0421665,-0.0031263402197510004,0.012003952637314796,0.027146458625793457,0.0014281250735830894,-0.0009184221199574452,0.05503240450612973,-0.9984831178078218,4.800032377243042,drone3
1743531832.242241,0.0009381250711157918,0.012254717759788036,0.02403266727924347,0.0014051225255095705,-0.0009616996070704821,0.055024523045458185,-0.9984835814231555,5.0001068115234375,drone3
1743531832.4422328,0.004923925269395113,0.012453905306756496,0.020088613033294678,0.001391202355756443,-0.0009920629746434304,0.05504289907140897,-0.9984825698987913,5.200098752975464,drone3
1743531832.6422012,0.006637715734541416,0.012636788189411163,0.013820230960845947,0.001367057232961574,-0.001003340960932952,0.0550514970285052,-0.9984821484303061,5.400067090988159,drone3
1743531832.842177,0.006668488495051861,0.013718659058213234,0.007064342498779297,0.0013369261875433326,-0.0009897647366286344,0.055044711385894896,-0.9984825277519427,5.600042819976807,drone3
1743531833.042141,0.006447474006563425,0.014902474358677864,-0.0034598857164382935,0.0013484042684657016,-0.0009811370009729413,0.05503923229558855,-0.9984828649267308,5.800006866455078,drone3
1743531833.2421277,0.003601948032155633,0.016891254112124443,0.020493820309638977,0.00136863909802878,-0.0008970870683166863,0.055047619518442115,-0.9984824013113972,5.999993562698364,drone3
1743531833.442149,0.00013544053945224732,0.015711892396211624,0.08106020092964172,0.0013145013682189575,-0.0008409806608592809,0.055020729829092174,-0.9984840028916406,6.20001482963562,drone3
1743531833.6422079,-0.0035925782285630703,0.012140054255723953,0.13597992062568665,0.0012569401536253546,-0.0008207817631309192,0.05500547266993128,-0.9984849301223078,6.400073766708374,drone3
1743531833.842159,-0.006620717700570822,0.008635148406028748,0.1752762496471405,0.0012277678872721887,-0.0008284703320001651,0.0550059362852649,-0.9984849722691563,6.600024938583374,drone3
1743531834.0421343,-0.010720041580498219,0.006360020022839308,0.20014086365699768,0.0012291842518727324,-0.0007978567380936994,0.0550340060863731,-0.99848345498261,6.800000190734863,drone3
1743531834.242114,-0.015986518934369087,0.0051232147961854935,0.2150256633758545,0.0012330358729047647,-0.0007277878082394968,0.05506582695699891,-0.998481726961821,6.9999799728393555,drone3
1743531834.4421356,-0.021700970828533173,0.004724406637251377,0.22329318523406982,0.001239917354320446,-0.000663841469573589,0.055079482535916435,-0.9984809683185478,7.20000147819519,drone3
1743531834.6420956,-0.027434751391410828,0.003746884874999523,0.22587239742279053,0.001247279820181145,-0.0006176772320302938,0.05511079764436,-0.9984793245914558,7.399961471557617,drone3
1743531834.8421075,-0.03208361193537712,0.0006927783833816648,0.2247982919216156,0.0012332083086682767,-0.0005838004471891945,0.05510426488284087,-0.9984797039130925,7.599973440170288,drone3
1743531835.042111,-0.035145070403814316,-0.0012266850098967552,0.2205725610256195,0.0012127213388767042,-0.0005822864327858264,0.0551100390010868,-0.998479408885153,7.799976825714111,drone3
1743531835.242105,-0.037070270627737045,-0.0039429436437785625,0.2162935435771942,0.0012272187434705945,-0.0005945479964570519,0.05512706632788522,-0.9984784816544856,7.99997091293335,drone3
1743531835.44215,-0.038264498114585876,-0.007799948565661907,0.2089305818080902,0.0012169177285381813,-0.0006389724828873518,0.05508445586404065,-0.9984807997311538,8.200016021728516,drone3
1743531835.6422164,-0.039031315594911575,-0.009200739674270153,0.19984173774719238,0.0012198979717090571,-0.0006582762334137221,0.05507252830591214,-0.9984814319338815,8.400082349777222,drone3
1743531835.8421519,-0.03890771046280861,-0.009249284863471985,0.19136223196983337,0.0012672400572639108,-0.000687503940982654,0.055079145361128345,-0.9984809683185478,8.600017786026001,drone3
1743531836.0421844,-0.03739796206355095,-0.008230750449001789,0.18488389253616333,0.0012936224409680398,-0.000691834591405696,0.05510557143514466,-0.9984794931788499,8.800050258636475,drone3
1743531836.2421618,-0.03539155423641205,-0.007729024160653353,0.17853116989135742,0.001302120319878565,-0.0006980706580445225,0.05512415819533789,-0.9984784395076371,9.000027656555176,drone3
1743531836.4421542,-0.03329817205667496,-0.008134209550917149,0.17295414209365845,0.0012859666346880664,-0.0007241520663289876,0.055098448617746265,-0.9984798725004866,9.20002007484436,drone3
1743531836.6421409,-0.03144454210996628,-0.007852788083255291,0.16739341616630554,0.001278102399071316,-0.002096765007134521,0.053668658928862745,-0.9985558211215031,9.400006771087646,drone3
1743531836.8421485,-0.02808959037065506,-0.0077027915976941586,0.19149014353752136,-0.002414658229413414,-0.0033373078964194273,0.03029359527623582,-0.9995326164825916,9.600014448165894,drone3
1743531837.042126,-0.021128781139850616,-0.012142662890255451,0.30020102858543396,-0.003179004086458317,-0.004236620639377991,-0.007454597389818796,-0.9999581732120061,9.799991846084595,drone3
1743531837.2421114,-0.012222988530993462,-0.021825943142175674,0.4654650390148163,-0.0026687791951511782,-0.001648373535018939,-0.039387157164097686,-0.9992191703702162,9.999977350234985,drone3
1743531837.4421022,-0.0028210419695824385,-0.035182852298021317,0.6304010152816772,-0.0006385053690360263,-0.0003619517431783343,-0.055054868776385824,-0.9984830756609733,10.199968099594116,drone3
1743531837.6421113,0.007771552540361881,-0.05062161758542061,0.776178240776062,0.002777237359712885,0.00045232483498472534,-0.05404486169867084,-0.9985345791098537,10.399977207183838,drone3
1743531837.8421762,0.016430381685495377,-0.060407355427742004,0.885344386100769,0.006856978126992216,-0.0005827704012606402,-0.045184203295680014,-0.9989549939237499,10.60004210472107,drone3
1743531838.0421243,0.025438711047172546,-0.06512386351823807,1.0058069229125977,0.007239961188736581,-0.0053468790176780905,-0.02833574772235914,-0.9995579467385467,10.799990177154541,drone3
1743531838.2421246,0.03296962380409241,-0.06253180652856827,1.1079227924346924,0.007316574034207575,-0.0006531414795669134,-0.014933555658076914,-0.9998615726352191,10.999990463256836,drone3
1743531838.4421144,0.037879008799791336,-0.05254023149609566,1.1992541551589966,0.004226167233130652,-0.0002136914366675053,-0.007685562119658429,-0.9999615449598871,11.19998025894165,drone3
1743531838.6421463,0.04299063980579376,-0.03859935328364372,1.2799135446548462,-0.0016595370065923798,-0.0019816329570236397,-0.004575925489676225,-0.9999862008662659,11.400012254714966,drone3
1743531838.8421137,0.05027573183178902,-0.028038859367370605,1.3504490852355957,-0.003179374023835676,-0.0014509673278073427,-0.003249606313886877,-0.9999886032366311,11.599979639053345,drone3
1743531839.0421076,0.05848046392202377,-0.022966910153627396,1.4173256158828735,-0.0023344245004423684,-0.0016616390497925864,-0.0030206646327756714,-0.9999913849286327,11.799973487854004,drone3
1743531839.2421074,0.06826793402433395,-0.020983317866921425,1.474570870399475,-0.002928837598172921,-0.002178365380595751,-0.0030063768511304767,-0.9999888139708736,11.99997329711914,drone3
1743531839.4421117,0.07717813551425934,-0.023525936529040337,1.5309116840362549,-0.0023218621054080907,-0.0014025044200794185,-0.0011062704797139,-0.999995768200878,12.19997763633728,drone3
1743531839.6420987,0.08695283532142639,-0.028067288920283318,1.5813385248184204,0.0005142489069437105,-0.0009930340190999632,0.0005919946341841341,-0.9999992242424558,12.399964570999146,drone3
1743531839.8421319,0.10083417594432831,-0.0333343967795372,1.6235767602920532,0.0012729947278674056,-0.0002016815193163928,-0.0005238431801417587,-0.9999990978019102,12.599997758865356,drone3
1743531840.042127,0.11512350291013718,-0.03747343644499779,1.6093721389770508,0.0025150915352369625,-0.00035758398788817396,-0.002672363076681672,-0.9999932393899671,12.799992799758911,drone3
1743531840.2421572,0.13175834715366364,-0.042293090373277664,1.54756498336792,0.0029915148186744896,-0.0006317993691522097,-0.005225071250440971,-0.9999817333003238,13.000023126602173,drone3
1743531840.4421475,0.14830143749713898,-0.04834235832095146,1.4969735145568848,0.002707404229951569,0.0003259689947393796,-0.006149225197739305,-0.9999773921749271,13.200013399124146,drone3
1743531840.6421306,0.16244402527809143,-0.05502359941601753,1.4732433557510376,0.002626281095463464,0.000817514518031777,-0.00546138863004153,-0.9999813539786871,13.399996519088745,drone3
1743531840.8421555,0.1745019406080246,-0.06216549500823021,1.4723323583602905,0.0031701407359255008,0.0013484610885090343,-0.003688312860036791,-0.9999872966843273,13.600021362304688,drone3
1743531841.0422003,0.1847781091928482,-0.06938336789608002,1.4882779121398926,0.0026682710457453305,-0.00062856179971484,-0.0015904534754069832,-0.9999950095576047,13.800066232681274,drone3
1743531841.2421324,0.1935109794139862,-0.0749838575720787,1.5042312145233154,0.0027454715598716367,-0.001725930074769876,0.000151686507790738,-0.9999947988233622,13.999998331069946,drone3
1743531841.442288,0.20379535853862762,-0.07837584614753723,1.508610486984253,0.002978287540641339,-0.0011784901747721277,0.001208223706261835,-0.999994208767483,14.200153827667236,drone3
1743531841.642115,0.21673566102981567,-0.07986695319414139,1.5097380876541138,0.0023797521600859733,-0.0008748676531402509,0.001742266423743366,-0.9999952624386957,14.399981021881104,drone3
1743531841.8421535,0.22907987236976624,-0.08100714534521103,1.5122195482254028,0.0010381226476666857,-0.0014296222539423537,0.0021412284917475266,-0.999996189669363,14.600019454956055,drone3
1743531842.04211,0.2400311976671219,-0.08159400522708893,1.5221344232559204,0.0008758170067871774,-0.0013914783064846849,0.0027023716328216096,-0.9999950095576047,14.799975872039795,drone3
1743531842.2421167,0.25051313638687134,-0.08250304311513901,1.5356124639511108,0.0008704154395170603,-0.001361629632603757,0.0036857419022777727,-0.9999919749845119,14.999982595443726,drone3
1743531842.442105,0.25923940539360046,-0.0833970457315445,1.5493453741073608,0.0010434648533232628,-0.0007358944191044553,0.004966500334826818,-0.9999869173626905,15.199970960617065,drone3
1743531842.6423726,0.26614558696746826,-0.08353230357170105,1.5630086660385132,0.0011191197531995754,-0.0012976170896352814,0.006141343737067928,-0.9999797102515953,15.400238513946533,drone3
1743531842.842389,0.27379870414733887,-0.08212975412607193,1.576857566833496,0.0008168124272682033,-0.002420201527809357,0.007230207568346914,-0.9999706486791653,15.600255012512207,drone3
1743531843.0421991,0.28030985593795776,-0.08160103857517242,1.588828682899475,0.0006350961252773566,-0.0024521052104069605,0.00812308855405025,-0.9999637787428581,15.800065040588379,drone3
1743531843.242179,0.2913452088832855,-0.08250584453344345,1.6100263595581055,0.000702001613110369,-0.0023610627492673653,0.009527463693281668,-0.9999515983036384,16.00004482269287,drone3
1743531843.4421468,0.3041534125804901,-0.08237076550722122,1.6292070150375366,0.001052152953843894,-0.0011793623192202511,0.011293163764797054,-0.9999349924453251,16.200012683868408,drone3
1743531843.6421752,0.31669268012046814,-0.08096317946910858,1.6535487174987793,0.0007611858569478056,-0.0008145114470327958,0.012802189528881125,-0.9999174593563447,16.400041103363037,drone3
1743531843.8421764,0.32865384221076965,-0.07976644486188889,1.673543095588684,0.0006072320781688135,-0.000990295317706907,0.01930624904423378,-0.9998129773188861,16.60004234313965,drone3
1743531844.042203,0.3400687873363495,-0.08040948957204819,1.6865260601043701,0.0008331882477530501,-0.000513762304290738,0.022973530626863747,-0.9997355957050201,16.800068855285645,drone3
1743531844.2425241,0.3516746759414673,-0.08322762697935104,1.6944459676742554,0.0009739639181071942,-0.0006814895465990674,0.024900610981327342,-0.9996892763185066,17.00039005279541,drone3
1743531844.4422164,0.36495089530944824,-0.09018471837043762,1.7006720304489136,0.0013312189938829658,-8.714330142583332e-05,0.024678286355432344,-0.9996945446745704,17.200082302093506,drone3
1743531844.6421857,0.3801966905593872,-0.09914345294237137,1.7089009284973145,0.002201093233291499,-0.00020596382845664715,0.023433984946845288,-0.9997229095036184,17.400051593780518,drone3
1743531844.8421943,0.3953469693660736,-0.1066872626543045,1.7230180501937866,0.0030052304897783713,-0.0006347501424563551,0.022343898856959532,-0.9997456688018143,17.60006022453308,drone3
1743531845.0423117,0.4095247983932495,-0.10904717445373535,1.7396763563156128,0.0029664562123289835,-1.7369111397984803e-05,0.022274230116370974,-0.9997475654099972,17.800177574157715,drone3
1743531845.2421436,0.42056137323379517,-0.105045385658741,1.754846215248108,0.0019917084307519485,5.6445002232147314e-05,0.02317739493311094,-0.999729400118289,18.000009536743164,drone3
1743531845.4421802,0.4285564422607422,-0.0993269681930542,1.7690051794052124,0.0010235918630980459,0.00026612236316936886,0.02437407040288081,-0.9997023839883936,18.200046062469482,drone3
1743531845.6421852,0.43509867787361145,-0.09518449008464813,1.7804350852966309,-0.00032283094784065755,-0.0008813349717989599,0.02534070837347807,-0.9996784867252878,18.40005111694336,drone3
1743531845.842164,0.4433573782444,-0.09506820887327194,1.7936170101165771,-0.0017390889053332296,-0.0024605551184659832,0.026235780995303937,-0.9996513020079985,18.600029945373535,drone3
1743531846.0421033,0.45451682806015015,-0.10129145532846451,1.806748628616333,-0.0010353609177952447,-0.002010215465900636,0.028255078654309373,-0.9995982391257232,18.79996919631958,drone3
1743531846.242128,0.4673212468624115,-0.10873837769031525,1.8215694427490234,0.0006901250098630895,-0.0013829314483263806,0.03324623489551504,-0.9994460468557502,18.999993801116943,drone3
1743531846.4421263,0.4798920750617981,-0.11386223137378693,1.836496353149414,0.0017056064857549503,-0.0003066663143477148,0.04076422114549422,-0.9991672875996992,19.199992179870605,drone3
1743531846.6422014,0.49207642674446106,-0.11711625009775162,1.847855567932129,0.002398179881780597,4.341899186424769e-05,0.04760937510584562,-0.9988631559408446,19.40006732940674,drone3
1743531846.842142,0.5012174248695374,-0.1208023950457573,1.8581857681274414,0.00216523507324152,-0.0006296505384226654,0.05200883174080673,-0.998644076622285,19.600008010864258,drone3
1743531847.0421746,0.5094796419143677,-0.12549148499965668,1.8688607215881348,0.0015456208765975486,-0.000939648717549546,0.053875431367657156,-0.9985460430526487,19.80004048347473,drone3
1743531847.2421167,0.5176167488098145,-0.13024206459522247,1.8799419403076172,0.0011241244856650824,-0.0015769733574418554,0.05372614723023156,-0.9985538823664717,19.999982595443726,drone3
1743531847.4420974,0.5242607593536377,-0.1352669894695282,1.891474723815918,0.0013256206658615712,-0.0012387690996525991,0.052619244547790045,-0.9986130143949324,20.199963331222534,drone3
1743531847.6420996,0.5311781167984009,-0.14180225133895874,1.9029631614685059,0.0014442017090661543,-0.001620629198954244,0.051418017218381074,-0.9986748438216979,20.399965524673462,drone3
1743531847.8420908,0.5396636128425598,-0.14720158278942108,1.9161701202392578,0.0017103020624432358,-0.00192136872591751,0.05063543453523073,-0.998713956097116,20.59995675086975,drone3
1743531848.0423014,0.5464499592781067,-0.15082071721553802,1.9234421253204346,0.0018135931787527238,-0.0016892099982911697,0.05048370588059148,-0.998721879704636,20.800167322158813,drone3
1743531848.2422304,0.555568516254425,-0.15724843740463257,1.9535787105560303,0.0016841217361432805,-0.0016081743962013968,0.05075757610221532,-0.9987083084194155,21.000096321105957,drone3
1743531848.4422448,0.5667468905448914,-0.16281744837760925,1.9878506660461426,0.0021095715575452493,-0.0009466320881483215,0.051204838458612956,-0.9986855491212197,21.20011067390442,drone3
1743531848.642184,0.5797272324562073,-0.17075954377651215,1.9998133182525635,0.0021521877424951763,-0.0002827670756085144,0.05160316832388934,-0.998665360780783,21.400049924850464,drone3
1743531848.8421414,0.5924944877624512,-0.17777587473392487,1.9967231750488281,0.001793500363283816,-0.0004975405832207602,0.0517142674165641,-0.9986602188652647,21.60000729560852,drone3
1743531849.042138,0.6057521104812622,-0.183201864361763,1.9865000247955322,0.002029700686598105,-0.0002624075959177843,0.05159996516340254,-0.998665782249268,21.80000400543213,drone3
1743531849.2421951,0.6179723739624023,-0.18343976140022278,1.9775304794311523,0.0014860296368195418,-3.089520400163391e-05,0.05140267576552304,-0.9986768668704264,22.00006103515625,drone3
1743531849.4421992,0.6290557384490967,-0.18018892407417297,1.9709784984588623,0.0007914820169667845,0.0005897568073381287,0.05112888983759628,-0.9986916182674053,22.20006513595581,drone3
1743531849.6422102,0.6370192170143127,-0.17729753255844116,1.9683897495269775,2.7822399313349668e-05,-0.00011936344038391911,0.05081603378109989,-0.9987080976851731,22.400076150894165,drone3
1743531849.8422241,0.6429921984672546,-0.17503973841667175,1.9701781272888184,-0.0004736784699281969,-0.0022600703391566623,0.050638258374080924,-0.9987144197124498,22.60009002685547,drone3
1743531850.0421965,0.6492472290992737,-0.17747266590595245,1.9712495803833008,-0.0002873776280269652,-0.002761948508097372,0.050642093737295446,-0.9987130288664487,22.80006241798401,drone3
1743531850.2421267,0.6577189564704895,-0.18341946601867676,1.9716942310333252,0.0005040912077598435,-0.0027589971585667843,0.05158799545842546,-0.9986645178438127,22.999992609024048,drone3
1743531850.442169,0.6668905019760132,-0.19026920199394226,1.971724271774292,0.0014373558507924514,-0.001851670937342346,0.05493500313922106,-0.9984872060521275,23.200034856796265,drone3
1743531850.6422617,0.6762544512748718,-0.19460155069828033,1.972837209701538,0.0026138385143706024,-0.0016698680573282159,0.05921092736119682,-0.9982406891351872,23.40012764930725,drone3
1743531850.8421366,0.6871645450592041,-0.1961480677127838,1.97530198097229,0.0028165357151135237,-0.0016408524216703704,0.0629959250917177,-0.9980085021467406,23.60000252723694,drone3
1743531851.0421238,0.7009732723236084,-0.1964251846075058,1.9793434143066406,0.0021547074161007806,-0.0012232604176486389,0.06622652317692618,-0.9978015189737037,23.799989700317383,drone3
1743531851.2421446,0.717515766620636,-0.19525134563446045,1.98368239402771,0.0012270113431096111,-0.0008327387293876876,0.06827734667861773,-0.997665342506165,24.00001049041748,drone3
1743531851.442189,0.7343141436576843,-0.1940613090991974,1.9888889789581299,0.0007027427123462783,0.00043952068208770434,0.06919374560579011,-0.9976029230235204,24.20005488395691,drone3
1743531851.6421704,0.7497495412826538,-0.1949959099292755,1.9941484928131104,0.0002745824992477773,0.00043467388711677295,0.06904960338388288,-0.997613206854557,24.400036334991455,drone3
1743531851.8421433,0.7635945677757263,-0.19818410277366638,1.9983901977539062,0.000587763765875023,-0.0005864069331512438,0.06836838387140132,-0.9976598634158587,24.600009202957153,drone3
1743531852.0421484,0.7777150273323059,-0.20468972623348236,2.0003600120544434,0.0013130572624310138,-0.0007485454604033669,0.06777992957249218,-0.9976992285723677,24.80001425743103,drone3
1743531852.2421267,0.7930879592895508,-0.2135588377714157,2.0027549266815186,0.0022162131682405884,-0.00043845415896715483,0.06780488050681066,-0.9976961097055779,24.999992609024048,drone3
1743531852.442107,0.8070887327194214,-0.22142182290554047,2.005589485168457,0.0032386980180206556,0.0006692219839990807,0.06839674870044915,-0.9976527405984602,25.1999728679657,drone3
1743531852.6420996,0.8188202381134033,-0.22445553541183472,2.0103862285614014,0.00326395007181538,0.00019118798301309158,0.06935744396540644,-0.997586570046298,25.399965524673462,drone3
1743531852.8421073,0.8296139240264893,-0.22283627092838287,2.0169906616210938,0.0027780940437996996,0.0004944348873212282,0.07029845665210921,-0.997522043221228,25.59997320175171,drone3
1743531853.0421095,0.8395041227340698,-0.21824020147323608,2.0223183631896973,0.0009301253202040791,-0.001477754922179045,0.07090368539672559,-0.9974816665403545,25.799975395202637,drone3
1743531853.2421339,0.8481857776641846,-0.21384316682815552,2.0392026901245117,0.00025005412412877794,-0.002783953278923235,0.07033112045970508,-0.9975198094382569,25.99999976158142,drone3
1743531853.442101,0.8570628762245178,-0.2127402275800705,2.057821035385132,0.00028614903092937443,-0.0021614556039920296,0.06803567664925636,-0.9976805153716289,26.19996690750122,drone3
1743531853.642078,0.8656930327415466,-0.21333301067352295,2.0658841133117676,7.111177624168179e-05,-0.002660809407197514,0.06495465772941289,-0.9978846747058157,26.399943828582764,drone3
1743531853.8421397,0.876460611820221,-0.21563950181007385,2.065045118331909,0.0009604323410625634,-0.00304785181960715,0.06163390753523956,-0.9980937230744298,26.600005626678467,drone3
1743531854.042185,0.8884225487709045,-0.21903695166110992,2.059556007385254,0.0018649233223849778,-0.00241313557161338,0.05839176121353912,-0.9982891580109747,26.800050973892212,drone3
1743531854.2421,0.9016643166542053,-0.2195352166891098,2.055403709411621,0.002333655979001672,-0.0016364398441946315,0.05510797380550975,-0.9984764164589086,26.99996590614319,drone3
1743531854.4420815,0.9145179390907288,-0.2160170078277588,2.0530667304992676,0.0017221383401291577,-0.0005617878561473003,0.05177727695508788,-0.9986570578516263,27.199947357177734,drone3
1743531854.6421132,0.9254283905029297,-0.2093229591846466,2.0526058673858643,0.0008245461990440649,-0.000543536799306698,0.04828557914335435,-0.9988331473847049,27.39997911453247,drone3
1743531854.8421013,0.9352586269378662,-0.20634667575359344,2.054656982421875,1.5454135997194447e-05,-0.0002582412420597256,0.04496533471136316,-0.998988584962013,27.59996724128723,drone3
1743531855.0421033,0.9442572593688965,-0.20793437957763672,2.0582358837127686,8.754526053001118e-05,-0.0014433204736167774,0.04218760451340414,-0.999108703480269,27.79996919631958,drone3
1743531855.242093,0.9542874693870544,-0.21199500560760498,2.0619053840637207,0.0007416240958860362,-0.0026008537865114326,0.03971101354805545,-0.9992075378400271,27.999958992004395,drone3
1743531855.4421954,0.9653395414352417,-0.21689429879188538,2.065671443939209,0.0012921947987927982,-0.0017145682886917162,0.03785545639551491,-0.9992809576501331,28.200061321258545,drone3
1743531855.642102,0.9792948961257935,-0.22138379514217377,2.0694046020507812,0.0020043043086585537,-0.0014161959514111832,0.03694124910446506,-0.9993144643946992,28.399967908859253,drone3
1743531855.8421557,0.9954119920730591,-0.2258586585521698,2.0749289989471436,0.002205255069945822,-0.00029701205186068787,0.03708332613079529,-0.9993097860945145,28.600021600723267,drone3
1743531856.042283,1.0127930641174316,-0.22810758650302887,2.080617904663086,0.0030551023946401557,-5.6323830042560234e-05,0.03722160994075957,-0.9993024103960251,28.800148963928223,drone3
1743531856.2420983,1.0303750038146973,-0.2251436710357666,2.088484048843384,0.0024532752793616384,-0.0002931477126878453,0.03587733620750455,-0.9993531973484808,28.999964237213135,drone3
1743531856.4421003,1.0464439392089844,-0.2206362783908844,2.0975821018218994,0.001199500646288635,0.0007906829246551381,0.03297569427492353,-0.9994551927218771,29.199966192245483,drone3
1743531856.6421034,1.0573903322219849,-0.21926265954971313,2.1063528060913086,0.0004788690148426546,1.9015452088544497e-05,0.029110659679080553,-0.9995761541771033,29.399969339370728,drone3
1743531856.8421233,1.0629290342330933,-0.22034072875976562,2.1136951446533203,0.0005473505848989127,-0.0020136015782835875,0.02429378065646748,-0.999702679016333,29.59998917579651,drone3
1743531857.0421114,1.0666611194610596,-0.22257870435714722,2.118281126022339,0.0008244675132651206,-0.002779728139678078,0.01984311560056562,-0.9997989002714835,29.79997730255127,drone3
1743531857.2421038,1.073899745941162,-0.22700124979019165,2.122982978820801,0.0015275557248136005,-0.003180301583775171,0.016837033777374555,-0.9998520053006072,29.999969720840454,drone3
1743531857.4421694,1.085538387298584,-0.2312280386686325,2.1268703937530518,0.0022222742575456955,-0.002456967645809957,0.0158166164280773,-0.9998694962427392,30.200035333633423,drone3
1743531857.6429327,1.0993292331695557,-0.23323331773281097,2.1320595741271973,0.0027568945288504927,-0.0020851823822715075,0.015976268690236606,-0.9998663773759494,30.400798559188843,drone3
1743531857.8421628,1.1106023788452148,-0.23202316462993622,2.138378143310547,0.002542209513156507,-0.0019095536657124533,0.016098494550918163,-0.9998654501452822,30.60002875328064,drone3
1743531858.0421515,1.1188232898712158,-0.23119185864925385,2.1433286666870117,0.002093479631481892,-0.0015967278611044218,0.015814382645106317,-0.9998714771446193,30.80001735687256,drone3
1743531858.2421947,1.133980631828308,-0.2312397062778473,2.156114101409912,0.0016124369978828784,-0.0013220784887198673,0.013662322413291517,-0.9999045624207004,31.000060558319092,drone3
1743531858.4421864,1.1473829746246338,-0.23263698816299438,2.1859514713287354,0.0012848214052091711,-0.0006139726516391818,0.010766286011562376,-0.9999410194446623,31.20005226135254,drone3
1743531858.6422114,1.161108136177063,-0.23531624674797058,2.1966171264648438,0.0014846621279896864,-0.000664027343760964,0.008140958817818844,-0.9999655489104955,31.40007734298706,drone3
1743531858.8421977,1.1741455793380737,-0.23999345302581787,2.1861793994903564,0.002143279713833276,-0.001561941276446028,0.006126044431058464,-0.9999777293497152,31.60006356239319,drone3
1743531859.0421798,1.187435269355774,-0.244258314371109,2.165480613708496,0.0027378421571105298,-0.0009766491642076468,0.0046106966396978755,-0.9999852314887501,31.80004572868347,drone3
1743531859.2421825,1.2005000114440918,-0.24465790390968323,2.1434402465820312,0.0029626743558557665,-0.0008174540965730475,0.003288802883002151,-0.9999898676420863,32.00004839897156,drone3
1743531859.4421732,1.2113593816757202,-0.24041235446929932,2.124969482421875,0.002437646865734322,-0.00027496678054758346,0.0017089704134197747,-0.9999955996134837,32.20003914833069,drone3
1743531859.6421633,1.2225399017333984,-0.23531343042850494,2.1176161766052246,0.001490791891139264,-0.0015297914113897753,2.0862690012890444e-05,-0.9999977491027578,32.40002918243408,drone3
1743531859.8421812,1.2345376014709473,-0.2288963943719864,2.1178457736968994,0.0003309609267460155,-0.002297548847968527,-0.0022231198184040624,-0.9999948831170591,32.60004711151123,drone3
1743531860.0421705,1.2462035417556763,-0.22434288263320923,2.118786573410034,-0.0003253948674053911,-0.0013695783471331714,-0.004832389062865039,-0.9999873388311756,32.80003643035889,drone3
1743531860.2423332,1.2577742338180542,-0.2219163328409195,2.118534803390503,-0.00040864864033101104,-0.001417010426910944,-0.006608963021296266,-0.999977139293836,33.00019907951355,drone3
1743531860.4421926,1.2695506811141968,-0.2184518575668335,2.1182117462158203,-0.00012438341712580944,-0.0007107528464407021,-0.006836598150103457,-0.9999764227974113,33.200058460235596,drone3
1743531860.642201,1.2818193435668945,-0.2136041820049286,2.1140472888946533,0.0002981157312971555,-0.0014208869491571844,-0.0055602651366482014,-0.9999834613211127,33.40006685256958,drone3
1743531860.8421593,1.2945960760116577,-0.2085067629814148,2.1047520637512207,0.000903738162052272,-0.002390979767720512,-0.0031623623374693044,-0.9999917221034209,33.60002517700195,drone3
1743531861.042129,1.310046672821045,-0.20208507776260376,2.0940709114074707,0.0010130198776801148,-0.0022495683240927,-0.0012256303546967497,-0.9999962739630599,33.79999494552612,drone3
1743531861.2421231,1.3273179531097412,-0.19463402032852173,2.084696054458618,0.0004348489158992896,-0.0017185769725888997,-0.0008682250793243808,-0.9999980441306975,33.99998903274536,drone3
1743531861.4421337,1.3453941345214844,-0.189069464802742,2.077946424484253,-0.0002661563450948356,-0.0003527520976316145,-0.0016969585615940752,-0.999998507746031,34.19999957084656,drone3
1743531861.6421442,1.3616623878479004,-0.18491974472999573,2.0740559101104736,-0.00041470422461561854,3.234612160945025e-05,-0.002521898827497704,-0.999996779725242,34.400010108947754,drone3
1743531861.8421843,1.3744796514511108,-0.18162226676940918,2.0710155963897705,7.177134972546263e-05,-0.0010718174478487848,-0.002337548512111154,-0.999996779725242,34.60005021095276,drone3
1743531862.0421739,1.387376308441162,-0.18074576556682587,2.0686771869659424,0.0001720094897100958,-0.0004660051401904526,-0.0016220214649416143,-0.9999985920397281,34.800039768218994,drone3
1743531862.2421372,1.3996737003326416,-0.18240518867969513,2.0675430297851562,0.0006751026732680338,-0.0008266830524952543,-0.000753501357677655,-0.9999992242424558,35.00000309944153,drone3
1743531862.4421244,1.4126180410385132,-0.18616391718387604,2.064983606338501,0.0011527398497391732,-0.00019360401817663562,0.00041700091916679893,-0.9999993085361528,35.19999027252197,drone3
1743531862.6421273,1.4252996444702148,-0.19033123552799225,2.0621516704559326,0.002266565543059499,-0.0016207841627087756,0.0015841314481305768,-0.9999948409702106,35.39999318122864,drone3
1743531862.8421698,1.4403114318847656,-0.19585967063903809,2.060454845428467,0.0030088888897358587,-0.0025036627216754753,0.002181225850984403,-0.9999899940826319,35.600035667419434,drone3
1743531863.0420902,1.4498248100280762,-0.20014752447605133,2.0595076084136963,0.003158798459228386,-0.001581062466087076,0.00193496181513525,-0.9999918906908148,35.79995608329773,drone3
1743531863.2421324,1.4669255018234253,-0.2056831270456314,2.0630085468292236,0.0034043059097559323,-0.0010829742207898061,0.00042543028886898865,-0.9999935765647554,35.999998331069946,drone3
1743531863.4421432,1.4825090169906616,-0.20484037697315216,2.0895349979400635,0.0033421054754782654,-0.00032266573548721565,-0.0022757190853455733,-0.9999917642502694,36.20000910758972,drone3
1743531863.642133,1.498975396156311,-0.201111301779747,2.0976974964141846,0.002063604451184519,-0.0010225191764124844,-0.005570380380290785,-0.9999818597408692,36.399998903274536,drone3
1743531863.8421085,1.5142651796340942,-0.1979839950799942,2.081712484359741,0.0006039151952772651,-0.00191771840342,-0.009456530547237774,-0.9999533263244273,36.599974393844604,drone3
1743531864.042101,1.528525471687317,-0.19918446242809296,2.0521392822265625,0.00021761879031807868,-0.0013650860857719665,-0.01353984367151867,-0.9999074284063991,36.79996681213379,drone3
1743531864.242127,1.5427285432815552,-0.20395790040493011,2.023616313934326,0.0007952966874780682,-0.0012492362324371465,-0.016831133218582872,-0.9998573158035196,36.99999284744263,drone3
1743531864.4421005,1.5568130016326904,-0.21088489890098572,2.0015132427215576,0.0016476261693205683,-0.000388083406640567,-0.018762217523654978,-0.9998225868003465,37.19996643066406,drone3
1743531864.6420875,1.5690653324127197,-0.21832269430160522,1.986867904663086,0.0027058820043213676,-0.0008177871554579583,-0.019339292173466194,-0.9998090155151261,37.39995336532593,drone3
1743531864.8421226,1.581897497177124,-0.22387169301509857,1.977025032043457,0.003374543319989908,-0.001968204236399352,-0.01914267712516282,-0.9998091419556716,37.59998846054077,drone3
1743531865.0421038,1.5949980020523071,-0.22667469084262848,1.9714076519012451,0.003617269407787988,-0.0010309138902099301,-0.019251753169109154,-0.9998076246691252,37.79996967315674,drone3
1743531865.2420945,1.606608510017395,-0.2264017015695572,1.967259407043457,0.002766464312424857,-0.0005254650106288741,-0.020292696033631097,-0.9997901758738417,37.99996042251587,drone3
1743531865.4420762,1.6162644624710083,-0.2235303819179535,1.9643056392669678,0.002204387355238495,-0.00022610351891783555,-0.022647819781571432,-0.9997410747953265,38.199942111968994,drone3
1743531865.6421523,1.6254345178604126,-0.21765418350696564,1.9584791660308838,0.0006758751356861409,-0.0017797760899421766,-0.025382475900352197,-0.9996760843549227,38.40001821517944,drone3
1743531865.8421245,1.6357438564300537,-0.21327805519104004,1.946486473083496,-0.0005266200976958754,-0.003149550847974915,-0.028025926238955556,-0.9996021587826346,38.599990367889404,drone3
1743531866.0421405,1.6481459140777588,-0.21052265167236328,1.9341518878936768,-0.0002991313304054356,-0.002035905163679943,-0.029716604920121514,-0.9995563030114547,38.80000638961792,drone3
1743531866.242153,1.6592483520507812,-0.20793724060058594,1.9255633354187012,-3.0122648975701622e-05,-0.0018226409577619302,-0.030317534686189807,-0.9995386856287772,39.00001883506775,drone3
1743531866.4421523,1.6709486246109009,-0.2091364562511444,1.920623779296875,0.0003335947755056941,-0.0012601685445985241,-0.029379851600519424,-0.9995675140731587,39.20001816749573,drone3
1743531866.642168,1.6824711561203003,-0.21341906487941742,1.9174449443817139,0.001469376774891997,-0.001981913075103964,-0.027181724863282297,-0.9996275311854381,39.400033950805664,drone3
1743531866.8421338,1.6950452327728271,-0.21653829514980316,1.9135563373565674,0.002656671319304629,-0.0025875181367476835,-0.024576586009975476,-0.9996911307798411,39.59999966621399,drone3
1743531867.0421157,1.7099133729934692,-0.21689052879810333,1.9087433815002441,0.0028200226259652342,-0.0020281290289706523,-0.02245879116599997,-0.9997417912917512,39.79998159408569,drone3
1743531867.2421007,1.7249515056610107,-0.2133210450410843,1.9050962924957275,0.0022994426984965137,-0.0014007400970244682,-0.02128858391709504,-0.9997698189460109,39.999966621398926,drone3
1743531867.4421155,1.739945650100708,-0.206354022026062,1.9024956226348877,0.0014177034626876564,-0.00043260607794110397,-0.02092030475480683,-0.9997801027770477,40.199981451034546,drone3
1743531867.6421094,1.7557309865951538,-0.19642332196235657,1.903024435043335,8.433844203424061e-05,-0.00025128771690384265,-0.02128382132321338,-0.9997734857218314,40.399975299835205,drone3
1743531867.8421245,1.7706098556518555,-0.1871931403875351,1.905299425125122,-0.0015808663844598223,-0.0010603124694991669,-0.02177491640206225,-0.9997610945483693,40.599990367889404,drone3
1743531868.0421786,1.7792810201644897,-0.18388134241104126,1.9073209762573242,-0.0019251427107259017,-0.0007004260042158654,-0.02176585482963239,-0.9997610524015207,40.800044536590576,drone3
1743531868.2421105,1.8023947477340698,-0.1815243810415268,1.914219617843628,-0.0008131707996160309,0.0003903501579962002,-0.020393722029511785,-0.9997916510135396,40.99997639656067,drone3
1743531868.4420824,1.8186310529708862,-0.1847638636827469,1.9666941165924072,-0.0006153871023447474,0.0010187683744288449,-0.016988720285165182,-0.9998549977268514,41.19994831085205,drone3
1743531868.6420887,1.8339942693710327,-0.18854546546936035,1.9883720874786377,0.0013255429164506015,0.0002841691991841931,-0.013304579963130891,-0.9999106315668858,41.39995455741882,drone3
1743531868.842087,1.8497273921966553,-0.1940128356218338,1.9651060104370117,0.003067722659273076,-0.0005794611327899651,-0.010410145141645177,-0.9999409351509652,41.599952936172485,drone3
1743531869.042074,1.8676868677139282,-0.19744764268398285,1.9185504913330078,0.00325651510432026,7.54965302119623e-05,-0.008629145764120383,-0.99995749886243,41.79993987083435,drone3
1743531869.2420902,1.8846923112869263,-0.19789566099643707,1.8713045120239258,0.002649187002130436,0.0005029576880254819,-0.007854613129035681,-0.9999655489104955,41.999956130981445,drone3
1743531869.4421,1.8996915817260742,-0.19635815918445587,1.8318901062011719,0.0020327709445714195,0.0012821452038058257,-0.007617916427798521,-0.9999681620151032,42.199965953826904,drone3
1743531869.642402,1.910720944404602,-0.19390897452831268,1.8065524101257324,0.0012372749033231377,0.0004906061095518216,-0.00759136391323656,-0.9999702693575288,42.40026783943176,drone3
1743531869.8421607,1.9204213619232178,-0.1891968995332718,1.7914413213729858,0.00010635526731152481,-0.0010077426724243042,-0.007573493649467966,-0.9999708594134079,42.60002660751343,drone3
1743531870.0421436,1.93256676197052,-0.184600368142128,1.7822669744491577,-0.0003994134488154936,-0.00018032579555193732,-0.00760721112827667,-0.999971028000802,42.80000948905945,drone3
1743531870.242134,1.9463144540786743,-0.18340973556041718,1.7755628824234009,-0.0004331852729807543,0.00032082398714879085,-0.0076537412490327306,-0.9999706065323168,43.0,drone3
1743531870.4421303,1.957250952720642,-0.18451924622058868,1.770331621170044,-1.799847415245509e-05,0.0009693700659658779,-0.007664025080069359,-0.9999701850638317,43.19999623298645,drone3
1743531870.642168,1.9654245376586914,-0.18754549324512482,1.7593144178390503,0.000689284604173327,-7.176015446814977e-06,-0.007634901607748323,-0.9999706486791653,43.400033950805664,drone3
1743531870.8421738,1.9705744981765747,-0.19171223044395447,1.74079167842865,0.0019750688014531083,-0.0014322368608546874,-0.00760721112827667,-0.9999681620151033,43.60003972053528,drone3
1743531871.0421572,1.9755533933639526,-0.19699469208717346,1.7221646308898926,0.002716822507130063,-0.0020413107233761413,-0.00776673694989044,-0.9999640737707978,43.80002307891846,drone3
1743531871.242143,1.98322594165802,-0.20111291110515594,1.7076754570007324,0.00286203951483338,-0.002333004081677197,-0.008114406303256883,-0.9999603227012801,44.00000882148743,drone3
1743531871.4421458,1.9941526651382446,-0.20159874856472015,1.6991029977798462,0.002627251213841786,-0.0013284774730961126,-0.008496804659796131,-0.9999596062048555,44.20001173019409,drone3
1743531871.6421332,2.00419545173645,-0.19892917573451996,1.6952730417251587,0.0020580711132742583,-0.0010356916306153451,-0.008754532638440227,-0.9999590582958249,44.399999141693115,drone3
1743531871.8421516,2.0125484466552734,-0.19348552823066711,1.6894965171813965,0.0008611235411455516,-0.0020664834842962017,-0.008821040365390442,-0.9999586368273398,44.60001754760742,drone3
1743531872.0421176,2.0218446254730225,-0.1884644329547882,1.6825721263885498,0.0003055949859104424,-0.001327951172557139,-0.008609126011077717,-0.9999620085752206,44.799983501434326,drone3
1743531872.2421253,2.0324079990386963,-0.1837945431470871,1.6783065795898438,-7.190836814203194e-05,-0.0011887558958348157,-0.00829247673821537,-0.9999649167077678,44.99999117851257,drone3
1743531872.4421437,2.042919874191284,-0.1829182207584381,1.6781080961227417,0.00014899676506597743,-0.001266335896233847,-0.007934692141206401,-0.9999677405466181,45.20000958442688,drone3
1743531872.6421666,2.052708864212036,-0.18440817296504974,1.6810534000396729,0.0019133073899875916,-0.006524980980462824,-0.007961581830556341,-0.9999452341295132,45.40003252029419,drone3
1743531872.8421443,2.0652015209198,-0.18636728823184967,1.6856765747070312,0.0026209824463522343,-0.006425120772997467,-0.009212289560117104,-0.9999335594524759,45.60001015663147,drone3
1743531873.0421703,2.0735650062561035,-0.18769602477550507,1.6892204284667969,0.0025606390252690165,-0.005264958632745009,-0.010355227798035549,-0.9999292604739276,45.80003619194031,drone3
1743531873.24215,2.0966622829437256,-0.19238850474357605,1.699643850326538,0.00264221066972609,-0.0032066398655767794,-0.013740420523582042,-0.9998969338411198,46.0000159740448,drone3
1743531873.442192,2.114189386367798,-0.1948062628507614,1.7319797277450562,0.0030950684318538364,-0.0020019383022978625,-0.01684997285986728,-0.9998512888041824,46.20005798339844,drone3
1743531873.642088,2.1323630809783936,-0.19476942718029022,1.7490522861480713,0.002902852851874642,-0.0025842776244395433,-0.01986452619960899,-0.9997951070551174,46.399953842163086,drone3
1743531873.8420975,2.1517770290374756,-0.19308215379714966,1.7435165643692017,0.0021466582735339035,-0.0030444281290282057,-0.02297041176007375,-0.9997292736777434,46.599963426589966,drone3
1743531874.0421019,2.1741976737976074,-0.18952801823616028,1.729894757270813,0.001528224106330174,-0.0021262754566720465,-0.026257065153801773,-0.999651849917029,46.799967765808105,drone3
1743531874.2422483,2.2014849185943604,-0.1835409253835678,1.7166154384613037,0.0007805746265991351,-0.0010038692679747178,-0.029401894402290685,-0.999566881870431,47.00011420249939,drone3
1743531874.4422219,2.2251625061035156,-0.17706482112407684,1.7071421146392822,0.00029605146179833766,0.0009489820836456628,-0.03154683181670709,-0.9995018071363302,47.200087785720825,drone3
1743531874.642214,2.2513744831085205,-0.1703447699546814,1.7005894184112549,-0.0001762703035458932,0.001651865220318454,-0.03311288226682635,-0.9994502615406013,47.40007996559143,drone3
1743531874.8421998,2.275836229324341,-0.16459564864635468,1.6973843574523926,5.510218239024388e-05,2.9931440835178988e-05,-0.03378794833942539,-0.9994290616758004,47.6000657081604,drone3
1743531875.0421784,2.296299457550049,-0.16165763139724731,1.6956493854522705,0.00021481421389470877,0.0012505938425199947,-0.034098275585011106,-0.9994177241735509,47.800044298172,drone3
1743531875.2422268,2.310422658920288,-0.15973737835884094,1.6953227519989014,0.00043795351336727847,0.0004260229660640146,-0.03423145962630547,-0.999413762369791,48.00009274482727,drone3
1743531875.4422271,2.3213860988616943,-0.156113862991333,1.69623863697052,0.0005122739525437883,0.00029555773863299353,-0.03390536945937678,-0.9994249312846463,48.200093030929565,drone3
1743531875.6422358,2.330066442489624,-0.15208198130130768,1.696532130241394,0.0006567242909627181,-0.0032230386528013413,-0.03327839294092866,-0.9994406942059895,48.40010166168213,drone3
1743531875.8422005,2.3387980461120605,-0.15115021169185638,1.695343017578125,0.0011831736609949615,-0.0059439901310988155,-0.03253020208616331,-0.9994524110298754,48.60006642341614,drone3
1743531876.0421624,2.3525891304016113,-0.15114854276180267,1.695141077041626,0.0014752778275919033,-0.004801191339979957,-0.03225852350066205,-0.9994669938394601,48.8000283241272,drone3
1743531876.2421627,2.372645378112793,-0.14887666702270508,1.6963804960250854,0.001381203262901429,-0.0038018344086841152,-0.032601683141237736,-0.9994602503436985,49.00002861022949,drone3
1743531876.442175,2.399012565612793,-0.14750614762306213,1.7007653713226318,0.0008772528396097406,-0.001530643207841575,-0.03291597219058351,-0.9994565835678779,49.20004081726074,drone3
1743531876.642153,2.4276320934295654,-0.14731842279434204,1.7061702013015747,0.0013141838880275675,-0.0006391880327366152,-0.03273781746192794,-0.9994629477420032,49.40001893043518,drone3
1743531876.8421407,2.457057237625122,-0.1472199708223343,1.7107858657836914,0.0016095239365415779,-8.991766711989741e-05,-0.031987898586373575,-0.9994870135925029,49.60000658035278,drone3
1743531877.0421507,2.4852821826934814,-0.148833766579628,1.7152074575424194,0.0015697323518839683,0.0019659542573494063,-0.030954204979795397,-0.9995176964982189,49.80001664161682,drone3
1743531877.2421505,2.510023355484009,-0.1517208367586136,1.7212985754013062,0.0019395390081584263,0.0023861705200764177,-0.029986513337985243,-0.999545597711933,50.00001645088196,drone3
1743531877.4421625,2.5298972129821777,-0.15287025272846222,1.7282190322875977,0.0022350142846712475,0.002978145871254061,-0.029169580973298637,-0.9995675562200073,50.20002841949463,drone3
1743531877.642147,2.546414375305176,-0.15124709904193878,1.73800790309906,0.0020773586471421208,0.000204880852013392,-0.02876956523408175,-0.999583951344078,50.4000129699707,drone3
1743531877.8421595,2.560351848602295,-0.14903250336647034,1.749656319618225,0.0008007779695029259,0.001130488093853546,-0.028828739409391013,-0.9995834455818958,50.60002541542053,drone3
1743531878.0421696,2.5669267177581787,-0.1478247046470642,1.756830096244812,0.00045990690485931963,2.7986824500312526e-05,-0.028680635383723674,-0.9995885032037171,50.80003547668457,drone3
1743531878.242142,2.576490879058838,-0.14415399730205536,1.7668839693069458,0.0005371365004139958,-0.0004625982707933003,-0.027456480168724873,-0.9996227685915564,51.00000786781311,drone3
1743531878.4421892,2.582484722137451,-0.14092296361923218,1.7894482612609863,-2.12939543474952e-05,-0.0018340361649738731,-0.02520103371751281,-0.9996807626551074,51.20005512237549,drone3
1743531878.6422122,2.589404344558716,-0.14189468324184418,1.8062636852264404,0.00037915206138730296,-0.002262975261299433,-0.02310941206646272,-0.9997302852021077,51.4000780582428,drone3
1743531878.8421006,2.5982017517089844,-0.14276623725891113,1.8101502656936646,0.0012244533710249685,-0.0036669073647131877,-0.021492195342251164,-0.9997616003105514,51.599966526031494,drone3
1743531879.0421038,2.6107845306396484,-0.14255063235759735,1.8053168058395386,0.0013111670133184343,-0.0024867704582397566,-0.02010016922963337,-0.9997940533839047,51.79996967315674,drone3
1743531879.2420964,2.624922752380371,-0.14013290405273438,1.7972862720489502,0.001105488674195696,-0.001381632088563338,-0.018793111163613485,-0.9998218703039219,51.9999623298645,drone3
1743531879.4420922,2.638120651245117,-0.13598620891571045,1.7905608415603638,0.0006786321013995363,-0.000449639856417732,-0.016898315295109267,-0.9998568943350346,52.199958086013794,drone3
1743531879.6420963,2.652766466140747,-0.13173405826091766,1.7916412353515625,0.0007982953647502883,-0.0006346788807377582,-0.014819042670672855,-0.999889684583176,52.399962186813354,drone3
1743531879.8420978,2.6702351570129395,-0.12746843695640564,1.8001819849014282,0.001207878958211932,-0.00555035700525329,-0.013169415019956388,-0.9998971867222108,52.599963665008545,drone3
1743531880.042096,2.6941919326782227,-0.12402722984552383,1.8112937211990356,0.0008729990330989722,-0.0038672046646328947,-0.012713934028099227,-0.9999113902101591,52.79996180534363,drone3
1743531880.2420774,2.720153570175171,-0.12144355475902557,1.8210207223892212,0.0007753624834828832,-0.001731099731475603,-0.013447542073279861,-0.9999077655811871,52.999943256378174,drone3
1743531880.4421275,2.7439799308776855,-0.12055370211601257,1.8296003341674805,0.0005645290888209302,0.0004800791521146231,-0.014596380869989767,-0.9998932670652994,53.1999933719635,drone3
1743531880.64212,2.764580011367798,-0.12116815894842148,1.8374249935150146,0.000977190292287931,0.0008848956705049545,-0.015273765019256869,-0.9998825617657776,53.399985790252686,drone3
1743531880.8421104,2.783029794692993,-0.12150504440069199,1.8427846431732178,0.000916974824344662,0.0037407613202861774,-0.014866542168944619,-0.9998820560035955,53.59997630119324,drone3
1743531881.0421112,2.7977957725524902,-0.1224566325545311,1.8459391593933105,0.00100946163822639,0.004113020890216744,-0.013142019568424312,-0.9999046888612458,53.79997706413269,drone3
1743531881.24211,2.809654474258423,-0.12635189294815063,1.849780797958374,0.0017608843979174062,0.0018660524432478297,-0.010859009078286186,-0.9999378162841754,53.99997591972351,drone3
1743531881.4421327,2.8190300464630127,-0.13200446963310242,1.8552780151367188,0.0025440701277662345,-0.0012729852201309488,-0.009135540148978827,-0.9999542535550946,54.19999861717224,drone3
1743531881.6421387,2.8278489112854004,-0.13814756274223328,1.8609871864318848,0.002975762763315797,-0.0010219991732053687,-0.008552902115164185,-0.9999585525336427,54.400004625320435,drone3
1743531881.8421133,2.835986852645874,-0.1439242959022522,1.8651924133300781,0.0032234897969484664,-0.0020957641841185108,-0.008923499354120457,-0.9999528627090938,54.59997916221619,drone3
1743531882.042115,2.8478331565856934,-0.14708346128463745,1.86967134475708,0.0032905742442515228,-0.003074790529363909,-0.009835346421653679,-0.9999415252068443,54.799980878829956,drone3
1743531882.2421153,2.861584424972534,-0.14626167714595795,1.8730762004852295,0.0029728817134114364,-0.0020335955657723856,-0.011752817294656825,-0.9999244557331974,54.99998116493225,drone3
1743531882.4420846,2.8739748001098633,-0.14297686517238617,1.8761944770812988,0.0021676852704015375,-0.0007383754958280371,-0.01455410758093334,-0.9998914547508134,55.19995045661926,drone3
1743531882.6420968,2.8840224742889404,-0.13941001892089844,1.8798072338104248,0.001367084192127374,-0.0006388180130411933,-0.018019674346590075,-0.9998364952603551,55.39996266365051,drone3
1743531882.842095,2.891148567199707,-0.13575899600982666,1.8856933116912842,0.0022332120541480567,-0.0012429161190554887,-0.023452445266492872,-0.9997217293918601,55.599960803985596,drone3
1743531883.042175,2.895151138305664,-0.13355502486228943,1.8896944522857666,0.0019111862592864125,-0.0011359377040033466,-0.028671953132930528,-0.9995863958612916,55.80004096031189,drone3
1743531883.242127,2.9016215801239014,-0.13053195178508759,1.8935151100158691,0.0011393704392796378,-0.0013176250403255992,-0.03408424068445698,-0.9994175134393084,55.99999284744263,drone3
1743531883.442127,2.913062334060669,-0.1274310201406479,1.9010295867919922,-0.0009345005046993537,-0.0023551281931156126,-0.039468753462814754,-0.9992176530836698,56.19999289512634,drone3
1743531883.6421256,2.927609443664551,-0.12553352117538452,1.9076111316680908,-0.0005113127039366812,-0.00110335726402621,-0.04191162694935463,-0.9991205888915491,56.399991512298584,drone3
1743531883.8421206,2.943065643310547,-0.12261540442705154,1.91568922996521,0.0005423561190393887,-0.0005145743951390954,-0.04174493616349406,-0.9991280488837355,56.59998655319214,drone3
1743531884.0421133,2.955874443054199,-0.11921671032905579,1.924652338027954,0.002691532978036933,-0.004762461185012604,-0.04087991424465642,-0.999149122307991,56.7999792098999,drone3
1743531884.2421215,2.9710030555725098,-0.11441032588481903,1.9333999156951904,0.0028718851462385254,-0.0037887670334893096,-0.04183407674809464,-0.9991132553399082,56.99998736381531,drone3
1743531884.4421363,2.990135669708252,-0.10823918879032135,1.9434409141540527,0.001588372181503834,-0.0017239907898158385,-0.045582786042047574,-0.9989578177626002,57.20000219345093,drone3
1743531884.6421347,3.0102686882019043,-0.10424887388944626,1.9551842212677002,0.0011977183367368168,-0.000609861543491485,-0.05059796598690436,-0.9987182129288157,57.40000057220459,drone3
1743531884.8421323,3.031402349472046,-0.10271365195512772,1.9709193706512451,0.0005203016512551306,-0.0013973187113513054,-0.05577912022119713,-0.9984420246305237,57.599998235702515,drone3
1743531885.0421214,3.0508172512054443,-0.10294260829687119,1.985842227935791,0.000625693529689963,7.705133321579701e-05,-0.05980140470883427,-0.9982100905231683,57.79998731613159,drone3
1743531885.2421012,3.0696964263916016,-0.10271365195512772,2.0005016326904297,0.0010934014498932036,-0.00017575260524455382,-0.06171348078522798,-0.9980933016059446,57.999967098236084,drone3
1743531885.4420938,3.08899188041687,-0.1032116487622261,2.014954090118408,0.002263946120540454,-0.0009235008357825168,-0.061572752458050106,-0.9980996657800698,58.19995975494385,drone3
1743531885.6420994,3.1087806224823,-0.10473649948835373,2.024678945541382,0.0028897191489001754,0.00029799715212668965,-0.06064172857444444,-0.9981553839138011,58.39996528625488,drone3
1743531885.842113,3.1265413761138916,-0.10413682460784912,2.029813528060913,0.0038933470706025383,0.0004101830078757051,-0.060706044665272074,-0.9981480503621603,58.59997892379761,drone3
1743531886.0420992,3.142815351486206,-0.09929239004850388,2.030587911605835,0.0042706458231081875,-0.000798569674262131,-0.06433442470672646,-0.9979189822405037,58.799965143203735,drone3
1743531886.2423267,3.1598093509674072,-0.09128527343273163,2.029076099395752,0.0027271817209333733,-0.0011288946939675643,-0.07225069867513367,-0.9973821156841718,59.000192642211914,drone3
1743531886.4421613,3.1760611534118652,-0.08126788586378098,2.0268428325653076,0.0010265109027887173,0.00016493638213235413,-0.08255610889822934,-0.996585877422104,59.20002722740173,drone3
1743531886.6421435,3.1915202140808105,-0.07422416657209396,2.025230884552002,-8.013327006423508e-05,-0.00019286884584128876,-0.09209807110739876,-0.995749936828739,59.40000939369202,drone3
1743531886.8421493,3.205836296081543,-0.0728234201669693,2.024925470352173,2.220776717111889e-06,-0.002494731232365469,-0.09980276789628129,-0.995004190491187,59.60001516342163,drone3
1743531887.0421681,3.2191648483276367,-0.07521948963403702,2.023467779159546,0.0007535613675461205,-0.001429729514379085,-0.10495623165110224,-0.9944755847171636,59.800034046173096,drone3
1743531887.242153,3.229574203491211,-0.0782211646437645,2.0212478637695312,0.0018086939780446278,-0.0019377113979471535,-0.10728686808005772,-0.9942245580874327,60.00001883506775,drone3
1743531887.4421787,3.2379348278045654,-0.07988923788070679,2.022878408432007,0.002364325754986484,-0.004032182246955958,-0.10709324545799864,-0.9942380450789561,60.20004463195801,drone3
1743531887.6421926,3.2490241527557373,-0.07970455288887024,2.0265145301818848,0.00269938961981233,-0.0032144651853290057,-0.10537087234675252,-0.9944242498556772,60.40005850791931,drone3
1743531887.842143,3.263258218765259,-0.07601023465394974,2.0316648483276367,0.002481279761086516,-0.0033410399916232528,-0.10363471721604317,-0.9946067878565779,60.600008964538574,drone3
1743531888.042126,3.280104637145996,-0.0697501078248024,2.036456346511841,0.0006730833597216475,-0.003649900782066784,-0.10218385410290415,-0.9947586850986112,60.799991846084595,drone3
1743531888.2421768,3.295842409133911,-0.0646335780620575,2.035020351409912,-0.00017173177943299953,-0.003517724643141826,-0.10089504562228957,-0.99489089976239,61.00004267692566,drone3
1743531888.4421473,3.315518379211426,-0.05794297158718109,2.05452036857605,-7.697562117013484e-07,-0.0009309986942781518,-0.09856061597696819,-0.995130715330417,61.200013160705566,drone3
1743531888.6421328,3.3374180793762207,-0.05019466206431389,2.063610315322876,-0.00027583462902176125,-6.852545587379332e-05,-0.0958018097139906,-0.9954004130140381,61.39999866485596,drone3
1743531888.8421314,3.3595170974731445,-0.04414629191160202,2.060469627380371,-0.0002736948429894407,-0.0009829023324241595,-0.09211943955959379,-0.9957475344583737,61.5999972820282,drone3
1743531889.0421414,3.381303071975708,-0.041275504976511,2.0496304035186768,-4.3524955790763045e-06,0.000262923246557417,-0.08796380244326812,-0.9961236107876366,61.800007343292236,drone3
1743531889.2421398,3.4034576416015625,-0.04151779040694237,2.036315679550171,-0.0004468991485218729,0.00029294745341899587,-0.08405569376824695,-0.9964609541631178,62.0000057220459,drone3
1743531889.4421566,3.4244251251220703,-0.045156534761190414,2.0290026664733887,0.0002763241642557576,-0.0012024408211419783,-0.0789062339640344,-0.9968813689770138,62.20002245903015,drone3
1743531889.642167,3.4456100463867188,-0.05167640000581741,2.02656626701355,0.0014719730866147218,-1.480901962319606e-05,-0.07226519719102142,-0.9973843916139913,62.40003299713135,drone3
1743531889.8421664,3.465425491333008,-0.06060430034995079,2.025233507156372,0.0030440333315957975,-0.0006620388274600741,-0.06573504877644043,-0.9978323283199652,62.600032329559326,drone3
1743531890.0421314,3.4849061965942383,-0.06906160712242126,2.0256288051605225,0.003885027595515129,-0.002154166010197034,-0.059405645801316964,-0.998224083276874,62.799997329711914,drone3
1743531890.2421405,3.504743814468384,-0.07527612149715424,2.0267021656036377,0.004132797558017911,-0.001840971626459692,-0.0538184066816218,-0.9985405218154937,63.000006437301636,drone3
1743531890.4422252,3.5240700244903564,-0.07715883105993271,2.028520345687866,0.0040178659832609265,-0.0003666308253846473,-0.049644730714133445,-0.9987588003439316,63.20009112358093,drone3
1743531890.6422057,3.5419135093688965,-0.07225000858306885,2.0294835567474365,0.0030671292283533224,0.004071537360661517,-0.047389452850315594,-0.9988635774093297,63.40007162094116,drone3
1743531890.8421557,3.5549042224884033,-0.06453011184930801,2.0302960872650146,0.0006984561329564888,0.0016199349901453726,-0.046596080573946486,-0.9989122991662083,63.60002160072327,drone3
1743531891.042131,3.56516432762146,-0.05889551714062691,2.0314183235168457,-8.736823553433659e-05,0.0011269181137860149,-0.04678224320381913,-0.9989045019992339,63.799996852874756,drone3
1743531891.2421257,3.573578119277954,-0.05586295947432518,2.033738851547241,-0.0002503748867528346,-7.774560376263191e-06,-0.047477666204248814,-0.9988723018069714,63.99999165534973,drone3
1743531891.4421117,3.581390619277954,-0.05523022636771202,2.036839246749878,-0.00016921103569257179,-0.002252699332796869,-0.048068522873523034,-0.9988414924607101,64.19997763633728,drone3
1743531891.6421142,3.5917718410491943,-0.05447690561413765,2.0386643409729004,0.00033195285941116706,-0.0017708581213741051,-0.047729662211495494,-0.9988586883749024,64.39998006820679,drone3
1743531891.8421178,3.603353977203369,-0.0532858707010746,2.0389435291290283,0.001338151841770274,-0.0018448858297994983,-0.046696010751765826,-0.9989066093416594,64.59998369216919,drone3
1743531892.0421712,3.614492893218994,-0.05273178592324257,2.041508197784424,0.0022955315486423767,-0.00224788884266438,-0.04554949003172398,-0.9989569748256297,64.80003714561462,drone3
1743531892.2421944,3.628101348876953,-0.05087842419743538,2.0477774143218994,0.002230958103251424,-0.0015588091358684794,-0.04484525833995545,-0.9989903129828019,65.00006031990051,drone3
1743531892.4421782,3.642026424407959,-0.04582688957452774,2.0558669567108154,0.001729002761126185,-0.0003241677931918584,-0.0448431931443784,-0.9989925467657731,65.20004415512085,drone3
1743531892.6421103,3.6553244590759277,-0.038549475371837616,2.061831474304199,0.0009427158885955971,0.00014570095559868473,-0.045263270783486464,-0.998974634355156,65.39997625350952,drone3
1743531892.8421013,3.6673734188079834,-0.030444219708442688,2.065814971923828,0.0002787253821679876,-0.000943347844368942,-0.04590693745394486,-0.9989452158548954,65.59996724128723,drone3
1743531893.0421538,3.678611993789673,-0.02315385639667511,2.068618059158325,-0.0003116448207926768,-0.00025010874988110656,-0.04673449082445624,-0.9989073258380841,65.80001974105835,drone3
1743531893.2421148,3.6857430934906006,-0.020672040060162544,2.0693044662475586,-0.00043463233707410166,-0.001019979705312605,-0.04720645123408118,-0.9988845665398881,65.99998068809509,drone3
1743531893.4421225,3.694897413253784,-0.018378231674432755,2.1005666255950928,0.00032255896895898425,-0.001799386187141853,-0.04775284297817656,-0.9988575082631441,66.19998836517334,drone3
1743531893.642323,3.7066028118133545,-0.018810302019119263,2.1288681030273438,0.0007900867155007439,-0.001216852203359515,-0.04797740138704254,-0.9988473930195017,66.40018892288208,drone3
1743531893.8424523,3.7184674739837646,-0.021363288164138794,2.132185220718384,0.00156695395260479,-0.0010706684317389635,-0.04795198683739049,-0.9988478566348352,66.60031819343567,drone3
1743531894.042206,3.731660842895508,-0.025499282404780388,2.1175343990325928,0.0029731218352026614,-0.0066227475103011755,-0.04772262368779412,-0.9988342853496146,66.80007195472717,drone3
1743531894.2421913,3.7516226768493652,-0.02673519402742386,2.097986936569214,0.002957810346119809,-0.005198267336513216,-0.047688569034197326,-0.9988444005932573,67.00005722045898,drone3
1743531894.4421651,3.7778921127319336,-0.027072325348854065,2.0763449668884277,0.002606641055068191,-0.002208518178562269,-0.047890115263776456,-0.998846845110471,67.200031042099,drone3
1743531894.6421704,3.8068795204162598,-0.025371840223670006,2.0606064796447754,0.002129990841309117,-0.00014997684392985708,-0.048210009843974166,-0.9988349596991908,67.40003633499146,drone3
1743531894.8421402,3.83389949798584,-0.022230980917811394,2.0533981323242188,0.0014286219659938849,0.0002745975428738886,-0.04855211581333707,-0.9988196603931814,67.60000610351562,drone3
1743531895.0421522,3.8575470447540283,-0.018119851127266884,2.0522518157958984,0.001074238607312025,0.001710667420878319,-0.04885519380097891,-0.9988038553249897,67.8000180721283,drone3
1743531895.2421496,3.8772571086883545,-0.012233275920152664,2.053753137588501,0.001297711384977143,0.0020000882038208744,-0.04943378573733648,-0.9987746054121232,68.00001549720764,drone3
1743531895.4422429,3.8940601348876953,-0.004341860301792622,2.054659128189087,0.0010373812500277958,-0.00045941978771844405,-0.0511269510825646,-0.9986915339737084,68.20010876655579,drone3
1743531895.6421735,3.910540819168091,0.002385876141488552,2.053673505783081,0.00013424384005811355,-0.00024514085217657207,-0.054072847206082075,-0.9985369393333703,68.40003943443298,drone3
1743531895.8421555,3.9267578125,0.007626583334058523,2.051450490951538,4.2382113536435755e-05,0.0027015038357961737,-0.05714935641313479,-0.9983619877652017,68.60002136230469,drone3
1743531896.042124,3.9391095638275146,0.00971141830086708,2.0454165935516357,-0.00015568080403379319,0.00012882542588181403,-0.05936838798723337,-0.9982361372755479,68.79998993873596,drone3
1743531896.2421336,3.9518260955810547,0.010117297992110252,2.038316488265991,0.00021476375292178585,-0.0010647008043052028,-0.06056712865258024,-0.9981635604024123,68.99999952316284,drone3
1743531896.442161,3.9663214683532715,0.007261664140969515,2.033789873123169,0.0006967204565876376,-0.000225809602272114,-0.06084875389432998,-0.998146785956705,69.20002698898315,drone3
1743531896.6422462,3.9800612926483154,0.0020472111646085978,2.0318002700805664,0.0018371529738122195,-8.041931504513404e-05,-0.06048527947277205,-0.9981674379124754,69.40011215209961,drone3
1743531896.8421373,3.992741107940674,-0.002540440298616886,2.0302674770355225,0.0026142809739619108,-0.0015490087588187435,-0.05964790588655755,-0.9982148952638985,69.60000324249268,drone3
1743531897.0421321,4.0054426193237305,-0.0043228608556091785,2.03116512298584,0.002673828832120454,-0.0008798143102119594,-0.058316950557432023,-0.9982941734859475,69.79999804496765,drone3
1743531897.2421067,4.01982307434082,-0.00432174326851964,2.0341742038726807,0.0023814864370477495,-0.0006398923872469333,-0.05702835281106,-0.998369532051085,69.9999725818634,drone3
1743531897.4421024,4.035043239593506,-0.004549643024802208,2.0370309352874756,0.0016965327302517167,-0.0011558171459067875,-0.05605476061045833,-0.9984255873596045,70.1999683380127,drone3
1743531897.6421084,4.052252769470215,-0.002901717321947217,2.039431095123291,0.0015211192754287092,-0.0002165733920705615,-0.055331394249465926,-0.9984669334179936,70.39997434616089,drone3
1743531897.842114,4.070282459259033,0.0009399443515576422,2.0437965393066406,0.0009980747451388632,0.000299412446592408,-0.054930830601218394,-0.9984896084224926,70.59997987747192,drone3
1743531898.0421083,4.085997581481934,0.004118232522159815,2.0477099418640137,8.222553799453277e-05,-0.00023403595505019163,-0.05439615568100914,-0.9985194483912383,70.79997420310974,drone3
1743531898.2421803,4.096328258514404,0.0058485371991992,2.0479953289031982,-0.00014714228315185608,-0.00039280049921269755,-0.053343032377267396,-0.9985762201961824,71.00004625320435,drone3
1743531898.442316,4.106889724731445,0.005619633011519909,2.0649471282958984,0.0001522713146071567,0.0001262353073071501,-0.050999541159516215,-0.9986986567911067,71.20018196105957,drone3
1743531898.6421525,4.11478853225708,0.0022913699503988028,2.1211235523223877,0.0008217837180204207,-0.0002640434822141548,-0.04832300554483182,-0.9988313772170674,71.40001845359802,drone3
1743531898.8421655,4.123571872711182,-0.0012401308631524444,2.134775161743164,0.0015158193092284636,-0.0025666074141447383,-0.04588915148387329,-0.9989420969881055,71.60003137588501,drone3
1743531899.0421805,4.137134552001953,-0.00305269961245358,2.1012184619903564,0.0017157454215652205,-0.0015931154100610001,-0.04287754842352737,-0.9990775991060681,71.80004644393921,drone3
1743531899.2421827,4.152492046356201,-0.006202172953635454,2.056180715560913,0.0017974161100873186,-0.0008108131279593882,-0.04078786552750863,-0.9991658967536983,72.00004863739014,drone3
1743531899.4421756,4.1684064865112305,-0.011571716517210007,2.0137722492218018,0.0018004286630981174,-0.0008202890483618471,-0.03930674097713882,-0.9992252395164016,72.20004153251648,drone3
1743531899.6421602,4.183068752288818,-0.01901080086827278,1.9770855903625488,0.002298025798828558,0.0001807469244751594,-0.0376568604453314,-0.999288038320683,72.40002608299255,drone3
1743531899.8422613,4.1953253746032715,-0.024728015065193176,1.9512317180633545,0.0023220036513183994,0.0002213961604568371,-0.03612815210299275,-0.9993444729508391,72.60012722015381,drone3
1743531900.0421772,4.205991744995117,-0.027870409190654755,1.9325203895568848,0.0030528900966836554,-0.0005931524377470517,-0.03518545354234953,-0.9993759566466767,72.8000431060791,drone3
1743531900.2421424,4.216569423675537,-0.027354000136256218,1.9127757549285889,0.003550602313066866,-0.000633702562780278,-0.03475850596693425,-0.999389275050806,73.00000834465027,drone3
1743531900.4421391,4.227667331695557,-0.025021187961101532,1.8959479331970215,0.002894659385162933,7.728316146212102e-05,-0.034690775981377264,-0.9993939533509908,73.20000505447388,drone3
1743531900.6421635,4.237822532653809,-0.020238757133483887,1.8810279369354248,0.0016911664980103548,-0.00012991650808187867,-0.034823622847883595,-0.9993920145959593,73.40002942085266,drone3
1743531900.8421538,4.248665809631348,-0.013420809991657734,1.8627674579620361,-0.0011000295563093104,-0.0017874296324754035,-0.03494572226801962,-0.9993869991209865,73.60001969337463,drone3
1743531901.042145,4.259859085083008,-0.007654041051864624,1.8438348770141602,-0.0015605229362119575,-0.0009285161666987033,-0.034902184573507855,-0.9993891486102606,73.80001091957092,drone3
1743531901.2421565,4.270263195037842,-0.005151774734258652,1.8266218900680542,-0.001588314008357209,-0.0009389256151002591,-0.034748011401654955,-0.9993944591131729,74.00002241134644,drone3
1743531901.442236,4.279317855834961,-0.006832185201346874,1.8108890056610107,-0.001388237732437995,-0.001969477882057305,-0.03361531484792479,-0.9994319276614991,74.20010185241699,drone3
1743531901.6422358,4.288351058959961,-0.012054222635924816,1.7971409559249878,-0.00037536152035826104,-0.0015667976923406282,-0.029531032346128083,-0.9995625828918828,74.40010166168213,drone3
1743531901.8421552,4.2993550300598145,-0.018922563642263412,1.7876232862472534,0.0013693240666351506,-0.0017438354471925753,-0.024112043445688347,-0.9997068094074872,74.60002112388611,drone3
1743531902.0421286,4.312209606170654,-0.024286696687340736,1.779004693031311,0.0025206495531316375,-0.0024650677689825374,-0.01803434144987187,-0.9998311847574428,74.79999446868896,drone3
1743531902.2421381,4.327268123626709,-0.026027407497167587,1.7715427875518799,0.002305297364967638,-0.0018871227548513771,-0.01062092153104821,-0.9999392071301763,75.00000405311584,drone3
1743531902.4421394,4.343258380889893,-0.02476297691464424,1.7646801471710205,0.002033916112311769,-0.0004003118372912355,-0.0025417921399948917,-0.9999946723828166,75.20000529289246,drone3
1743531902.6421435,4.358068943023682,-0.021752506494522095,1.7603439092636108,0.001305834778437297,6.443499927040785e-05,0.004206887684114979,-0.9999903312574199,75.40000939369202,drone3
1743531902.842236,4.371488571166992,-0.019084131345152855,1.7571958303451538,-0.00025879757840211565,-0.0009576788429974748,0.009486960571862768,-0.9999545064361857,75.60010194778442,drone3
1743531903.0422163,4.3825578689575195,-0.018075721338391304,1.7553750276565552,-0.0005367134550233597,-0.0004494287929029252,0.012919020592953356,-0.9999163635382833,75.80008220672607,drone3
1743531903.242113,4.394740581512451,-0.01862984523177147,1.7535237073898315,-0.00035705761532089605,-0.00024973463743446805,0.016290979208067435,-0.9998672624597682,75.99997901916504,drone3
1743531903.4421196,4.40828275680542,-0.01659657061100006,1.749572992324829,0.00015988555155127925,-0.0020323401329859817,0.02022825350225821,-0.9997933368874801,76.19998550415039,drone3
1743531903.642142,4.420982360839844,-0.01578494720160961,1.7519599199295044,0.00020227634964334887,-0.0011035957600356832,0.025159982687063376,-0.999682785703836,76.40000796318054,drone3
1743531903.8421195,4.4333062171936035,-0.016318708658218384,1.7564101219177246,0.0011432297673403611,-0.0016921606121040637,0.030078435614587673,-0.9995454712713874,76.59998536109924,drone3
1743531904.0421178,4.447974681854248,-0.015988128259778023,1.7642799615859985,0.006813207143088504,-0.003145065172058795,0.0315157695893547,-0.9994751281812227,76.7999837398529,drone3
1743531904.242125,4.465765953063965,-0.011760344728827477,1.7729737758636475,0.005461366733436818,-0.0020048862356288177,0.025171783804646408,-0.9996662641392197,76.999990940094,drone3
1743531904.4421258,4.485193252563477,-0.006053888704627752,1.7819926738739014,0.002247419452204242,-0.00016183155057224814,0.01228382543904566,-0.9999220533628322,77.19999170303345,drone3
1743531904.6421297,4.50102424621582,-0.0019032402196899056,1.7899761199951172,0.0016127057766499582,3.515269424586145e-05,-0.0040248975922447805,-0.999990584138511,77.39999556541443,drone3
1743531904.842107,4.513505458831787,0.0015886978944763541,1.7981007099151611,0.0017263933196723334,-0.001217852162035857,-0.02244500914653691,-0.9997458795360568,77.59997296333313,drone3
1743531905.0420883,4.5245890617370605,0.0033231026027351618,1.8059438467025757,0.0010589749450240643,-0.0006859271384763471,-0.039933085292859216,-0.9992015951343871,77.7999541759491,drone3
1743531905.2420955,4.536734104156494,0.003617569338530302,1.8135926723480225,0.0018721178182371171,-0.0010022801280486486,-0.05362680710829126,-0.9985588135477474,77.99996137619019,drone3
1743531905.4420953,4.550065040588379,0.00463408138602972,1.8242628574371338,0.0037035602233482998,-0.0026579882848433716,-0.06490446083283635,-0.9978810922236923,78.19996118545532,drone3
1743531905.6421063,4.565206527709961,0.007322588935494423,1.8337942361831665,0.003446929956080927,-0.0016227438882669483,-0.07498151943070003,-0.9971776613220454,78.39997220039368,drone3
1743531905.8421261,4.581724166870117,0.013439057394862175,1.8421719074249268,0.0034259042763023096,-0.001765991148187857,-0.08470686257774024,-0.9963984925336246,78.59999203681946,drone3
1743531906.0421295,4.599114894866943,0.020957384258508682,1.8527700901031494,0.00337979438926044,-0.0012969950943474856,-0.0959853592392555,-0.9953761785761444,78.79999542236328,drone3
1743531906.2421095,4.615348815917969,0.03166160732507706,1.8635585308074951,0.0023254957482081087,-0.0004575778798886447,-0.10992146758047366,-0.9939374537553765,78.99997544288635,drone3
1743531906.4420922,4.63017463684082,0.04504493623971939,1.8744471073150635,0.0009835693556928175,-3.095056289932573e-05,-0.12513230735490388,-0.9921395956384473,79.1999580860138,drone3
1743531906.6421084,4.643293380737305,0.05899607390165329,1.8858733177185059,-0.00035941404963413666,0.00043460038994827917,-0.1390304413856137,-0.9902880424365152,79.39997434616089,drone3
1743531906.8420877,4.6555280685424805,0.07090583443641663,1.8981289863586426,-0.00017582222574675222,-0.0004840783076958275,-0.15000510141621393,-0.9886851556407974,79.59995365142822,drone3
1743531907.0421023,4.667706489562988,0.08135633915662766,1.913224697113037,0.0007857470512497551,-0.0014390291712280759,-0.15963257958101196,-0.9871751604991976,79.79996824264526,drone3
1743531907.2420893,4.679862976074219,0.08995993435382843,1.9287669658660889,0.0010913167552248845,-0.001298335633721786,-0.16915106599556073,-0.985588710974399,79.99995517730713,drone3
1743531907.4422636,4.694350242614746,0.09939536452293396,1.9421160221099854,0.0014348157828866278,-0.0010349217097674404,-0.17882899393802626,-0.983878560449221,80.20012950897217,drone3
1743531907.6422,4.706226348876953,0.10889114439487457,1.9527466297149658,0.0008371162187889882,0.00010122779861334945,-0.18600782449803838,-0.9825479422948835,80.40006589889526,drone3
1743531907.8421683,4.718194961547852,0.11993569135665894,1.9658820629119873,0.0010199613072255493,-0.0002705172422613236,-0.1931087255351538,-0.9811769053128241,80.60003423690796,drone3
1743531908.0421634,4.729127407073975,0.12819242477416992,1.9808943271636963,0.0020840189193416766,-0.0010734096026739177,-0.19951251769789902,-0.9798924379576062,80.80002927780151,drone3
1743531908.2421553,4.741675853729248,0.1365804821252823,1.9837758541107178,0.002251976168609177,-0.0012499659614905291,-0.20228249287573202,-0.9793238769711942,81.00002121925354,drone3
1743531908.4421866,4.7480549812316895,0.14313355088233948,2.01226806640625,0.0019961961646196734,-0.0009849096995615798,-0.21549220028286492,-0.9765030305472086,81.20005249977112,drone3
1743531908.6421788,4.7548828125,0.1492982655763626,2.135471820831299,0.0007477208597819233,-0.0010953641183220127,-0.22444452808136695,-0.9744860509648712,81.40004467964172,drone3
1743531908.8421824,4.763388156890869,0.1557576209306717,2.189307928085327,0.0016195678052782713,-0.0017678794473913052,-0.23192778532817315,-0.9727301289622103,81.60004830360413,drone3
1743531909.0421505,4.772639751434326,0.16154631972312927,2.1386165618896484,0.0027431004086321095,-0.002394602071207142,-0.2385070769681178,-0.9711339435154058,81.80001640319824,drone3
1743531909.2421381,4.782112121582031,0.16922634840011597,2.037292003631592,0.0028164168478298506,-0.0023810995833082023,-0.24530776600329007,-0.9694381650655699,82.00000405311584,drone3
1743531909.4421163,4.792410850524902,0.1807653307914734,1.923029899597168,0.0022179035696745343,-0.0017030994068129273,-0.25301183058944493,-0.9674591597937409,82.19998216629028,drone3
1743531909.642119,4.804721355438232,0.19414113461971283,1.82939875125885,0.0009232555588227067,-0.0006198923596702137,-0.26058243717979,-0.9654509256824695,82.39998483657837,drone3
1743531909.8421223,4.8160319328308105,0.20722143352031708,1.7688288688659668,0.0007325800983627674,-0.0005408422306854163,-0.26640424458487255,-0.9638609147489718,82.59998822212219,drone3
1743531910.0421662,4.827327728271484,0.22169367969036102,1.724576473236084,0.0010909658024509242,-0.0007725587508195254,-0.27157465137279496,-0.9624165422505034,82.80003213882446,drone3
1743531910.2421756,4.838070392608643,0.2370392084121704,1.6785129308700562,0.0010352637413214205,-6.441289687022202e-05,-0.27751592401998165,-0.9607205530664251,83.00004148483276,drone3
1743531910.4422357,4.846328258514404,0.25296443700790405,1.6299614906311035,0.0009088409559109386,0.000410272919780572,-0.28478437985335214,-0.958591062471988,83.20010161399841,drone3
1743531910.6421826,4.854682922363281,0.26732927560806274,1.5861393213272095,-0.0002437872705340701,0.0007949426374869782,-0.293239901675032,-0.9560385439590469,83.40004849433899,drone3
1743531910.8421202,4.864468097686768,0.2781783640384674,1.5491175651550293,0.0006392176106459459,0.0007250780159214985,-0.301735694810464,-0.9533911318166837,83.59998607635498,drone3
1743531911.0421028,4.873727321624756,0.28773045539855957,1.5129507780075073,0.0032539204389588237,0.00033942338830973635,-0.31220006187271854,-0.9500108913458372,83.79996871948242,drone3
1743531911.2421138,4.883310794830322,0.3006448447704315,1.4799301624298096,0.0042953896451788905,0.0009566776495503207,-0.32712938177252016,-0.9449693064003883,83.99997973442078,drone3
1743531911.4421065,4.8921308517456055,0.3146496117115021,1.4539389610290527,0.003947633363937472,0.0014368293650378558,-0.346975005110572,-0.9378650125419676,84.19997239112854,drone3
1743531911.6421137,4.895692825317383,0.3277644217014313,1.4356088638305664,0.0021927525201437268,0.001477327547373016,-0.3693740109719595,-0.9292771917628122,84.39997959136963,drone3
1743531911.8421373,4.894606113433838,0.3393654525279999,1.421974539756775,0.0022271389155364262,-0.00019250161467025334,-0.3899548860822839,-0.9208313215694414,84.60000324249268,drone3
1743531912.0421178,4.889660835266113,0.34835806488990784,1.405158281326294,0.0024526004873258946,-0.0022975505251990515,-0.41038160909417976,-0.9119077379216238,84.7999837398529,drone3
1743531912.2420998,4.885840892791748,0.35772863030433655,1.3902091979980469,0.0015704477987533618,-0.0039048940723234245,-0.43059995808703777,-0.9025330987010427,84.99996566772461,drone3
1743531912.4421144,4.886130332946777,0.37076738476753235,1.378537893295288,0.0005981964770880266,-0.004314515917960199,-0.448542419407156,-0.8937510020236763,85.19998025894165,drone3
1743531912.6421115,4.890450477600098,0.3872596323490143,1.3718355894088745,-0.00045685051747956296,-0.002919163414714507,-0.4617340879631263,-0.8870135332612703,85.39997744560242,drone3
1743531912.8421283,4.897789001464844,0.4048420786857605,1.3704876899719238,4.521122074274729e-05,-0.001884362053955829,-0.46850141776770227,-0.8834607435926202,85.59999418258667,drone3
1743531913.0421157,4.9061079025268555,0.4239526689052582,1.3681520223617554,0.006592756899499407,-0.0007678016516685256,-0.47177749230245397,-0.8816926832975881,85.7999815940857,drone3
1743531913.2421749,4.907982349395752,0.4309408664703369,1.3670114278793335,0.0066284223529627356,-0.00010386432270993605,-0.47336562770119306,-0.8808411905171226,86.00004076957703,drone3
1743531913.442135,4.909182071685791,0.46367377042770386,1.34609854221344,-0.002949284005738683,0.0009429935885828263,-0.4834631064471603,-0.8753592974452804,86.20000100135803,drone3
1743531913.6421194,4.909838676452637,0.48158174753189087,1.3712819814682007,-0.00643524260208514,0.00022364336127228516,-0.4906912488199301,-0.8713097017998082,86.39998531341553,drone3
1743531913.8424778,4.917800426483154,0.4946334958076477,1.4008325338363647,-0.0024718510500933233,-0.0012179718525001614,-0.4940021577249761,-0.8694563995036628,86.60034370422363,drone3
1743531914.0421426,4.929046154022217,0.5004579424858093,1.4019200801849365,-5.666158105706744e-05,-0.0020504931593026926,-0.4914081667131004,-0.8709270927090262,86.80000853538513,drone3
1743531914.242114,4.939788818359375,0.5074815154075623,1.404244303703308,0.0016425326774031127,-0.0013312942943314078,-0.4856283586425589,-0.8741629170034501,86.99997997283936,drone3
1743531914.442102,4.950351715087891,0.5161426663398743,1.3887572288513184,0.0022551168496858206,-0.0007205570101213372,-0.4775371120325587,-0.8786083769235609,87.19996786117554,drone3
1743531914.6421306,4.961207866668701,0.5275177359580994,1.3664851188659668,0.002023199288261134,0.0003991651466668548,-0.46775948571994064,-0.8838533625599234,87.39999651908875,drone3
1743531914.842116,4.968825340270996,0.5371378660202026,1.3386718034744263,0.0025919690332821244,0.0003214358213006379,-0.4611292806869949,-0.8873291288629197,87.59998202323914,drone3
1743531915.0421863,4.974526882171631,0.5474420785903931,1.332273244857788,0.0018543015345386545,-0.0012050789298614249,-0.4574838100984694,-0.8892152214072067,87.80005216598511,drone3
1743531915.2421129,4.9799113273620605,0.5551615953445435,1.3337851762771606,0.0010217155051586986,-0.0017416850935788335,-0.45620690810255904,-0.8898714689119454,87.99997878074646,drone3
1743531915.4420977,4.9920334815979,0.564217209815979,1.3296263217926025,0.0007074015545987536,-0.0015786454842656626,-0.4549715418258563,-0.8905043038423366,88.19996356964111,drone3
1743531915.6421788,5.005809307098389,0.5727123022079468,1.33409583568573,0.0012794074696500354,-0.000423463998445141,-0.453517601992776,-0.8912463834040679,88.40004467964172,drone3
1743531915.8421128,5.01865816116333,0.582014799118042,1.3321973085403442,0.001863596169985775,-0.0005463751158463215,-0.45130289047064975,-0.8923687329064887,88.59997868537903,drone3
1743531916.0420976,5.0314249992370605,0.5911491513252258,1.3262690305709839,0.004285708053094786,-0.00025618846622049837,-0.4478628857686149,-0.8940920121749779,88.79996347427368,drone3
1743531916.2420805,5.040932655334473,0.6003740429878235,1.31537663936615,0.01641293243132273,0.0051812819919273435,-0.4490903916580704,-0.8933206194801072,88.9999463558197,drone3
1743531916.4421,5.03913688659668,0.6154367327690125,1.3116008043289185,0.01180078337171261,0.0026690581710685176,-0.46208847973883016,-0.8867512744964112,89.1999659538269,drone3
1743531916.6420705,5.032182693481445,0.6318441033363342,1.3135676383972168,0.00650889224422457,0.0005560357991424659,-0.47947921773851643,-0.8775290172066212,89.39993643760681,drone3
1743531916.8421488,5.024430751800537,0.6503306031227112,1.3151443004608154,-0.009573464344253164,-0.005333474261900017,-0.5020233351993268,-0.8647847163741698,89.60001468658447,drone3
1743531917.0421247,5.023731231689453,0.6625728607177734,1.317133903503418,-0.009145755079796262,-0.007005718059699869,-0.5146423755980039,-0.8573276533937131,89.7999906539917,drone3
1743531917.242194,5.031522274017334,0.66773521900177,1.317961573600769,-0.004556745751312481,-0.005252054741224288,-0.514602125357676,-0.8574009467632736,90.00005984306335,drone3
1743531917.4421053,5.046054840087891,0.6701241135597229,1.3207021951675415,-0.0005472414311465715,-0.003221858376406889,-0.503388324108625,-0.8640541218286578,90.19997119903564,drone3
1743531917.6421342,5.0618696212768555,0.6739586591720581,1.330338954925537,0.0020851284022015116,-0.0010305829715946478,-0.48618756302860144,-0.8738514517929546,90.40000009536743,drone3
1743531917.8421168,5.077200412750244,0.6786718368530273,1.3408231735229492,0.004617284225047325,9.075484182581604e-05,-0.47078537656193176,-0.8822356822203783,90.59998273849487,drone3
1743531918.04211,5.087559700012207,0.6897717714309692,1.354425311088562,0.01951919632560737,0.008992796346334361,-0.46289578154863203,-0.8861520938245561,90.7999758720398,drone3
1743531918.242183,5.088023662567139,0.7055069208145142,1.3660448789596558,0.018846493110703022,0.012286198504180196,-0.4690276633182092,-0.8828969030532414,91.00004887580872,drone3
1743531918.442084,5.071635723114014,0.7400304079055786,1.383695125579834,0.0019083476443438056,0.0015418470461355477,-0.504586832966305,-0.8633574976430455,91.1999499797821,drone3
1743531918.6421008,5.052504062652588,0.7712270021438599,1.3996751308441162,-0.01629940429723015,-0.009737962506174421,-0.5399795857830555,-0.8414639589358492,91.39996671676636,drone3
1743531918.8421824,5.050313472747803,0.7935757637023926,1.4196124076843262,-0.013377668196077065,-0.007008912576790027,-0.5609458622128757,-0.8277148245513375,91.60004830360413,drone3
1743531919.0421002,5.063075065612793,0.8081647753715515,1.4337637424468994,-0.007716258113946491,-0.005063477681390244,-0.5649879451826009,-0.8250476560737348,91.79996609687805,drone3
1743531919.2421076,5.083897590637207,0.8158137202262878,1.4410357475280762,0.007373454169723337,-0.0011620531508070465,-0.5555113421987597,-0.8314755246236918,91.99997353553772,drone3
1743531919.4422,5.1020965576171875,0.8253421783447266,1.446034550666809,0.008644391069480329,0.001588238131682327,-0.5437245861543396,-0.8392177004976126,92.20006585121155,drone3
1743531919.642154,5.114923000335693,0.8408936858177185,1.4490278959274292,0.005547020324867615,0.002065922774806832,-0.5366812787857143,-0.8437643128541495,92.4000198841095,drone3
1743531919.842379,5.12330436706543,0.8618998527526855,1.442825198173523,0.011166547058608553,0.006472834956778992,-0.5370654578466031,-0.8434419210731776,92.60024499893188,drone3
1743531920.0421488,5.121524810791016,0.8846573233604431,1.4301197528839111,0.008681936338241695,0.0068041473816560834,-0.5478027889732385,-0.8365347269518182,92.80001473426819,drone3
1743531920.242145,5.110110282897949,0.9065260291099548,1.3916627168655396,-0.009030153929910783,0.012052862684839509,-0.5635607896717493,-0.8259373549723754,93.00001096725464,drone3
1743531920.4421601,5.095883369445801,0.9139447212219238,1.3392064571380615,-0.023297429816214296,0.004559440145008031,-0.5713306138782932,-0.8203766156836815,93.20002603530884,drone3
1743531920.642161,5.090081214904785,0.9002788066864014,1.308802604675293,-0.021310026126274962,0.0003503206535555886,-0.5548785178050808,-0.8316583049689713,93.40002679824829,drone3
1743531920.8421562,5.0975236892700195,0.8702390193939209,1.2958838939666748,-0.012177170204710666,-0.0006820993279441606,-0.5136611021342611,-0.8579065087478739,93.60002207756042,drone3
1743531921.042169,5.111825466156006,0.8331138491630554,1.2932428121566772,-0.003601168982384428,-0.0008076268015165266,-0.4533019997892185,-0.8913494535221012,93.80003499984741,drone3
1743531921.2421162,5.130704879760742,0.7955104112625122,1.299252986907959,0.0005337144330443891,-0.0059400586203861416,-0.3957348416667952,-0.9183454793708445,93.99998211860657,drone3
1743531921.4421356,5.152287483215332,0.7639507055282593,1.3097418546676636,0.013937608834879694,-0.009474636240667949,-0.3372558996971114,-0.9412622592661883,94.20000147819519,drone3
1743531921.6421316,5.177576065063477,0.746227502822876,1.3201957941055298,0.01880198175813621,-0.005599515706412917,-0.28975973102636615,-0.9568983607420934,94.39999747276306,drone3
1743531921.842192,5.201076030731201,0.7467794418334961,1.3316274881362915,0.02024040167279689,0.007051371246125611,-0.2654914702866721,-0.963874949649526,94.60005784034729,drone3
1743531922.042161,5.212612628936768,0.7584188580513,1.3463860750198364,0.006732650850785662,0.016710595866019928,-0.2659682986573001,-0.9638135206178213,94.80002689361572,drone3
1743531922.2421238,5.207878589630127,0.7665226459503174,1.365146279335022,-0.015113731130555213,0.0055158262239773555,-0.27188584262877513,-0.9621950394881544,94.9999897480011,drone3
1743531922.4421787,5.200150966644287,0.7575597763061523,1.3845114707946777,-0.017642366539097478,-0.00225363018545889,-0.25739640938688174,-0.966142197218321,95.20004463195801,drone3
1743531922.6421506,5.197831153869629,0.7314387559890747,1.4044286012649536,-0.00855850138984329,-0.003180818376577797,-0.21701745258362565,-0.9761250154629143,95.40001654624939,drone3
1743531922.8421435,5.20192813873291,0.7016280293464661,1.417983055114746,-0.0006118263727695931,-0.005930577555104724,-0.16290296429121476,-0.9866241747486146,95.60000944137573,drone3
1743531923.0421488,5.215299129486084,0.6709865927696228,1.4350389242172241,0.012232894429978915,-0.01121700885471321,-0.10343477256670752,-0.9944977118126317,95.80001473426819,drone3
1743531923.2421732,5.233809471130371,0.6591722369194031,1.4541776180267334,0.02169712912477948,-0.004454784910343774,-0.05403668521005972,-0.9982932462552804,96.00003910064697,drone3
1743531923.4420886,5.253161430358887,0.6593697667121887,1.477957010269165,0.017507013910738403,-0.0013222144678710073,-0.04040512999618129,-0.9990292145239776,96.19995450973511,drone3
1743531923.6421325,5.282703399658203,0.6758807301521301,1.5163235664367676,0.012450292978318041,0.0020406167203624328,-0.04787903064261817,-0.9987735517409104,96.39999842643738,drone3
1743531923.8420432,5.305960655212402,0.6999728679656982,1.5290288925170898,0.001718110517282216,0.0024878693632285486,-0.07258483889012801,-0.9973576705120355,96.59990906715393,drone3
1743531924.0427113,5.325613021850586,0.7213186621665955,1.5385905504226685,-0.009818919358174279,0.0010227996340549507,-0.10245098082876625,-0.9946890585048713,96.80057716369629,drone3
1743531924.2421775,5.345282554626465,0.7319251894950867,1.5503485202789307,-0.008678585005240417,0.0009395418275442203,-0.12388227397491924,-0.9922585761917935,97.0000433921814,drone3
1743531924.4421277,5.362066745758057,0.7323894500732422,1.5635175704956055,-0.005015846391898823,0.0010891693959307204,-0.13072886092811997,-0.9914048496283567,97.19999361038208,drone3
1743531924.6421201,5.376524925231934,0.7248800992965698,1.5792264938354492,-0.0018155032768082434,0.001791193528176274,-0.12587168951833055,-0.9920432900895998,97.39998602867126,drone3
1743531924.8421192,5.389401435852051,0.7144097685813904,1.595924735069275,0.0036127366459395484,-0.0006197852124208209,-0.11203070661420139,-0.993698017508986,97.59998512268066,drone3
1743531925.0421336,5.402867317199707,0.7041083574295044,1.6156949996948242,0.00787807246004368,-0.0018556513244051955,-0.0969464338258495,-0.9952567765543129,97.79999947547913,drone3
1743531925.2421458,5.417424201965332,0.6969584226608276,1.6343963146209717,0.008326892932747174,-0.0010851950798249097,-0.08811308658069367,-0.996075141911849,98.00001168251038,drone3
1743531925.4421732,5.431568145751953,0.6924605369567871,1.6540342569351196,0.0025118669720536305,0.00037734262803356067,-0.08625057519814877,-0.9962702396736058,98.20003914833069,drone3
1743531925.642128,5.44253396987915,0.6875386834144592,1.6694368124008179,0.001686971219642738,0.001051344430969103,-0.08746849267956808,-0.9961654204613593,98.39999389648438,drone3
1743531925.8421223,5.449683666229248,0.6784067749977112,1.6820104122161865,0.0011365624569463926,0.0020146006726203874,-0.08957098821753412,-0.9959778248386373,98.59998822212219,drone3
1743531926.0421157,5.4529595375061035,0.6669437289237976,1.6915665864944458,0.001060512811086334,0.0012781553913247016,-0.09133167281407667,-0.9958192262476908,98.7999815940857,drone3
1743531926.2421207,5.454622745513916,0.6557375192642212,1.7039282321929932,0.0043121459809122445,-0.0017462665877208852,-0.092224722387174,-0.9957273882647855,98.99998664855957,drone3
1743531926.4421127,5.457155227661133,0.6498406529426575,1.714327335357666,0.007534485094810045,-0.0038080378979493106,-0.09345831849623937,-0.995587418580881,99.1999785900116,drone3
1743531926.6421342,5.460684776306152,0.6470351815223694,1.7308813333511353,0.007419619292185794,-0.003370802375594119,-0.09784003130797742,-0.9951688582283192,99.40000009536743,drone3
1743531926.842219,5.467021942138672,0.6511707901954651,1.740144968032837,0.008276462746778747,-0.003192614061168663,-0.10691589151946485,-0.9942286041848896,99.60008502006531,drone3
1743531927.042115,5.474852561950684,0.6608220934867859,1.7484012842178345,0.005727175382466146,-0.001972729178031759,-0.12499334919536348,-0.9921391320231137,99.79998087882996,drone3
1743531927.2421157,5.483148574829102,0.6728559136390686,1.7570158243179321,0.0009318580176880214,-0.0008391395504857131,-0.1506241964739905,-0.9885903673784964,99.99998164176941,drone3
1743531927.4420986,5.492857456207275,0.6837616562843323,1.769623875617981,-0.001130277802070449,-0.00020050844575250672,-0.1790917795384917,-0.9838318195942224,100.19996452331543,drone3
1743531927.642129,5.500956058502197,0.6887651085853577,1.7785043716430664,-0.0012295177429273482,0.0002676889582358088,-0.1971467307972855,-0.9803732492054185,100.39999485015869,drone3
1743531927.842103,5.51005744934082,0.6899556517601013,1.7904510498046875,0.00046356265005926867,6.265894589142211e-05,-0.2132271022033439,-0.9770025971426082,100.59996891021729,drone3
1743531928.0420814,5.51804780960083,0.6890076994895935,1.8026659488677979,0.004080224879810835,-0.0009984822195530402,-0.2193329161471172,-0.9756410010546152,100.7999472618103,drone3
1743531928.24216,5.525885581970215,0.6907212734222412,1.811989188194275,0.006612738456960609,-0.0012682948191908943,-0.22366434776858174,-0.9746429636818773,101.00002598762512,drone3
1743531928.4421086,5.534043788909912,0.698704183101654,1.8173260688781738,0.008584953641003956,-0.003501849769232388,-0.23172033853980256,-0.9727383054508214,101.19997453689575,drone3
1743531928.6422698,5.537619113922119,0.710406482219696,1.8426439762115479,0.0045808686893893955,-0.00014795733487805456,-0.243880083656832,-0.969794558816578,101.40013575553894,drone3
1743531928.8421643,5.541162967681885,0.725586473941803,1.8605515956878662,0.0033819857784288232,-0.0005560649397367869,-0.2578998113454958,-0.966165546572396,101.60003018379211,drone3
1743531929.0421376,5.544743061065674,0.7434177398681641,1.8723697662353516,0.0023278720237471097,-0.0015092083455488124,-0.2783283466718777,-0.9604820019038535,101.80000352859497,drone3
1743531929.242142,5.551730632781982,0.7605646252632141,1.8695640563964844,0.0006739267082821928,-0.001574295674313347,-0.3004237687834411,-0.9538043184460603,102.00000786781311,drone3
1743531929.4421449,5.561332702636719,0.7777147889137268,1.8573925495147705,-0.00010828467924267974,-0.001007914017473459,-0.32098083092435686,-0.9470852467830292,102.20001077651978,drone3
1743531929.6421483,5.570679187774658,0.7935276627540588,1.8400144577026367,-0.0007148170538717008,-1.7408624068444752e-05,-0.33845904470812765,-0.9409808658321054,102.4000141620636,drone3
1743531929.8421366,5.580995559692383,0.8071563243865967,1.8273499011993408,0.0003485610020507364,0.00014174752770163655,-0.3503227503612166,-0.936628992989113,102.60000252723694,drone3
1743531930.0421445,5.594249248504639,0.8189273476600647,1.8242257833480835,0.005387483143361113,-9.833419520415496e-05,-0.35786385415760413,-0.9337582657699146,102.80001044273376,drone3
1743531930.242126,5.607095241546631,0.8350047469139099,1.8234316110610962,0.006407102336714694,0.0005899370118689046,-0.3665116709756148,-0.9303911961892278,102.99999189376831,drone3
1743531930.4421518,5.61711311340332,0.8528501391410828,1.824511170387268,0.0042894727874107945,0.0006482853723651902,-0.3776184192294482,-0.9259511521391508,103.20001769065857,drone3
1743531930.6421423,5.624936580657959,0.8732367753982544,1.8263357877731323,0.002043844452791231,0.0011970048655009812,-0.39166684892194786,-0.9201040776983859,103.40000820159912,drone3
1743531930.8421392,5.630446910858154,0.8885566592216492,1.826442837715149,0.0007630986972239623,0.0005789895737633602,-0.40358808502325433,-0.9149404144062252,103.60000514984131,drone3
1743531931.0421646,5.6369099617004395,0.9081264734268188,1.826654076576233,0.0008084911823424492,-0.0012216472717172793,-0.4157391478894906,-0.9094826925520041,103.80003046989441,drone3
1743531931.2422378,5.643448352813721,0.9260416030883789,1.8287756443023682,7.287441949367235e-05,-0.00014770732720188564,-0.4249726373144087,-0.9052062625678461,104.00010371208191,drone3
1743531931.4422128,5.651439189910889,0.9446056485176086,1.8316073417663574,0.0003880699373475712,-0.0001391944638313645,-0.4320522120461776,-0.9018485074406802,104.20007872581482,drone3
1743531931.6421404,5.659754753112793,0.96199631690979,1.8401458263397217,0.0002486883439782788,0.0009115555381113967,-0.4368691542890634,-0.8995245512872138,104.40000629425049,drone3
1743531931.842128,5.670558929443359,0.9805986285209656,1.8500299453735352,0.005141212028158501,0.0012154276892708303,-0.4408212853473543,-0.8975793688613148,104.59999394416809,drone3
1743531932.0421317,5.679807186126709,0.9991658329963684,1.857757329940796,0.007150571756630105,0.0013280432453113054,-0.448654530024195,-0.8936757277522358,104.7999975681305,drone3
1743531932.242141,5.687715530395508,1.019256591796875,1.8630907535552979,0.004336932032149525,0.0017198888344079762,-0.4612848025580002,-0.8872399461314707,105.0000069141388,drone3
1743531932.4421027,5.692121982574463,1.036501169204712,1.864945411682129,0.002708588622249197,0.0011370814723367624,-0.4738512226163113,-0.8806000473233675,105.19996857643127,drone3
1743531932.6421192,5.693565845489502,1.0520840883255005,1.8670072555541992,0.0017372391772875443,0.0013291488592221455,-0.4867500337954036,-0.873538658956731,105.39998507499695,drone3
1743531932.84212,5.695734024047852,1.0714693069458008,1.8706650733947754,-0.001775514123653345,-0.0020412277570578717,-0.4972445569277677,-0.8676062792945801,105.5999858379364,drone3
1743531933.042145,5.702270030975342,1.0902841091156006,1.8792994022369385,-0.0015852750929865552,-0.003185307262898387,-0.5028753548153989,-0.8643517207259932,105.80001091957092,drone3
1743531933.242098,5.713325500488281,1.108224630355835,1.891179084777832,0.003418184241353309,-0.0012738607550542894,-0.5046641724333225,-0.8633080593897421,105.99996399879456,drone3
1743531933.4420893,5.722070693969727,1.124361276626587,1.9012937545776367,0.0077423754129068096,0.001576209816244023,-0.5058087965451813,-0.8626095175225226,106.19995522499084,drone3
1743531933.642143,5.72836971282959,1.1479204893112183,1.9149754047393799,0.0051110838638724855,0.002772534199473018,-0.5100437013468438,-0.8601289331432775,106.40000891685486,drone3
1743531933.842106,5.730267524719238,1.1689743995666504,1.931368350982666,0.0032018845156847825,0.0018904185643188174,-0.517565891744962,-0.8556353309854552,106.59997200965881,drone3
1743531934.0420866,5.729132175445557,1.1909184455871582,1.942511796951294,0.00331906975322518,4.070875194167092e-05,-0.5296057817615387,-0.8482374948638683,106.79995250701904,drone3
1743531934.2420905,5.72429895401001,1.2156589031219482,1.9459972381591797,0.000940311172165687,-2.675765117601525e-05,-0.5429386422600205,-0.8397718367251217,106.99995636940002,drone3
1743531934.4421413,5.718894004821777,1.2414240837097168,1.9447743892669678,-0.0014717588332748023,-0.0018418013719602132,-0.5544359864324286,-0.8322231464960023,107.20000720024109,drone3
1743531934.6422892,5.7180352210998535,1.270523190498352,1.9420130252838135,-0.0030479090306612523,-0.001050933231662264,-0.5647334414378679,-0.8252670936405067,107.40015506744385,drone3
1743531934.8421137,5.723590850830078,1.290711760520935,1.9497525691986084,-0.006136669058877902,-0.003148149300625779,-0.5678928851060778,-0.8230736557401663,107.59997963905334,drone3
1743531935.0421164,5.735476016998291,1.3090330362319946,1.9588451385498047,0.0010416695272276728,-0.0018522786298665753,-0.5648583436234298,-0.8251851812404256,107.79998230934143,drone3
1743531935.242115,5.747446537017822,1.329138159751892,1.9640555381774902,0.006811096343304318,0.0019150168068942106,-0.5599985591090327,-0.828463363117603,107.99998092651367,drone3
1743531935.4421217,5.753965377807617,1.3540197610855103,1.9656074047088623,0.007967139123023216,0.0035743169947077265,-0.5585646917125557,-0.8294150705671154,108.1999876499176,drone3
1743531935.6421204,5.750174522399902,1.3817989826202393,1.971799373626709,0.004418924980455582,0.00338662987545816,-0.5633047686404697,-0.8262304652303444,108.39998626708984,drone3
1743531935.842174,5.742310047149658,1.4086878299713135,1.9912822246551514,0.002043413258555547,0.002041551824623845,-0.5726501052646238,-0.8197948627336856,108.60003995895386,drone3
1743531936.0421178,5.734220027923584,1.433318853378296,1.9970123767852783,-0.0002928787795743713,-0.0017748574621710628,-0.5853751239138814,-0.810760643608527,108.7999837398529,drone3
1743531936.2420764,5.728527069091797,1.4560483694076538,1.9872024059295654,-0.0025226573472938705,-0.0018357433181337,-0.5979272035069867,-0.8015444027813619,108.99994230270386,drone3
1743531936.4420905,5.72707986831665,1.4766665697097778,1.970512866973877,-0.00268879052088208,-0.0025878743990367203,-0.6070823946240836,-0.794630159599589,109.19995641708374,drone3
1743531936.6420903,5.729978084564209,1.5002326965332031,1.9528155326843262,-0.002725713907542992,-0.0011586005665878182,-0.6119190826654969,-0.7909148306096567,109.39995622634888,drone3
1743531936.8420928,5.738335132598877,1.527171015739441,1.9396977424621582,0.001473602202250396,-0.00017934797014489622,-0.6127833775511977,-0.7902495531426245,109.59995865821838,drone3
1743531937.042138,5.745928764343262,1.5526643991470337,1.934587001800537,0.00502123196888526,0.0016322170510144308,-0.6122975086815642,-0.7906099086973926,109.80000400543213,drone3
1743531937.2421,5.7524614334106445,1.5840426683425903,1.938286542892456,0.0043300445620947274,0.0025837501508683127,-0.6139474945804928,-0.7893308150653596,109.99996590614319,drone3
1743531937.442106,5.754750728607178,1.6166596412658691,1.9388904571533203,0.0022128361365690457,0.002167938249245327,-0.618933577394809,-0.785437178564446,110.19997191429138,drone3
1743531937.6421387,5.754528522491455,1.6475999355316162,1.936880111694336,-0.0003234904801653758,0.0024977112285823073,-0.6255231844759266,-0.7802015811385893,110.40000462532043,drone3
1743531937.8422399,5.755561828613281,1.6758302450180054,1.9322800636291504,-0.0017767257117811772,0.0006864900499742111,-0.6315850866719075,-0.7753042806606614,110.60010576248169,drone3
1743531938.0421126,5.759944915771484,1.7033158540725708,1.926849365234375,-0.002672199181417237,-0.0018988336518368093,-0.635405608927367,-0.7721716792665968,110.79997849464417,drone3
1743531938.2421138,5.768094062805176,1.7299940586090088,1.9218864440917969,-0.0028278073217529814,0.0004484041902564725,-0.6360528580799487,-0.7716401653600258,110.99997973442078,drone3
1743531938.4421234,5.773721218109131,1.7435370683670044,1.922546148300171,-0.0012702570760295103,0.001166922470058273,-0.6354544729298593,-0.7721363865493249,111.19998931884766,drone3
1743531938.6421602,5.785827159881592,1.7680121660232544,1.9237139225006104,0.0006425519192425724,0.003086719775012941,-0.6318323306219845,-0.7750986777969131,111.40002608299255,drone3
1743531938.8421438,5.7933807373046875,1.7905774116516113,1.941922903060913,0.005517996580880518,0.004922759685129509,-0.6292924772370211,-0.777133443349322,111.60000967979431,drone3
1743531939.0421457,5.792487144470215,1.8127641677856445,1.9520347118377686,0.006001396772948835,0.0037613503850560262,-0.6310142760974562,-0.7757388726207254,111.80001163482666,drone3
1743531939.2421267,5.783967971801758,1.8350882530212402,1.9494202136993408,0.003848783363747369,8.604509614085409e-05,-0.6380510348994941,-0.7699844738314798,111.99999260902405,drone3
1743531939.4421258,5.773159503936768,1.8582285642623901,1.9407589435577393,0.0005777848900631066,-0.0025900960503831894,-0.6479260467739527,-0.7616987353206702,112.19999170303345,drone3
1743531939.6421309,5.762494087219238,1.8839120864868164,1.9300694465637207,-0.002118023821958695,-0.0024184969985377547,-0.6569451562539202,-0.7539314715351733,112.39999675750732,drone3
1743531939.8421586,5.754673004150391,1.9136165380477905,1.922563076019287,-0.003801096818255636,-0.0031387202809399963,-0.6639489825622029,-0.7477616470652241,112.60002446174622,drone3
1743531940.0421643,5.751763343811035,1.9382133483886719,1.9205152988433838,-0.0027703641924214663,-0.00323922125221162,-0.6654345641418028,-0.7464440628237887,112.80003023147583,drone3
1743531940.2420974,5.753185272216797,1.9598411321640015,1.9225757122039795,-0.0025802127790435113,-0.0011961593355115962,-0.6628516577510853,-0.7487453439727563,112.99996328353882,drone3
1743531940.4421282,5.7563581466674805,1.9840799570083618,1.9255423545837402,0.00022667200746450037,0.0010193536352808227,-0.6579795663569231,-0.7530350502141951,113.19999408721924,drone3
1743531940.6421242,5.756035327911377,2.0098679065704346,1.9276835918426514,-0.0002728992800647458,0.0023550128655088023,-0.6532751878096977,-0.7571169198089145,113.39999008178711,drone3
1743531940.84213,5.753783226013184,2.037402629852295,1.9278500080108643,0.0024129588964697415,0.0026981709832003264,-0.6505296736090692,-0.7594723227797262,113.59999585151672,drone3
1743531941.0421145,5.7499003410339355,2.066128730773926,1.928215503692627,0.002571803577267063,0.000583467223668299,-0.651326902322077,-0.7587926837740637,113.7999804019928,drone3
1743531941.242113,5.743816375732422,2.095996379852295,1.9286572933197021,-0.0004533663231239495,-0.00118673383492303,-0.654767228393832,-0.7558295443211492,113.99997901916504,drone3
1743531941.4421136,5.7393012046813965,2.1228795051574707,1.9300367832183838,-0.0024131481456975508,-0.0018487530295250246,-0.6586039613808998,-0.7524836535318392,114.19997954368591,drone3
1743531941.642126,5.739258289337158,2.1474223136901855,1.9317905902862549,-0.003372828963999353,-0.0006744650684173055,-0.6605229495404493,-0.750798074619343,114.39999198913574,drone3
1743531941.8421168,5.745301246643066,2.1689260005950928,1.9341001510620117,-0.014625935030419004,-0.0005781691507833411,-0.6566906261674068,-0.7540180042835222,114.59998273849487,drone3
1743531942.0421572,5.761557102203369,2.1847829818725586,1.9359781742095947,0.0034041546914733113,0.0019318658327670776,-0.6432762325904807,-0.7656242137656339,114.80002307891846,drone3
1743531942.2421095,5.775818824768066,2.205188035964966,1.9351847171783447,0.00946072028971574,0.006748544081623262,-0.6279809094582105,-0.7781419752873392,114.99997544288635,drone3
1743531942.4422004,5.77996826171875,2.228410482406616,1.9358713626861572,0.006892865777488462,0.007194461504919926,-0.6186940884648578,-0.7855687715622091,115.2000663280487,drone3
1743531942.6421044,5.77232027053833,2.2602791786193848,1.9398548603057861,0.0030800330787150113,0.0065889834394686694,-0.6193900435692501,-0.7850498332215626,115.39997029304504,drone3
1743531942.8420851,5.759127616882324,2.2852771282196045,1.9463613033294678,0.0017118398564772257,0.0024451051292414413,-0.6290308928217382,-0.7773746286899257,115.59995102882385,drone3
1743531943.0420914,5.744939804077148,2.3068366050720215,1.9549732208251953,-0.004166715563629157,-0.005616455693745937,-0.6431216800969913,-0.7657321518446703,115.79995727539062,drone3
1743531943.2420964,5.7366180419921875,2.326657772064209,1.965897798538208,-0.006828125357622851,-0.0076770773910585805,-0.6548813567912434,-0.755661973719826,115.9999623298645,drone3
1743531943.4421132,5.73883581161499,2.340449810028076,1.972249984741211,-0.004190649993340503,-0.005530298027653334,-0.6583447424574896,-0.7526845412169103,116.19997906684875,drone3
1743531943.6421778,5.745699882507324,2.359515428543091,1.9849214553833008,-0.0016439525199416698,-0.002747029635018345,-0.6545423275418217,-0.7560186203519252,116.40004372596741,drone3
1743531943.8421206,5.759263038635254,2.378225088119507,1.9957396984100342,0.002835154435295011,0.0024367755496117376,-0.6474759869204852,-0.762076724063184,116.59998655319214,drone3
1743531944.0421019,5.771346569061279,2.3987584114074707,2.0061886310577393,-0.008131334519106758,0.0014968245807124871,-0.6378463118512085,-0.7701193174049344,116.7999677658081,drone3
1743531944.2420936,5.784823894500732,2.415449380874634,2.0166006088256836,-0.007388733554761252,0.002722708310408732,-0.62273756754894,-0.7823911573339348,116.99995946884155,drone3
1743531944.4421225,5.7974066734313965,2.427664041519165,2.025632619857788,0.00808535428301507,0.004156604847480207,-0.6073934383660942,-0.7943492087074154,117.19998836517334,drone3
1743531944.6421115,5.80081844329834,2.444159984588623,2.0327725410461426,0.008055077040716056,0.004022857092086947,-0.5977035723287879,-0.8016666286420435,117.39997744560242,drone3
1743531944.8421454,5.792684555053711,2.4674651622772217,2.0501999855041504,0.003936329118185702,0.0021480900316123448,-0.5963115883630186,-0.8027405724889495,117.60001134872437,drone3
1743531945.0421262,5.779001712799072,2.49233341217041,2.078943967819214,0.0014078331564430042,0.016454589981264197,-0.6097008624182322,-0.7924595442177174,117.79999208450317,drone3
1743531945.2421217,5.755995273590088,2.5098323822021484,2.1003260612487793,0.004352625559365075,0.010939879002411185,-0.6433721008657749,-0.765463102168845,117.99998760223389,drone3
1743531945.4420955,5.726926803588867,2.5210914611816406,2.1063265800476074,0.00437935285575526,0.004712982822233035,-0.689532645126833,-0.7242260684571324,118.1999614238739,drone3
1743531945.6420937,5.695982933044434,2.532020330429077,2.104400634765625,0.0002443417109887255,0.00020617546048072783,-0.7362249324679507,-0.6767369527980678,118.39995956420898,drone3
1743531945.8420913,5.666187763214111,2.5450353622436523,2.105651617050171,0.004855431740994625,-0.005904966224121848,-0.7702139581532657,-0.6377398699852945,118.59995722770691,drone3
1743531946.0420988,5.638003826141357,2.565599203109741,2.0987606048583984,-0.004163050351851918,-0.017173069942007266,-0.7900691540942856,-0.6127629890132307,118.79996466636658,drone3
1743531946.242099,5.618370056152344,2.596644878387451,2.0857057571411133,-0.0067020163480909075,-0.012775105239628938,-0.7962750457298479,-0.6047628217428624,118.99996495246887,drone3
1743531946.442107,5.608884811401367,2.6333236694335938,2.070051431655884,-0.0053992781694073,-0.004081908942753714,-0.792019330921733,-0.6104584414835035,119.1999728679657,drone3
1743531946.6422167,5.605717182159424,2.6648292541503906,2.058685541152954,-0.005258753003210137,-0.00036133431654304676,-0.7836208601278689,-0.6212170515002808,119.4000825881958,drone3
1743531946.8421845,5.601863861083984,2.699225902557373,2.049100399017334,-0.0010609586662976012,0.004828690676908321,-0.7715796635589883,-0.6361135284683803,119.60005044937134,drone3
1743531947.04212,5.5907301902771,2.735811948776245,2.051121950149536,0.011195246098994185,-1.997892328309382e-05,-0.7607580071251948,-0.6489390989614727,119.79998588562012,drone3
1743531947.2420886,5.572478294372559,2.772873640060425,2.0580010414123535,0.005868453100399823,0.00036527126024806693,-0.7577007010759949,-0.6525758398840006,119.99995446205139,drone3
1743531947.4421108,5.548666000366211,2.8168962001800537,2.063720941543579,0.0015029063627208022,-0.0006379551550995851,-0.7596956905401218,-0.6502767187610192,120.19997668266296,drone3
1743531947.642077,5.526132583618164,2.861253499984741,2.0661580562591553,-0.0025098185693613975,-0.0004699688887147015,-0.7646723482654396,-0.6444142185736994,120.39994287490845,drone3
1743531947.842217,5.508796215057373,2.8986902236938477,2.0623233318328857,-0.002016103244812777,-0.0025517320255827587,-0.7696825443454599,-0.6384187134691912,120.6000828742981,drone3
1743531948.0421996,5.4974870681762695,2.930952548980713,2.0562291145324707,-0.00045189373528603673,-0.0037097394287846142,-0.7727536482191911,-0.6346950920868144,120.80006551742554,drone3
1743531948.2421634,5.4884724617004395,2.971327781677246,2.0501794815063477,-0.0020979237573553198,-0.0014051556791095001,-0.774940858922664,-0.6320288403031666,121.00002932548523,drone3
1743531948.442117,5.485156059265137,2.994661569595337,2.0486772060394287,-0.0015921331343336528,-0.00028533280617061877,-0.7752760949557196,-0.6316204373410962,121.19998288154602,drone3
1743531948.6421978,5.479804515838623,3.040769338607788,2.0416555404663086,-0.0014740980039466712,0.0024075664870841884,-0.7737563586237577,-0.6334771798737512,121.40006375312805,drone3
1743531948.8421988,5.474743843078613,3.0695548057556152,2.049267292022705,0.007852508667742508,0.008661303562580151,-0.7729752036651008,-0.6343285514820273,121.60006475448608,drone3
1743531949.0421784,5.4640703201293945,3.097928047180176,2.0552380084991455,0.010564183641146349,0.009175727498306311,-0.7763340388052598,-0.6301663974092506,121.800044298172,drone3
1743531949.2421796,5.444534778594971,3.126887559890747,2.056317090988159,0.00995924580856631,0.0051572311233151836,-0.7858017540724211,-0.6183768965513211,122.00004553794861,drone3
1743531949.4423223,5.418117523193359,3.154106378555298,2.0519464015960693,0.006419337270492384,0.0019568365234207655,-0.7999786157490457,-0.5999909977013076,122.20018815994263,drone3
1743531949.642205,5.388972282409668,3.179769992828369,2.045165777206421,0.002209804295406993,0.0005088154414240121,-0.8146490486318692,-0.5799499605001349,122.40007090568542,drone3
1743531949.8421535,5.357682704925537,3.2090706825256348,2.0382730960845947,0.00027356210511220196,-0.0011788390387252078,-0.8267388615905069,-0.5625846265133885,122.60001945495605,drone3
1743531950.0421526,5.330531597137451,3.237976551055908,2.0379111766815186,0.001236449417782404,-0.0031041471675997707,-0.8352043406051475,-0.5499295821693712,122.80001854896545,drone3
1743531950.2421637,5.304679870605469,3.2681167125701904,2.0412211418151855,-0.0008135879052437525,-0.0016729852777567246,-0.8406475217966325,-0.5415796171297869,123.00002956390381,drone3
1743531950.4421773,5.280389308929443,3.300295352935791,2.0464088916778564,-0.0009060932612692836,-0.0010292246618083842,-0.8433757083741669,-0.5373225957693682,123.20004320144653,drone3
1743531950.642189,5.261653900146484,3.3291444778442383,2.0511677265167236,-0.002100409022010384,0.0004778640141849507,-0.8443807421237577,-0.535739222964511,123.40005493164062,drone3
1743531950.842181,5.239248275756836,3.3609042167663574,2.054084539413452,0.0015216637682597355,0.000642338674299079,-0.8447501592509556,-0.5351583972451823,123.60004687309265,drone3
1743531951.0421677,5.217525005340576,3.389984607696533,2.0611891746520996,0.005392476227820644,-0.0003899298008048019,-0.8455808630983932,-0.5338200767542796,123.80003356933594,drone3
1743531951.2421806,5.192131996154785,3.4249844551086426,2.069378137588501,0.004380563486935603,-0.0003222694563295143,-0.847648619096474,-0.5305398402182373,124.00004649162292,drone3
1743531951.44215,5.1670403480529785,3.4616341590881348,2.0756967067718506,0.002498498683177726,-0.0003066174174179716,-0.8507513857901491,-0.5255625502901917,124.20001602172852,drone3
1743531951.6421583,5.141057014465332,3.5012223720550537,2.0814359188079834,-0.0007404286935472936,0.0009574972699290592,-0.8543316973508768,-0.5197268765719492,124.40002417564392,drone3
1743531951.8421516,5.121781349182129,3.5371038913726807,2.084993839263916,-0.0007746376626438807,0.0010339099487389014,-0.857069841121372,-0.5151986718514994,124.60001754760742,drone3
1743531952.0421457,5.1072163581848145,3.5716590881347656,2.090945243835449,0.0025320144827308713,0.000935307962584351,-0.8589895563140582,-0.5119859756401958,124.80001163482666,drone3
1743531952.2421567,5.092435836791992,3.6087422370910645,2.0995235443115234,0.0008605418405498671,0.00278838248464794,-0.8603935942785017,-0.5096217481729772,125.00002264976501,drone3
1743531952.4422066,5.075667858123779,3.649083375930786,2.1105244159698486,0.0014272172493993457,0.0032710411144412383,-0.8613955618448632,-0.5079223345574574,125.20007252693176,drone3
1743531952.6421502,5.062636375427246,3.6811676025390625,2.1213572025299072,-0.00022980881959197842,0.004543983940769547,-0.8621481359718738,-0.5066359284472077,125.40001606941223,drone3
1743531952.8421519,5.04707670211792,3.7150561809539795,2.1327030658721924,0.003273121008937485,0.0031687481972594825,-0.8631531065011918,-0.5049217950448455,125.600017786026,drone3
1743531953.0421357,5.02963399887085,3.7459473609924316,2.1410698890686035,0.00632376813904104,0.0007279014277467803,-0.864803303134363,-0.5020705818165077,125.80000162124634,drone3
1743531953.242154,5.009019374847412,3.7743687629699707,2.1500556468963623,0.005631898974048618,-0.00015501149901142925,-0.8671587640570914,-0.49799991274678,126.00001978874207,drone3
1743531953.4421797,5.000548839569092,3.784576416015625,2.153963565826416,0.005069986982261504,-0.0002069746119583136,-0.8679761389636874,-0.49657992220017527,126.20004558563232,drone3
1743531953.6421635,4.962179660797119,3.829888343811035,2.1777102947235107,0.0018357317524459477,-0.0002763194309669575,-0.8720683239995799,-0.4893807557857567,126.40002942085266,drone3
1743531953.8421926,4.934152126312256,3.863640546798706,2.187178611755371,0.00030888926220382605,-0.00017589428492157308,-0.8744971204387172,-0.48503065311040183,126.60005855560303,drone3
1743531954.0421636,4.9090495109558105,3.8993613719940186,2.1917567253112793,0.001039465533105822,-0.0008279552987461074,-0.8763350180617318,-0.48170041987531353,126.80002951622009,drone3
1743531954.2421353,4.887504577636719,3.938460350036621,2.197643518447876,-0.0011379782093061896,0.0011180090715829745,-0.8774972384828439,-0.4795790214757904,127.0000011920929,drone3
1743531954.4422,4.865655899047852,3.982121467590332,2.206148862838745,8.662329822708429e-07,0.002007920891039808,-0.8781153641631048,-0.47844484978236235,127.20006585121155,drone3
1743531954.6421707,4.848272323608398,4.019322395324707,2.215400218963623,-0.0017730737943711936,0.0036018492588613398,-0.878266355247895,-0.47815485839118305,127.40003657341003,drone3
1743531954.8421624,4.832626819610596,4.052740097045898,2.2302534580230713,-0.00038168317720358916,0.0007760616107961916,-0.87797737538108,-0.47870135550239956,127.60002827644348,drone3
1743531955.042131,4.817456245422363,4.082945823669434,2.2405216693878174,0.0040380296282786134,-0.0012179125423354119,-0.8771214361080966,-0.48025002037750814,127.79999685287476,drone3
1743531955.242127,4.802513122558594,4.117736339569092,2.2502784729003906,0.0022811246656215195,0.0007665050598505366,-0.8760070734334684,-0.482292372362649,127.99999284744263,drone3
1743531955.442147,4.785450458526611,4.154980182647705,2.2589519023895264,0.0016562130340577552,0.0014044196527244195,-0.8749300107197726,-0.48424465653252213,128.200012922287,drone3
1743531955.642142,4.770282745361328,4.187063217163086,2.2673592567443848,-0.000259750121873858,0.0027231993376574926,-0.874188162965708,-0.48557967903252897,128.40000796318054,drone3
1743531955.8421273,4.755090236663818,4.219192028045654,2.278517484664917,0.0029855530152437444,2.1218304048033416e-06,-0.8736129427772314,-0.48661244540843995,128.59999322891235,drone3
1743531956.0421295,4.739139080047607,4.252425670623779,2.2903592586517334,0.005395107607038413,-0.001509859316794946,-0.8730620623937697,-0.48757703925688445,128.79999542236328,drone3
1743531956.2421114,4.722950458526611,4.287065029144287,2.304070234298706,0.0043713400771929235,-0.0006543620918124379,-0.8725230884950124,-0.48855307597469977,128.99997735023499,drone3
1743531956.442117,4.704563617706299,4.326606750488281,2.3180902004241943,0.0033180178930098036,5.393216102583597e-05,-0.8719551175644797,-0.4895747998763009,129.19998288154602,drone3
1743531956.6421103,4.6864166259765625,4.3655619621276855,2.3292152881622314,0.0005129168566197267,0.0023119387863306654,-0.8714116760997802,-0.49054687479035614,129.39997625350952,drone3
1743531956.8420954,4.669816017150879,4.402052402496338,2.340965986251831,0.00017597675733160687,0.0023936772483434173,-0.8709435932002183,-0.49137733629341485,129.59996128082275,drone3
1743531957.0421197,4.6546478271484375,4.439509868621826,2.350992202758789,0.0026827683268621475,0.0005161481698842706,-0.8704789031219613,-0.4921983358289827,129.79998564720154,drone3
1743531957.2421873,4.644689083099365,4.469764232635498,2.361165761947632,0.0013031093714115172,0.0018327435861614605,-0.8701903657970558,-0.4927106729194812,130.00005316734314,drone3
1743531957.4420917,4.6322221755981445,4.514570236206055,2.3740456104278564,0.0011416016395214936,0.0029887213551897125,-0.8698761821148313,-0.49325978313530533,130.19995760917664,drone3
1743531957.6421335,4.6242547035217285,4.5440168380737305,2.3865790367126465,0.004592713270909982,0.000945914068839602,-0.8696590626247275,-0.493630654328777,130.3999993801117,drone3
1743531957.8420994,4.613259792327881,4.575399398803711,2.401954174041748,0.003518283253520873,0.002009479418936013,-0.8693943804160791,-0.49410244615100796,130.5999653339386,drone3
1743531958.0422232,4.599849224090576,4.600728988647461,2.4206411838531494,0.004925132379832736,0.0007838795219227084,-0.8692248657913683,-0.4943919950002777,130.80008912086487,drone3
1743531958.2420895,4.580484867095947,4.628514289855957,2.4375545978546143,0.006075410425564883,-0.001658332127386698,-0.8691727090663359,-0.4944685968974464,130.9999554157257,drone3
1743531958.442174,4.568664073944092,4.643917560577393,2.443049430847168,0.005698568702947771,-0.002211841585160332,-0.8691870811416782,-0.49444562686500787,131.20003986358643,drone3
1743531958.6422315,4.531418323516846,4.692656993865967,2.456327438354492,0.0010274817002910808,-0.0005459781987236495,-0.8692828387814949,-0.49431379152286575,131.4000973701477,drone3
1743531958.8421052,4.505929470062256,4.730689525604248,2.4815258979797363,3.381724830175803e-05,-0.0004545517855563847,-0.8692552747425688,-0.4943634405104116,131.5999710559845,drone3
1743531959.0424442,4.480919361114502,4.771694183349609,2.5028045177459717,0.00019575258137262131,-0.0007295390015632921,-0.8689772109095181,-0.4948516485301375,131.8003101348877,drone3
1743531959.2421181,4.458731174468994,4.815735816955566,2.5065479278564453,-0.0024095154495553934,0.001418405882723505,-0.8684286486027246,-0.49580625357548513,131.9999840259552,drone3
1743531959.4421103,4.4399213790893555,4.858885765075684,2.5007057189941406,-0.0021493955549402198,0.0025879846332136714,-0.8676675186654664,-0.49713358427563864,132.1999762058258,drone3
1743531959.642263,4.426759243011475,4.891758918762207,2.493194818496704,-0.003329753773527365,0.0039868212484969094,-0.8669302859913139,-0.4984024572969077,132.40012884140015,drone3
1743531959.842383,4.410972595214844,4.935671806335449,2.4841604232788086,0.0008460699957146925,0.0029970271654785807,-0.8658203487357794,-0.5003454691601084,132.60024881362915,drone3
1743531960.0421684,4.400071620941162,4.9642229080200195,2.483717441558838,0.004786456900522371,0.0012304265343485196,-0.8651676204928913,-0.5014583566950386,132.80003428459167,drone3
1743531960.2421575,4.384279727935791,5.000049114227295,2.4880995750427246,0.005386494668054635,0.0005626410005575332,-0.8646146749138526,-0.5024063868320183,133.00002336502075,drone3
1743531960.442169,4.36741304397583,5.036198616027832,2.491400957107544,0.0046067219943199175,0.0006324707552782432,-0.864441556733594,-0.5027118461166009,133.20003485679626,drone3
1743531960.642118,4.346670627593994,5.074802875518799,2.4942710399627686,0.0016248954354927407,0.0022421006351674797,-0.8645035968946021,-0.502619123049877,133.39998388290405,drone3
1743531960.8421872,4.324610233306885,5.1119303703308105,2.496500253677368,0.0005091917996103228,0.002242582689747323,-0.8647209903392212,-0.5022473878460109,133.6000530719757,drone3
1743531961.0422184,4.304681301116943,5.144969940185547,2.5022552013397217,0.002575847534454455,-0.0004384927661389085,-0.8649671700813735,-0.5018218311165965,133.8000843524933,drone3
1743531961.2421675,4.284740447998047,5.176077842712402,2.5094215869903564,0.0008154730094775372,0.00038224436002213657,-0.8651213011063779,-0.5015619957955268,134.00003337860107,drone3
1743531961.4421556,4.262961387634277,5.2085700035095215,2.513653039932251,0.00048741149985386163,0.0002478351686989152,-0.8651770192401091,-0.501466406743104,134.20002150535583,drone3
1743531961.6421669,4.242513656616211,5.241379737854004,2.515714168548584,-0.0014062882830554115,0.0012664134501395655,-0.8650732958459239,-0.5016419483671519,134.40003275871277,drone3
1743531961.842166,4.224534511566162,5.274541854858398,2.5141093730926514,0.0013005591372248384,-0.00032883868475083294,-0.8648089718854878,-0.502099220600071,134.60003185272217,drone3
1743531962.042154,4.211333274841309,5.308051109313965,2.516319751739502,0.004331426023836345,-0.0013831802135142463,-0.8643471477929296,-0.5028750387140352,134.80001997947693,drone3
1743531962.2421806,4.196880340576172,5.343018054962158,2.521101951599121,0.0026606125847078318,0.0007492271568668487,-0.8638023154822293,-0.5038232163649847,135.00004649162292,drone3
1743531962.4422355,4.179646968841553,5.381593704223633,2.52471923828125,0.0021564252294498805,0.0017285968507550968,-0.8633187646892638,-0.5046515283787694,135.20010137557983,drone3
1743531962.6421528,4.158873081207275,5.419224739074707,2.5257937908172607,0.003617928775476627,0.0011518168996112578,-0.8627980193024876,-0.5055346523690423,135.4000186920166,drone3
1743531962.8421571,4.135354995727539,5.455822944641113,2.5257978439331055,0.00091060879806311,0.0019314453932577599,-0.8624460088237245,-0.5061446858543891,135.60002303123474,drone3
1743531963.0421505,4.108987808227539,5.495697021484375,2.5253665447235107,0.0005122830898488572,0.001238209542616114,-0.8622969986408142,-0.5064013390883962,135.80001640319824,drone3
1743531963.2421649,4.08429479598999,5.537215232849121,2.527003526687622,0.0013556058436713203,-0.0004265168461480204,-0.8623566153580329,-0.5062994069352725,136.0000307559967,drone3
1743531963.4421818,4.0681047439575195,5.567214012145996,2.5310444831848145,-0.0007882053876081427,0.0008969984837907462,-0.8624888721686601,-0.5060746799390125,136.20004773139954,drone3
1743531963.6421323,4.042984485626221,5.6125311851501465,2.5372538566589355,-0.0040323818888394385,0.0035846560405854754,-0.8627147160564057,-0.5056621255123636,136.3999981880188,drone3
1743531963.8421686,4.020909786224365,5.648846626281738,2.5581188201904297,-0.006158184942724651,0.00455476093932462,-0.862781729545538,-0.5055186576400325,136.60003447532654,drone3
1743531964.0421243,4.0049285888671875,5.672239303588867,2.5655100345611572,-0.006432024706664946,0.004508365984828858,-0.8626698928830143,-0.5057063586298757,136.79999017715454,drone3
1743531964.2421045,3.995234727859497,5.686286926269531,2.5051207542419434,-0.0012006420376876792,0.000913832095606221,-0.8625226317943173,-0.5060162222601279,136.9999704360962,drone3
1743531964.4421244,3.9888856410980225,5.701751232147217,2.354471445083618,6.993874222908987e-05,-7.530105728805824e-05,-0.8623643493047347,-0.5062883855343869,137.19999027252197,drone3
1743531964.6421006,3.983826160430908,5.720158100128174,2.187910318374634,3.2092533097549086e-05,-7.599623944384126e-05,-0.8623177348902816,-0.5063677059032844,137.39996647834778,drone3
1743531964.84211,3.9776265621185303,5.741367816925049,2.024064779281616,3.810004877795279e-05,-7.802051779843766e-05,-0.8623295781547131,-0.5063475175628477,137.59997582435608,drone3
1743531965.0420861,3.969364881515503,5.764978408813477,1.8698091506958008,5.578951506851602e-05,-3.0347767013611725e-05,-0.8623553298791533,-0.5063036426935479,137.79995203018188,drone3
1743531965.2421966,3.9610791206359863,5.790197372436523,1.7256553173065186,7.35489562148215e-05,-5.863949955038695e-05,-0.8623938099518438,-0.5062381043441135,138.00006246566772,drone3
1743531965.4423149,3.952192783355713,5.820220470428467,1.5776454210281372,6.870892483040424e-05,-4.8315298577791696e-05,-0.8624112798205515,-0.5062084118893375,138.20018076896667,drone3
1743531965.6422467,3.9443347454071045,5.850530624389648,1.4316333532333374,7.379770532496521e-05,-8.489739326122232e-05,-0.8624330697412316,-0.5061711119284054,138.40011262893677,drone3
1743531965.8421283,3.939272403717041,5.871085166931152,1.3291916847229004,3.659052070904528e-05,2.263314319121665e-05,-0.8624418995059947,-0.5061560444300628,138.59999418258667,drone3
1743531966.0421255,3.933253049850464,5.901057720184326,1.1828263998031616,3.4230834833041676e-06,2.6589640008584567e-05,-0.8624352192305056,-0.5061674451525849,138.79999136924744,drone3
1743531966.2421227,3.9305262565612793,5.9291276931762695,1.0429402589797974,3.0651233841838233e-06,7.378568817391427e-05,-0.862424766812075,-0.5061853997100506,138.9999885559082,drone3
1743531966.4422007,3.930447578430176,5.955153942108154,0.9029252529144287,-0.00013418515756844927,3.8222813307462414e-05,-0.862399689437211,-0.5062280101738951,139.20006656646729,drone3
